Adj Close,Close,High,Low,Open,Volume,Return,Date,Week_Number,Year,Day,Weekday,mean_return,volatility
25.622007369995117,30.3799991607666,30.440000534057617,30.239999771118164,30.299999237060547,9800,0.0,2011-03-03,09,2011,3,Thursday,-0.1645,0.23263813101037414
25.537670135498047,30.280000686645508,30.5,30.15999984741211,30.459999084472656,28900,-0.329,2011-03-04,09,2011,4,Friday,-0.1645,0.23263813101037414
25.605138778686523,30.360000610351562,30.399999618530273,30.1200008392334,30.1200008392334,11150,0.264,2011-03-07,10,2011,7,Monday,-0.4612,1.1815128860913875
25.706348419189453,30.479999542236328,30.540000915527344,30.34000015258789,30.34000015258789,4650,0.395,2011-03-08,10,2011,8,Tuesday,-0.4612,1.1815128860913875
25.537670135498047,30.280000686645508,30.540000915527344,30.260000228881836,30.540000915527344,4950,-0.656,2011-03-09,10,2011,9,Wednesday,-0.4612,1.1815128860913875
24.91356658935547,29.540000915527344,30.15999984741211,29.360000610351562,30.15999984741211,17700,-2.444,2011-03-10,10,2011,10,Thursday,-0.4612,1.1815128860913875
24.947303771972656,29.579999923706055,29.719999313354492,29.260000228881836,29.719999313354492,12250,0.135,2011-03-11,10,2011,11,Friday,-0.4612,1.1815128860913875
24.744892120361328,29.34000015258789,29.799999237060547,29.1200008392334,29.6200008392334,7250,-0.811,2011-03-14,11,2011,14,Monday,-0.4946,1.6317140680891367
24.306331634521484,28.81999969482422,28.81999969482422,28.100000381469727,28.760000228881836,6550,-1.772,2011-03-15,11,2011,15,Tuesday,-0.4946,1.6317140680891367
23.800296783447266,28.219999313354492,29.020000457763672,28.100000381469727,29.020000457763672,1550,-2.082,2011-03-16,11,2011,16,Wednesday,-0.4946,1.6317140680891367
24.255725860595703,28.760000228881836,28.760000228881836,28.700000762939453,28.700000762939453,150,1.914,2011-03-17,11,2011,17,Thursday,-0.4946,1.6317140680891367
24.323200225830078,28.84000015258789,29.420000076293945,28.84000015258789,29.420000076293945,1700,0.278,2011-03-18,11,2011,18,Friday,-0.4946,1.6317140680891367
24.609949111938477,29.18000030517578,29.5,29.18000030517578,29.5,900,1.179,2011-03-21,12,2011,21,Monday,0.42800000000000005,0.6302436036962216
24.609949111938477,29.18000030517578,29.5,29.18000030517578,29.5,1000,0.0,2011-03-22,12,2011,22,Tuesday,0.42800000000000005,0.6302436036962216
24.643686294555664,29.219999313354492,29.260000228881836,29.15999984741211,29.260000228881836,1000,0.137,2011-03-23,12,2011,23,Wednesday,0.42800000000000005,0.6302436036962216
24.896696090698242,29.520000457763672,29.579999923706055,29.299999237060547,29.579999923706055,850,1.027,2011-03-24,12,2011,24,Thursday,0.42800000000000005,0.6302436036962216
24.846092224121094,29.459999084472656,29.700000762939453,29.399999618530273,29.700000762939453,3700,-0.203,2011-03-25,12,2011,25,Friday,0.42800000000000005,0.6302436036962216
24.87982940673828,29.5,29.68000030517578,29.31999969482422,29.520000457763672,2550,0.136,2011-03-28,13,2011,28,Monday,0.8708,0.9470412873787499
25.099111557006836,29.760000228881836,29.760000228881836,29.639999389648438,29.65999984741211,4000,0.881,2011-03-29,13,2011,29,Tuesday,0.8708,0.9470412873787499
25.368995666503906,30.079999923706055,30.260000228881836,29.84000015258789,29.920000076293945,17950,1.075,2011-03-30,13,2011,30,Wednesday,0.8708,0.9470412873787499
25.35212516784668,30.059999465942383,30.200000762939453,30.0,30.100000381469727,6050,-0.067,2011-03-31,13,2011,31,Thursday,0.8708,0.9470412873787499
25.94249725341797,30.760000228881836,30.780000686645508,30.600000381469727,30.6200008392334,5900,2.329,2011-04-01,13,2011,1,Friday,0.8708,0.9470412873787499
26.296714782714844,31.18000030517578,31.260000228881836,30.979999542236328,31.15999984741211,13000,1.365,2011-04-04,14,2011,4,Monday,0.4426,1.0744437165342817
26.56659698486328,31.5,31.579999923706055,31.079999923706055,31.219999313354492,6600,1.026,2011-04-05,14,2011,5,Tuesday,0.4426,1.0744437165342817
26.465391159057617,31.3799991607666,31.739999771118164,31.18000030517578,31.739999771118164,5200,-0.381,2011-04-06,14,2011,6,Wednesday,0.4426,1.0744437165342817
26.195510864257812,31.059999465942383,31.280000686645508,31.020000457763672,31.280000686645508,4350,-1.02,2011-04-07,14,2011,7,Thursday,0.4426,1.0744437165342817
26.515995025634766,31.440000534057617,31.440000534057617,31.299999237060547,31.3799991607666,4000,1.223,2011-04-08,14,2011,8,Friday,0.4426,1.0744437165342817
26.14491081237793,31.0,31.579999923706055,31.0,31.479999542236328,9400,-1.399,2011-04-11,15,2011,11,Monday,-0.7322,0.9692082851482441
25.75695037841797,30.540000915527344,30.940000534057617,30.31999969482422,30.940000534057617,5800,-1.484,2011-04-12,15,2011,12,Tuesday,-0.7322,0.9692082851482441
25.84128761291504,30.639999389648438,30.639999389648438,30.399999618530273,30.520000457763672,6900,0.327,2011-04-13,15,2011,13,Wednesday,-0.7322,0.9692082851482441
25.470199584960938,30.200000762939453,30.420000076293945,30.200000762939453,30.280000686645508,4550,-1.436,2011-04-14,15,2011,14,Thursday,-0.7322,0.9692082851482441
25.554534912109375,30.299999237060547,30.299999237060547,30.040000915527344,30.299999237060547,2750,0.331,2011-04-15,15,2011,15,Friday,-0.7322,0.9692082851482441
24.981040954589844,29.6200008392334,29.899999618530273,29.3799991607666,29.899999618530273,5300,-2.244,2011-04-18,16,2011,18,Monday,0.09249999999999993,1.638737420495832
25.368995666503906,30.079999923706055,30.079999923706055,29.68000030517578,29.68000030517578,700,1.553,2011-04-19,16,2011,19,Tuesday,0.09249999999999993,1.638737420495832
25.554534912109375,30.299999237060547,30.5,30.299999237060547,30.5,2300,0.731,2011-04-20,16,2011,20,Wednesday,0.09249999999999993,1.638737420495832
25.638877868652344,30.399999618530273,30.639999389648438,30.399999618530273,30.600000381469727,3450,0.33,2011-04-21,16,2011,21,Thursday,0.09249999999999993,1.638737420495832
25.638877868652344,30.399999618530273,30.5,30.219999313354492,30.399999618530273,2400,0.0,2011-04-25,17,2011,25,Monday,0.21719999999999992,1.352884769668134
25.35212516784668,30.059999465942383,30.1200008392334,30.020000457763672,30.079999923706055,1600,-1.118,2011-04-26,17,2011,26,Tuesday,0.21719999999999992,1.352884769668134
25.149715423583984,29.81999969482422,30.34000015258789,29.760000228881836,30.34000015258789,4400,-0.798,2011-04-27,17,2011,27,Wednesday,0.21719999999999992,1.352884769668134
25.33525848388672,30.040000915527344,30.200000762939453,30.040000915527344,30.200000762939453,3850,0.738,2011-04-28,17,2011,28,Thursday,0.21719999999999992,1.352884769668134
25.90875816345215,30.719999313354492,30.719999313354492,30.040000915527344,30.040000915527344,2700,2.264,2011-04-29,17,2011,29,Friday,0.21719999999999992,1.352884769668134
25.655744552612305,30.420000076293945,30.81999969482422,30.420000076293945,30.81999969482422,300,-0.977,2011-05-02,18,2011,2,Monday,-0.8311999999999999,0.874270095565438
25.301523208618164,30.0,30.059999465942383,30.0,30.0,650,-1.381,2011-05-03,18,2011,3,Tuesday,-0.8311999999999999,0.874270095565438
24.93043327331543,29.559999465942383,29.899999618530273,29.440000534057617,29.899999618530273,1900,-1.467,2011-05-04,18,2011,4,Wednesday,-0.8311999999999999,0.874270095565438
24.67741584777832,29.260000228881836,29.459999084472656,29.1200008392334,29.459999084472656,700,-1.015,2011-05-05,18,2011,5,Thursday,-0.8311999999999999,0.874270095565438
24.846092224121094,29.459999084472656,29.5,29.459999084472656,29.5,150,0.684,2011-05-06,18,2011,6,Friday,-0.8311999999999999,0.874270095565438
24.981040954589844,29.6200008392334,29.6200008392334,29.440000534057617,29.479999542236328,500,0.543,2011-05-09,19,2011,9,Monday,0.08980000000000002,1.4548406098263822
25.554534912109375,30.299999237060547,30.299999237060547,30.0,30.0,7950,2.296,2011-05-10,19,2011,10,Tuesday,0.08980000000000002,1.4548406098263822
25.301523208618164,30.0,30.34000015258789,30.0,30.31999969482422,2850,-0.99,2011-05-11,19,2011,11,Wednesday,0.08980000000000002,1.4548406098263822
24.947303771972656,29.579999923706055,29.739999771118164,29.459999084472656,29.5,4550,-1.4,2011-05-12,19,2011,12,Thursday,0.08980000000000002,1.4548406098263822
24.947303771972656,29.579999923706055,29.579999923706055,29.579999923706055,29.579999923706055,0,0.0,2011-05-13,19,2011,13,Friday,0.08980000000000002,1.4548406098263822
24.795494079589844,29.399999618530273,29.600000381469727,29.399999618530273,29.600000381469727,750,-0.609,2011-05-16,20,2011,16,Monday,0.04339999999999998,0.8675213542040333
24.728025436401367,29.31999969482422,29.31999969482422,29.299999237060547,29.299999237060547,2250,-0.272,2011-05-17,20,2011,17,Tuesday,0.04339999999999998,0.8675213542040333
25.11598014831543,29.780000686645508,29.780000686645508,29.780000686645508,29.780000686645508,150,1.569,2011-05-18,20,2011,18,Wednesday,0.04339999999999998,0.8675213542040333
25.048511505126953,29.700000762939453,29.959999084472656,29.700000762939453,29.959999084472656,200,-0.269,2011-05-19,20,2011,19,Thursday,0.04339999999999998,0.8675213542040333
24.997907638549805,29.639999389648438,29.639999389648438,29.5,29.5,250,-0.202,2011-05-20,20,2011,20,Friday,0.04339999999999998,0.8675213542040333
24.542482376098633,29.100000381469727,29.200000762939453,29.0,29.200000762939453,2900,-1.822,2011-05-23,21,2011,23,Monday,-0.29560000000000003,0.8661875085684392
24.542482376098633,29.100000381469727,29.299999237060547,28.940000534057617,29.219999313354492,1100,0.0,2011-05-24,21,2011,24,Tuesday,-0.29560000000000003,0.8661875085684392
24.626819610595703,29.200000762939453,29.239999771118164,28.899999618530273,28.899999618530273,11150,0.344,2011-05-25,21,2011,25,Wednesday,-0.29560000000000003,0.8661875085684392
24.626819610595703,29.200000762939453,29.420000076293945,29.200000762939453,29.299999237060547,800,0.0,2011-05-26,21,2011,26,Thursday,-0.29560000000000003,0.8661875085684392
24.626819610595703,29.200000762939453,29.200000762939453,29.200000762939453,29.200000762939453,0,0.0,2011-05-27,21,2011,27,Friday,-0.29560000000000003,0.8661875085684392
24.896696090698242,29.520000457763672,29.6200008392334,29.459999084472656,29.520000457763672,5500,1.096,2011-05-31,22,2011,31,Tuesday,-0.16574999999999995,1.2322305993603633
24.44127082824707,28.979999542236328,29.459999084472656,28.979999542236328,29.459999084472656,9250,-1.829,2011-06-01,22,2011,1,Wednesday,-0.16574999999999995,1.2322305993603633
24.508743286132812,29.059999465942383,29.059999465942383,28.799999237060547,28.979999542236328,1650,0.276,2011-06-02,22,2011,2,Thursday,-0.16574999999999995,1.2322305993603633
24.45813751220703,29.0,29.020000457763672,28.799999237060547,28.799999237060547,600,-0.206,2011-06-03,22,2011,3,Friday,-0.16574999999999995,1.2322305993603633
24.120784759521484,28.600000381469727,28.719999313354492,28.600000381469727,28.719999313354492,750,-1.379,2011-06-06,23,2011,6,Monday,-0.382,1.3398419682932758
24.188257217407227,28.68000030517578,28.739999771118164,28.600000381469727,28.600000381469727,800,0.28,2011-06-07,23,2011,7,Tuesday,-0.382,1.3398419682932758
23.800296783447266,28.219999313354492,28.479999542236328,28.219999313354492,28.479999542236328,1050,-1.604,2011-06-08,23,2011,8,Wednesday,-0.382,1.3398419682932758
24.188257217407227,28.68000030517578,28.700000762939453,28.280000686645508,28.280000686645508,3200,1.63,2011-06-09,23,2011,9,Thursday,-0.382,1.3398419682932758
23.985843658447266,28.440000534057617,28.440000534057617,28.280000686645508,28.299999237060547,2950,-0.837,2011-06-10,23,2011,10,Friday,-0.382,1.3398419682932758
23.800296783447266,28.219999313354492,28.280000686645508,28.100000381469727,28.280000686645508,850,-0.774,2011-06-13,24,2011,13,Monday,0.012800000000000011,1.811232922624807
24.272598266601562,28.780000686645508,28.860000610351562,28.780000686645508,28.860000610351562,150,1.984,2011-06-14,24,2011,14,Tuesday,0.012800000000000011,1.811232922624807
23.95210838317871,28.399999618530273,28.81999969482422,28.34000015258789,28.799999237060547,2650,-1.32,2011-06-15,24,2011,15,Wednesday,0.012800000000000011,1.811232922624807
23.53041648864746,27.899999618530273,28.239999771118164,27.899999618530273,28.239999771118164,2300,-1.761,2011-06-16,24,2011,16,Thursday,0.012800000000000011,1.811232922624807
23.985843658447266,28.440000534057617,28.440000534057617,28.360000610351562,28.360000610351562,450,1.935,2011-06-17,24,2011,17,Friday,0.012800000000000011,1.811232922624807
24.22199058532715,28.719999313354492,28.780000686645508,28.559999465942383,28.780000686645508,3000,0.985,2011-06-20,25,2011,20,Monday,0.3116,0.9859986308306924
24.626819610595703,29.200000762939453,29.200000762939453,29.020000457763672,29.020000457763672,100,1.671,2011-06-21,25,2011,21,Tuesday,0.3116,0.9859986308306924
24.47500991821289,29.020000457763672,29.020000457763672,29.020000457763672,29.020000457763672,550,-0.616,2011-06-22,25,2011,22,Wednesday,0.3116,0.9859986308306924
24.356937408447266,28.8799991607666,28.8799991607666,28.5,28.5,150,-0.482,2011-06-23,25,2011,23,Thursday,0.3116,0.9859986308306924
24.356937408447266,28.8799991607666,28.8799991607666,28.8799991607666,28.8799991607666,0,0.0,2011-06-24,25,2011,24,Friday,0.3116,0.9859986308306924
24.424402236938477,28.959999084472656,28.979999542236328,28.68000030517578,28.68000030517578,2700,0.277,2011-06-27,26,2011,27,Monday,0.8448,0.31944436135264614
24.67741584777832,29.260000228881836,29.260000228881836,28.959999084472656,28.959999084472656,2700,1.036,2011-06-28,26,2011,28,Tuesday,0.8448,0.31944436135264614
24.91356658935547,29.540000915527344,29.65999984741211,29.540000915527344,29.639999389648438,6350,0.957,2011-06-29,26,2011,29,Wednesday,0.8448,0.31944436135264614
25.149715423583984,29.81999969482422,29.81999969482422,29.81999969482422,29.81999969482422,400,0.948,2011-06-30,26,2011,30,Thursday,0.8448,0.31944436135264614
25.40273094177246,30.1200008392334,30.18000030517578,29.84000015258789,29.899999618530273,2250,1.006,2011-07-01,26,2011,1,Friday,0.8448,0.31944436135264614
25.537670135498047,30.280000686645508,30.34000015258789,30.280000686645508,30.34000015258789,550,0.531,2011-07-05,27,2011,5,Tuesday,0.09175,1.5161467332242833
25.72321891784668,30.5,30.600000381469727,30.280000686645508,30.440000534057617,9150,0.727,2011-07-06,27,2011,6,Wednesday,0.09175,1.5161467332242833
26.043701171875,30.8799991607666,30.8799991607666,30.739999771118164,30.860000610351562,3950,1.246,2011-07-07,27,2011,7,Thursday,0.09175,1.5161467332242833
25.487070083618164,30.219999313354492,30.3799991607666,30.219999313354492,30.34000015258789,400,-2.137,2011-07-08,27,2011,8,Friday,0.09175,1.5161467332242833
25.099111557006836,29.760000228881836,30.0,29.700000762939453,29.700000762939453,10550,-1.522,2011-07-11,28,2011,11,Monday,-0.383,0.9712872901464324
24.997907638549805,29.639999389648438,29.639999389648438,29.579999923706055,29.579999923706055,100,-0.403,2011-07-12,28,2011,12,Tuesday,-0.383,0.9712872901464324
25.25092124938965,29.940000534057617,29.940000534057617,29.940000534057617,29.940000534057617,1000,1.012,2011-07-13,28,2011,13,Wednesday,-0.383,0.9712872901464324
25.25092124938965,29.940000534057617,29.940000534057617,29.940000534057617,29.940000534057617,0,0.0,2011-07-14,28,2011,14,Thursday,-0.383,0.9712872901464324
24.997907638549805,29.639999389648438,29.780000686645508,29.639999389648438,29.780000686645508,4150,-1.002,2011-07-15,28,2011,15,Friday,-0.383,0.9712872901464324
24.694290161132812,29.280000686645508,29.34000015258789,29.239999771118164,29.239999771118164,300,-1.215,2011-07-18,29,2011,18,Monday,0.2848,0.8735431872552153
24.829227447509766,29.440000534057617,29.600000381469727,29.3799991607666,29.600000381469727,2500,0.546,2011-07-19,29,2011,19,Tuesday,0.2848,0.8735431872552153
24.947303771972656,29.579999923706055,29.579999923706055,29.559999465942383,29.559999465942383,450,0.476,2011-07-20,29,2011,20,Wednesday,0.2848,0.8735431872552153
25.217182159423828,29.899999618530273,29.959999084472656,29.81999969482422,29.959999084472656,1900,1.082,2011-07-21,29,2011,21,Thursday,0.2848,0.8735431872552153
25.35212516784668,30.059999465942383,30.100000381469727,29.81999969482422,29.81999969482422,1250,0.535,2011-07-22,29,2011,22,Friday,0.2848,0.8735431872552153
25.166582107543945,29.84000015258789,30.040000915527344,29.84000015258789,29.979999542236328,1950,-0.732,2011-07-25,30,2011,25,Monday,-0.8034000000000001,1.41731146894393
25.385862350463867,30.100000381469727,30.100000381469727,29.81999969482422,29.81999969482422,1200,0.871,2011-07-26,30,2011,26,Tuesday,-0.8034000000000001,1.41731146894393
25.06537628173828,29.719999313354492,29.739999771118164,29.579999923706055,29.579999923706055,2550,-1.262,2011-07-27,30,2011,27,Wednesday,-0.8034000000000001,1.41731146894393
25.06537628173828,29.719999313354492,29.719999313354492,29.719999313354492,29.719999313354492,0,0.0,2011-07-28,30,2011,28,Thursday,-0.8034000000000001,1.41731146894393
24.34006690979004,28.860000610351562,28.860000610351562,28.81999969482422,28.81999969482422,800,-2.894,2011-07-29,30,2011,29,Friday,-0.8034000000000001,1.41731146894393
24.255725860595703,28.760000228881836,29.219999313354492,28.760000228881836,29.219999313354492,2250,-0.347,2011-08-01,31,2011,1,Monday,-1.7704,2.4952557584343933
24.424402236938477,28.959999084472656,29.299999237060547,28.940000534057617,29.18000030517578,4000,0.695,2011-08-02,31,2011,2,Tuesday,-1.7704,2.4952557584343933
24.137659072875977,28.6200008392334,28.6200008392334,28.260000228881836,28.600000381469727,4150,-1.174,2011-08-03,31,2011,3,Wednesday,-1.7704,2.4952557584343933
22.73763656616211,26.959999084472656,27.65999984741211,26.959999084472656,27.65999984741211,2000,-5.8,2011-08-04,31,2011,4,Thursday,-1.7704,2.4952557584343933
22.23160743713379,26.360000610351562,27.31999969482422,25.440000534057617,27.31999969482422,3650,-2.226,2011-08-05,31,2011,5,Friday,-1.7704,2.4952557584343933
20.2412166595459,24.0,25.520000457763672,24.0,25.520000457763672,2400,-8.953,2011-08-08,32,2011,8,Monday,-0.40359999999999985,4.941058014231365
20.679777145385742,24.520000457763672,24.940000534057617,24.520000457763672,24.8799991607666,2150,2.167,2011-08-09,32,2011,9,Tuesday,-0.40359999999999985,4.941058014231365
21.320749282836914,25.280000686645508,25.280000686645508,25.0,25.0,900,3.1,2011-08-10,32,2011,10,Wednesday,-0.40359999999999985,4.941058014231365
21.742443084716797,25.780000686645508,25.780000686645508,25.040000915527344,25.040000915527344,1550,1.978,2011-08-11,32,2011,11,Thursday,-0.40359999999999985,4.941058014231365
21.67497444152832,25.700000762939453,26.020000457763672,25.559999465942383,26.020000457763672,2900,-0.31,2011-08-12,32,2011,12,Friday,-0.40359999999999985,4.941058014231365
21.911123275756836,25.979999542236328,25.979999542236328,25.979999542236328,25.979999542236328,450,1.089,2011-08-15,33,2011,15,Monday,-1.0252000000000001,2.4170957159367936
21.911123275756836,25.979999542236328,25.979999542236328,25.979999542236328,25.979999542236328,0,0.0,2011-08-16,33,2011,16,Tuesday,-1.0252000000000001,2.4170957159367936
21.944856643676758,26.020000457763672,26.020000457763672,26.020000457763672,26.020000457763672,50,0.154,2011-08-17,33,2011,17,Wednesday,-1.0252000000000001,2.4170957159367936
20.831588745117188,24.700000762939453,25.0,24.600000381469727,25.0,2800,-5.073,2011-08-18,33,2011,18,Thursday,-1.0252000000000001,2.4170957159367936
20.561704635620117,24.3799991607666,24.719999313354492,24.3799991607666,24.719999313354492,2000,-1.296,2011-08-19,33,2011,19,Friday,-1.0252000000000001,2.4170957159367936
20.73038101196289,24.579999923706055,24.8799991607666,24.540000915527344,24.8799991607666,25250,0.82,2011-08-22,34,2011,22,Monday,0.2304,0.6971189281607552
20.899059295654297,24.780000686645508,24.780000686645508,24.700000762939453,24.700000762939453,25150,0.814,2011-08-23,34,2011,23,Tuesday,0.2304,0.6971189281607552
20.71351432800293,24.559999465942383,24.559999465942383,24.559999465942383,24.559999465942383,200,-0.888,2011-08-24,34,2011,24,Wednesday,0.2304,0.6971189281607552
20.764114379882812,24.6200008392334,24.65999984741211,24.6200008392334,24.65999984741211,500,0.244,2011-08-25,34,2011,25,Thursday,0.2304,0.6971189281607552
20.797849655151367,24.65999984741211,24.65999984741211,24.239999771118164,24.239999771118164,150,0.162,2011-08-26,34,2011,26,Friday,0.2304,0.6971189281607552
21.25328254699707,25.200000762939453,25.31999969482422,25.139999389648438,25.31999969482422,2650,2.19,2011-08-29,35,2011,29,Monday,0.279,1.1009139385074567
21.303878784179688,25.260000228881836,25.260000228881836,24.84000015258789,24.84000015258789,450,0.238,2011-08-30,35,2011,30,Tuesday,0.279,1.1009139385074567
21.202674865722656,25.139999389648438,25.6200008392334,25.1200008392334,25.520000457763672,3150,-0.475,2011-08-31,35,2011,31,Wednesday,0.279,1.1009139385074567
21.152070999145508,25.079999923706055,25.34000015258789,25.079999923706055,25.34000015258789,300,-0.239,2011-09-01,35,2011,1,Thursday,0.279,1.1009139385074567
21.0846004486084,25.0,25.0,25.0,25.0,650,-0.319,2011-09-02,35,2011,2,Friday,0.279,1.1009139385074567
20.258087158203125,24.020000457763672,24.100000381469727,23.8799991607666,24.0,1350,-3.92,2011-09-06,36,2011,6,Tuesday,-1.52475,2.8757690420708917
20.696645736694336,24.540000915527344,24.540000915527344,24.299999237060547,24.299999237060547,250,2.165,2011-09-07,36,2011,7,Wednesday,-1.52475,2.8757690420708917
20.561704635620117,24.3799991607666,24.3799991607666,24.3799991607666,24.3799991607666,500,-0.652,2011-09-08,36,2011,8,Thursday,-1.52475,2.8757690420708917
19.802658081054688,23.479999542236328,23.81999969482422,23.3799991607666,23.780000686645508,4650,-3.692,2011-09-09,36,2011,9,Friday,-1.52475,2.8757690420708917
19.296627044677734,22.8799991607666,23.260000228881836,22.8799991607666,23.260000228881836,300,-2.555,2011-09-12,37,2011,12,Monday,-0.05840000000000003,1.5406934477695424
19.26289176940918,22.84000015258789,22.84000015258789,22.84000015258789,22.84000015258789,1550,-0.175,2011-09-13,37,2011,13,Tuesday,-0.05840000000000003,1.5406934477695424
19.431568145751953,23.040000915527344,23.219999313354492,22.860000610351562,22.860000610351562,11450,0.876,2011-09-14,37,2011,14,Wednesday,-0.05840000000000003,1.5406934477695424
19.71831703186035,23.3799991607666,23.399999618530273,23.31999969482422,23.31999969482422,250,1.476,2011-09-15,37,2011,15,Thursday,-0.05840000000000003,1.5406934477695424
19.735185623168945,23.399999618530273,23.540000915527344,23.3799991607666,23.520000457763672,3800,0.086,2011-09-16,37,2011,16,Friday,-0.05840000000000003,1.5406934477695424
19.735185623168945,23.399999618530273,23.399999618530273,23.399999618530273,23.399999618530273,0,0.0,2011-09-19,38,2011,19,Monday,-2.8184,5.6239341479074945
19.68458366394043,23.34000015258789,23.3799991607666,23.34000015258789,23.3799991607666,300,-0.256,2011-09-20,38,2011,20,Tuesday,-2.8184,5.6239341479074945
19.68458366394043,23.34000015258789,23.34000015258789,23.34000015258789,23.34000015258789,0,0.0,2011-09-21,38,2011,21,Wednesday,-2.8184,5.6239341479074945
17.154434204101562,20.34000015258789,21.219999313354492,20.15999984741211,21.219999313354492,15400,-12.853,2011-09-22,38,2011,22,Thursday,-2.8184,5.6239341479074945
16.98575782775879,20.139999389648438,20.420000076293945,19.860000610351562,19.979999542236328,10600,-0.983,2011-09-23,38,2011,23,Friday,-2.8184,5.6239341479074945
17.306243896484375,20.520000457763672,20.520000457763672,20.31999969482422,20.399999618530273,5250,1.887,2011-09-26,39,2011,26,Monday,-0.26460000000000006,2.958144908553332
17.913476943969727,21.239999771118164,21.239999771118164,21.200000762939453,21.200000762939453,300,3.509,2011-09-27,39,2011,27,Tuesday,-0.26460000000000006,2.958144908553332
17.25563621520996,20.459999084472656,20.5,20.459999084472656,20.5,350,-3.672,2011-09-28,39,2011,28,Wednesday,-0.26460000000000006,2.958144908553332
16.850812911987305,19.979999542236328,20.420000076293945,19.899999618530273,20.420000076293945,4750,-2.346,2011-09-29,39,2011,29,Thursday,-0.26460000000000006,2.958144908553332
16.732744216918945,19.84000015258789,19.920000076293945,19.440000534057617,19.920000076293945,2350,-0.701,2011-09-30,39,2011,30,Friday,-0.26460000000000006,2.958144908553332
15.92309284210205,18.8799991607666,19.799999237060547,18.8799991607666,19.799999237060547,1300,-4.839,2011-10-03,40,2011,3,Monday,0.08859999999999993,4.171782628565396
15.703812599182129,18.6200008392334,18.6200008392334,18.219999313354492,18.239999771118164,1350,-1.377,2011-10-04,40,2011,4,Tuesday,0.08859999999999993,4.171782628565396
16.74960708618164,19.860000610351562,19.860000610351562,19.81999969482422,19.81999969482422,600,6.659,2011-10-05,40,2011,5,Wednesday,0.08859999999999993,4.171782628565396
16.74960708618164,19.860000610351562,19.860000610351562,19.860000610351562,19.860000610351562,0,0.0,2011-10-06,40,2011,6,Thursday,0.08859999999999993,4.171782628565396
16.74960708618164,19.860000610351562,19.860000610351562,19.860000610351562,19.860000610351562,0,0.0,2011-10-07,40,2011,7,Friday,0.08859999999999993,4.171782628565396
16.74960708618164,19.860000610351562,19.860000610351562,19.860000610351562,19.860000610351562,0,0.0,2011-10-10,41,2011,10,Monday,2.2018,3.9731380796544187
16.74960708618164,19.860000610351562,19.860000610351562,19.860000610351562,19.860000610351562,0,0.0,2011-10-11,41,2011,11,Tuesday,2.2018,3.9731380796544187
18.28456687927246,21.68000030517578,21.68000030517578,21.399999618530273,21.399999618530273,200,9.164,2011-10-12,41,2011,12,Wednesday,2.2018,3.9731380796544187
18.28456687927246,21.68000030517578,21.68000030517578,21.68000030517578,21.68000030517578,0,0.0,2011-10-13,41,2011,13,Thursday,2.2018,3.9731380796544187
18.62192153930664,22.079999923706055,22.079999923706055,22.0,22.0,2400,1.845,2011-10-14,41,2011,14,Friday,2.2018,3.9731380796544187
18.36890983581543,21.780000686645508,21.780000686645508,21.520000457763672,21.700000762939453,2000,-1.359,2011-10-17,42,2011,17,Monday,-0.37799999999999995,2.4542225856674045
18.21710205078125,21.600000381469727,21.600000381469727,21.600000381469727,21.600000381469727,100,-0.826,2011-10-18,42,2011,18,Tuesday,-0.37799999999999995,2.4542225856674045
17.930343627929688,21.260000228881836,21.260000228881836,21.260000228881836,21.260000228881836,200,-1.574,2011-10-19,42,2011,19,Wednesday,-0.37799999999999995,2.4542225856674045
17.55925750732422,20.81999969482422,20.81999969482422,20.81999969482422,20.81999969482422,850,-2.07,2011-10-20,42,2011,20,Thursday,-0.37799999999999995,2.4542225856674045
18.250829696655273,21.639999389648438,21.639999389648438,21.639999389648438,21.639999389648438,250,3.939,2011-10-21,42,2011,21,Friday,-0.37799999999999995,2.4542225856674045
18.841201782226562,22.34000015258789,22.3799991607666,21.979999542236328,21.979999542236328,1200,3.235,2011-10-24,43,2011,24,Monday,1.4631999999999998,3.3510339001567857
18.672523498535156,22.139999389648438,22.219999313354492,22.139999389648438,22.219999313354492,1300,-0.895,2011-10-25,43,2011,25,Tuesday,1.4631999999999998,3.3510339001567857
18.50385093688965,21.940000534057617,21.940000534057617,21.940000534057617,21.940000534057617,750,-0.903,2011-10-26,43,2011,26,Wednesday,1.4631999999999998,3.3510339001567857
19.71831703186035,23.3799991607666,23.3799991607666,22.920000076293945,22.920000076293945,1400,6.563,2011-10-27,43,2011,27,Thursday,1.4631999999999998,3.3510339001567857
19.5833797454834,23.219999313354492,23.260000228881836,23.059999465942383,23.200000762939453,1700,-0.684,2011-10-28,43,2011,28,Friday,1.4631999999999998,3.3510339001567857
18.571321487426758,22.020000457763672,22.81999969482422,22.020000457763672,22.81999969482422,900,-5.168,2011-10-31,44,2011,31,Monday,-0.07420000000000011,4.530849997517022
17.947216033935547,21.280000686645508,21.280000686645508,20.65999984741211,20.65999984741211,650,-3.361,2011-11-01,44,2011,1,Tuesday,-0.07420000000000011,4.530849997517022
18.200233459472656,21.579999923706055,21.579999923706055,21.520000457763672,21.579999923706055,1550,1.41,2011-11-02,44,2011,2,Wednesday,-0.07420000000000011,4.530849997517022
19.380964279174805,22.979999542236328,23.020000457763672,22.520000457763672,22.520000457763672,2500,6.487,2011-11-03,44,2011,3,Thursday,-0.07420000000000011,4.530849997517022
19.431568145751953,23.040000915527344,23.040000915527344,23.040000915527344,23.040000915527344,300,0.261,2011-11-04,44,2011,4,Friday,-0.07420000000000011,4.530849997517022
19.448440551757812,23.059999465942383,23.239999771118164,23.059999465942383,23.239999771118164,450,0.087,2011-11-07,45,2011,7,Monday,0.09799999999999995,2.668709987990452
19.75205421447754,23.420000076293945,23.520000457763672,23.3799991607666,23.459999084472656,5350,1.561,2011-11-08,45,2011,8,Tuesday,0.09799999999999995,2.668709987990452
18.993013381958008,22.520000457763672,23.1200008392334,22.520000457763672,23.1200008392334,1350,-3.843,2011-11-09,45,2011,9,Wednesday,0.09799999999999995,2.668709987990452
18.87493324279785,22.3799991607666,22.3799991607666,22.31999969482422,22.31999969482422,1000,-0.622,2011-11-10,45,2011,10,Thursday,0.09799999999999995,2.668709987990452
19.499042510986328,23.1200008392334,23.1200008392334,23.1200008392334,23.1200008392334,100,3.307,2011-11-11,45,2011,11,Friday,0.09799999999999995,2.668709987990452
19.39783477783203,23.0,23.200000762939453,23.0,23.200000762939453,2800,-0.519,2011-11-14,46,2011,14,Monday,-0.885,1.8048484700938192
19.431568145751953,23.040000915527344,23.139999389648438,23.040000915527344,23.139999389648438,1200,0.174,2011-11-15,46,2011,15,Tuesday,-0.885,1.8048484700938192
19.431568145751953,23.040000915527344,23.040000915527344,23.040000915527344,23.040000915527344,50,0.0,2011-11-16,46,2011,16,Wednesday,-0.885,1.8048484700938192
18.638790130615234,22.100000381469727,22.100000381469727,22.100000381469727,22.100000381469727,150,-4.08,2011-11-17,46,2011,17,Thursday,-0.885,1.8048484700938192
18.638790130615234,22.100000381469727,22.100000381469727,22.100000381469727,22.100000381469727,0,0.0,2011-11-18,46,2011,18,Friday,-0.885,1.8048484700938192
18.115894317626953,21.479999542236328,21.479999542236328,21.219999313354492,21.299999237060547,9550,-2.805,2011-11-21,47,2011,21,Monday,-1.326,1.8198714240297307
18.21710205078125,21.600000381469727,21.600000381469727,21.440000534057617,21.440000534057617,950,0.559,2011-11-22,47,2011,22,Tuesday,-1.326,1.8198714240297307
17.677331924438477,20.959999084472656,21.520000457763672,20.959999084472656,21.5,800,-2.963,2011-11-23,47,2011,23,Wednesday,-1.326,1.8198714240297307
17.660465240478516,20.940000534057617,21.079999923706055,20.940000534057617,21.079999923706055,300,-0.095,2011-11-25,47,2011,25,Friday,-1.326,1.8198714240297307
18.13275909423828,21.5,21.719999313354492,21.5,21.65999984741211,1150,2.674,2011-11-28,48,2011,28,Monday,1.9292000000000002,2.1107622319910884
18.36890983581543,21.780000686645508,21.780000686645508,21.780000686645508,21.780000686645508,250,1.302,2011-11-29,48,2011,29,Tuesday,1.9292000000000002,2.1107622319910884
19.330364227294922,22.920000076293945,22.979999542236328,22.920000076293945,22.959999084472656,2600,5.234,2011-11-30,48,2011,30,Wednesday,1.9292000000000002,2.1107622319910884
19.330364227294922,22.920000076293945,22.920000076293945,22.84000015258789,22.860000610351562,1350,0.0,2011-12-01,48,2011,1,Thursday,1.9292000000000002,2.1107622319910884
19.414701461791992,23.020000457763672,23.239999771118164,23.020000457763672,23.219999313354492,2600,0.436,2011-12-02,48,2011,2,Friday,1.9292000000000002,2.1107622319910884
19.735185623168945,23.399999618530273,23.399999618530273,23.260000228881836,23.260000228881836,2450,1.651,2011-12-05,49,2011,5,Monday,-0.1564,2.10664183002237
19.768924713134766,23.440000534057617,23.440000534057617,23.020000457763672,23.020000457763672,350,0.171,2011-12-06,49,2011,6,Tuesday,-0.1564,2.10664183002237
19.330364227294922,22.920000076293945,22.920000076293945,22.920000076293945,22.920000076293945,1750,-2.218,2011-12-07,49,2011,7,Wednesday,-0.1564,2.10664183002237
18.85807228088379,22.360000610351562,22.520000457763672,22.360000610351562,22.520000457763672,5200,-2.443,2011-12-08,49,2011,8,Thursday,-0.1564,2.10664183002237
19.246028900146484,22.81999969482422,22.81999969482422,22.81999969482422,22.81999969482422,100,2.057,2011-12-09,49,2011,9,Friday,-0.1564,2.10664183002237
19.246028900146484,22.81999969482422,22.81999969482422,22.81999969482422,22.81999969482422,0,0.0,2011-12-12,50,2011,12,Monday,-0.5114,0.7071766398856795
19.02674674987793,22.559999465942383,22.780000686645508,22.559999465942383,22.780000686645508,650,-1.139,2011-12-13,50,2011,13,Tuesday,-0.5114,0.7071766398856795
18.756860733032227,22.239999771118164,22.239999771118164,22.239999771118164,22.239999771118164,50,-1.418,2011-12-14,50,2011,14,Wednesday,-0.5114,0.7071766398856795
18.756860733032227,22.239999771118164,22.239999771118164,22.239999771118164,22.239999771118164,0,0.0,2011-12-15,50,2011,15,Thursday,-0.5114,0.7071766398856795
18.756860733032227,22.239999771118164,22.239999771118164,22.239999771118164,22.239999771118164,0,0.0,2011-12-16,50,2011,16,Friday,-0.5114,0.7071766398856795
18.065288543701172,21.420000076293945,21.760000228881836,21.420000076293945,21.760000228881836,200,-3.687,2011-12-19,51,2011,19,Monday,-0.3972,2.2201858480766874
18.250829696655273,21.639999389648438,21.639999389648438,21.440000534057617,21.6200008392334,400,1.027,2011-12-20,51,2011,20,Tuesday,-0.3972,2.2201858480766874
18.065288543701172,21.420000076293945,21.420000076293945,21.420000076293945,21.420000076293945,150,-1.017,2011-12-21,51,2011,21,Wednesday,-0.3972,2.2201858480766874
18.453243255615234,21.8799991607666,21.8799991607666,21.8799991607666,21.8799991607666,100,2.148,2011-12-22,51,2011,22,Thursday,-0.3972,2.2201858480766874
18.36890983581543,21.780000686645508,21.780000686645508,21.780000686645508,21.780000686645508,350,-0.457,2011-12-23,51,2011,23,Friday,-0.3972,2.2201858480766874
18.36890983581543,21.780000686645508,21.780000686645508,21.780000686645508,21.780000686645508,0,0.0,2011-12-27,52,2011,27,Tuesday,-0.203,0.37718872376216833
18.306499481201172,21.1200008392334,21.280000686645508,21.1200008392334,21.280000686645508,300,-0.34,2011-12-28,52,2011,28,Wednesday,-0.203,0.37718872376216833
18.185152053833008,20.979999542236328,20.979999542236328,20.799999237060547,20.959999084472656,1550,-0.663,2011-12-29,52,2011,29,Thursday,-0.203,0.37718872376216833
18.21982192993164,21.020000457763672,21.020000457763672,20.979999542236328,21.0,1700,0.191,2011-12-30,52,2011,30,Friday,-0.203,0.37718872376216833
19.05193328857422,21.979999542236328,22.020000457763672,21.700000762939453,21.700000762939453,900,4.567,2012-01-03,01,2012,3,Tuesday,1.2805,2.3408549008143726
19.294635772705078,22.260000228881836,22.260000228881836,21.940000534057617,21.940000534057617,3400,1.274,2012-01-04,01,2012,4,Wednesday,1.2805,2.3408549008143726
19.294635772705078,22.260000228881836,22.260000228881836,22.260000228881836,22.260000228881836,0,0.0,2012-01-05,01,2012,5,Thursday,1.2805,2.3408549008143726
19.155948638916016,22.100000381469727,22.260000228881836,22.100000381469727,22.260000228881836,200,-0.719,2012-01-06,01,2012,6,Friday,1.2805,2.3408549008143726
19.207956314086914,22.15999984741211,22.15999984741211,21.979999542236328,21.979999542236328,350,0.271,2012-01-09,02,2012,9,Monday,0.38,0.8483454485055013
19.53733253479004,22.540000915527344,22.639999389648438,22.540000915527344,22.639999389648438,200,1.715,2012-01-10,02,2012,10,Tuesday,0.38,0.8483454485055013
19.554668426513672,22.559999465942383,22.559999465942383,22.559999465942383,22.559999465942383,250,0.089,2012-01-11,02,2012,11,Wednesday,0.38,0.8483454485055013
19.641347885131836,22.65999984741211,22.68000030517578,22.600000381469727,22.600000381469727,1400,0.443,2012-01-12,02,2012,12,Thursday,0.38,0.8483454485055013
19.51999855041504,22.520000457763672,22.719999313354492,22.520000457763672,22.719999313354492,100,-0.618,2012-01-13,02,2012,13,Friday,0.38,0.8483454485055013
19.60667610168457,22.6200008392334,22.899999618530273,22.579999923706055,22.700000762939453,4100,0.444,2012-01-17,03,2012,17,Tuesday,1.1179999999999999,1.1056958593272082
19.91871452331543,22.979999542236328,22.979999542236328,22.6200008392334,22.8799991607666,1350,1.591,2012-01-18,03,2012,18,Wednesday,1.1179999999999999,1.1056958593272082
19.91871452331543,22.979999542236328,22.979999542236328,22.979999542236328,22.979999542236328,0,0.0,2012-01-19,03,2012,19,Thursday,1.1179999999999999,1.1056958593272082
20.404115676879883,23.540000915527344,23.559999465942383,23.399999618530273,23.399999618530273,300,2.437,2012-01-20,03,2012,20,Friday,1.1179999999999999,1.1056958593272082
20.577476501464844,23.739999771118164,23.899999618530273,23.559999465942383,23.559999465942383,2100,0.85,2012-01-23,04,2012,23,Monday,0.30779999999999996,0.967040692008356
20.525463104248047,23.68000030517578,23.719999313354492,23.65999984741211,23.700000762939453,1400,-0.253,2012-01-24,04,2012,24,Tuesday,0.30779999999999996,0.967040692008356
20.802837371826172,24.0,24.0,23.399999618530273,23.399999618530273,350,1.351,2012-01-25,04,2012,25,Wednesday,0.30779999999999996,0.967040692008356
20.941524505615234,24.15999984741211,24.15999984741211,24.15999984741211,24.15999984741211,200,0.667,2012-01-26,04,2012,26,Thursday,0.30779999999999996,0.967040692008356
20.71615982055664,23.899999618530273,24.059999465942383,23.899999618530273,24.059999465942383,150,-1.076,2012-01-27,04,2012,27,Friday,0.30779999999999996,0.967040692008356
20.196090698242188,23.299999237060547,23.579999923706055,23.18000030517578,23.5,4050,-2.51,2012-01-30,05,2012,30,Monday,-0.14339999999999992,1.3737033158582679
20.282764434814453,23.399999618530273,23.399999618530273,23.399999618530273,23.399999618530273,250,0.429,2012-01-31,05,2012,31,Tuesday,-0.14339999999999992,1.3737033158582679
20.490795135498047,23.639999389648438,23.639999389648438,23.440000534057617,23.600000381469727,650,1.026,2012-02-01,05,2012,1,Wednesday,-0.14339999999999992,1.3737033158582679
20.560136795043945,23.719999313354492,23.739999771118164,23.719999313354492,23.739999771118164,450,0.338,2012-02-02,05,2012,2,Thursday,-0.14339999999999992,1.3737033158582679
20.560136795043945,23.719999313354492,23.719999313354492,23.719999313354492,23.719999313354492,0,0.0,2012-02-03,05,2012,3,Friday,-0.14339999999999992,1.3737033158582679
20.404115676879883,23.540000915527344,23.540000915527344,23.200000762939453,23.219999313354492,1400,-0.759,2012-02-06,06,2012,6,Monday,-0.818,1.0943121126991147
20.092073440551758,23.18000030517578,23.479999542236328,23.18000030517578,23.479999542236328,3400,-1.529,2012-02-07,06,2012,7,Tuesday,-0.818,1.0943121126991147
20.022733688354492,23.100000381469727,23.100000381469727,22.899999618530273,23.100000381469727,2800,-0.345,2012-02-08,06,2012,8,Wednesday,-0.818,1.0943121126991147
20.161420822143555,23.260000228881836,23.260000228881836,23.100000381469727,23.219999313354492,6750,0.693,2012-02-09,06,2012,9,Thursday,-0.818,1.0943121126991147
19.728025436401367,22.760000228881836,23.040000915527344,22.760000228881836,23.040000915527344,750,-2.15,2012-02-10,06,2012,10,Friday,-0.818,1.0943121126991147
19.88404655456543,22.940000534057617,23.0,22.899999618530273,23.0,1250,0.791,2012-02-13,07,2012,13,Monday,0.2818,0.726069693624517
19.762699127197266,22.799999237060547,23.040000915527344,22.799999237060547,22.940000534057617,21050,-0.61,2012-02-14,07,2012,14,Tuesday,0.2818,0.726069693624517
20.00539779663086,23.079999923706055,23.1200008392334,22.959999084472656,22.979999542236328,550,1.228,2012-02-15,07,2012,15,Wednesday,0.2818,0.726069693624517
20.00539779663086,23.079999923706055,23.079999923706055,23.079999923706055,23.079999923706055,0,0.0,2012-02-16,07,2012,16,Thursday,0.2818,0.726069693624517
20.00539779663086,23.079999923706055,23.079999923706055,23.079999923706055,23.079999923706055,0,0.0,2012-02-17,07,2012,17,Friday,0.2818,0.726069693624517
20.508132934570312,23.65999984741211,23.739999771118164,23.65999984741211,23.739999771118164,350,2.513,2012-02-21,08,2012,21,Tuesday,0.40375,2.0685644579433986
20.317440032958984,23.440000534057617,23.440000534057617,23.440000534057617,23.440000534057617,750,-0.93,2012-02-22,08,2012,22,Wednesday,0.40375,2.0685644579433986
20.681489944458008,23.860000610351562,23.940000534057617,23.799999237060547,23.940000534057617,750,1.792,2012-02-23,08,2012,23,Thursday,0.40375,2.0685644579433986
20.317440032958984,23.440000534057617,23.940000534057617,23.440000534057617,23.940000534057617,4950,-1.76,2012-02-24,08,2012,24,Friday,0.40375,2.0685644579433986
19.953388214111328,23.020000457763672,23.1200008392334,23.020000457763672,23.1200008392334,1750,-1.792,2012-02-27,09,2012,27,Monday,-0.27599999999999997,1.9916421616344637
20.109411239624023,23.200000762939453,23.200000762939453,23.1200008392334,23.1200008392334,250,0.782,2012-02-28,09,2012,28,Tuesday,-0.27599999999999997,1.9916421616344637
19.589338302612305,22.600000381469727,23.020000457763672,22.579999923706055,23.020000457763672,700,-2.586,2012-02-29,09,2012,29,Wednesday,-0.27599999999999997,1.9916421616344637
20.057401657104492,23.139999389648438,23.139999389648438,22.959999084472656,22.959999084472656,450,2.389,2012-03-01,09,2012,1,Thursday,-0.27599999999999997,1.9916421616344637
20.022733688354492,23.100000381469727,23.200000762939453,23.100000381469727,23.18000030517578,450,-0.173,2012-03-02,09,2012,2,Friday,-0.27599999999999997,1.9916421616344637
19.936054229736328,23.0,23.0,23.0,23.0,100,-0.433,2012-03-05,10,2012,5,Monday,-0.3826,3.6225922072460763
18.635875701904297,21.5,22.0,21.479999542236328,22.0,1500,-6.522,2012-03-06,10,2012,6,Tuesday,-0.3826,3.6225922072460763
19.08660888671875,22.020000457763672,22.040000915527344,21.799999237060547,21.979999542236328,2450,2.419,2012-03-07,10,2012,7,Wednesday,-0.3826,3.6225922072460763
19.485328674316406,22.479999542236328,22.479999542236328,22.3799991607666,22.3799991607666,500,2.089,2012-03-08,10,2012,8,Thursday,-0.3826,3.6225922072460763
19.589338302612305,22.600000381469727,22.600000381469727,22.600000381469727,22.600000381469727,150,0.534,2012-03-09,10,2012,9,Friday,-0.3826,3.6225922072460763
18.947925567626953,21.860000610351562,22.139999389648438,21.860000610351562,22.139999389648438,350,-3.274,2012-03-12,11,2012,12,Monday,-0.5808,1.575215128165039
18.947925567626953,21.860000610351562,21.860000610351562,21.860000610351562,21.860000610351562,0,0.0,2012-03-13,11,2012,13,Tuesday,-0.5808,1.575215128165039
18.861242294311523,21.760000228881836,21.920000076293945,21.760000228881836,21.920000076293945,12400,-0.457,2012-03-14,11,2012,14,Wednesday,-0.5808,1.575215128165039
19.01726722717285,21.940000534057617,21.959999084472656,21.780000686645508,21.799999237060547,9300,0.827,2012-03-15,11,2012,15,Thursday,-0.5808,1.575215128165039
19.01726722717285,21.940000534057617,21.940000534057617,21.940000534057617,21.940000534057617,0,0.0,2012-03-16,11,2012,16,Friday,-0.5808,1.575215128165039
19.294635772705078,22.260000228881836,22.280000686645508,22.040000915527344,22.040000915527344,2500,1.459,2012-03-19,12,2012,19,Monday,-0.21419999999999995,1.1813761890270178
18.947925567626953,21.860000610351562,22.040000915527344,21.860000610351562,22.040000915527344,550,-1.797,2012-03-20,12,2012,20,Tuesday,-0.21419999999999995,1.1813761890270178
18.913251876831055,21.81999969482422,21.81999969482422,21.81999969482422,21.81999969482422,50,-0.183,2012-03-21,12,2012,21,Wednesday,-0.21419999999999995,1.1813761890270178
18.79189682006836,21.68000030517578,21.84000015258789,21.520000457763672,21.84000015258789,1500,-0.642,2012-03-22,12,2012,22,Thursday,-0.21419999999999995,1.1813761890270178
18.809232711791992,21.700000762939453,21.700000762939453,21.68000030517578,21.68000030517578,800,0.092,2012-03-23,12,2012,23,Friday,-0.21419999999999995,1.1813761890270178
18.87858009338379,21.780000686645508,21.780000686645508,21.780000686645508,21.780000686645508,50,0.369,2012-03-26,13,2012,26,Monday,-0.27280000000000004,1.1364689613007475
18.61854362487793,21.479999542236328,21.700000762939453,21.479999542236328,21.700000762939453,25450,-1.377,2012-03-27,13,2012,27,Tuesday,-0.27280000000000004,1.1364689613007475
18.34117317199707,21.15999984741211,21.399999618530273,21.15999984741211,21.399999618530273,9900,-1.49,2012-03-28,13,2012,28,Wednesday,-0.27280000000000004,1.1364689613007475
18.34117317199707,21.15999984741211,21.15999984741211,21.15999984741211,21.15999984741211,0,0.0,2012-03-29,13,2012,29,Thursday,-0.27280000000000004,1.1364689613007475
18.549198150634766,21.399999618530273,21.399999618530273,21.399999618530273,21.399999618530273,50,1.134,2012-03-30,13,2012,30,Friday,-0.27280000000000004,1.1364689613007475
18.34117317199707,21.15999984741211,21.420000076293945,21.15999984741211,21.420000076293945,1750,-1.121,2012-04-02,14,2012,2,Monday,-1.49375,1.7605278327819758
18.167814254760742,20.959999084472656,20.959999084472656,20.84000015258789,20.860000610351562,1200,-0.945,2012-04-03,14,2012,3,Tuesday,-1.49375,1.7605278327819758
17.439712524414062,20.1200008392334,20.459999084472656,20.1200008392334,20.420000076293945,850,-4.008,2012-04-04,14,2012,4,Wednesday,-1.49375,1.7605278327819758
17.457050323486328,20.139999389648438,20.139999389648438,20.020000457763672,20.020000457763672,800,0.099,2012-04-05,14,2012,5,Thursday,-1.49375,1.7605278327819758
17.3530330657959,20.020000457763672,20.18000030517578,19.780000686645508,20.020000457763672,5100,-0.596,2012-04-09,15,2012,9,Monday,-0.0952,1.0641279058459092
17.09299659729004,19.719999313354492,19.760000228881836,19.719999313354492,19.760000228881836,150,-1.499,2012-04-10,15,2012,10,Tuesday,-0.0952,1.0641279058459092
17.231685638427734,19.8799991607666,20.059999465942383,19.780000686645508,19.780000686645508,250,0.811,2012-04-11,15,2012,11,Wednesday,-0.0952,1.0641279058459092
17.422378540039062,20.100000381469727,20.1200008392334,19.979999542236328,19.979999542236328,350,1.107,2012-04-12,15,2012,12,Thursday,-0.0952,1.0641279058459092
17.370370864868164,20.040000915527344,20.040000915527344,19.979999542236328,19.979999542236328,5150,-0.299,2012-04-13,15,2012,13,Friday,-0.0952,1.0641279058459092
16.74628257751465,19.31999969482422,19.399999618530273,19.31999969482422,19.399999618530273,900,-3.593,2012-04-16,16,2012,16,Monday,-1.1374,2.5877015477059944
16.728952407836914,19.299999237060547,19.420000076293945,19.299999237060547,19.420000076293945,1150,-0.103,2012-04-17,16,2012,17,Tuesday,-1.1374,2.5877015477059944
16.035520553588867,18.5,19.18000030517578,18.5,18.8799991607666,5800,-4.145,2012-04-18,16,2012,18,Wednesday,-1.1374,2.5877015477059944
16.1048641204834,18.579999923706055,18.739999771118164,18.399999618530273,18.399999618530273,1600,0.432,2012-04-19,16,2012,19,Thursday,-1.1374,2.5877015477059944
16.382234573364258,18.899999618530273,18.959999084472656,18.65999984741211,18.65999984741211,1650,1.722,2012-04-20,16,2012,20,Friday,-1.1374,2.5877015477059944
15.844828605651855,18.280000686645508,18.299999237060547,17.920000076293945,18.260000228881836,2750,-3.28,2012-04-23,17,2012,23,Monday,-0.11259999999999992,1.9012425673753468
15.931507110595703,18.3799991607666,18.420000076293945,18.3799991607666,18.3799991607666,550,0.547,2012-04-24,17,2012,24,Tuesday,-0.11259999999999992,1.9012425673753468
16.035520553588867,18.5,18.5,18.5,18.5,200,0.653,2012-04-25,17,2012,25,Wednesday,-0.11259999999999992,1.9012425673753468
16.31289291381836,18.81999969482422,18.84000015258789,18.65999984741211,18.65999984741211,1150,1.73,2012-04-26,17,2012,26,Thursday,-0.11259999999999992,1.9012425673753468
16.27821922302246,18.780000686645508,18.780000686645508,18.700000762939453,18.700000762939453,100,-0.213,2012-04-27,17,2012,27,Friday,-0.11259999999999992,1.9012425673753468
16.520919799804688,19.059999465942383,19.059999465942383,18.799999237060547,18.799999237060547,1100,1.491,2012-04-30,18,2012,30,Monday,-1.2096,1.779670699876806
16.45157814025879,18.979999542236328,19.219999313354492,18.440000534057617,18.899999618530273,6650,-0.42,2012-05-01,18,2012,1,Tuesday,-1.2096,1.779670699876806
16.156871795654297,18.639999389648438,18.639999389648438,18.600000381469727,18.600000381469727,350,-1.791,2012-05-02,18,2012,2,Wednesday,-1.2096,1.779670699876806
15.77548599243164,18.200000762939453,18.5,18.200000762939453,18.440000534057617,1200,-2.361,2012-05-03,18,2012,3,Thursday,-1.2096,1.779670699876806
15.307417869567871,17.65999984741211,17.81999969482422,17.559999465942383,17.81999969482422,5350,-2.967,2012-05-04,18,2012,4,Friday,-1.2096,1.779670699876806
15.324755668640137,17.68000030517578,17.780000686645508,17.479999542236328,17.780000686645508,5500,0.113,2012-05-07,19,2012,7,Monday,-0.479,0.5426384615929837
15.168734550476074,17.5,17.5,17.239999771118164,17.420000076293945,4050,-1.018,2012-05-08,19,2012,8,Tuesday,-0.479,0.5426384615929837
15.168734550476074,17.5,17.5,17.5,17.5,0,0.0,2012-05-09,19,2012,9,Wednesday,-0.479,0.5426384615929837
15.099390983581543,17.420000076293945,17.6200008392334,17.420000076293945,17.6200008392334,400,-0.457,2012-05-10,19,2012,10,Thursday,-0.479,0.5426384615929837
14.94336986541748,17.239999771118164,17.239999771118164,17.020000457763672,17.020000457763672,300,-1.033,2012-05-11,19,2012,11,Friday,-0.479,0.5426384615929837
14.822023391723633,17.100000381469727,17.100000381469727,17.100000381469727,17.100000381469727,100,-0.812,2012-05-14,20,2012,14,Monday,-1.9684000000000001,1.6237038831018418
14.111259460449219,16.280000686645508,16.5,16.260000228881836,16.399999618530273,2800,-4.795,2012-05-15,20,2012,15,Tuesday,-1.9684000000000001,1.6237038831018418
13.85122299194336,15.979999542236328,16.3799991607666,15.979999542236328,16.3799991607666,4300,-1.843,2012-05-16,20,2012,16,Wednesday,-1.9684000000000001,1.6237038831018418
13.69520378112793,15.800000190734863,16.0,15.800000190734863,15.960000038146973,2600,-1.126,2012-05-17,20,2012,17,Thursday,-1.9684000000000001,1.6237038831018418
13.521845817565918,15.600000381469727,15.920000076293945,15.600000381469727,15.920000076293945,3600,-1.266,2012-05-18,20,2012,18,Friday,-1.9684000000000001,1.6237038831018418
13.920564651489258,16.059999465942383,16.059999465942383,16.0,16.0,100,2.949,2012-05-21,21,2012,21,Monday,0.6906,1.3939810974328166
13.989909172058105,16.139999389648438,16.239999771118164,16.139999389648438,16.139999389648438,450,0.498,2012-05-22,21,2012,22,Tuesday,0.6906,1.3939810974328166
13.955239295959473,16.100000381469727,16.100000381469727,15.859999656677246,16.020000457763672,650,-0.248,2012-05-23,21,2012,23,Wednesday,0.6906,1.3939810974328166
13.868558883666992,16.0,16.0,16.0,16.0,150,-0.621,2012-05-24,21,2012,24,Thursday,0.6906,1.3939810974328166
13.989909172058105,16.139999389648438,16.139999389648438,16.040000915527344,16.1200008392334,450,0.875,2012-05-25,21,2012,25,Friday,0.6906,1.3939810974328166
14.076586723327637,16.239999771118164,16.399999618530273,16.200000762939453,16.200000762939453,1800,0.62,2012-05-29,22,2012,29,Tuesday,-1.05775,1.8048221288167614
13.573850631713867,15.65999984741211,15.760000228881836,15.65999984741211,15.760000228881836,1600,-3.571,2012-05-30,22,2012,30,Wednesday,-1.05775,1.8048221288167614
13.43516731262207,15.5,15.600000381469727,15.420000076293945,15.420000076293945,700,-1.022,2012-05-31,22,2012,31,Thursday,-1.05775,1.8048221288167614
13.400494575500488,15.460000038146973,15.479999542236328,15.140000343322754,15.140000343322754,500,-0.258,2012-06-01,22,2012,1,Friday,-1.05775,1.8048221288167614
13.140460014343262,15.15999984741211,15.479999542236328,15.15999984741211,15.479999542236328,500,-1.94,2012-06-04,23,2012,4,Monday,0.4903999999999999,2.720256109266184
13.140460014343262,15.15999984741211,15.15999984741211,15.15999984741211,15.15999984741211,3200,0.0,2012-06-05,23,2012,5,Tuesday,0.4903999999999999,2.720256109266184
13.81655216217041,15.9399995803833,15.979999542236328,15.460000038146973,15.460000038146973,1600,5.145,2012-06-06,23,2012,6,Wednesday,0.4903999999999999,2.720256109266184
13.71253776550293,15.819999694824219,16.280000686645508,15.819999694824219,16.020000457763672,14350,-0.753,2012-06-07,23,2012,7,Thursday,0.4903999999999999,2.720256109266184
13.71253776550293,15.819999694824219,15.819999694824219,15.819999694824219,15.819999694824219,0,0.0,2012-06-08,23,2012,8,Friday,0.4903999999999999,2.720256109266184
13.5911865234375,15.680000305175781,15.680000305175781,15.680000305175781,15.680000305175781,50,-0.885,2012-06-11,24,2012,11,Monday,-0.8379999999999999,1.633006582962849
13.244473457336426,15.279999732971191,15.5600004196167,15.279999732971191,15.5600004196167,1700,-2.551,2012-06-12,24,2012,12,Tuesday,-0.8379999999999999,1.633006582962849
13.43516731262207,15.5,15.5,15.5,15.5,500,1.44,2012-06-13,24,2012,13,Wednesday,-0.8379999999999999,1.633006582962849
13.140460014343262,15.15999984741211,15.15999984741211,15.15999984741211,15.15999984741211,50,-2.194,2012-06-14,24,2012,14,Thursday,-0.8379999999999999,1.633006582962849
13.140460014343262,15.15999984741211,15.15999984741211,15.15999984741211,15.15999984741211,0,0.0,2012-06-15,24,2012,15,Friday,-0.8379999999999999,1.633006582962849
13.383158683776855,15.4399995803833,15.4399995803833,15.380000114440918,15.380000114440918,5600,1.847,2012-06-18,25,2012,18,Monday,0.8435999999999998,3.104448389005686
13.989909172058105,16.139999389648438,16.139999389648438,15.84000015258789,15.84000015258789,1500,4.534,2012-06-19,25,2012,19,Tuesday,0.8435999999999998,3.104448389005686
13.833888053894043,15.960000038146973,15.960000038146973,15.960000038146973,15.960000038146973,150,-1.115,2012-06-20,25,2012,20,Wednesday,0.8435999999999998,3.104448389005686
13.365821838378906,15.420000076293945,15.420000076293945,15.420000076293945,15.420000076293945,150,-3.383,2012-06-21,25,2012,21,Thursday,0.8435999999999998,3.104448389005686
13.67786693572998,15.779999732971191,15.779999732971191,15.680000305175781,15.680000305175781,400,2.335,2012-06-22,25,2012,22,Friday,0.8435999999999998,3.104448389005686
13.261809349060059,15.300000190734863,15.399999618530273,15.239999771118164,15.399999618530273,1200,-3.042,2012-06-25,26,2012,25,Monday,-0.36119999999999997,2.3481911549105194
13.261809349060059,15.300000190734863,15.300000190734863,15.300000190734863,15.300000190734863,0,0.0,2012-06-26,26,2012,26,Tuesday,-0.36119999999999997,2.3481911549105194
13.67786693572998,15.779999732971191,15.779999732971191,15.779999732971191,15.779999732971191,450,3.137,2012-06-27,26,2012,27,Wednesday,-0.36119999999999997,2.3481911549105194
13.417830467224121,15.479999542236328,15.539999961853027,15.479999542236328,15.539999961853027,300,-1.901,2012-06-28,26,2012,28,Thursday,-0.36119999999999997,2.3481911549105194
13.417830467224121,15.479999542236328,15.479999542236328,15.479999542236328,15.479999542236328,0,0.0,2012-06-29,26,2012,29,Friday,-0.36119999999999997,2.3481911549105194
13.417830467224121,15.479999542236328,15.479999542236328,15.479999542236328,15.479999542236328,0,0.0,2012-07-02,27,2012,2,Monday,1.9560000000000002,4.483853104938505
14.579326629638672,16.81999969482422,16.81999969482422,16.360000610351562,16.360000610351562,1200,8.656,2012-07-03,27,2012,3,Tuesday,1.9560000000000002,4.483853104938505
14.45797348022461,16.68000030517578,16.780000686645508,16.440000534057617,16.780000686645508,2050,-0.832,2012-07-05,27,2012,5,Thursday,1.9560000000000002,4.483853104938505
14.45797348022461,16.68000030517578,16.68000030517578,16.68000030517578,16.68000030517578,0,0.0,2012-07-06,27,2012,6,Friday,1.9560000000000002,4.483853104938505
14.45797348022461,16.68000030517578,16.68000030517578,16.68000030517578,16.68000030517578,0,0.0,2012-07-09,28,2012,9,Monday,-1.1056,2.3476036292355658
14.45797348022461,16.68000030517578,16.68000030517578,16.68000030517578,16.68000030517578,0,0.0,2012-07-10,28,2012,10,Tuesday,-1.1056,2.3476036292355658
13.69520378112793,15.800000190734863,15.84000015258789,15.779999732971191,15.84000015258789,400,-5.276,2012-07-11,28,2012,11,Wednesday,-1.1056,2.3476036292355658
13.625858306884766,15.720000267028809,15.800000190734863,15.579999923706055,15.800000190734863,2950,-0.506,2012-07-12,28,2012,12,Thursday,-1.1056,2.3476036292355658
13.660530090332031,15.760000228881836,15.760000228881836,15.760000228881836,15.760000228881836,50,0.254,2012-07-13,28,2012,13,Friday,-1.1056,2.3476036292355658
13.660530090332031,15.760000228881836,15.760000228881836,15.760000228881836,15.760000228881836,0,0.0,2012-07-16,29,2012,16,Monday,-0.06820000000000004,1.417411443441882
13.625858306884766,15.720000267028809,15.84000015258789,15.680000305175781,15.819999694824219,1700,-0.254,2012-07-17,29,2012,17,Tuesday,-0.06820000000000004,1.417411443441882
13.69520378112793,15.800000190734863,15.979999542236328,15.800000190734863,15.920000076293945,2400,0.509,2012-07-18,29,2012,18,Wednesday,-0.06820000000000004,1.417411443441882
13.920564651489258,16.059999465942383,16.059999465942383,16.059999465942383,16.059999465942383,100,1.646,2012-07-19,29,2012,19,Thursday,-0.06820000000000004,1.417411443441882
13.608521461486816,15.699999809265137,15.699999809265137,15.699999809265137,15.699999809265137,50,-2.242,2012-07-20,29,2012,20,Friday,-0.06820000000000004,1.417411443441882
13.452502250671387,15.520000457763672,15.520000457763672,15.5,15.5,250,-1.146,2012-07-23,30,2012,23,Monday,0.7872,1.5458381868746807
13.504508018493652,15.579999923706055,15.579999923706055,15.579999923706055,15.579999923706055,100,0.387,2012-07-24,30,2012,24,Tuesday,0.7872,1.5458381868746807
13.504508018493652,15.579999923706055,15.579999923706055,15.579999923706055,15.579999923706055,0,0.0,2012-07-25,30,2012,25,Wednesday,0.7872,1.5458381868746807
13.781881332397461,15.899999618530273,15.899999618530273,15.899999618530273,15.899999618530273,500,2.054,2012-07-26,30,2012,26,Thursday,0.7872,1.5458381868746807
14.145928382873535,16.31999969482422,16.34000015258789,16.299999237060547,16.299999237060547,1950,2.641,2012-07-27,30,2012,27,Friday,0.7872,1.5458381868746807
13.93790054321289,16.079999923706055,16.079999923706055,15.9399995803833,15.9399995803833,7500,-1.471,2012-07-30,31,2012,30,Monday,0.3195999999999999,2.6372476751340588
13.93790054321289,16.079999923706055,16.079999923706055,16.079999923706055,16.079999923706055,0,0.0,2012-07-31,31,2012,31,Tuesday,0.3195999999999999,2.6372476751340588
13.69520378112793,15.800000190734863,15.800000190734863,15.800000190734863,15.800000190734863,50,-1.741,2012-08-01,31,2012,1,Wednesday,0.3195999999999999,2.6372476751340588
13.69520378112793,15.800000190734863,15.800000190734863,15.800000190734863,15.800000190734863,0,0.0,2012-08-02,31,2012,2,Thursday,0.3195999999999999,2.6372476751340588
14.353957176208496,16.559999465942383,16.559999465942383,16.15999984741211,16.15999984741211,1300,4.81,2012-08-03,31,2012,3,Friday,0.3195999999999999,2.6372476751340588
14.596659660339355,16.84000015258789,16.940000534057617,16.68000030517578,16.68000030517578,5150,1.691,2012-08-06,32,2012,6,Monday,0.9164,1.958076683891619
15.168734550476074,17.5,17.520000457763672,17.100000381469727,17.299999237060547,1500,3.919,2012-08-07,32,2012,7,Tuesday,0.9164,1.958076683891619
15.186073303222656,17.520000457763672,17.520000457763672,17.420000076293945,17.420000076293945,450,0.114,2012-08-08,32,2012,8,Wednesday,0.9164,1.958076683891619
15.012713432312012,17.31999969482422,17.520000457763672,17.239999771118164,17.239999771118164,2350,-1.142,2012-08-09,32,2012,9,Thursday,0.9164,1.958076683891619
15.012713432312012,17.31999969482422,17.31999969482422,17.31999969482422,17.31999969482422,50,0.0,2012-08-10,32,2012,10,Friday,0.9164,1.958076683891619
15.012713432312012,17.31999969482422,17.31999969482422,17.31999969482422,17.31999969482422,450,0.0,2012-08-13,33,2012,13,Monday,-0.18439999999999998,0.5020192227395281
15.012713432312012,17.31999969482422,17.31999969482422,17.219999313354492,17.299999237060547,2600,0.0,2012-08-14,33,2012,14,Tuesday,-0.18439999999999998,0.5020192227395281
14.908700942993164,17.200000762939453,17.239999771118164,17.020000457763672,17.1200008392334,3350,-0.693,2012-08-15,33,2012,15,Wednesday,-0.18439999999999998,0.5020192227395281
14.978044509887695,17.280000686645508,17.280000686645508,17.280000686645508,17.280000686645508,100,0.465,2012-08-16,33,2012,16,Thursday,-0.18439999999999998,0.5020192227395281
14.874031066894531,17.15999984741211,17.239999771118164,17.15999984741211,17.239999771118164,17650,-0.694,2012-08-17,33,2012,17,Friday,-0.18439999999999998,0.5020192227395281
14.94336986541748,17.239999771118164,17.239999771118164,17.0,17.0,1150,0.466,2012-08-20,34,2012,20,Monday,-0.037799999999999986,1.485364332411412
15.116726875305176,17.440000534057617,17.440000534057617,17.280000686645508,17.280000686645508,300,1.16,2012-08-21,34,2012,21,Tuesday,-0.037799999999999986,1.485364332411412
14.787348747253418,17.059999465942383,17.079999923706055,17.059999465942383,17.079999923706055,500,-2.179,2012-08-22,34,2012,22,Wednesday,-0.037799999999999986,1.485364332411412
14.978044509887695,17.280000686645508,17.299999237060547,17.219999313354492,17.219999313354492,850,1.29,2012-08-23,34,2012,23,Thursday,-0.037799999999999986,1.485364332411412
14.839360237121582,17.1200008392334,17.1200008392334,17.1200008392334,17.1200008392334,250,-0.926,2012-08-24,34,2012,24,Friday,-0.037799999999999986,1.485364332411412
14.735344886779785,17.0,17.0,17.0,17.0,50,-0.701,2012-08-27,35,2012,27,Monday,-0.49379999999999996,0.647596093255665
14.735344886779785,17.0,17.0,16.959999084472656,16.959999084472656,1250,0.0,2012-08-28,35,2012,28,Tuesday,-0.49379999999999996,0.647596093255665
14.700675010681152,16.959999084472656,16.959999084472656,16.799999237060547,16.799999237060547,200,-0.235,2012-08-29,35,2012,29,Wednesday,-0.49379999999999996,0.647596093255665
14.475309371948242,16.700000762939453,16.719999313354492,16.639999389648438,16.719999313354492,400,-1.533,2012-08-30,35,2012,30,Thursday,-0.49379999999999996,0.647596093255665
14.475309371948242,16.700000762939453,16.700000762939453,16.700000762939453,16.700000762939453,0,0.0,2012-08-31,35,2012,31,Friday,-0.49379999999999996,0.647596093255665
14.718010902404785,16.979999542236328,17.0,16.979999542236328,17.0,5050,1.677,2012-09-04,36,2012,4,Tuesday,0.5665,0.7906876753813733
14.718010902404785,16.979999542236328,16.979999542236328,16.979999542236328,16.979999542236328,0,0.0,2012-09-05,36,2012,5,Wednesday,0.5665,0.7906876753813733
14.8046875,17.079999923706055,17.280000686645508,16.979999542236328,16.979999542236328,2100,0.589,2012-09-06,36,2012,6,Thursday,0.5665,0.7906876753813733
14.8046875,17.079999923706055,17.079999923706055,17.079999923706055,17.079999923706055,0,0.0,2012-09-07,36,2012,7,Friday,0.5665,0.7906876753813733
14.908700942993164,17.200000762939453,17.200000762939453,17.200000762939453,17.200000762939453,150,0.703,2012-09-10,37,2012,10,Monday,1.5355999999999999,1.8503138382447448
14.908700942993164,17.200000762939453,17.200000762939453,17.200000762939453,17.200000762939453,4000,0.0,2012-09-11,37,2012,11,Tuesday,1.5355999999999999,1.8503138382447448
14.94336986541748,17.239999771118164,17.5,17.18000030517578,17.5,1250,0.233,2012-09-12,37,2012,12,Wednesday,1.5355999999999999,1.8503138382447448
15.290083885192871,17.639999389648438,17.639999389648438,17.399999618530273,17.399999618530273,1850,2.32,2012-09-13,37,2012,13,Thursday,1.5355999999999999,1.8503138382447448
15.966178894042969,18.420000076293945,18.420000076293945,17.940000534057617,17.940000534057617,3100,4.422,2012-09-14,37,2012,14,Friday,1.5355999999999999,1.8503138382447448
15.896841049194336,18.34000015258789,18.34000015258789,18.34000015258789,18.34000015258789,50,-0.434,2012-09-17,38,2012,17,Monday,-0.18860000000000002,1.377667703040178
15.740816116333008,18.15999984741211,18.15999984741211,18.15999984741211,18.15999984741211,100,-0.981,2012-09-18,38,2012,18,Tuesday,-0.18860000000000002,1.377667703040178
15.619466781616211,18.020000457763672,18.239999771118164,17.979999542236328,18.15999984741211,500,-0.771,2012-09-19,38,2012,19,Wednesday,-0.18860000000000002,1.377667703040178
15.4634428024292,17.84000015258789,18.040000915527344,17.84000015258789,18.020000457763672,350,-0.999,2012-09-20,38,2012,20,Thursday,-0.18860000000000002,1.377667703040178
15.81015396118164,18.239999771118164,18.280000686645508,17.940000534057617,17.940000534057617,1800,2.242,2012-09-21,38,2012,21,Friday,-0.18860000000000002,1.377667703040178
15.723479270935059,18.139999389648438,18.200000762939453,18.0,18.079999923706055,3000,-0.548,2012-09-24,39,2012,24,Monday,-0.2784,1.4338602791067196
15.68880558013916,18.100000381469727,18.139999389648438,18.100000381469727,18.139999389648438,300,-0.221,2012-09-25,39,2012,25,Tuesday,-0.2784,1.4338602791067196
15.324755668640137,17.68000030517578,17.760000228881836,17.6200008392334,17.760000228881836,1150,-2.32,2012-09-26,39,2012,26,Wednesday,-0.2784,1.4338602791067196
15.584794998168945,17.979999542236328,17.979999542236328,17.920000076293945,17.979999542236328,2350,1.697,2012-09-27,39,2012,27,Thursday,-0.2784,1.4338602791067196
15.584794998168945,17.979999542236328,17.979999542236328,17.979999542236328,17.979999542236328,0,0.0,2012-09-28,39,2012,28,Friday,-0.2784,1.4338602791067196
15.68880558013916,18.100000381469727,18.100000381469727,17.81999969482422,17.81999969482422,2500,0.667,2012-10-01,40,2012,1,Monday,0.378,0.8461938312230833
15.654135704040527,18.059999465942383,18.059999465942383,18.059999465942383,18.059999465942383,300,-0.221,2012-10-02,40,2012,2,Tuesday,0.378,0.8461938312230833
15.532783508300781,17.920000076293945,18.139999389648438,17.81999969482422,18.139999389648438,900,-0.775,2012-10-03,40,2012,3,Wednesday,0.378,0.8461938312230833
15.68880558013916,18.100000381469727,18.100000381469727,17.920000076293945,17.920000076293945,1500,1.004,2012-10-04,40,2012,4,Thursday,0.378,0.8461938312230833
15.879498481750488,18.31999969482422,18.399999618530273,18.18000030517578,18.18000030517578,6200,1.215,2012-10-05,40,2012,5,Friday,0.378,0.8461938312230833
15.879498481750488,18.31999969482422,18.31999969482422,18.31999969482422,18.31999969482422,0,0.0,2012-10-08,41,2012,8,Monday,-0.719,1.7267417293851446
15.428770065307617,17.799999237060547,17.84000015258789,17.799999237060547,17.84000015258789,750,-2.838,2012-10-09,41,2012,9,Tuesday,-0.719,1.7267417293851446
15.099390983581543,17.420000076293945,17.760000228881836,17.420000076293945,17.68000030517578,3000,-2.135,2012-10-10,41,2012,10,Wednesday,-0.719,1.7267417293851446
15.307417869567871,17.65999984741211,17.65999984741211,17.559999465942383,17.6200008392334,750,1.378,2012-10-11,41,2012,11,Thursday,-0.719,1.7267417293851446
15.307417869567871,17.65999984741211,17.65999984741211,17.65999984741211,17.65999984741211,0,0.0,2012-10-12,41,2012,12,Friday,-0.719,1.7267417293851446
15.099390983581543,17.420000076293945,17.559999465942383,17.31999969482422,17.559999465942383,350,-1.359,2012-10-15,42,2012,15,Monday,0.00940000000000003,1.5427541281746744
15.4634428024292,17.84000015258789,17.860000610351562,17.65999984741211,17.65999984741211,1150,2.411,2012-10-16,42,2012,16,Tuesday,0.00940000000000003,1.5427541281746744
15.498112678527832,17.8799991607666,17.8799991607666,17.8799991607666,17.8799991607666,100,0.224,2012-10-17,42,2012,17,Wednesday,0.00940000000000003,1.5427541281746744
15.515448570251465,17.899999618530273,18.059999465942383,17.899999618530273,18.040000915527344,950,0.112,2012-10-18,42,2012,18,Thursday,0.00940000000000003,1.5427541281746744
15.307417869567871,17.65999984741211,17.65999984741211,17.65999984741211,17.65999984741211,800,-1.341,2012-10-19,42,2012,19,Friday,0.00940000000000003,1.5427541281746744
15.099390983581543,17.420000076293945,17.6200008392334,17.3799991607666,17.6200008392334,6800,-1.359,2012-10-22,43,2012,22,Monday,-0.733,0.7786921728128515
14.94336986541748,17.239999771118164,17.260000228881836,17.239999771118164,17.239999771118164,200,-1.033,2012-10-23,43,2012,23,Tuesday,-0.733,0.7786921728128515
14.839360237121582,17.1200008392334,17.1200008392334,17.1200008392334,17.1200008392334,100,-0.696,2012-10-24,43,2012,24,Wednesday,-0.733,0.7786921728128515
14.66600227355957,16.920000076293945,16.920000076293945,16.899999618530273,16.899999618530273,1750,-1.168,2012-10-25,43,2012,25,Thursday,-0.733,0.7786921728128515
14.752680778503418,17.020000457763672,17.020000457763672,17.020000457763672,17.020000457763672,250,0.591,2012-10-26,43,2012,26,Friday,-0.733,0.7786921728128515
14.492645263671875,16.719999313354492,16.899999618530273,16.639999389648438,16.899999618530273,2300,-1.763,2012-10-31,44,2012,31,Wednesday,-0.029333333333333284,1.7191876957834864
14.735344886779785,17.0,17.0,17.0,17.0,500,1.675,2012-11-01,44,2012,1,Thursday,-0.029333333333333284,1.7191876957834864
14.735344886779785,17.0,17.0,17.0,17.0,0,0.0,2012-11-02,44,2012,2,Friday,-0.029333333333333284,1.7191876957834864
14.735344886779785,17.0,17.0,17.0,17.0,0,0.0,2012-11-05,45,2012,5,Monday,-1.0028000000000001,1.1805910384210105
14.371292114257812,16.579999923706055,16.579999923706055,16.5,16.5,150,-2.471,2012-11-06,45,2012,6,Tuesday,-1.0028000000000001,1.1805910384210105
14.128593444824219,16.299999237060547,16.299999237060547,16.079999923706055,16.280000686645508,6000,-1.689,2012-11-07,45,2012,7,Wednesday,-1.0028000000000001,1.1805910384210105
13.955239295959473,16.100000381469727,16.100000381469727,16.100000381469727,16.100000381469727,50,-1.227,2012-11-08,45,2012,8,Thursday,-1.0028000000000001,1.1805910384210105
14.007245063781738,16.15999984741211,16.260000228881836,16.15999984741211,16.260000228881836,600,0.373,2012-11-09,45,2012,9,Friday,-1.0028000000000001,1.1805910384210105
13.93790054321289,16.079999923706055,16.34000015258789,16.079999923706055,16.34000015258789,2200,-0.495,2012-11-12,46,2012,12,Monday,-1.215,0.7740914028717798
13.69520378112793,15.800000190734863,15.960000038146973,15.800000190734863,15.960000038146973,1150,-1.741,2012-11-13,46,2012,13,Tuesday,-1.215,0.7740914028717798
13.43516731262207,15.5,15.600000381469727,15.5,15.600000381469727,650,-1.899,2012-11-14,46,2012,14,Wednesday,-1.215,0.7740914028717798
13.400494575500488,15.460000038146973,15.460000038146973,15.319999694824219,15.420000076293945,2800,-0.258,2012-11-15,46,2012,15,Thursday,-1.215,0.7740914028717798
13.175131797790527,15.199999809265137,15.199999809265137,15.199999809265137,15.199999809265137,3500,-1.682,2012-11-16,46,2012,16,Friday,-1.215,0.7740914028717798
13.643194198608398,15.739999771118164,15.739999771118164,15.739999771118164,15.739999771118164,300,3.553,2012-11-19,47,2012,19,Monday,1.17525,1.7786737334317388
13.764547348022461,15.880000114440918,15.880000114440918,15.720000267028809,15.720000267028809,1200,0.889,2012-11-20,47,2012,20,Tuesday,1.17525,1.7786737334317388
13.660530090332031,15.760000228881836,15.880000114440918,15.699999809265137,15.880000114440918,6550,-0.756,2012-11-21,47,2012,21,Wednesday,1.17525,1.7786737334317388
13.799216270446777,15.920000076293945,15.960000038146973,15.739999771118164,15.739999771118164,1250,1.015,2012-11-23,47,2012,23,Friday,1.17525,1.7786737334317388
13.781881332397461,15.899999618530273,15.960000038146973,15.899999618530273,15.960000038146973,200,-0.126,2012-11-26,48,2012,26,Monday,0.28980000000000006,1.945737829205158
13.868558883666992,16.0,16.0,15.720000267028809,15.720000267028809,5950,0.629,2012-11-27,48,2012,27,Tuesday,0.28980000000000006,1.945737829205158
13.643194198608398,15.739999771118164,15.760000228881836,15.739999771118164,15.760000228881836,850,-1.625,2012-11-28,48,2012,28,Wednesday,0.28980000000000006,1.945737829205158
14.111259460449219,16.280000686645508,16.280000686645508,16.020000457763672,16.020000457763672,300,3.431,2012-11-29,48,2012,29,Thursday,0.28980000000000006,1.945737829205158
13.989909172058105,16.139999389648438,16.139999389648438,16.139999389648438,16.139999389648438,50,-0.86,2012-11-30,48,2012,30,Friday,0.28980000000000006,1.945737829205158
13.903231620788574,16.040000915527344,16.079999923706055,16.040000915527344,16.079999923706055,3100,-0.62,2012-12-03,49,2012,3,Monday,0.25220000000000004,1.2052871856947622
14.180602073669434,16.360000610351562,16.360000610351562,16.139999389648438,16.200000762939453,5200,1.995,2012-12-04,49,2012,4,Tuesday,0.25220000000000004,1.2052871856947622
14.059249877929688,16.219999313354492,16.399999618530273,16.219999313354492,16.399999618530273,200,-0.856,2012-12-05,49,2012,5,Wednesday,0.25220000000000004,1.2052871856947622
14.19793701171875,16.3799991607666,16.459999084472656,16.3799991607666,16.440000534057617,3550,0.986,2012-12-06,49,2012,6,Thursday,0.25220000000000004,1.2052871856947622
14.163267135620117,16.34000015258789,16.34000015258789,16.34000015258789,16.34000015258789,300,-0.244,2012-12-07,49,2012,7,Friday,0.25220000000000004,1.2052871856947622
14.596659660339355,16.84000015258789,16.84000015258789,16.5,16.520000457763672,6850,3.06,2012-12-10,50,2012,10,Monday,1.2254,1.3345650227695913
14.787348747253418,17.059999465942383,17.059999465942383,16.899999618530273,16.899999618530273,1750,1.306,2012-12-11,50,2012,11,Tuesday,1.2254,1.3345650227695913
14.94336986541748,17.239999771118164,17.420000076293945,17.0,17.0,8200,1.055,2012-12-12,50,2012,12,Wednesday,1.2254,1.3345650227695913
14.839360237121582,17.1200008392334,17.299999237060547,17.1200008392334,17.260000228881836,2050,-0.696,2012-12-13,50,2012,13,Thursday,1.2254,1.3345650227695913
15.047384262084961,17.360000610351562,17.360000610351562,17.200000762939453,17.239999771118164,1350,1.402,2012-12-14,50,2012,14,Friday,1.2254,1.3345650227695913
15.116726875305176,17.440000534057617,17.440000534057617,17.260000228881836,17.260000228881836,8950,0.461,2012-12-17,51,2012,17,Monday,-0.060999999999999985,1.426546704458007
15.376762390136719,17.739999771118164,17.760000228881836,17.520000457763672,17.520000457763672,3600,1.72,2012-12-18,51,2012,18,Tuesday,-0.060999999999999985,1.426546704458007
15.290083885192871,17.639999389648438,17.84000015258789,17.479999542236328,17.84000015258789,6000,-0.564,2012-12-19,51,2012,19,Wednesday,-0.060999999999999985,1.426546704458007
15.324755668640137,17.68000030517578,17.68000030517578,17.520000457763672,17.639999389648438,2900,0.227,2012-12-20,51,2012,20,Thursday,-0.060999999999999985,1.426546704458007
14.995380401611328,17.299999237060547,17.440000534057617,17.299999237060547,17.440000534057617,5550,-2.149,2012-12-21,51,2012,21,Friday,-0.060999999999999985,1.426546704458007
15.030052185058594,17.34000015258789,17.34000015258789,17.100000381469727,17.1200008392334,1950,0.231,2012-12-24,52,2012,24,Monday,-0.28475000000000006,1.6913194799721707
14.94336986541748,17.239999771118164,17.579999923706055,17.239999771118164,17.299999237060547,650,-0.577,2012-12-26,52,2012,26,Wednesday,-0.28475000000000006,1.6913194799721707
15.186854362487793,17.34000015258789,17.34000015258789,17.139999389648438,17.139999389648438,3250,1.629,2012-12-27,52,2012,27,Thursday,-0.28475000000000006,1.6913194799721707
14.819005012512207,16.920000076293945,17.18000030517578,16.920000076293945,17.139999389648438,3700,-2.422,2012-12-28,52,2012,28,Friday,-0.28475000000000006,1.6913194799721707
14.976653099060059,17.100000381469727,17.34000015258789,16.940000534057617,17.34000015258789,1350,1.064,2012-12-31,53,2012,31,Monday,1.064,0.0
15.62476634979248,17.84000015258789,17.8799991607666,17.719999313354492,17.8799991607666,4600,4.327,2013-01-02,00,2013,2,Wednesday,1.4800000000000002,2.481365954469433
15.677318572998047,17.899999618530273,17.899999618530273,17.899999618530273,17.899999618530273,100,0.336,2013-01-03,00,2013,3,Thursday,1.4800000000000002,2.481365954469433
15.642284393310547,17.860000610351562,17.920000076293945,17.799999237060547,17.799999237060547,400,-0.223,2013-01-04,00,2013,4,Friday,1.4800000000000002,2.481365954469433
15.747380256652832,17.979999542236328,18.0,17.920000076293945,17.920000076293945,4100,0.672,2013-01-07,01,2013,7,Monday,0.3606,1.1006547142496597
15.607248306274414,17.81999969482422,17.920000076293945,17.81999969482422,17.920000076293945,1100,-0.89,2013-01-08,01,2013,8,Tuesday,0.3606,1.1006547142496597
15.86999797821045,18.1200008392334,18.219999313354492,18.0,18.0,7450,1.684,2013-01-09,01,2013,9,Wednesday,0.3606,1.1006547142496597
16.027650833129883,18.299999237060547,18.3799991607666,18.18000030517578,18.18000030517578,3150,0.993,2013-01-10,01,2013,10,Thursday,0.3606,1.1006547142496597
15.92254638671875,18.18000030517578,18.260000228881836,18.100000381469727,18.260000228881836,400,-0.656,2013-01-11,01,2013,11,Friday,0.3606,1.1006547142496597
15.940065383911133,18.200000762939453,18.360000610351562,18.059999465942383,18.260000228881836,2000,0.11,2013-01-14,02,2013,14,Monday,0.15539999999999998,0.6738703881311301
15.8174467086792,18.059999465942383,18.219999313354492,18.059999465942383,18.219999313354492,2550,-0.769,2013-01-15,02,2013,15,Tuesday,0.15539999999999998,0.6738703881311301
15.8174467086792,18.059999465942383,18.139999389648438,17.979999542236328,17.979999542236328,6850,0.0,2013-01-16,02,2013,16,Wednesday,0.15539999999999998,0.6738703881311301
15.992609977722168,18.260000228881836,18.260000228881836,18.139999389648438,18.15999984741211,2400,1.107,2013-01-17,02,2013,17,Thursday,0.15539999999999998,0.6738703881311301
16.0451602935791,18.31999969482422,18.31999969482422,18.1200008392334,18.1200008392334,1150,0.329,2013-01-18,02,2013,18,Friday,0.15539999999999998,0.6738703881311301
16.22032928466797,18.520000457763672,18.520000457763672,18.200000762939453,18.399999618530273,9250,1.092,2013-01-22,03,2013,22,Tuesday,0.030250000000000034,0.8625730403855665
16.1852970123291,18.479999542236328,18.559999465942383,18.34000015258789,18.420000076293945,1250,-0.216,2013-01-23,03,2013,23,Wednesday,0.030250000000000034,0.8625730403855665
16.027650833129883,18.299999237060547,18.479999542236328,18.239999771118164,18.420000076293945,1650,-0.974,2013-01-24,03,2013,24,Thursday,0.030250000000000034,0.8625730403855665
16.062681198120117,18.34000015258789,18.34000015258789,18.31999969482422,18.31999969482422,900,0.219,2013-01-25,03,2013,25,Friday,0.030250000000000034,0.8625730403855665
15.852483749389648,18.100000381469727,18.3799991607666,18.079999923706055,18.3799991607666,5950,-1.309,2013-01-28,04,2013,28,Monday,0.3772,1.514548018387004
16.13274574279785,18.420000076293945,18.420000076293945,18.219999313354492,18.219999313354492,800,1.768,2013-01-29,04,2013,29,Tuesday,0.3772,1.514548018387004
16.062681198120117,18.34000015258789,18.479999542236328,18.200000762939453,18.479999542236328,5150,-0.434,2013-01-30,04,2013,30,Wednesday,0.3772,1.514548018387004
16.413013458251953,18.739999771118164,18.739999771118164,18.31999969482422,18.31999969482422,9050,2.181,2013-01-31,04,2013,31,Thursday,0.3772,1.514548018387004
16.360458374023438,18.68000030517578,18.700000762939453,18.459999084472656,18.559999465942383,13300,-0.32,2013-02-01,04,2013,1,Friday,0.3772,1.514548018387004
15.992609977722168,18.260000228881836,18.579999923706055,18.239999771118164,18.360000610351562,9050,-2.248,2013-02-04,05,2013,4,Monday,-0.7568,0.9929895266315754
16.0451602935791,18.31999969482422,18.31999969482422,18.280000686645508,18.280000686645508,450,0.329,2013-02-05,05,2013,5,Tuesday,-0.7568,0.9929895266315754
16.027650833129883,18.299999237060547,18.299999237060547,18.059999465942383,18.079999923706055,4450,-0.109,2013-02-06,05,2013,6,Wednesday,-0.7568,0.9929895266315754
15.852483749389648,18.100000381469727,18.280000686645508,18.059999465942383,18.280000686645508,3050,-1.093,2013-02-07,05,2013,7,Thursday,-0.7568,0.9929895266315754
15.747380256652832,17.979999542236328,18.15999984741211,17.979999542236328,18.15999984741211,1750,-0.663,2013-02-08,05,2013,8,Friday,-0.7568,0.9929895266315754
15.537185668945312,17.739999771118164,17.959999084472656,17.600000381469727,17.920000076293945,3100,-1.335,2013-02-11,06,2013,11,Monday,-0.3324000000000001,0.91132392704241
15.502150535583496,17.700000762939453,17.780000686645508,17.579999923706055,17.579999923706055,600,-0.225,2013-02-12,06,2013,12,Tuesday,-0.3324000000000001,0.91132392704241
15.677318572998047,17.899999618530273,17.899999618530273,17.65999984741211,17.84000015258789,10150,1.13,2013-02-13,06,2013,13,Wednesday,-0.3324000000000001,0.91132392704241
15.57221508026123,17.780000686645508,17.780000686645508,17.520000457763672,17.520000457763672,2650,-0.67,2013-02-14,06,2013,14,Thursday,-0.3324000000000001,0.91132392704241
15.484634399414062,17.68000030517578,17.700000762939453,17.559999465942383,17.559999465942383,950,-0.562,2013-02-15,06,2013,15,Friday,-0.3324000000000001,0.91132392704241
15.414567947387695,17.600000381469727,17.600000381469727,17.600000381469727,17.600000381469727,50,-0.452,2013-02-19,07,2013,19,Tuesday,-0.77025,0.7374760448086886
15.13430404663086,17.280000686645508,17.600000381469727,17.280000686645508,17.600000381469727,5350,-1.818,2013-02-20,07,2013,20,Wednesday,-0.77025,0.7374760448086886
15.029207229614258,17.15999984741211,17.360000610351562,17.040000915527344,17.260000228881836,16850,-0.694,2013-02-21,07,2013,21,Thursday,-0.77025,0.7374760448086886
15.011686325073242,17.139999389648438,17.18000030517578,17.139999389648438,17.18000030517578,300,-0.117,2013-02-22,07,2013,22,Friday,-0.77025,0.7374760448086886
15.011686325073242,17.139999389648438,17.68000030517578,17.139999389648438,17.579999923706055,2850,0.0,2013-02-25,08,2013,25,Monday,-0.22500000000000003,1.5408940586555586
14.994174003601074,17.1200008392334,17.1200008392334,17.1200008392334,17.1200008392334,650,-0.117,2013-02-26,08,2013,26,Tuesday,-0.22500000000000003,1.5408940586555586
15.204366683959961,17.360000610351562,17.3799991607666,17.31999969482422,17.31999969482422,6800,1.402,2013-02-27,08,2013,27,Wednesday,-0.22500000000000003,1.5408940586555586
14.783970832824707,16.8799991607666,17.3799991607666,16.8799991607666,17.3799991607666,2000,-2.765,2013-02-28,08,2013,28,Thursday,-0.22500000000000003,1.5408940586555586
14.836523056030273,16.940000534057617,16.940000534057617,16.639999389648438,16.68000030517578,4650,0.355,2013-03-01,08,2013,1,Friday,-0.22500000000000003,1.5408940586555586
14.696390151977539,16.780000686645508,16.940000534057617,16.780000686645508,16.940000534057617,1900,-0.945,2013-03-04,09,2013,4,Monday,0.7030000000000001,1.0634350003643853
14.976653099060059,17.100000381469727,17.219999313354492,16.959999084472656,16.959999084472656,19800,1.907,2013-03-05,09,2013,5,Tuesday,0.7030000000000001,1.0634350003643853
15.169336318969727,17.31999969482422,17.3799991607666,17.0,17.0,1350,1.287,2013-03-06,09,2013,6,Wednesday,0.7030000000000001,1.0634350003643853
15.274435043334961,17.440000534057617,17.5,17.420000076293945,17.420000076293945,1000,0.693,2013-03-07,09,2013,7,Thursday,0.7030000000000001,1.0634350003643853
15.362018585205078,17.540000915527344,17.600000381469727,17.459999084472656,17.459999084472656,850,0.573,2013-03-08,09,2013,8,Friday,0.7030000000000001,1.0634350003643853
15.57221508026123,17.780000686645508,17.780000686645508,17.6200008392334,17.6200008392334,6350,1.368,2013-03-11,10,2013,11,Monday,0.386,0.6359842765351986
15.659796714782715,17.8799991607666,18.020000457763672,17.860000610351562,17.899999618530273,1600,0.562,2013-03-12,10,2013,12,Tuesday,0.386,0.6359842765351986
15.62476634979248,17.84000015258789,18.0,17.6200008392334,18.0,22250,-0.224,2013-03-13,10,2013,13,Wednesday,0.386,0.6359842765351986
15.677318572998047,17.899999618530273,17.940000534057617,17.84000015258789,17.899999618530273,8050,0.336,2013-03-14,10,2013,14,Thursday,0.386,0.6359842765351986
15.659796714782715,17.8799991607666,17.959999084472656,17.84000015258789,17.899999618530273,4000,-0.112,2013-03-15,10,2013,15,Friday,0.386,0.6359842765351986
15.55469799041748,17.760000228881836,17.81999969482422,17.760000228881836,17.81999969482422,900,-0.671,2013-03-18,11,2013,18,Monday,-0.10940000000000003,0.7986452904763165
15.414567947387695,17.600000381469727,17.8799991607666,17.600000381469727,17.8799991607666,6900,-0.901,2013-03-19,11,2013,19,Tuesday,-0.10940000000000003,0.7986452904763165
15.55469799041748,17.760000228881836,17.860000610351562,17.65999984741211,17.860000610351562,2950,0.909,2013-03-20,11,2013,20,Wednesday,-0.10940000000000003,0.7986452904763165
15.484634399414062,17.68000030517578,17.719999313354492,17.65999984741211,17.68000030517578,2650,-0.45,2013-03-21,11,2013,21,Thursday,-0.10940000000000003,0.7986452904763165
15.57221508026123,17.780000686645508,17.780000686645508,17.780000686645508,17.780000686645508,350,0.566,2013-03-22,11,2013,22,Friday,-0.10940000000000003,0.7986452904763165
15.659796714782715,17.8799991607666,17.899999618530273,17.860000610351562,17.860000610351562,2500,0.562,2013-03-25,12,2013,25,Monday,-0.2795,0.9071411136091232
15.414567947387695,17.600000381469727,17.899999618530273,17.579999923706055,17.899999618530273,600,-1.566,2013-03-26,12,2013,26,Tuesday,-0.2795,0.9071411136091232
15.414567947387695,17.600000381469727,17.600000381469727,17.540000915527344,17.579999923706055,3750,0.0,2013-03-27,12,2013,27,Wednesday,-0.2795,0.9071411136091232
15.397050857543945,17.579999923706055,17.81999969482422,17.579999923706055,17.639999389648438,4050,-0.114,2013-03-28,12,2013,28,Thursday,-0.2795,0.9071411136091232
15.239398956298828,17.399999618530273,17.799999237060547,17.399999618530273,17.799999237060547,3600,-1.024,2013-04-01,13,2013,1,Monday,-0.6656,0.9016932959715294
15.13430404663086,17.280000686645508,17.540000915527344,17.260000228881836,17.420000076293945,7500,-0.69,2013-04-02,13,2013,2,Tuesday,-0.6656,0.9016932959715294
14.836523056030273,16.940000534057617,17.1200008392334,16.940000534057617,17.1200008392334,2000,-1.968,2013-04-03,13,2013,3,Wednesday,-0.6656,0.9016932959715294
14.87155532836914,16.979999542236328,16.979999542236328,16.81999969482422,16.920000076293945,9050,0.236,2013-04-04,13,2013,4,Thursday,-0.6656,0.9016932959715294
14.88907527923584,17.0,17.0,16.8799991607666,16.899999618530273,1750,0.118,2013-04-05,13,2013,5,Friday,-0.6656,0.9016932959715294
14.924105644226074,17.040000915527344,17.040000915527344,17.0,17.020000457763672,7350,0.235,2013-04-08,14,2013,8,Monday,0.08239999999999999,1.7322201938552733
15.309464454650879,17.479999542236328,17.479999542236328,17.15999984741211,17.15999984741211,350,2.582,2013-04-09,14,2013,9,Tuesday,0.08239999999999999,1.7322201938552733
15.274435043334961,17.440000534057617,17.479999542236328,17.440000534057617,17.479999542236328,400,-0.229,2013-04-10,14,2013,10,Wednesday,0.08239999999999999,1.7322201938552733
15.291950225830078,17.459999084472656,17.459999084472656,17.399999618530273,17.420000076293945,1350,0.115,2013-04-11,14,2013,11,Thursday,0.08239999999999999,1.7322201938552733
14.941618919372559,17.059999465942383,17.440000534057617,17.040000915527344,17.440000534057617,4100,-2.291,2013-04-12,14,2013,12,Friday,0.08239999999999999,1.7322201938552733
14.39860725402832,16.440000534057617,17.0,16.440000534057617,17.0,8900,-3.634,2013-04-15,15,2013,15,Monday,-1.0148,1.8701501811351944
14.41612434387207,16.459999084472656,16.540000915527344,16.459999084472656,16.540000915527344,950,0.122,2013-04-16,15,2013,16,Tuesday,-1.0148,1.8701501811351944
14.10082721710205,16.100000381469727,16.260000228881836,16.100000381469727,16.260000228881836,400,-2.187,2013-04-17,15,2013,17,Wednesday,-1.0148,1.8701501811351944
14.048276901245117,16.040000915527344,16.299999237060547,16.040000915527344,16.299999237060547,6150,-0.373,2013-04-18,15,2013,18,Thursday,-1.0148,1.8701501811351944
14.188409805297852,16.200000762939453,16.280000686645508,16.139999389648438,16.139999389648438,400,0.998,2013-04-19,15,2013,19,Friday,-1.0148,1.8701501811351944
14.433636665344238,16.479999542236328,16.479999542236328,16.31999969482422,16.440000534057617,6650,1.728,2013-04-22,16,2013,22,Monday,1.091,0.9678055073205567
14.591290473937988,16.65999984741211,16.65999984741211,16.5,16.6200008392334,3000,1.092,2013-04-23,16,2013,23,Tuesday,1.091,0.9678055073205567
14.836523056030273,16.940000534057617,16.940000534057617,16.799999237060547,16.799999237060547,1650,1.681,2013-04-24,16,2013,24,Wednesday,1.091,0.9678055073205567
15.064240455627441,17.200000762939453,17.200000762939453,17.100000381469727,17.100000381469727,2300,1.535,2013-04-25,16,2013,25,Thursday,1.091,0.9678055073205567
14.976653099060059,17.100000381469727,17.15999984741211,17.100000381469727,17.15999984741211,750,-0.581,2013-04-26,16,2013,26,Friday,1.091,0.9678055073205567
15.13430404663086,17.280000686645508,17.31999969482422,17.15999984741211,17.200000762939453,3600,1.053,2013-04-29,17,2013,29,Monday,0.28200000000000003,0.8437760366353146
15.186854362487793,17.34000015258789,17.360000610351562,17.239999771118164,17.31999969482422,1500,0.347,2013-04-30,17,2013,30,Tuesday,0.28200000000000003,0.8437760366353146
15.256918907165527,17.420000076293945,17.420000076293945,17.420000076293945,17.420000076293945,200,0.461,2013-05-01,17,2013,1,Wednesday,0.28200000000000003,0.8437760366353146
15.081754684448242,17.219999313354492,17.260000228881836,17.219999313354492,17.260000228881836,1900,-1.148,2013-05-02,17,2013,2,Thursday,0.28200000000000003,0.8437760366353146
15.186854362487793,17.34000015258789,17.479999542236328,17.34000015258789,17.34000015258789,600,0.697,2013-05-03,17,2013,3,Friday,0.28200000000000003,0.8437760366353146
15.239398956298828,17.399999618530273,17.520000457763672,17.399999618530273,17.479999542236328,4600,0.346,2013-05-06,18,2013,6,Monday,0.6484,1.6645805177281152
15.782416343688965,18.020000457763672,18.059999465942383,17.780000686645508,17.860000610351562,4450,3.563,2013-05-07,18,2013,7,Tuesday,0.6484,1.6645805177281152
15.799930572509766,18.040000915527344,18.1200008392334,18.040000915527344,18.059999465942383,850,0.111,2013-05-08,18,2013,8,Wednesday,0.6484,1.6645805177281152
15.764898300170898,18.0,18.18000030517578,18.0,18.040000915527344,2700,-0.222,2013-05-09,18,2013,9,Thursday,0.6484,1.6645805177281152
15.677318572998047,17.899999618530273,17.899999618530273,17.780000686645508,17.780000686645508,2000,-0.556,2013-05-10,18,2013,10,Friday,0.6484,1.6645805177281152
15.659796714782715,17.8799991607666,17.920000076293945,17.760000228881836,17.920000076293945,2750,-0.112,2013-05-13,19,2013,13,Monday,-0.021999999999999995,0.2891712295509358
15.712349891662598,17.940000534057617,18.020000457763672,17.940000534057617,18.0,3200,0.336,2013-05-14,19,2013,14,Tuesday,-0.021999999999999995,0.2891712295509358
15.642284393310547,17.860000610351562,17.8799991607666,17.760000228881836,17.760000228881836,6750,-0.446,2013-05-15,19,2013,15,Wednesday,-0.021999999999999995,0.2891712295509358
15.642284393310547,17.860000610351562,17.860000610351562,17.860000610351562,17.860000610351562,0,0.0,2013-05-16,19,2013,16,Thursday,-0.021999999999999995,0.2891712295509358
15.659796714782715,17.8799991607666,17.93000030517578,17.8799991607666,17.8799991607666,300,0.112,2013-05-17,19,2013,17,Friday,-0.021999999999999995,0.2891712295509358
15.940065383911133,18.200000762939453,18.209999084472656,18.049999237060547,18.06999969482422,1500,1.79,2013-05-20,20,2013,20,Monday,-0.14979999999999996,1.3364582672122614
15.93130874633789,18.190000534057617,18.190000534057617,18.09000015258789,18.18000030517578,3800,-0.055,2013-05-21,20,2013,21,Tuesday,-0.14979999999999996,1.3364582672122614
15.651041030883789,17.8700008392334,18.34000015258789,17.8700008392334,18.170000076293945,10700,-1.759,2013-05-22,20,2013,22,Wednesday,-0.14979999999999996,1.3364582672122614
15.502150535583496,17.700000762939453,17.700000762939453,17.520000457763672,17.520000457763672,1700,-0.951,2013-05-23,20,2013,23,Thursday,-0.14979999999999996,1.3364582672122614
15.537185668945312,17.739999771118164,17.739999771118164,17.739999771118164,17.739999771118164,100,0.226,2013-05-24,20,2013,24,Friday,-0.14979999999999996,1.3364582672122614
15.589730262756348,17.799999237060547,17.899999618530273,17.719999313354492,17.809999465942383,5300,0.338,2013-05-28,21,2013,28,Tuesday,0.31024999999999997,0.6783295044936986
15.537185668945312,17.739999771118164,17.84000015258789,17.739999771118164,17.739999771118164,2100,-0.337,2013-05-29,21,2013,29,Wednesday,0.31024999999999997,0.6783295044936986
15.729862213134766,17.959999084472656,18.049999237060547,17.780000686645508,17.780000686645508,9300,1.24,2013-05-30,21,2013,30,Thursday,0.31024999999999997,0.6783295044936986
15.729862213134766,17.959999084472656,17.959999084472656,17.959999084472656,17.959999084472656,0,0.0,2013-05-31,21,2013,31,Friday,0.31024999999999997,0.6783295044936986
15.55469799041748,17.760000228881836,17.760000228881836,17.729999542236328,17.729999542236328,400,-1.114,2013-06-03,22,2013,3,Monday,-0.39180000000000004,0.4864002467104637
15.545940399169922,17.75,17.799999237060547,17.68000030517578,17.760000228881836,1200,-0.056,2013-06-04,22,2013,4,Tuesday,-0.39180000000000004,0.4864002467104637
15.440842628479004,17.6299991607666,17.6299991607666,17.6299991607666,17.6299991607666,900,-0.676,2013-06-05,22,2013,5,Wednesday,-0.39180000000000004,0.4864002467104637
15.423324584960938,17.610000610351562,17.68000030517578,17.610000610351562,17.65999984741211,600,-0.113,2013-06-06,22,2013,6,Thursday,-0.39180000000000004,0.4864002467104637
15.423324584960938,17.610000610351562,17.610000610351562,17.610000610351562,17.610000610351562,0,0.0,2013-06-07,22,2013,7,Friday,-0.39180000000000004,0.4864002467104637
15.510906219482422,17.709999084472656,17.719999313354492,17.6200008392334,17.6200008392334,5200,0.568,2013-06-10,23,2013,10,Monday,-0.7428,1.2561085542261066
15.169336318969727,17.31999969482422,17.6200008392334,17.309999465942383,17.6200008392334,1400,-2.202,2013-06-11,23,2013,11,Tuesday,-0.7428,1.2561085542261066
15.14306354522705,17.290000915527344,17.290000915527344,17.290000915527344,17.290000915527344,1200,-0.173,2013-06-12,23,2013,12,Wednesday,-0.7428,1.2561085542261066
14.845279693603516,16.950000762939453,17.040000915527344,16.950000762939453,17.040000915527344,6800,-1.966,2013-06-13,23,2013,13,Thursday,-0.7428,1.2561085542261066
14.854037284851074,16.959999084472656,17.049999237060547,16.959999084472656,17.049999237060547,600,0.059,2013-06-14,23,2013,14,Friday,-0.7428,1.2561085542261066
14.845279693603516,16.950000762939453,17.06999969482422,16.950000762939453,17.030000686645508,1700,-0.059,2013-06-17,24,2013,17,Monday,-1.1974,1.6188127748445773
14.836523056030273,16.940000534057617,16.940000534057617,16.940000534057617,16.940000534057617,1300,-0.059,2013-06-18,24,2013,18,Tuesday,-1.1974,1.6188127748445773
14.757697105407715,16.850000381469727,16.850000381469727,16.850000381469727,16.850000381469727,200,-0.531,2013-06-19,24,2013,19,Wednesday,-1.1974,1.6188127748445773
14.17965030670166,16.190000534057617,16.309999465942383,16.170000076293945,16.309999465942383,4300,-3.917,2013-06-20,24,2013,20,Thursday,-1.1974,1.6188127748445773
13.97821044921875,15.960000038146973,16.25,15.800000190734863,16.25,5600,-1.421,2013-06-21,24,2013,21,Friday,-1.1974,1.6188127748445773
13.496506690979004,15.40999984741211,15.649999618530273,15.40999984741211,15.649999618530273,700,-3.446,2013-06-24,25,2013,24,Monday,0.24800000000000005,2.4168401891726314
13.864352226257324,15.829999923706055,15.829999923706055,15.59000015258789,15.789999961853027,1000,2.725,2013-06-25,25,2013,25,Tuesday,0.24800000000000005,2.4168401891726314
13.846837043762207,15.8100004196167,15.8100004196167,15.8100004196167,15.8100004196167,500,-0.126,2013-06-26,25,2013,26,Wednesday,0.24800000000000005,2.4168401891726314
14.135858535766602,16.139999389648438,16.139999389648438,15.850000381469727,15.850000381469727,300,2.087,2013-06-27,25,2013,27,Thursday,0.24800000000000005,2.4168401891726314
14.135858535766602,16.139999389648438,16.139999389648438,16.139999389648438,16.139999389648438,0,0.0,2013-06-28,25,2013,28,Friday,0.24800000000000005,2.4168401891726314
14.363574028015137,16.399999618530273,16.399999618530273,16.229999542236328,16.229999542236328,400,1.611,2013-07-01,26,2013,1,Monday,0.177,1.360148031159354
14.170890808105469,16.18000030517578,16.31999969482422,16.18000030517578,16.31999969482422,400,-1.341,2013-07-02,26,2013,2,Tuesday,0.177,1.360148031159354
14.311026573181152,16.34000015258789,16.34000015258789,16.34000015258789,16.34000015258789,600,0.989,2013-07-03,26,2013,3,Wednesday,0.177,1.360148031159354
14.232199668884277,16.25,16.25,16.25,16.25,100,-0.551,2013-07-05,26,2013,5,Friday,0.177,1.360148031159354
14.232199668884277,16.25,16.25,16.25,16.25,0,0.0,2013-07-08,27,2013,8,Monday,0.4408,0.6359046312144613
14.451157569885254,16.5,16.5,16.469999313354492,16.479999542236328,2300,1.538,2013-07-09,27,2013,9,Tuesday,0.4408,0.6359046312144613
14.49494743347168,16.549999237060547,16.549999237060547,16.549999237060547,16.549999237060547,400,0.303,2013-07-10,27,2013,10,Wednesday,0.4408,0.6359046312144613
14.49494743347168,16.549999237060547,16.549999237060547,16.549999237060547,16.549999237060547,0,0.0,2013-07-11,27,2013,11,Thursday,0.4408,0.6359046312144613
14.547497749328613,16.610000610351562,16.610000610351562,16.610000610351562,16.610000610351562,600,0.363,2013-07-12,27,2013,12,Friday,0.4408,0.6359046312144613
14.661355018615723,16.739999771118164,16.790000915527344,16.649999618530273,16.709999084472656,4400,0.783,2013-07-15,28,2013,15,Monday,0.5519999999999999,1.0066834159754496
14.705148696899414,16.790000915527344,16.790000915527344,16.790000915527344,16.790000915527344,100,0.299,2013-07-16,28,2013,16,Tuesday,0.5519999999999999,1.0066834159754496
15.020444869995117,17.149999618530273,17.15999984741211,17.059999465942383,17.15999984741211,4300,2.144,2013-07-17,28,2013,17,Wednesday,0.5519999999999999,1.0066834159754496
15.029207229614258,17.15999984741211,17.15999984741211,17.110000610351562,17.15999984741211,1500,0.058,2013-07-18,28,2013,18,Thursday,0.5519999999999999,1.0066834159754496
14.9503812789917,17.06999969482422,17.170000076293945,17.06999969482422,17.170000076293945,1500,-0.524,2013-07-19,28,2013,19,Friday,0.5519999999999999,1.0066834159754496
15.221884727478027,17.3799991607666,17.469999313354492,17.3799991607666,17.469999313354492,2500,1.816,2013-07-22,29,2013,22,Monday,0.5138,0.9135027093555881
15.344498634338379,17.520000457763672,17.520000457763672,17.520000457763672,17.520000457763672,100,0.806,2013-07-23,29,2013,23,Tuesday,0.5138,0.9135027093555881
15.239398956298828,17.399999618530273,17.510000228881836,17.399999618530273,17.510000228881836,800,-0.685,2013-07-24,29,2013,24,Wednesday,0.5138,0.9135027093555881
15.309464454650879,17.479999542236328,17.479999542236328,17.479999542236328,17.479999542236328,1000,0.46,2013-07-25,29,2013,25,Thursday,0.5138,0.9135027093555881
15.335745811462402,17.510000228881836,17.510000228881836,17.459999084472656,17.469999313354492,1700,0.172,2013-07-26,29,2013,26,Friday,0.5138,0.9135027093555881
15.300711631774902,17.469999313354492,17.5,17.469999313354492,17.5,700,-0.228,2013-07-29,30,2013,29,Monday,0.4332,0.8314263046115392
15.283191680908203,17.450000762939453,17.450000762939453,17.450000762939453,17.450000762939453,3000,-0.115,2013-07-30,30,2013,30,Tuesday,0.4332,0.8314263046115392
15.309464454650879,17.479999542236328,17.5,17.479999542236328,17.479999542236328,1500,0.172,2013-07-31,30,2013,31,Wednesday,0.4332,0.8314263046115392
15.589730262756348,17.799999237060547,17.809999465942383,17.68000030517578,17.68000030517578,3600,1.831,2013-08-01,30,2013,1,Thursday,0.4332,0.8314263046115392
15.66855525970459,17.889999389648438,18.030000686645508,17.889999389648438,17.899999618530273,1500,0.506,2013-08-02,30,2013,2,Friday,0.4332,0.8314263046115392
15.66855525970459,17.889999389648438,17.889999389648438,17.889999389648438,17.889999389648438,0,0.0,2013-08-05,31,2013,5,Monday,0.442,1.5688631234113446
15.449603080749512,17.639999389648438,17.639999389648438,17.59000015258789,17.600000381469727,3400,-1.397,2013-08-06,31,2013,6,Tuesday,0.442,1.5688631234113446
15.449603080749512,17.639999389648438,17.639999389648438,17.639999389648438,17.639999389648438,0,0.0,2013-08-07,31,2013,7,Wednesday,0.442,1.5688631234113446
15.896272659301758,18.149999618530273,18.149999618530273,18.06999969482422,18.06999969482422,400,2.891,2013-08-08,31,2013,8,Thursday,0.442,1.5688631234113446
16.0101318359375,18.280000686645508,18.280000686645508,18.229999542236328,18.229999542236328,9800,0.716,2013-08-09,31,2013,9,Friday,0.442,1.5688631234113446
16.325428009033203,18.639999389648438,18.639999389648438,18.389999389648438,18.420000076293945,1400,1.969,2013-08-12,32,2013,12,Monday,0.8352,1.290748310089926
16.64072608947754,19.0,19.010000228881836,18.700000762939453,18.700000762939453,7000,1.931,2013-08-13,32,2013,13,Tuesday,0.8352,1.290748310089926
16.815893173217773,19.200000762939453,19.25,19.170000076293945,19.170000076293945,6600,1.053,2013-08-14,32,2013,14,Wednesday,0.8352,1.290748310089926
16.8772029876709,19.270000457763672,19.270000457763672,18.959999084472656,19.110000610351562,17000,0.365,2013-08-15,32,2013,15,Thursday,0.8352,1.290748310089926
16.684520721435547,19.049999237060547,19.329999923706055,19.049999237060547,19.299999237060547,7500,-1.142,2013-08-16,32,2013,16,Friday,0.8352,1.290748310089926
16.52686882019043,18.8700008392334,19.010000228881836,18.809999465942383,19.010000228881836,3600,-0.945,2013-08-19,33,2013,19,Monday,0.19500000000000003,1.3075884291320417
16.64072608947754,19.0,19.09000015258789,18.450000762939453,18.8799991607666,12200,0.689,2013-08-20,33,2013,20,Tuesday,0.19500000000000003,1.3075884291320417
16.465559005737305,18.799999237060547,18.979999542236328,18.770000457763672,18.770000457763672,8300,-1.053,2013-08-21,33,2013,21,Wednesday,0.19500000000000003,1.3075884291320417
16.815893173217773,19.200000762939453,19.200000762939453,18.850000381469727,18.850000381469727,2400,2.128,2013-08-22,33,2013,22,Thursday,0.19500000000000003,1.3075884291320417
16.8421688079834,19.229999542236328,19.229999542236328,19.15999984741211,19.15999984741211,3600,0.156,2013-08-23,33,2013,23,Friday,0.19500000000000003,1.3075884291320417
16.754581451416016,19.1299991607666,19.1299991607666,19.100000381469727,19.110000610351562,5500,-0.52,2013-08-26,34,2013,26,Monday,-1.0372,1.8801656044082926
16.167776107788086,18.459999084472656,18.600000381469727,18.459999084472656,18.600000381469727,700,-3.502,2013-08-27,34,2013,27,Tuesday,-1.0372,1.8801656044082926
16.12398910522461,18.40999984741211,18.690000534057617,18.40999984741211,18.440000534057617,16300,-0.271,2013-08-28,34,2013,28,Wednesday,-1.0372,1.8801656044082926
16.34294319152832,18.65999984741211,18.690000534057617,18.440000534057617,18.440000534057617,25300,1.358,2013-08-29,34,2013,29,Thursday,-1.0372,1.8801656044082926
15.975095748901367,18.239999771118164,18.459999084472656,18.239999771118164,18.440000534057617,3800,-2.251,2013-08-30,34,2013,30,Friday,-1.0372,1.8801656044082926
16.22032928466797,18.520000457763672,18.59000015258789,18.520000457763672,18.559999465942383,2100,1.535,2013-09-03,35,2013,3,Tuesday,0.7075,0.792399099780744
16.360458374023438,18.68000030517578,18.68000030517578,18.399999618530273,18.399999618530273,1400,0.864,2013-09-04,35,2013,4,Wednesday,0.7075,0.792399099780744
16.491840362548828,18.829999923706055,18.829999923706055,18.829999923706055,18.829999923706055,600,0.803,2013-09-05,35,2013,5,Thursday,0.7075,0.792399099780744
16.430524826049805,18.760000228881836,18.809999465942383,18.709999084472656,18.709999084472656,2000,-0.372,2013-09-06,35,2013,6,Friday,0.7075,0.792399099780744
16.833406448364258,19.219999313354492,19.219999313354492,18.8799991607666,18.899999618530273,600,2.452,2013-09-09,36,2013,9,Monday,0.37639999999999996,2.0381720486749884
17.26256561279297,19.709999084472656,19.709999084472656,19.440000534057617,19.440000534057617,10400,2.549,2013-09-10,36,2013,10,Tuesday,0.37639999999999996,2.0381720486749884
17.139951705932617,19.56999969482422,19.709999084472656,19.56999969482422,19.709999084472656,2500,-0.71,2013-09-11,36,2013,11,Wednesday,0.37639999999999996,2.0381720486749884
16.78961753845215,19.170000076293945,19.579999923706055,19.170000076293945,19.579999923706055,3300,-2.044,2013-09-12,36,2013,12,Thursday,0.37639999999999996,2.0381720486749884
16.728309631347656,19.100000381469727,19.139999389648438,18.93000030517578,19.139999389648438,3300,-0.365,2013-09-13,36,2013,13,Friday,0.37639999999999996,2.0381720486749884
16.947269439697266,19.350000381469727,19.399999618530273,19.239999771118164,19.3700008392334,1600,1.309,2013-09-16,37,2013,16,Monday,0.943,2.1301934184481937
16.929750442504883,19.329999923706055,19.440000534057617,19.329999923706055,19.440000534057617,5600,-0.103,2013-09-17,37,2013,17,Tuesday,0.943,2.1301934184481937
17.691722869873047,20.200000762939453,20.200000762939453,19.280000686645508,19.450000762939453,3100,4.501,2013-09-18,37,2013,18,Wednesday,0.943,2.1301934184481937
17.560340881347656,20.049999237060547,20.200000762939453,20.049999237060547,20.200000762939453,1600,-0.743,2013-09-19,37,2013,19,Thursday,0.943,2.1301934184481937
17.516555786132812,20.0,20.059999465942383,19.959999084472656,20.059999465942383,800,-0.249,2013-09-20,37,2013,20,Friday,0.943,2.1301934184481937
17.428970336914062,19.899999618530273,19.899999618530273,19.8799991607666,19.889999389648438,1600,-0.5,2013-09-23,38,2013,23,Monday,0.030599999999999995,0.4501519743375563
17.376420974731445,19.84000015258789,19.979999542236328,19.84000015258789,19.899999618530273,6400,-0.302,2013-09-24,38,2013,24,Tuesday,0.030599999999999995,0.4501519743375563
17.490276336669922,19.969999313354492,20.06999969482422,19.829999923706055,19.829999923706055,13000,0.655,2013-09-25,38,2013,25,Wednesday,0.030599999999999995,0.4501519743375563
17.516555786132812,20.0,20.020000457763672,19.940000534057617,19.940000534057617,1500,0.15,2013-09-26,38,2013,26,Thursday,0.030599999999999995,0.4501519743375563
17.542827606201172,20.030000686645508,20.030000686645508,20.0,20.0,1000,0.15,2013-09-27,38,2013,27,Friday,0.030599999999999995,0.4501519743375563
17.358909606933594,19.81999969482422,20.0,19.729999542236328,19.729999542236328,1300,-1.048,2013-09-30,39,2013,30,Monday,-0.20800000000000002,0.789010456204479
17.516555786132812,20.0,20.0,20.0,20.0,400,0.908,2013-10-01,39,2013,1,Tuesday,-0.20800000000000002,0.789010456204479
17.542827606201172,20.030000686645508,20.139999389648438,19.90999984741211,19.90999984741211,1800,0.15,2013-10-02,39,2013,2,Wednesday,-0.20800000000000002,0.789010456204479
17.393939971923828,19.860000610351562,20.079999923706055,19.65999984741211,20.079999923706055,15100,-0.849,2013-10-03,39,2013,3,Thursday,-0.20800000000000002,0.789010456204479
17.358909606933594,19.81999969482422,19.899999618530273,19.780000686645508,19.889999389648438,8700,-0.201,2013-10-04,39,2013,4,Friday,-0.20800000000000002,0.789010456204479
17.437732696533203,19.90999984741211,19.940000534057617,19.719999313354492,19.760000228881836,3900,0.454,2013-10-07,40,2013,7,Monday,0.27959999999999996,1.4843595588670557
17.201255798339844,19.639999389648438,19.969999313354492,19.530000686645508,19.969999313354492,3100,-1.356,2013-10-08,40,2013,8,Tuesday,0.27959999999999996,1.4843595588670557
17.061124801635742,19.479999542236328,19.59000015258789,19.139999389648438,19.329999923706055,3500,-0.815,2013-10-09,40,2013,9,Wednesday,0.27959999999999996,1.4843595588670557
17.48151969909668,19.959999084472656,19.979999542236328,19.860000610351562,19.860000610351562,6800,2.464,2013-10-10,40,2013,10,Thursday,0.27959999999999996,1.4843595588670557
17.595380783081055,20.09000015258789,20.09000015258789,19.940000534057617,20.06999969482422,17000,0.651,2013-10-11,40,2013,11,Friday,0.27959999999999996,1.4843595588670557
17.866886138916016,20.399999618530273,20.399999618530273,20.040000915527344,20.1299991607666,4300,1.543,2013-10-14,41,2013,14,Monday,1.1314,0.8037849836865578
17.980743408203125,20.530000686645508,20.579999923706055,20.3700008392334,20.3700008392334,11900,0.637,2013-10-15,41,2013,15,Tuesday,1.1314,0.8037849836865578
17.989503860473633,20.540000915527344,20.639999389648438,20.3799991607666,20.610000610351562,10100,0.049,2013-10-16,41,2013,16,Wednesday,1.1314,0.8037849836865578
18.225975036621094,20.809999465942383,20.860000610351562,20.6299991607666,20.6299991607666,24600,1.314,2013-10-17,41,2013,17,Thursday,1.1314,0.8037849836865578
18.611337661743164,21.25,21.290000915527344,20.989999771118164,21.040000915527344,12100,2.114,2013-10-18,41,2013,18,Friday,1.1314,0.8037849836865578
18.830297470092773,21.5,21.510000228881836,21.200000762939453,21.479999542236328,18500,1.176,2013-10-21,42,2013,21,Monday,-0.056400000000000006,2.167537381453893
19.01422119140625,21.709999084472656,21.829999923706055,21.559999465942383,21.81999969482422,7400,0.977,2013-10-22,42,2013,22,Tuesday,-0.056400000000000006,2.167537381453893
18.418655395507812,21.030000686645508,21.59000015258789,21.0,21.59000015258789,18800,-3.132,2013-10-23,42,2013,23,Wednesday,-0.056400000000000006,2.167537381453893
18.812780380249023,21.479999542236328,21.479999542236328,21.079999923706055,21.079999923706055,7300,2.14,2013-10-24,42,2013,24,Thursday,-0.056400000000000006,2.167537381453893
18.541276931762695,21.170000076293945,21.719999313354492,21.1200008392334,21.719999313354492,5600,-1.443,2013-10-25,42,2013,25,Friday,-0.056400000000000006,2.167537381453893
18.418655395507812,21.030000686645508,21.280000686645508,21.030000686645508,21.280000686645508,6400,-0.661,2013-10-28,43,2013,28,Monday,-1.0211999999999999,0.4416737483708987
18.1646671295166,20.739999771118164,21.100000381469727,20.709999084472656,21.100000381469727,17900,-1.379,2013-10-29,43,2013,29,Tuesday,-1.0211999999999999,0.4416737483708987
17.910676956176758,20.450000762939453,20.709999084472656,20.450000762939453,20.709999084472656,4800,-1.398,2013-10-30,43,2013,30,Wednesday,-1.0211999999999999,0.4416737483708987
17.831851959228516,20.360000610351562,20.510000228881836,20.229999542236328,20.510000228881836,8600,-0.44,2013-10-31,43,2013,31,Thursday,-1.0211999999999999,0.4416737483708987
17.612895965576172,20.110000610351562,20.260000228881836,20.100000381469727,20.260000228881836,3900,-1.228,2013-11-01,43,2013,1,Friday,-1.0211999999999999,0.4416737483708987
17.84061050415039,20.3700008392334,20.3700008392334,20.079999923706055,20.079999923706055,9300,1.293,2013-11-04,44,2013,4,Monday,-0.5160000000000001,2.0458288051545273
18.147151947021484,20.719999313354492,20.780000686645508,20.389999389648438,20.459999084472656,14700,1.718,2013-11-05,44,2013,5,Tuesday,-0.5160000000000001,2.0458288051545273
17.753026962280273,20.270000457763672,20.5,20.209999084472656,20.43000030517578,6700,-2.172,2013-11-06,44,2013,6,Wednesday,-0.5160000000000001,2.0458288051545273
17.236289978027344,19.68000030517578,20.170000076293945,19.68000030517578,20.170000076293945,11100,-2.911,2013-11-07,44,2013,7,Thursday,-0.5160000000000001,2.0458288051545273
17.148706436157227,19.579999923706055,19.610000610351562,19.5,19.520000457763672,2200,-0.508,2013-11-08,44,2013,8,Friday,-0.5160000000000001,2.0458288051545273
17.28883934020996,19.739999771118164,19.770000457763672,19.540000915527344,19.540000915527344,8600,0.817,2013-11-11,45,2013,11,Monday,0.5491999999999999,1.8540062567316218
16.903472900390625,19.299999237060547,19.770000457763672,19.25,19.770000457763672,7000,-2.229,2013-11-12,45,2013,12,Tuesday,0.5491999999999999,1.8540062567316218
16.88595962524414,19.280000686645508,19.34000015258789,19.1200008392334,19.1200008392334,2700,-0.104,2013-11-13,45,2013,13,Wednesday,0.5491999999999999,1.8540062567316218
17.332630157470703,19.790000915527344,19.84000015258789,19.3799991607666,19.3799991607666,6000,2.645,2013-11-14,45,2013,14,Thursday,0.5491999999999999,1.8540062567316218
17.612895965576172,20.110000610351562,20.110000610351562,19.84000015258789,19.920000076293945,3700,1.617,2013-11-15,45,2013,15,Friday,0.5491999999999999,1.8540062567316218
17.516555786132812,20.0,20.149999618530273,20.0,20.149999618530273,8900,-0.547,2013-11-18,46,2013,18,Monday,0.028800000000000027,1.4757354776517368
17.1574649810791,19.59000015258789,19.860000610351562,19.59000015258789,19.860000610351562,7600,-2.05,2013-11-19,46,2013,19,Tuesday,0.028800000000000027,1.4757354776517368
17.131189346313477,19.559999465942383,19.989999771118164,19.559999465942383,19.989999771118164,3400,-0.153,2013-11-20,46,2013,20,Wednesday,0.028800000000000027,1.4757354776517368
17.38517951965332,19.850000381469727,19.90999984741211,19.600000381469727,19.600000381469727,3400,1.483,2013-11-21,46,2013,21,Thursday,0.028800000000000027,1.4757354776517368
17.630409240722656,20.1299991607666,20.1299991607666,19.850000381469727,19.850000381469727,5600,1.411,2013-11-22,46,2013,22,Friday,0.028800000000000027,1.4757354776517368
17.48151969909668,19.959999084472656,20.190000534057617,19.959999084472656,20.1299991607666,2600,-0.845,2013-11-25,47,2013,25,Monday,1.034,1.3514700637947306
17.893157958984375,20.43000030517578,20.520000457763672,20.290000915527344,20.40999984741211,5100,2.355,2013-11-26,47,2013,26,Tuesday,1.034,1.3514700637947306
18.15591049194336,20.729999542236328,20.729999542236328,20.43000030517578,20.43000030517578,5300,1.468,2013-11-27,47,2013,27,Wednesday,1.034,1.3514700637947306
18.366104125976562,20.969999313354492,21.020000457763672,20.75,20.75,3000,1.158,2013-11-29,47,2013,29,Friday,1.034,1.3514700637947306
17.788063049316406,20.309999465942383,20.899999618530273,20.309999465942383,20.899999618530273,33200,-3.147,2013-12-02,48,2013,2,Monday,-1.2326000000000001,1.492428658261426
17.35014533996582,19.809999465942383,20.3700008392334,19.729999542236328,20.3700008392334,3900,-2.462,2013-12-03,48,2013,3,Tuesday,-1.2326000000000001,1.492428658261426
17.411453247070312,19.8799991607666,19.8799991607666,19.6299991607666,19.81999969482422,3600,0.353,2013-12-04,48,2013,4,Wednesday,-1.2326000000000001,1.492428658261426
17.323875427246094,19.780000686645508,19.780000686645508,19.719999313354492,19.75,14400,-0.503,2013-12-05,48,2013,5,Thursday,-1.2326000000000001,1.492428658261426
17.253807067871094,19.700000762939453,19.780000686645508,19.68000030517578,19.709999084472656,1200,-0.404,2013-12-06,48,2013,6,Friday,-1.2326000000000001,1.492428658261426
17.393939971923828,19.860000610351562,20.059999465942383,19.829999923706055,19.899999618530273,4300,0.812,2013-12-09,49,2013,9,Monday,-0.26180000000000003,0.9242446645775133
17.507793426513672,19.989999771118164,20.040000915527344,19.950000762939453,20.010000228881836,10500,0.655,2013-12-10,49,2013,10,Tuesday,-0.26180000000000003,0.9242446645775133
17.323875427246094,19.780000686645508,19.899999618530273,19.709999084472656,19.899999618530273,3200,-1.05,2013-12-11,49,2013,11,Wednesday,-0.26180000000000003,0.9242446645775133
17.139951705932617,19.56999969482422,19.649999618530273,19.350000381469727,19.649999618530273,23100,-1.062,2013-12-12,49,2013,12,Thursday,-0.26180000000000003,0.9242446645775133
17.026090621948242,19.440000534057617,19.479999542236328,19.389999389648438,19.479999542236328,3100,-0.664,2013-12-13,49,2013,13,Friday,-0.26180000000000003,0.9242446645775133
17.428970336914062,19.899999618530273,19.899999618530273,19.6299991607666,19.709999084472656,6900,2.366,2013-12-16,50,2013,16,Monday,0.25440000000000007,1.46183336943716
17.621654510498047,20.1200008392334,20.1200008392334,19.65999984741211,19.729999542236328,1900,1.106,2013-12-17,50,2013,17,Tuesday,0.25440000000000007,1.46183336943716
17.516555786132812,20.0,20.0,19.860000610351562,20.0,4200,-0.596,2013-12-18,50,2013,18,Wednesday,0.25440000000000007,1.46183336943716
17.455244064331055,19.93000030517578,20.030000686645508,19.93000030517578,20.020000457763672,1300,-0.35,2013-12-19,50,2013,19,Thursday,0.25440000000000007,1.46183336943716
17.236289978027344,19.68000030517578,19.940000534057617,19.610000610351562,19.940000534057617,4000,-1.254,2013-12-20,50,2013,20,Friday,0.25440000000000007,1.46183336943716
17.253807067871094,19.700000762939453,19.709999084472656,19.649999618530273,19.709999084472656,3400,0.102,2013-12-23,51,2013,23,Monday,0.13775000000000004,1.408984593007792
17.53407096862793,20.020000457763672,20.299999237060547,20.020000457763672,20.299999237060547,5400,1.624,2013-12-24,51,2013,24,Tuesday,0.13775000000000004,1.408984593007792
17.2275333404541,19.670000076293945,19.93000030517578,19.65999984741211,19.93000030517578,2000,-1.748,2013-12-26,51,2013,26,Thursday,0.13775000000000004,1.408984593007792
17.326236724853516,19.65999984741211,19.760000228881836,19.65999984741211,19.760000228881836,1100,0.573,2013-12-27,51,2013,27,Friday,0.13775000000000004,1.408984593007792
17.194042205810547,19.510000228881836,19.8799991607666,19.510000228881836,19.809999465942383,3500,-0.763,2013-12-30,52,2013,30,Monday,-0.2535,0.720541810029092
17.23810577392578,19.559999465942383,19.75,19.559999465942383,19.59000015258789,2600,0.256,2013-12-31,52,2013,31,Tuesday,-0.2535,0.720541810029092
17.000158309936523,19.290000915527344,19.700000762939453,19.239999771118164,19.65999984741211,5900,-1.38,2014-01-02,00,2014,2,Thursday,-0.69,0.9758073580374355
17.000158309936523,19.290000915527344,19.549999237060547,19.290000915527344,19.549999237060547,7400,0.0,2014-01-03,00,2014,3,Friday,-0.69,0.9758073580374355
16.8944034576416,19.170000076293945,19.34000015258789,18.969999313354492,19.299999237060547,11800,-0.622,2014-01-06,01,2014,6,Monday,-0.29660000000000003,1.2062699946529383
16.72695541381836,18.979999542236328,19.200000762939453,18.809999465942383,19.200000762939453,4600,-0.991,2014-01-07,01,2014,7,Tuesday,-0.29660000000000003,1.2062699946529383
16.43613052368164,18.649999618530273,18.84000015258789,18.649999618530273,18.700000762939453,7400,-1.739,2014-01-08,01,2014,8,Wednesday,-0.29660000000000003,1.2062699946529383
16.630014419555664,18.8700008392334,18.8700008392334,18.6200008392334,18.670000076293945,4500,1.18,2014-01-09,01,2014,9,Thursday,-0.29660000000000003,1.2062699946529383
16.74458122253418,19.0,19.0,18.84000015258789,19.0,4100,0.689,2014-01-10,01,2014,10,Friday,-0.29660000000000003,1.2062699946529383
16.74458122253418,19.0,19.270000457763672,19.0,19.270000457763672,5000,0.0,2014-01-13,02,2014,13,Monday,0.2952,0.7494736152794174
16.621200561523438,18.860000610351562,19.100000381469727,18.829999923706055,19.0,1300,-0.737,2014-01-14,02,2014,14,Tuesday,0.2952,0.7494736152794174
16.753398895263672,19.010000228881836,19.06999969482422,18.799999237060547,18.799999237060547,2200,0.795,2014-01-15,02,2014,15,Wednesday,0.2952,0.7494736152794174
16.956090927124023,19.239999771118164,19.239999771118164,19.06999969482422,19.06999969482422,900,1.21,2014-01-16,02,2014,16,Thursday,0.2952,0.7494736152794174
16.99134635925293,19.280000686645508,19.280000686645508,19.280000686645508,19.280000686645508,200,0.208,2014-01-17,02,2014,17,Friday,0.2952,0.7494736152794174
17.229293823242188,19.549999237060547,19.989999771118164,19.389999389648438,19.389999389648438,1600,1.4,2014-01-21,03,2014,21,Tuesday,-2.3365,2.732470615883484
16.87677574157715,19.149999618530273,19.75,19.149999618530273,19.75,4400,-2.046,2014-01-22,03,2014,22,Wednesday,-2.3365,2.732470615883484
16.0836124420166,18.25,19.18000030517578,18.25,19.18000030517578,7800,-4.7,2014-01-23,03,2014,23,Thursday,-2.3365,2.732470615883484
15.440266609191895,17.520000457763672,18.399999618530273,17.510000228881836,18.399999618530273,25900,-4.0,2014-01-24,03,2014,24,Friday,-2.3365,2.732470615883484
15.572461128234863,17.670000076293945,17.760000228881836,17.0,17.5,30900,0.856,2014-01-27,04,2014,27,Monday,-0.13740000000000002,1.687044397756028
15.510771751403809,17.600000381469727,17.809999465942383,17.510000228881836,17.540000915527344,20300,-0.396,2014-01-28,04,2014,28,Tuesday,-0.13740000000000002,1.687044397756028
15.211132049560547,17.260000228881836,17.829999923706055,17.09000015258789,17.600000381469727,12700,-1.932,2014-01-29,04,2014,29,Wednesday,-0.13740000000000002,1.687044397756028
15.54602336883545,17.639999389648438,17.690000534057617,17.350000381469727,17.350000381469727,14500,2.202,2014-01-30,04,2014,30,Thursday,-0.13740000000000002,1.687044397756028
15.325698852539062,17.389999389648438,17.520000457763672,17.209999084472656,17.25,9600,-1.417,2014-01-31,04,2014,31,Friday,-0.13740000000000002,1.687044397756028
14.893866539001465,16.899999618530273,17.15999984741211,16.899999618530273,17.139999389648438,17000,-2.818,2014-02-03,05,2014,3,Monday,0.17719999999999997,2.033421918835341
14.893866539001465,16.899999618530273,17.06999969482422,16.81999969482422,17.06999969482422,3100,0.0,2014-02-04,05,2014,4,Tuesday,0.17719999999999997,2.033421918835341
14.929119110107422,16.940000534057617,17.09000015258789,16.75,16.969999313354492,5500,0.237,2014-02-05,05,2014,5,Wednesday,0.17719999999999997,2.033421918835341
15.360950469970703,17.43000030517578,17.56999969482422,16.950000762939453,16.950000762939453,2000,2.893,2014-02-06,05,2014,6,Thursday,0.17719999999999997,2.033421918835341
15.449081420898438,17.530000686645508,17.540000915527344,17.329999923706055,17.329999923706055,2500,0.574,2014-02-07,05,2014,7,Friday,0.17719999999999997,2.033421918835341
15.598901748657227,17.700000762939453,17.719999313354492,17.5,17.5,4300,0.97,2014-02-10,06,2014,10,Monday,1.9916,1.3293819240534304
15.880916595458984,18.020000457763672,18.030000686645508,17.649999618530273,17.649999618530273,2700,1.808,2014-02-11,06,2014,11,Tuesday,1.9916,1.3293819240534304
16.030731201171875,18.190000534057617,18.34000015258789,18.079999923706055,18.209999084472656,5200,0.943,2014-02-12,06,2014,12,Wednesday,1.9916,1.3293819240534304
16.356815338134766,18.559999465942383,18.559999465942383,18.149999618530273,18.25,3200,2.034,2014-02-13,06,2014,13,Thursday,1.9916,1.3293819240534304
17.04422950744629,19.34000015258789,19.34000015258789,18.690000534057617,18.690000534057617,3000,4.203,2014-02-14,06,2014,14,Friday,1.9916,1.3293819240534304
16.823898315429688,19.09000015258789,19.479999542236328,19.049999237060547,19.479999542236328,10300,-1.293,2014-02-18,07,2014,18,Tuesday,-1.12575,2.1949854023812247
16.15411376953125,18.329999923706055,19.139999389648438,18.329999923706055,19.0,4800,-3.981,2014-02-19,07,2014,19,Wednesday,-1.12575,2.1949854023812247
16.365623474121094,18.56999969482422,18.56999969482422,18.34000015258789,18.34000015258789,1000,1.309,2014-02-20,07,2014,20,Thursday,-1.12575,2.1949854023812247
16.277496337890625,18.469999313354492,18.719999313354492,18.469999313354492,18.540000915527344,2800,-0.538,2014-02-21,07,2014,21,Friday,-1.12575,2.1949854023812247
16.70052146911621,18.950000762939453,18.969999313354492,18.600000381469727,18.6200008392334,20400,2.599,2014-02-24,08,2014,24,Monday,0.5482000000000001,1.7631418547581474
16.365623474121094,18.56999969482422,18.790000915527344,18.489999771118164,18.489999771118164,6500,-2.005,2014-02-25,08,2014,25,Tuesday,0.5482000000000001,1.7631418547581474
16.31275177001953,18.510000228881836,18.700000762939453,18.510000228881836,18.700000762939453,7600,-0.323,2014-02-26,08,2014,26,Wednesday,0.5482000000000001,1.7631418547581474
16.524261474609375,18.75,18.93000030517578,18.1299991607666,18.170000076293945,2800,1.297,2014-02-27,08,2014,27,Thursday,0.5482000000000001,1.7631418547581474
16.718141555786133,18.969999313354492,19.06999969482422,18.709999084472656,18.709999084472656,800,1.173,2014-02-28,08,2014,28,Friday,0.5482000000000001,1.7631418547581474
16.70052146911621,18.950000762939453,19.309999465942383,18.5,18.510000228881836,6600,-0.105,2014-03-03,09,2014,3,Monday,0.389,0.669686120507212
16.70052146911621,18.950000762939453,19.209999084472656,18.799999237060547,19.209999084472656,2500,0.0,2014-03-04,09,2014,4,Tuesday,0.389,0.669686120507212
16.850339889526367,19.1200008392334,19.1200008392334,19.06999969482422,19.1200008392334,9300,0.897,2014-03-05,09,2014,5,Wednesday,0.389,0.669686120507212
17.070661544799805,19.3700008392334,19.3799991607666,19.09000015258789,19.09000015258789,2400,1.308,2014-03-06,09,2014,6,Thursday,0.389,0.669686120507212
17.04422950744629,19.34000015258789,19.43000030517578,19.200000762939453,19.200000762939453,4200,-0.155,2014-03-07,09,2014,7,Friday,0.389,0.669686120507212
16.57714080810547,18.809999465942383,19.209999084472656,18.799999237060547,19.209999084472656,4000,-2.74,2014-03-10,10,2014,10,Monday,-0.5756,1.598703943824497
16.70052146911621,18.950000762939453,19.0,18.860000610351562,18.860000610351562,1300,0.744,2014-03-11,10,2014,11,Tuesday,-0.5756,1.598703943824497
16.63882827758789,18.8799991607666,18.950000762939453,18.8799991607666,18.950000762939453,1900,-0.369,2014-03-12,10,2014,12,Wednesday,-0.5756,1.598703943824497
16.37443733215332,18.579999923706055,18.84000015258789,18.579999923706055,18.809999465942383,4400,-1.589,2014-03-13,10,2014,13,Thursday,-0.5756,1.598703943824497
16.55069923400879,18.780000686645508,18.950000762939453,18.770000457763672,18.770000457763672,4400,1.076,2014-03-14,10,2014,14,Friday,-0.5756,1.598703943824497
16.859146118164062,19.1299991607666,19.149999618530273,18.770000457763672,18.770000457763672,2600,1.864,2014-03-17,11,2014,17,Monday,0.3426,1.0219920743332602
16.973716735839844,19.260000228881836,19.260000228881836,19.260000228881836,19.260000228881836,100,0.68,2014-03-18,11,2014,18,Tuesday,0.3426,1.0219920743332602
16.832714080810547,19.100000381469727,19.270000457763672,19.100000381469727,19.270000457763672,1600,-0.831,2014-03-19,11,2014,19,Wednesday,0.3426,1.0219920743332602
16.788646697998047,19.049999237060547,19.09000015258789,19.049999237060547,19.06999969482422,4700,-0.262,2014-03-20,11,2014,20,Thursday,0.3426,1.0219920743332602
16.832714080810547,19.100000381469727,19.18000030517578,19.100000381469727,19.170000076293945,1300,0.262,2014-03-21,11,2014,21,Friday,0.3426,1.0219920743332602
16.74458122253418,19.0,19.270000457763672,18.8799991607666,19.270000457763672,2500,-0.524,2014-03-24,12,2014,24,Monday,0.5416000000000001,0.8783955828668538
16.806270599365234,19.06999969482422,19.510000228881836,19.06999969482422,19.510000228881836,2700,0.368,2014-03-25,12,2014,25,Tuesday,0.5416000000000001,0.8783955828668538
16.87677574157715,19.149999618530273,19.530000686645508,19.139999389648438,19.520000457763672,21800,0.42,2014-03-26,12,2014,26,Wednesday,0.5416000000000001,0.8783955828668538
16.964908599853516,19.25,19.329999923706055,18.93000030517578,19.149999618530273,4900,0.522,2014-03-27,12,2014,27,Thursday,0.5416000000000001,0.8783955828668538
17.290983200073242,19.6200008392334,19.6200008392334,19.600000381469727,19.600000381469727,1800,1.922,2014-03-28,12,2014,28,Friday,0.5416000000000001,0.8783955828668538
17.43199348449707,19.780000686645508,19.8799991607666,19.670000076293945,19.829999923706055,5600,0.816,2014-03-31,13,2014,31,Monday,0.30539999999999995,0.6013799131996346
17.608247756958008,19.979999542236328,19.979999542236328,19.81999969482422,19.8799991607666,10900,1.011,2014-04-01,13,2014,1,Tuesday,0.30539999999999995,0.6013799131996346
17.608247756958008,19.979999542236328,20.09000015258789,19.809999465942383,19.969999313354492,2900,0.0,2014-04-02,13,2014,2,Wednesday,0.30539999999999995,0.6013799131996346
17.634689331054688,20.010000228881836,20.15999984741211,19.969999313354492,20.030000686645508,7200,0.15,2014-04-03,13,2014,3,Thursday,0.30539999999999995,0.6013799131996346
17.55537223815918,19.920000076293945,20.049999237060547,19.6299991607666,20.049999237060547,9700,-0.45,2014-04-04,13,2014,4,Friday,0.30539999999999995,0.6013799131996346
17.31742286682129,19.649999618530273,20.110000610351562,19.649999618530273,20.110000610351562,2700,-1.355,2014-04-07,14,2014,7,Monday,-0.06539999999999994,1.9432193134075215
17.625877380371094,20.0,20.18000030517578,20.0,20.0,7500,1.781,2014-04-08,14,2014,8,Tuesday,-0.06539999999999994,1.9432193134075215
18.004833221435547,20.43000030517578,20.43000030517578,20.040000915527344,20.040000915527344,6500,2.15,2014-04-09,14,2014,9,Wednesday,-0.06539999999999994,1.9432193134075215
17.59943199157715,19.969999313354492,20.709999084472656,19.969999313354492,20.5,26800,-2.252,2014-04-10,14,2014,10,Thursday,-0.06539999999999994,1.9432193134075215
17.4848690032959,19.84000015258789,20.030000686645508,19.610000610351562,19.940000534057617,12100,-0.651,2014-04-11,14,2014,11,Friday,-0.06539999999999994,1.9432193134075215
17.414365768432617,19.760000228881836,19.850000381469727,19.760000228881836,19.850000381469727,3200,-0.403,2014-04-14,15,2014,14,Monday,-0.2875,2.0772922278774355
16.973716735839844,19.260000228881836,19.59000015258789,19.25,19.56999969482422,5700,-2.53,2014-04-15,15,2014,15,Tuesday,-0.2875,2.0772922278774355
17.396738052368164,19.739999771118164,19.739999771118164,19.469999313354492,19.700000762939453,2200,2.492,2014-04-16,15,2014,16,Wednesday,-0.2875,2.0772922278774355
17.273361206054688,19.600000381469727,19.770000457763672,19.600000381469727,19.770000457763672,5300,-0.709,2014-04-17,15,2014,17,Thursday,-0.2875,2.0772922278774355
17.18522834777832,19.5,19.770000457763672,19.479999542236328,19.479999542236328,2000,-0.51,2014-04-21,16,2014,21,Monday,0.2692,1.1406518750258556
17.361488342285156,19.700000762939453,19.700000762939453,19.6299991607666,19.6299991607666,400,1.026,2014-04-22,16,2014,22,Tuesday,0.2692,1.1406518750258556
17.511310577392578,19.8700008392334,19.959999084472656,19.700000762939453,19.700000762939453,2900,0.863,2014-04-23,16,2014,23,Wednesday,0.2692,1.1406518750258556
17.74044418334961,20.1299991607666,20.229999542236328,19.950000762939453,19.959999084472656,5700,1.308,2014-04-24,16,2014,24,Thursday,0.2692,1.1406518750258556
17.502498626708984,19.860000610351562,19.860000610351562,19.860000610351562,19.860000610351562,500,-1.341,2014-04-25,16,2014,25,Friday,0.2692,1.1406518750258556
17.396738052368164,19.739999771118164,20.030000686645508,19.739999771118164,20.030000686645508,1500,-0.604,2014-04-28,17,2014,28,Monday,0.263,0.8078616837058186
17.625877380371094,20.0,20.010000228881836,19.75,19.75,700,1.317,2014-04-29,17,2014,29,Tuesday,0.263,0.8078616837058186
17.546560287475586,19.90999984741211,20.170000076293945,19.899999618530273,20.170000076293945,800,-0.45,2014-04-30,17,2014,30,Wednesday,0.263,0.8078616837058186
17.59943199157715,19.969999313354492,20.020000457763672,19.950000762939453,20.0,3100,0.301,2014-05-01,17,2014,1,Thursday,0.263,0.8078616837058186
17.73163414001465,20.1200008392334,20.1200008392334,20.1200008392334,20.1200008392334,400,0.751,2014-05-02,17,2014,2,Friday,0.263,0.8078616837058186
17.85501480102539,20.260000228881836,20.389999389648438,20.100000381469727,20.389999389648438,22800,0.696,2014-05-05,18,2014,5,Monday,-0.07740000000000001,0.7335685380385394
17.64350128173828,20.020000457763672,20.170000076293945,19.979999542236328,20.1200008392334,19800,-1.185,2014-05-06,18,2014,6,Tuesday,-0.07740000000000001,0.7335685380385394
17.72281837463379,20.110000610351562,20.110000610351562,20.06999969482422,20.06999969482422,900,0.45,2014-05-07,18,2014,7,Wednesday,-0.07740000000000001,0.7335685380385394
17.714006423950195,20.100000381469727,20.229999542236328,20.100000381469727,20.229999542236328,1200,-0.05,2014-05-08,18,2014,8,Thursday,-0.07740000000000001,0.7335685380385394
17.6611328125,20.040000915527344,20.229999542236328,19.860000610351562,20.100000381469727,4800,-0.298,2014-05-09,18,2014,9,Friday,-0.07740000000000001,0.7335685380385394
17.546560287475586,19.90999984741211,20.1200008392334,19.90999984741211,20.0,10400,-0.649,2014-05-12,19,2014,12,Monday,-0.7232,1.2054280152709242
17.53774642944336,19.899999618530273,19.989999771118164,19.889999389648438,19.979999542236328,7900,-0.05,2014-05-13,19,2014,13,Tuesday,-0.7232,1.2054280152709242
17.502498626708984,19.860000610351562,20.020000457763672,19.809999465942383,19.809999465942383,8700,-0.201,2014-05-14,19,2014,14,Wednesday,-0.7232,1.2054280152709242
17.008970260620117,19.299999237060547,19.850000381469727,19.299999237060547,19.850000381469727,3400,-2.82,2014-05-15,19,2014,15,Thursday,-0.7232,1.2054280152709242
17.026596069335938,19.31999969482422,19.350000381469727,19.110000610351562,19.350000381469727,3600,0.104,2014-05-16,19,2014,16,Friday,-0.7232,1.2054280152709242
17.06184959411621,19.360000610351562,19.399999618530273,19.31999969482422,19.31999969482422,3800,0.207,2014-05-19,20,2014,19,Monday,0.3214,0.7437044439829575
16.92084312438965,19.200000762939453,19.399999618530273,19.200000762939453,19.399999618530273,800,-0.826,2014-05-20,20,2014,20,Tuesday,0.3214,0.7437044439829575
16.982534408569336,19.270000457763672,19.270000457763672,19.239999771118164,19.239999771118164,700,0.365,2014-05-21,20,2014,21,Wednesday,0.3214,0.7437044439829575
17.18522834777832,19.5,19.5,19.25,19.25,12100,1.194,2014-05-22,20,2014,22,Thursday,0.3214,0.7437044439829575
17.29979705810547,19.6299991607666,19.719999313354492,19.40999984741211,19.40999984741211,19300,0.667,2014-05-23,20,2014,23,Friday,0.3214,0.7437044439829575
17.13235092163086,19.440000534057617,19.540000915527344,19.31999969482422,19.510000228881836,8600,-0.968,2014-05-27,21,2014,27,Tuesday,0.28600000000000003,1.3633583534786444
17.15879249572754,19.469999313354492,19.510000228881836,19.469999313354492,19.510000228881836,2800,0.154,2014-05-28,21,2014,28,Wednesday,0.28600000000000003,1.3633583534786444
17.53774642944336,19.899999618530273,20.0,19.899999618530273,19.920000076293945,2300,2.209,2014-05-29,21,2014,29,Thursday,0.28600000000000003,1.3633583534786444
17.493680953979492,19.850000381469727,19.90999984741211,19.850000381469727,19.90999984741211,1200,-0.251,2014-05-30,21,2014,30,Friday,0.28600000000000003,1.3633583534786444
17.634689331054688,20.010000228881836,20.059999465942383,19.8799991607666,19.959999084472656,33300,0.806,2014-06-02,22,2014,2,Monday,0.9503999999999999,0.5448167581857224
17.714006423950195,20.100000381469727,20.170000076293945,20.030000686645508,20.170000076293945,3700,0.45,2014-06-03,22,2014,3,Tuesday,0.9503999999999999,0.5448167581857224
17.907888412475586,20.31999969482422,20.329999923706055,20.229999542236328,20.229999542236328,4200,1.095,2014-06-04,22,2014,4,Wednesday,0.9503999999999999,0.5448167581857224
18.23396873474121,20.690000534057617,20.700000762939453,20.459999084472656,20.459999084472656,4100,1.821,2014-06-05,22,2014,5,Thursday,0.9503999999999999,0.5448167581857224
18.339719772338867,20.809999465942383,20.899999618530273,20.670000076293945,20.670000076293945,11800,0.58,2014-06-06,22,2014,6,Friday,0.9503999999999999,0.5448167581857224
18.824434280395508,21.360000610351562,21.360000610351562,20.770000457763672,20.770000457763672,22200,2.643,2014-06-09,23,2014,9,Monday,0.28539999999999993,1.4282717878611197
18.815622329711914,21.350000381469727,21.610000610351562,21.31999969482422,21.469999313354492,28900,-0.047,2014-06-10,23,2014,10,Tuesday,0.28539999999999993,1.4282717878611197
18.67461585998535,21.190000534057617,21.459999084472656,21.100000381469727,21.299999237060547,4800,-0.749,2014-06-11,23,2014,11,Wednesday,0.28539999999999993,1.4282717878611197
18.762744903564453,21.290000915527344,21.290000915527344,21.0,21.0,1100,0.472,2014-06-12,23,2014,12,Thursday,0.28539999999999993,1.4282717878611197
18.595300674438477,21.100000381469727,21.190000534057617,20.90999984741211,21.190000534057617,4600,-0.892,2014-06-13,23,2014,13,Friday,0.28539999999999993,1.4282717878611197
17.907888412475586,20.31999969482422,20.600000381469727,20.1299991607666,20.59000015258789,9700,-3.697,2014-06-16,24,2014,16,Monday,0.5844,2.7928525381766938
17.9783935546875,20.399999618530273,20.489999771118164,20.139999389648438,20.190000534057617,18600,0.394,2014-06-17,24,2014,17,Tuesday,0.5844,2.7928525381766938
18.542423248291016,21.040000915527344,21.100000381469727,20.209999084472656,20.25,8700,3.137,2014-06-18,24,2014,18,Wednesday,0.5844,2.7928525381766938
18.551237106323242,21.049999237060547,21.049999237060547,20.899999618530273,21.020000457763672,4200,0.048,2014-06-19,24,2014,19,Thursday,0.5844,2.7928525381766938
19.115262985229492,21.690000534057617,21.770000457763672,21.0,21.0,6900,3.04,2014-06-20,24,2014,20,Friday,0.5844,2.7928525381766938
19.785049438476562,22.450000762939453,22.450000762939453,21.889999389648438,21.969999313354492,44400,3.504,2014-06-23,25,2014,23,Monday,0.291,2.0055117800701145
19.441343307495117,22.059999465942383,22.59000015258789,21.940000534057617,22.56999969482422,38600,-1.737,2014-06-24,25,2014,24,Tuesday,0.291,2.0055117800701145
19.591163635253906,22.229999542236328,22.239999771118164,21.959999084472656,22.100000381469727,27200,0.771,2014-06-25,25,2014,25,Wednesday,0.291,2.0055117800701145
19.458969116210938,22.079999923706055,22.260000228881836,22.0,22.260000228881836,22900,-0.675,2014-06-26,25,2014,26,Thursday,0.291,2.0055117800701145
19.379650115966797,21.989999771118164,22.1299991607666,21.920000076293945,22.1299991607666,2900,-0.408,2014-06-27,25,2014,27,Friday,0.291,2.0055117800701145
19.53828239440918,22.170000076293945,22.170000076293945,21.889999389648438,21.940000534057617,9000,0.819,2014-06-30,26,2014,30,Monday,0.80875,0.25445415435136187
19.661664962768555,22.309999465942383,22.540000915527344,22.309999465942383,22.3799991607666,11100,0.631,2014-07-01,26,2014,1,Tuesday,0.80875,0.25445415435136187
19.890798568725586,22.56999969482422,22.780000686645508,22.3700008392334,22.780000686645508,28000,1.165,2014-07-02,26,2014,2,Wednesday,0.80875,0.25445415435136187
20.01418113708496,22.709999084472656,22.760000228881836,22.610000610351562,22.700000762939453,10600,0.62,2014-07-03,26,2014,3,Thursday,0.80875,0.25445415435136187
19.952489852905273,22.639999389648438,22.829999923706055,22.489999771118164,22.829999923706055,12000,-0.308,2014-07-07,27,2014,7,Monday,0.9259999999999999,1.5435373335297076
19.961305618286133,22.649999618530273,22.65999984741211,22.399999618530273,22.5,4700,0.044,2014-07-08,27,2014,8,Tuesday,0.9259999999999999,1.5435373335297076
20.657529830932617,23.440000534057617,23.440000534057617,22.6200008392334,22.6200008392334,33500,3.488,2014-07-09,27,2014,9,Wednesday,0.9259999999999999,1.5435373335297076
20.692779541015625,23.479999542236328,23.670000076293945,23.059999465942383,23.420000076293945,63500,0.171,2014-07-10,27,2014,10,Thursday,0.9259999999999999,1.5435373335297076
20.948354721069336,23.770000457763672,23.790000915527344,23.299999237060547,23.530000686645508,15700,1.235,2014-07-11,27,2014,11,Friday,0.9259999999999999,1.5435373335297076
20.4988956451416,23.260000228881836,23.670000076293945,23.200000762939453,23.670000076293945,40300,-2.146,2014-07-14,28,2014,14,Monday,-0.5115999999999999,2.4638127566842414
19.873172760009766,22.549999237060547,23.34000015258789,22.540000915527344,23.34000015258789,31800,-3.052,2014-07-15,28,2014,15,Tuesday,-0.5115999999999999,2.4638127566842414
19.970117568969727,22.65999984741211,22.770000457763672,22.399999618530273,22.59000015258789,471600,0.488,2014-07-16,28,2014,16,Wednesday,-0.5115999999999999,2.4638127566842414
19.75860023498535,22.420000076293945,22.81999969482422,22.389999389648438,22.780000686645508,407900,-1.059,2014-07-17,28,2014,17,Thursday,-0.5115999999999999,2.4638127566842414
20.393136978149414,23.139999389648438,23.149999618530273,22.559999465942383,22.65999984741211,36700,3.211,2014-07-18,28,2014,18,Friday,-0.5115999999999999,2.4638127566842414
19.811481475830078,22.479999542236328,23.190000534057617,22.43000030517578,23.190000534057617,58000,-2.852,2014-07-21,29,2014,21,Monday,-0.9705999999999999,1.3886292881831348
19.652849197387695,22.299999237060547,22.639999389648438,22.139999389648438,22.540000915527344,16300,-0.801,2014-07-22,29,2014,22,Tuesday,-0.9705999999999999,1.3886292881831348
19.37083625793457,21.979999542236328,22.520000457763672,21.969999313354492,22.520000457763672,77000,-1.435,2014-07-23,29,2014,23,Wednesday,-0.9705999999999999,1.3886292881831348
19.564716339111328,22.200000762939453,22.440000534057617,22.200000762939453,22.219999313354492,44700,1.001,2014-07-24,29,2014,24,Thursday,-0.9705999999999999,1.3886292881831348
19.414901733398438,22.030000686645508,22.31999969482422,21.889999389648438,22.200000762939453,44700,-0.766,2014-07-25,29,2014,25,Friday,-0.9705999999999999,1.3886292881831348
19.124073028564453,21.700000762939453,21.850000381469727,21.549999237060547,21.850000381469727,32000,-1.498,2014-07-28,30,2014,28,Monday,0.0744,3.4491987910237936
19.485410690307617,22.110000610351562,22.110000610351562,21.440000534057617,21.649999618530273,35500,1.889,2014-07-29,30,2014,29,Tuesday,0.0744,3.4491987910237936
20.44601821899414,23.200000762939453,23.520000457763672,22.59000015258789,22.59000015258789,64100,4.93,2014-07-30,30,2014,30,Wednesday,0.0744,3.4491987910237936
19.608789443969727,22.25,22.450000762939453,21.540000915527344,22.25,82100,-4.095,2014-07-31,30,2014,31,Thursday,0.0744,3.4491987910237936
19.441343307495117,22.059999465942383,22.3799991607666,21.5,22.15999984741211,49000,-0.854,2014-08-01,30,2014,1,Friday,0.0744,3.4491987910237936
19.36202621459961,21.969999313354492,22.440000534057617,21.84000015258789,22.309999465942383,23700,-0.408,2014-08-04,31,2014,4,Monday,-0.2981999999999999,2.285564306686644
18.64818000793457,21.15999984741211,21.8799991607666,21.1299991607666,21.84000015258789,26700,-3.687,2014-08-05,31,2014,5,Tuesday,-0.2981999999999999,2.285564306686644
18.842060089111328,21.3799991607666,21.469999313354492,21.100000381469727,21.360000610351562,11300,1.04,2014-08-06,31,2014,6,Wednesday,-0.2981999999999999,2.285564306686644
18.68343162536621,21.200000762939453,21.540000915527344,21.15999984741211,21.5,24500,-0.842,2014-08-07,31,2014,7,Thursday,-0.2981999999999999,2.285564306686644
19.13288688659668,21.709999084472656,21.729999542236328,21.520000457763672,21.520000457763672,28000,2.406,2014-08-08,31,2014,8,Friday,-0.2981999999999999,2.285564306686644
18.98306655883789,21.540000915527344,21.969999313354492,21.5,21.860000610351562,11900,-0.783,2014-08-11,32,2014,11,Monday,-0.5551999999999999,0.9631719472659075
18.824434280395508,21.360000610351562,21.56999969482422,21.229999542236328,21.56999969482422,21300,-0.836,2014-08-12,32,2014,12,Tuesday,-0.5551999999999999,0.9631719472659075
18.903757095336914,21.450000762939453,21.459999084472656,21.270000457763672,21.270000457763672,13500,0.421,2014-08-13,32,2014,13,Wednesday,-0.5551999999999999,0.9631719472659075
18.542423248291016,21.040000915527344,21.59000015258789,21.020000457763672,21.59000015258789,20700,-1.911,2014-08-14,32,2014,14,Thursday,-0.5551999999999999,0.9631719472659075
18.604110717773438,21.110000610351562,21.1299991607666,20.860000610351562,20.989999771118164,16800,0.333,2014-08-15,32,2014,15,Friday,-0.5551999999999999,0.9631719472659075
18.87731170654297,21.420000076293945,21.450000762939453,21.049999237060547,21.049999237060547,18200,1.468,2014-08-18,33,2014,18,Monday,-0.17560000000000003,1.12558287122717
18.771556854248047,21.299999237060547,21.469999313354492,21.299999237060547,21.43000030517578,6500,-0.56,2014-08-19,33,2014,19,Tuesday,-0.17560000000000003,1.12558287122717
18.489545822143555,20.979999542236328,21.229999542236328,20.8700008392334,21.229999542236328,20900,-1.502,2014-08-20,33,2014,20,Wednesday,-0.17560000000000003,1.12558287122717
18.374971389770508,20.850000381469727,20.969999313354492,20.850000381469727,20.940000534057617,20300,-0.62,2014-08-21,33,2014,21,Thursday,-0.17560000000000003,1.12558287122717
18.436668395996094,20.920000076293945,20.989999771118164,20.790000915527344,20.809999465942383,18600,0.336,2014-08-22,33,2014,22,Friday,-0.17560000000000003,1.12558287122717
18.533607482910156,21.030000686645508,21.139999389648438,20.920000076293945,20.959999084472656,14900,0.526,2014-08-25,34,2014,25,Monday,-0.08499999999999999,0.5174698058824302
18.41904067993164,20.899999618530273,21.149999618530273,20.860000610351562,21.149999618530273,21200,-0.618,2014-08-26,34,2014,26,Tuesday,-0.08499999999999999,0.5174698058824302
18.48072624206543,20.969999313354492,21.059999465942383,20.8700008392334,21.020000457763672,10200,0.335,2014-08-27,34,2014,27,Wednesday,-0.08499999999999999,0.5174698058824302
18.374971389770508,20.850000381469727,21.010000228881836,20.829999923706055,21.0,20100,-0.572,2014-08-28,34,2014,28,Thursday,-0.08499999999999999,0.5174698058824302
18.35734748840332,20.829999923706055,21.139999389648438,20.829999923706055,21.139999389648438,27800,-0.096,2014-08-29,34,2014,29,Friday,-0.08499999999999999,0.5174698058824302
18.542423248291016,21.040000915527344,21.190000534057617,20.920000076293945,20.93000030517578,37700,1.008,2014-09-02,35,2014,2,Tuesday,0.8947499999999999,2.214332612022563
19.13288688659668,21.709999084472656,21.729999542236328,21.030000686645508,21.030000686645508,21400,3.184,2014-09-03,35,2014,3,Wednesday,0.8947499999999999,2.214332612022563
18.727493286132812,21.25,21.809999465942383,21.239999771118164,21.809999465942383,24900,-2.119,2014-09-04,35,2014,4,Thursday,0.8947499999999999,2.214332612022563
19.00950813293457,21.56999969482422,21.56999969482422,21.09000015258789,21.450000762939453,25900,1.506,2014-09-05,35,2014,5,Friday,0.8947499999999999,2.214332612022563
18.806814193725586,21.34000015258789,21.6299991607666,21.219999313354492,21.6299991607666,165700,-1.066,2014-09-08,36,2014,8,Monday,0.271,0.93800079957322
18.736305236816406,21.260000228881836,21.299999237060547,21.15999984741211,21.299999237060547,6300,-0.375,2014-09-09,36,2014,9,Tuesday,0.271,0.93800079957322
18.912565231323242,21.459999084472656,21.459999084472656,21.25,21.3799991607666,40700,0.941,2014-09-10,36,2014,10,Wednesday,0.271,0.93800079957322
19.08000946044922,21.649999618530273,21.700000762939453,21.399999618530273,21.459999084472656,18700,0.885,2014-09-11,36,2014,11,Thursday,0.271,0.93800079957322
19.26508331298828,21.860000610351562,21.889999389648438,21.559999465942383,21.65999984741211,32300,0.97,2014-09-12,36,2014,12,Friday,0.271,0.93800079957322
18.921377182006836,21.469999313354492,21.8799991607666,21.469999313354492,21.610000610351562,34900,-1.784,2014-09-15,37,2014,15,Monday,-0.29119999999999996,1.7837520006996488
19.441343307495117,22.059999465942383,22.059999465942383,21.5,21.6299991607666,18200,2.748,2014-09-16,37,2014,16,Tuesday,-0.29119999999999996,1.7837520006996488
19.2827091217041,21.8799991607666,22.219999313354492,21.81999969482422,22.219999313354492,15900,-0.816,2014-09-17,37,2014,17,Wednesday,-0.29119999999999996,1.7837520006996488
19.221017837524414,21.809999465942383,21.899999618530273,21.770000457763672,21.770000457763672,26600,-0.32,2014-09-18,37,2014,18,Thursday,-0.29119999999999996,1.7837520006996488
18.974262237548828,21.530000686645508,21.799999237060547,21.5,21.690000534057617,10900,-1.284,2014-09-19,37,2014,19,Friday,-0.29119999999999996,1.7837520006996488
18.894943237304688,21.440000534057617,21.510000228881836,21.25,21.420000076293945,43200,-0.418,2014-09-22,38,2014,22,Monday,-0.0782,1.191508791406929
18.86849594116211,21.40999984741211,21.6200008392334,21.270000457763672,21.6200008392334,644500,-0.14,2014-09-23,38,2014,23,Tuesday,-0.0782,1.191508791406929
18.842060089111328,21.3799991607666,21.440000534057617,21.1200008392334,21.290000915527344,156100,-0.14,2014-09-24,38,2014,24,Wednesday,-0.0782,1.191508791406929
18.560049057006836,21.059999465942383,21.3799991607666,21.059999465942383,21.3799991607666,132300,-1.497,2014-09-25,38,2014,25,Thursday,-0.0782,1.191508791406929
18.894943237304688,21.440000534057617,21.479999542236328,21.18000030517578,21.190000534057617,21500,1.804,2014-09-26,38,2014,26,Friday,-0.0782,1.191508791406929
18.67461585998535,21.190000534057617,21.190000534057617,21.100000381469727,21.170000076293945,5700,-1.166,2014-09-29,39,2014,29,Monday,-1.2788,0.9276010457087681
18.612926483154297,21.1200008392334,21.190000534057617,20.969999313354492,21.09000015258789,26900,-0.33,2014-09-30,39,2014,30,Tuesday,-1.2788,0.9276010457087681
18.225154876708984,20.68000030517578,21.079999923706055,20.649999618530273,21.0,39800,-2.083,2014-10-01,39,2014,1,Wednesday,-1.2788,0.9276010457087681
17.793323516845703,20.190000534057617,20.790000915527344,19.899999618530273,20.790000915527344,47300,-2.369,2014-10-02,39,2014,2,Thursday,-1.2788,0.9276010457087681
17.714006423950195,20.100000381469727,20.329999923706055,20.030000686645508,20.329999923706055,47600,-0.446,2014-10-03,39,2014,3,Friday,-1.2788,0.9276010457087681
17.802135467529297,20.200000762939453,20.329999923706055,20.09000015258789,20.260000228881836,11000,0.498,2014-10-06,40,2014,6,Monday,-0.9958,1.5036935193050478
17.4848690032959,19.84000015258789,20.1299991607666,19.84000015258789,20.1200008392334,6600,-1.782,2014-10-07,40,2014,7,Tuesday,-0.9958,1.5036935193050478
17.6170597076416,19.989999771118164,20.0,19.549999237060547,19.760000228881836,29000,0.756,2014-10-08,40,2014,8,Wednesday,-0.9958,1.5036935193050478
17.18522834777832,19.5,19.959999084472656,19.5,19.959999084472656,8500,-2.451,2014-10-09,40,2014,9,Thursday,-0.9958,1.5036935193050478
16.84152603149414,19.110000610351562,19.5,19.030000686645508,19.5,78000,-2.0,2014-10-10,40,2014,10,Friday,-0.9958,1.5036935193050478
16.72695541381836,18.979999542236328,19.31999969482422,18.979999542236328,19.31999969482422,10100,-0.68,2014-10-13,41,2014,13,Monday,0.05459999999999998,0.7560471546140493
16.84152603149414,19.110000610351562,19.270000457763672,18.979999542236328,19.0,9700,0.685,2014-10-14,41,2014,14,Tuesday,0.05459999999999998,0.7560471546140493
16.709325790405273,18.959999084472656,18.969999313354492,18.399999618530273,18.780000686645508,29000,-0.785,2014-10-15,41,2014,15,Wednesday,0.05459999999999998,0.7560471546140493
16.74458122253418,19.0,19.040000915527344,18.450000762939453,18.450000762939453,4100,0.211,2014-10-16,41,2014,16,Thursday,0.05459999999999998,0.7560471546140493
16.885587692260742,19.15999984741211,19.3700008392334,19.09000015258789,19.09000015258789,22100,0.842,2014-10-17,41,2014,17,Friday,0.05459999999999998,0.7560471546140493
17.097097396850586,19.399999618530273,19.510000228881836,19.200000762939453,19.200000762939453,7000,1.253,2014-10-20,42,2014,20,Monday,0.8084,1.3318775469238904
17.4408016204834,19.790000915527344,19.790000915527344,19.5,19.549999237060547,4300,2.01,2014-10-21,42,2014,21,Tuesday,0.8084,1.3318775469238904
17.18522834777832,19.5,19.889999389648438,19.5,19.709999084472656,7500,-1.465,2014-10-22,42,2014,22,Wednesday,0.8084,1.3318775469238904
17.414365768432617,19.760000228881836,19.809999465942383,19.65999984741211,19.65999984741211,2600,1.333,2014-10-23,42,2014,23,Thursday,0.8084,1.3318775469238904
17.572998046875,19.940000534057617,19.940000534057617,19.829999923706055,19.829999923706055,2200,0.911,2014-10-24,42,2014,24,Friday,0.8084,1.3318775469238904
17.40555191040039,19.75,19.84000015258789,19.3700008392334,19.84000015258789,13100,-0.953,2014-10-27,43,2014,27,Monday,1.1843999999999997,2.663914093960239
17.72281837463379,20.110000610351562,20.1299991607666,19.90999984741211,19.950000762939453,2900,1.823,2014-10-28,43,2014,28,Tuesday,1.1843999999999997,2.663914093960239
17.396738052368164,19.739999771118164,20.15999984741211,19.739999771118164,20.15999984741211,4100,-1.84,2014-10-29,43,2014,29,Wednesday,1.1843999999999997,2.663914093960239
17.74925422668457,20.139999389648438,20.190000534057617,19.729999542236328,19.729999542236328,10500,2.026,2014-10-30,43,2014,30,Thursday,1.1843999999999997,2.663914093960239
18.612926483154297,21.1200008392334,21.209999084472656,20.59000015258789,20.59000015258789,12700,4.866,2014-10-31,43,2014,31,Friday,1.1843999999999997,2.663914093960239
18.745121002197266,21.270000457763672,21.3799991607666,21.030000686645508,21.110000610351562,41100,0.71,2014-11-03,44,2014,3,Monday,-0.19399999999999998,1.1884788597194313
18.36616325378418,20.84000015258789,21.059999465942383,20.760000228881836,21.040000915527344,16800,-2.022,2014-11-04,44,2014,4,Tuesday,-0.19399999999999998,1.1884788597194313
18.41022491455078,20.889999389648438,21.0,20.780000686645508,20.780000686645508,23000,0.24,2014-11-05,44,2014,5,Wednesday,-0.19399999999999998,1.1884788597194313
18.278034210205078,20.739999771118164,20.770000457763672,20.420000076293945,20.6299991607666,7300,-0.718,2014-11-06,44,2014,6,Thursday,-0.19399999999999998,1.1884788597194313
18.427852630615234,20.90999984741211,21.020000457763672,20.6200008392334,20.700000762939453,3300,0.82,2014-11-07,44,2014,7,Friday,-0.19399999999999998,1.1884788597194313
18.2515926361084,20.709999084472656,20.959999084472656,20.709999084472656,20.90999984741211,9700,-0.956,2014-11-10,45,2014,10,Monday,-0.13319999999999999,0.5225463615795253
18.260408401489258,20.719999313354492,20.780000686645508,20.700000762939453,20.700000762939453,10300,0.048,2014-11-11,45,2014,11,Tuesday,-0.13319999999999999,0.5225463615795253
18.24278450012207,20.700000762939453,20.8700008392334,20.700000762939453,20.860000610351562,8600,-0.097,2014-11-12,45,2014,12,Wednesday,-0.13319999999999999,0.5225463615795253
18.21634292602539,20.670000076293945,20.8700008392334,20.600000381469727,20.8700008392334,19400,-0.145,2014-11-13,45,2014,13,Thursday,-0.13319999999999999,0.5225463615795253
18.304471969604492,20.770000457763672,20.860000610351562,20.690000534057617,20.690000534057617,1600,0.484,2014-11-14,45,2014,14,Friday,-0.13319999999999999,0.5225463615795253
18.278034210205078,20.739999771118164,20.81999969482422,20.65999984741211,20.65999984741211,5200,-0.144,2014-11-17,46,2014,17,Monday,0.5384,1.0964753987208287
18.507171630859375,21.0,21.049999237060547,20.850000381469727,21.0,16600,1.254,2014-11-18,46,2014,18,Tuesday,0.5384,1.0964753987208287
18.34853744506836,20.81999969482422,21.010000228881836,20.709999084472656,21.0,4700,-0.857,2014-11-19,46,2014,19,Wednesday,0.5384,1.0964753987208287
18.445478439331055,20.93000030517578,20.979999542236328,20.81999969482422,20.850000381469727,2200,0.528,2014-11-20,46,2014,20,Thursday,0.5384,1.0964753987208287
18.797996520996094,21.329999923706055,21.3799991607666,21.079999923706055,21.079999923706055,7700,1.911,2014-11-21,46,2014,21,Friday,0.5384,1.0964753987208287
18.727493286132812,21.25,21.469999313354492,21.209999084472656,21.450000762939453,13000,-0.375,2014-11-24,47,2014,24,Monday,-0.65725,2.148333831135189
18.727493286132812,21.25,21.25,21.25,21.25,1400,0.0,2014-11-25,47,2014,25,Tuesday,-0.65725,2.148333831135189
18.99188232421875,21.549999237060547,21.56999969482422,21.34000015258789,21.34000015258789,27600,1.412,2014-11-26,47,2014,26,Wednesday,-0.65725,2.148333831135189
18.295658111572266,20.760000228881836,21.139999389648438,20.670000076293945,21.139999389648438,33900,-3.666,2014-11-28,47,2014,28,Friday,-0.65725,2.148333831135189
17.951955795288086,20.3700008392334,20.510000228881836,20.280000686645508,20.510000228881836,7800,-1.879,2014-12-01,48,2014,1,Monday,-0.3644,1.054626379340096
17.81976318359375,20.219999313354492,20.670000076293945,20.209999084472656,20.670000076293945,13400,-0.736,2014-12-02,48,2014,2,Tuesday,-0.3644,1.054626379340096
17.996017456054688,20.420000076293945,20.450000762939453,20.219999313354492,20.219999313354492,1100,0.989,2014-12-03,48,2014,3,Wednesday,-0.3644,1.054626379340096
18.004833221435547,20.43000030517578,20.459999084472656,20.3700008392334,20.3700008392334,4800,0.049,2014-12-04,48,2014,4,Thursday,-0.3644,1.054626379340096
17.96076774597168,20.3799991607666,20.520000457763672,20.209999084472656,20.209999084472656,6400,-0.245,2014-12-05,48,2014,5,Friday,-0.3644,1.054626379340096
17.714006423950195,20.100000381469727,20.40999984741211,20.079999923706055,20.40999984741211,18800,-1.374,2014-12-08,49,2014,8,Monday,-1.6146,1.334919960147424
17.546560287475586,19.90999984741211,19.979999542236328,19.760000228881836,19.979999542236328,16400,-0.945,2014-12-09,49,2014,9,Tuesday,-1.6146,1.334919960147424
16.947280883789062,19.229999542236328,19.90999984741211,19.1299991607666,19.90999984741211,4600,-3.415,2014-12-10,49,2014,10,Wednesday,-1.6146,1.334919960147424
16.956090927124023,19.239999771118164,19.43000030517578,19.239999771118164,19.40999984741211,35600,0.052,2014-12-11,49,2014,11,Thursday,-1.6146,1.334919960147424
16.55069923400879,18.780000686645508,19.139999389648438,18.780000686645508,19.110000610351562,18700,-2.391,2014-12-12,49,2014,12,Friday,-1.6146,1.334919960147424
15.951416015625,18.100000381469727,18.84000015258789,18.100000381469727,18.84000015258789,18300,-3.621,2014-12-15,50,2014,15,Monday,-0.02320000000000002,2.1832719024436695
15.872103691101074,18.010000228881836,18.239999771118164,17.81999969482422,18.09000015258789,13500,-0.497,2014-12-16,50,2014,16,Tuesday,-0.02320000000000002,2.1832719024436695
16.162927627563477,18.34000015258789,18.610000610351562,17.920000076293945,17.920000076293945,26400,1.832,2014-12-17,50,2014,17,Wednesday,-0.02320000000000002,2.1832719024436695
16.339189529418945,18.540000915527344,18.81999969482422,18.469999313354492,18.700000762939453,6700,1.091,2014-12-18,50,2014,18,Thursday,-0.02320000000000002,2.1832719024436695
16.515443801879883,18.739999771118164,18.770000457763672,18.56999969482422,18.6200008392334,7500,1.079,2014-12-19,50,2014,19,Friday,-0.02320000000000002,2.1832719024436695
16.43613052368164,18.649999618530273,18.860000610351562,18.639999389648438,18.860000610351562,1800,-0.48,2014-12-22,51,2014,22,Monday,0.50525,0.7465093770342072
16.63882827758789,18.8799991607666,18.969999313354492,18.729999542236328,18.729999542236328,7200,1.233,2014-12-23,51,2014,23,Tuesday,0.50525,0.7465093770342072
16.70052146911621,18.950000762939453,18.950000762939453,18.860000610351562,18.8700008392334,7700,0.371,2014-12-24,51,2014,24,Wednesday,0.50525,0.7465093770342072
16.850339889526367,19.1200008392334,19.170000076293945,18.989999771118164,18.989999771118164,3600,0.897,2014-12-26,51,2014,26,Friday,0.50525,0.7465093770342072
16.777738571166992,18.950000762939453,18.950000762939453,18.889999389648438,18.940000534057617,12500,-0.431,2014-12-29,52,2014,29,Monday,-0.478,0.45034320245785875
16.618371963500977,18.770000457763672,18.989999771118164,18.770000457763672,18.920000076293945,2000,-0.95,2014-12-30,52,2014,30,Tuesday,-0.478,0.45034320245785875
16.60951805114746,18.760000228881836,18.940000534057617,18.469999313354492,18.940000534057617,19500,-0.053,2014-12-31,52,2014,31,Wednesday,-0.478,0.45034320245785875
16.459001541137695,18.59000015258789,18.610000610351562,18.510000228881836,18.59000015258789,21600,-0.906,2015-01-02,00,2015,2,Friday,-0.906,0.0
15.945489883422852,18.010000228881836,18.149999618530273,17.959999084472656,18.110000610351562,4100,-3.12,2015-01-05,01,2015,5,Monday,-0.40180000000000005,1.585394808872541
15.927783012390137,17.989999771118164,18.059999465942383,17.920000076293945,17.969999313354492,5800,-0.111,2015-01-06,01,2015,6,Tuesday,-0.40180000000000005,1.585394808872541
16.078296661376953,18.15999984741211,18.190000534057617,18.09000015258789,18.15999984741211,13400,0.945,2015-01-07,01,2015,7,Wednesday,-0.40180000000000005,1.585394808872541
16.149127960205078,18.239999771118164,18.270000457763672,18.1200008392334,18.15999984741211,6500,0.441,2015-01-08,01,2015,8,Thursday,-0.40180000000000005,1.585394808872541
16.1225643157959,18.209999084472656,18.360000610351562,18.100000381469727,18.360000610351562,7100,-0.164,2015-01-09,01,2015,9,Friday,-0.40180000000000005,1.585394808872541
15.936637878417969,18.0,18.1299991607666,17.920000076293945,18.1299991607666,23000,-1.153,2015-01-12,02,2015,12,Monday,-0.005600000000000005,1.174458087800497
15.910076141357422,17.969999313354492,18.079999923706055,17.739999771118164,17.989999771118164,6300,-0.167,2015-01-13,02,2015,13,Tuesday,-0.005600000000000005,1.174458087800497
15.927783012390137,17.989999771118164,17.989999771118164,17.65999984741211,17.850000381469727,6900,0.111,2015-01-14,02,2015,14,Wednesday,-0.005600000000000005,1.174458087800497
15.81268310546875,17.860000610351562,18.06999969482422,17.860000610351562,18.06999969482422,800,-0.723,2015-01-15,02,2015,15,Thursday,-0.005600000000000005,1.174458087800497
16.11370849609375,18.200000762939453,18.200000762939453,18.1200008392334,18.1200008392334,1900,1.904,2015-01-16,02,2015,16,Friday,-0.005600000000000005,1.174458087800497
16.16683006286621,18.260000228881836,18.270000457763672,18.100000381469727,18.149999618530273,4500,0.33,2015-01-20,03,2015,20,Tuesday,0.29175000000000006,1.1112582583120212
16.42359161376953,18.549999237060547,18.56999969482422,18.31999969482422,18.31999969482422,1900,1.588,2015-01-21,03,2015,21,Wednesday,0.29175000000000006,1.1112582583120212
16.485563278198242,18.6200008392334,18.700000762939453,18.40999984741211,18.610000610351562,10300,0.377,2015-01-22,03,2015,22,Thursday,0.29175000000000006,1.1112582583120212
16.299636840820312,18.40999984741211,18.59000015258789,18.40999984741211,18.59000015258789,800,-1.128,2015-01-23,03,2015,23,Friday,0.29175000000000006,1.1112582583120212
16.467859268188477,18.600000381469727,18.65999984741211,18.43000030517578,18.510000228881836,5600,1.032,2015-01-26,04,2015,26,Monday,-0.12040000000000002,1.613930698636097
16.68920135498047,18.850000381469727,18.850000381469727,18.56999969482422,18.68000030517578,39600,1.344,2015-01-27,04,2015,27,Tuesday,-0.12040000000000002,1.613930698636097
16.2553653717041,18.360000610351562,18.889999389648438,18.360000610351562,18.799999237060547,35200,-2.6,2015-01-28,04,2015,28,Wednesday,-0.12040000000000002,1.613930698636097
16.1225643157959,18.209999084472656,18.239999771118164,18.1299991607666,18.200000762939453,27500,-0.817,2015-01-29,04,2015,29,Thursday,-0.12040000000000002,1.613930698636097
16.193395614624023,18.290000915527344,18.350000381469727,18.110000610351562,18.239999771118164,34300,0.439,2015-01-30,04,2015,30,Friday,-0.12040000000000002,1.613930698636097
16.43244171142578,18.559999465942383,18.610000610351562,18.34000015258789,18.469999313354492,44400,1.476,2015-02-02,05,2015,2,Monday,0.7936,2.1487727427534073
17.034494400024414,19.239999771118164,19.239999771118164,18.809999465942383,18.809999465942383,4500,3.664,2015-02-03,05,2015,3,Tuesday,0.7936,2.1487727427534073
16.74232292175293,18.90999984741211,19.139999389648438,18.8700008392334,19.010000228881836,36100,-1.715,2015-02-04,05,2015,4,Wednesday,0.7936,2.1487727427534073
16.99022102355957,19.190000534057617,19.299999237060547,19.09000015258789,19.170000076293945,41500,1.481,2015-02-05,05,2015,5,Thursday,0.7936,2.1487727427534073
16.83085823059082,19.010000228881836,19.200000762939453,19.010000228881836,19.030000686645508,7300,-0.938,2015-02-06,05,2015,6,Friday,0.7936,2.1487727427534073
16.88398551940918,19.06999969482422,19.170000076293945,19.020000457763672,19.079999923706055,29800,0.316,2015-02-09,06,2015,9,Monday,0.9662,1.2574327815036477
17.043344497680664,19.25,19.25,18.860000610351562,19.020000457763672,23200,0.944,2015-02-10,06,2015,10,Tuesday,0.9662,1.2574327815036477
16.95481300354004,19.149999618530273,19.149999618530273,19.100000381469727,19.149999618530273,1000,-0.519,2015-02-11,06,2015,11,Wednesday,0.9662,1.2574327815036477
17.44176483154297,19.700000762939453,19.700000762939453,19.40999984741211,19.579999923706055,14700,2.872,2015-02-12,06,2015,12,Thursday,0.9662,1.2574327815036477
17.654253005981445,19.940000534057617,19.959999084472656,19.790000915527344,19.8799991607666,8700,1.218,2015-02-13,06,2015,13,Friday,0.9662,1.2574327815036477
17.778207778930664,20.079999923706055,20.100000381469727,19.940000534057617,19.950000762939453,3800,0.702,2015-02-17,07,2015,17,Tuesday,-0.086,0.7256330569463696
17.760494232177734,20.059999465942383,20.260000228881836,20.059999465942383,20.079999923706055,4800,-0.1,2015-02-18,07,2015,18,Wednesday,-0.086,0.7256330569463696
17.574569702148438,19.850000381469727,19.850000381469727,19.75,19.829999923706055,10300,-1.047,2015-02-19,07,2015,19,Thursday,-0.086,0.7256330569463696
17.5922794342041,19.8700008392334,19.899999618530273,19.770000457763672,19.899999618530273,1600,0.101,2015-02-20,07,2015,20,Friday,-0.086,0.7256330569463696
17.66310691833496,19.950000762939453,20.059999465942383,19.899999618530273,19.920000076293945,148300,0.403,2015-02-23,08,2015,23,Monday,0.21820000000000003,1.3712201500853172
18.00839614868164,20.34000015258789,20.34000015258789,19.84000015258789,20.170000076293945,20900,1.955,2015-02-24,08,2015,24,Tuesday,0.21820000000000003,1.3712201500853172
17.964134216308594,20.290000915527344,20.479999542236328,20.1200008392334,20.1200008392334,5300,-0.246,2015-02-25,08,2015,25,Wednesday,0.21820000000000003,1.3712201500853172
17.645401000976562,19.93000030517578,20.420000076293945,19.93000030517578,20.420000076293945,5900,-1.774,2015-02-26,08,2015,26,Thursday,0.21820000000000003,1.3712201500853172
17.778207778930664,20.079999923706055,20.170000076293945,20.079999923706055,20.170000076293945,4600,0.753,2015-02-27,08,2015,27,Friday,0.21820000000000003,1.3712201500853172
17.795909881591797,20.100000381469727,20.1200008392334,19.850000381469727,19.850000381469727,8300,0.1,2015-03-02,09,2015,2,Monday,0.3094,0.7895453121892372
17.795909881591797,20.100000381469727,20.190000534057617,20.079999923706055,20.079999923706055,800,0.0,2015-03-03,09,2015,3,Tuesday,0.3094,0.7895453121892372
17.866744995117188,20.18000030517578,20.18000030517578,20.049999237060547,20.100000381469727,8700,0.398,2015-03-04,09,2015,4,Wednesday,0.3094,0.7895453121892372
18.150054931640625,20.5,20.549999237060547,20.110000610351562,20.209999084472656,16300,1.586,2015-03-05,09,2015,5,Thursday,0.3094,0.7895453121892372
18.05266761779785,20.389999389648438,20.469999313354492,20.309999465942383,20.469999313354492,7300,-0.537,2015-03-06,09,2015,6,Friday,0.3094,0.7895453121892372
18.01725196838379,20.350000381469727,20.489999771118164,20.260000228881836,20.260000228881836,23800,-0.196,2015-03-09,10,2015,9,Monday,-0.0009999999999999788,1.4777149589822793
17.67196273803711,19.959999084472656,20.270000457763672,19.959999084472656,20.219999313354492,7500,-1.916,2015-03-10,10,2015,10,Tuesday,-0.0009999999999999788,1.4777149589822793
17.955276489257812,20.280000686645508,20.280000686645508,19.989999771118164,19.989999771118164,3500,1.603,2015-03-11,10,2015,11,Wednesday,-0.0009999999999999788,1.4777149589822793
18.194326400756836,20.549999237060547,20.75,20.5,20.5,22400,1.331,2015-03-12,10,2015,12,Thursday,-0.0009999999999999788,1.4777149589822793
18.0438175201416,20.3799991607666,20.3799991607666,20.260000228881836,20.260000228881836,4000,-0.827,2015-03-13,10,2015,13,Friday,-0.0009999999999999788,1.4777149589822793
18.548477172851562,20.950000762939453,20.950000762939453,20.469999313354492,20.510000228881836,24000,2.797,2015-03-16,11,2015,16,Monday,1.5256,1.715351800651983
19.044279098510742,21.510000228881836,21.510000228881836,20.989999771118164,20.989999771118164,46600,2.673,2015-03-17,11,2015,17,Tuesday,1.5256,1.715351800651983
19.274477005004883,21.770000457763672,21.850000381469727,21.280000686645508,21.40999984741211,16800,1.209,2015-03-18,11,2015,18,Wednesday,1.5256,1.715351800651983
19.017717361450195,21.479999542236328,21.68000030517578,21.479999542236328,21.68000030517578,16700,-1.332,2015-03-19,11,2015,19,Thursday,1.5256,1.715351800651983
19.45155143737793,21.969999313354492,22.040000915527344,21.729999542236328,21.799999237060547,14500,2.281,2015-03-20,11,2015,20,Friday,1.5256,1.715351800651983
19.256772994995117,21.75,22.079999923706055,21.75,22.010000228881836,20300,-1.001,2015-03-23,12,2015,23,Monday,-0.817,1.2771213724623043
19.07084083557129,21.540000915527344,21.90999984741211,21.40999984741211,21.90999984741211,15500,-0.966,2015-03-24,12,2015,24,Tuesday,-0.817,1.2771213724623043
19.150524139404297,21.6299991607666,21.719999313354492,21.520000457763672,21.520000457763672,6300,0.418,2015-03-25,12,2015,25,Wednesday,-0.817,1.2771213724623043
18.619304656982422,21.030000686645508,21.639999389648438,21.020000457763672,21.639999389648438,12400,-2.774,2015-03-26,12,2015,26,Thursday,-0.817,1.2771213724623043
18.663572311401367,21.079999923706055,21.079999923706055,20.979999542236328,21.06999969482422,21100,0.238,2015-03-27,12,2015,27,Friday,-0.817,1.2771213724623043
18.778671264648438,21.209999084472656,21.280000686645508,21.06999969482422,21.280000686645508,2900,0.617,2015-03-30,13,2015,30,Monday,0.216,0.9341916291639527
18.55732536315918,20.959999084472656,21.059999465942383,20.920000076293945,21.049999237060547,8100,-1.179,2015-03-31,13,2015,31,Tuesday,0.216,0.9341916291639527
18.672426223754883,21.09000015258789,21.110000610351562,20.860000610351562,20.899999618530273,8800,0.62,2015-04-01,13,2015,1,Wednesday,0.216,0.9341916291639527
18.82293701171875,21.260000228881836,21.329999923706055,21.079999923706055,21.079999923706055,1500,0.806,2015-04-02,13,2015,2,Thursday,0.216,0.9341916291639527
19.212501525878906,21.700000762939453,21.780000686645508,21.270000457763672,21.270000457763672,10500,2.07,2015-04-06,14,2015,6,Monday,0.7436,0.7590021739099302
19.2656192779541,21.760000228881836,21.780000686645508,21.549999237060547,21.6200008392334,8800,0.276,2015-04-07,14,2015,7,Tuesday,0.7436,0.7590021739099302
19.371868133544922,21.8799991607666,22.040000915527344,21.780000686645508,22.040000915527344,13000,0.551,2015-04-08,14,2015,8,Wednesday,0.7436,0.7590021739099302
19.486963272094727,22.010000228881836,22.020000457763672,21.860000610351562,21.989999771118164,7000,0.594,2015-04-09,14,2015,9,Thursday,0.7436,0.7590021739099302
19.531232833862305,22.059999465942383,22.15999984741211,21.950000762939453,21.950000762939453,17400,0.227,2015-04-10,14,2015,10,Friday,0.7436,0.7590021739099302
19.35416030883789,21.860000610351562,22.139999389648438,21.809999465942383,22.06999969482422,15400,-0.907,2015-04-13,15,2015,13,Monday,-0.41600000000000004,1.077565775254578
19.45155143737793,21.969999313354492,22.06999969482422,21.93000030517578,22.06999969482422,5600,0.503,2015-04-14,15,2015,14,Tuesday,-0.41600000000000004,1.077565775254578
19.610918045043945,22.149999618530273,22.190000534057617,21.860000610351562,22.100000381469727,39200,0.819,2015-04-15,15,2015,15,Wednesday,-0.41600000000000004,1.077565775254578
19.478111267089844,22.0,22.260000228881836,21.81999969482422,22.260000228881836,7000,-0.677,2015-04-16,15,2015,16,Thursday,-0.41600000000000004,1.077565775254578
19.12396240234375,21.600000381469727,21.719999313354492,21.549999237060547,21.559999465942383,8900,-1.818,2015-04-17,15,2015,17,Friday,-0.41600000000000004,1.077565775254578
19.132814407348633,21.610000610351562,21.739999771118164,21.610000610351562,21.729999542236328,3700,0.046,2015-04-20,16,2015,20,Monday,0.46319999999999995,1.0604445765809734
19.150524139404297,21.6299991607666,21.639999389648438,21.5,21.610000610351562,14600,0.093,2015-04-21,16,2015,21,Tuesday,0.46319999999999995,1.0604445765809734
19.345306396484375,21.850000381469727,21.889999389648438,21.530000686645508,21.559999465942383,7300,1.017,2015-04-22,16,2015,22,Wednesday,0.46319999999999995,1.0604445765809734
19.72601318359375,22.280000686645508,22.299999237060547,21.8799991607666,21.8799991607666,3400,1.968,2015-04-23,16,2015,23,Thursday,0.46319999999999995,1.0604445765809734
19.566646575927734,22.100000381469727,22.399999618530273,22.100000381469727,22.389999389648438,12800,-0.808,2015-04-24,16,2015,24,Friday,0.46319999999999995,1.0604445765809734
19.708309173583984,22.260000228881836,22.5,22.260000228881836,22.5,4200,0.724,2015-04-27,17,2015,27,Monday,0.13999999999999996,1.0609161135546956
19.8676700592041,22.440000534057617,22.5,22.260000228881836,22.5,7800,0.809,2015-04-28,17,2015,28,Tuesday,0.13999999999999996,1.0609161135546956
19.57550048828125,22.110000610351562,22.219999313354492,22.09000015258789,22.219999313354492,3100,-1.471,2015-04-29,17,2015,29,Wednesday,0.13999999999999996,1.0609161135546956
19.495819091796875,22.020000457763672,22.239999771118164,22.010000228881836,22.010000228881836,75300,-0.407,2015-04-30,17,2015,30,Thursday,0.13999999999999996,1.0609161135546956
19.699459075927734,22.25,22.25,22.079999923706055,22.079999923706055,2600,1.045,2015-05-01,17,2015,1,Friday,0.13999999999999996,1.0609161135546956
20.062454223632812,22.65999984741211,22.670000076293945,22.43000030517578,22.43000030517578,19900,1.843,2015-05-04,18,2015,4,Monday,-0.33399999999999996,1.567787453706656
19.911943435668945,22.489999771118164,22.670000076293945,22.440000534057617,22.5,7700,-0.75,2015-05-05,18,2015,5,Tuesday,-0.33399999999999996,1.567787453706656
19.637479782104492,22.18000030517578,22.40999984741211,22.18000030517578,22.389999389648438,6900,-1.378,2015-05-06,18,2015,6,Wednesday,-0.33399999999999996,1.567787453706656
19.239059448242188,21.729999542236328,22.18000030517578,21.610000610351562,22.18000030517578,25300,-2.029,2015-05-07,18,2015,7,Thursday,-0.33399999999999996,1.567787453706656
19.36301612854004,21.8700008392334,21.8700008392334,21.780000686645508,21.84000015258789,2700,0.644,2015-05-08,18,2015,8,Friday,-0.33399999999999996,1.567787453706656
19.371868133544922,21.8799991607666,22.010000228881836,21.850000381469727,22.010000228881836,4600,0.046,2015-05-11,19,2015,11,Monday,0.3106,0.605139488052135
19.50467300415039,22.030000686645508,22.040000915527344,21.799999237060547,21.889999389648438,6100,0.686,2015-05-12,19,2015,12,Tuesday,0.3106,0.605139488052135
19.619773864746094,22.15999984741211,22.270000457763672,22.110000610351562,22.25,9000,0.59,2015-05-13,19,2015,13,Wednesday,0.3106,0.605139488052135
19.787986755371094,22.350000381469727,22.420000076293945,22.15999984741211,22.200000762939453,16200,0.857,2015-05-14,19,2015,14,Thursday,0.3106,0.605139488052135
19.66403579711914,22.209999084472656,22.350000381469727,22.149999618530273,22.149999618530273,21800,-0.626,2015-05-15,19,2015,15,Friday,0.3106,0.605139488052135
19.699459075927734,22.25,22.360000610351562,22.25,22.299999237060547,2800,0.18,2015-05-18,20,2015,18,Monday,-0.33440000000000003,0.5372734871552848
19.460405349731445,21.979999542236328,22.040000915527344,21.93000030517578,21.989999771118164,7400,-1.214,2015-05-19,20,2015,19,Tuesday,-0.33440000000000003,0.5372734871552848
19.389575958251953,21.899999618530273,22.0,21.889999389648438,22.0,3800,-0.364,2015-05-20,20,2015,20,Wednesday,-0.33440000000000003,0.5372734871552848
19.389575958251953,21.899999618530273,22.06999969482422,21.850000381469727,21.920000076293945,12000,0.0,2015-05-21,20,2015,21,Thursday,-0.33440000000000003,0.5372734871552848
19.336450576782227,21.84000015258789,21.8700008392334,21.709999084472656,21.8700008392334,6100,-0.274,2015-05-22,20,2015,22,Friday,-0.33440000000000003,0.5372734871552848
18.75210952758789,21.18000030517578,21.549999237060547,21.170000076293945,21.540000915527344,40400,-3.022,2015-05-26,21,2015,26,Tuesday,-0.9564999999999999,1.389034556805553
18.734399795532227,21.15999984741211,21.219999313354492,21.100000381469727,21.190000534057617,28700,-0.094,2015-05-27,21,2015,27,Wednesday,-0.9564999999999999,1.389034556805553
18.637008666992188,21.049999237060547,21.079999923706055,21.0,21.059999465942383,5300,-0.52,2015-05-28,21,2015,28,Thursday,-0.9564999999999999,1.389034556805553
18.601593017578125,21.010000228881836,21.1299991607666,21.010000228881836,21.1200008392334,3500,-0.19,2015-05-29,21,2015,29,Friday,-0.9564999999999999,1.389034556805553
18.619304656982422,21.030000686645508,21.030000686645508,20.709999084472656,21.0,11700,0.095,2015-06-01,22,2015,1,Monday,0.42400000000000004,1.4703701914824034
19.159381866455078,21.639999389648438,21.65999984741211,21.0,21.0,2300,2.901,2015-06-02,22,2015,2,Tuesday,0.42400000000000004,1.4703701914824034
18.99115562438965,21.450000762939453,21.690000534057617,21.450000762939453,21.690000534057617,17800,-0.878,2015-06-03,22,2015,3,Wednesday,0.42400000000000004,1.4703701914824034
19.07084083557129,21.540000915527344,21.600000381469727,21.479999542236328,21.489999771118164,32400,0.42,2015-06-04,22,2015,4,Thursday,0.42400000000000004,1.4703701914824034
18.99115562438965,21.450000762939453,21.5,21.1200008392334,21.290000915527344,8200,-0.418,2015-06-05,22,2015,5,Friday,0.42400000000000004,1.4703701914824034
18.876062393188477,21.31999969482422,21.520000457763672,21.31999969482422,21.5,2700,-0.606,2015-06-08,23,2015,8,Monday,-0.1628,1.1738267333810386
18.85835075378418,21.299999237060547,21.420000076293945,21.280000686645508,21.280000686645508,9800,-0.094,2015-06-09,23,2015,9,Tuesday,-0.1628,1.1738267333810386
19.0974063873291,21.56999969482422,21.690000534057617,21.549999237060547,21.59000015258789,5300,1.268,2015-06-10,23,2015,10,Wednesday,-0.1628,1.1738267333810386
18.743255615234375,21.170000076293945,21.5,21.170000076293945,21.5,2800,-1.854,2015-06-11,23,2015,11,Thursday,-0.1628,1.1738267333810386
18.83179473876953,21.270000457763672,21.329999923706055,21.229999542236328,21.25,3000,0.472,2015-06-12,23,2015,12,Friday,-0.1628,1.1738267333810386
18.575035095214844,20.979999542236328,21.1299991607666,20.93000030517578,21.1299991607666,18900,-1.363,2015-06-15,24,2015,15,Monday,-0.8868,0.9012589527988057
18.495351791381836,20.889999389648438,21.010000228881836,20.84000015258789,21.010000228881836,1500,-0.429,2015-06-16,24,2015,16,Tuesday,-0.8868,0.9012589527988057
18.0792293548584,20.420000076293945,20.719999313354492,20.270000457763672,20.719999313354492,16600,-2.25,2015-06-17,24,2015,17,Wednesday,-0.8868,0.9012589527988057
18.0438175201416,20.3799991607666,20.450000762939453,20.309999465942383,20.350000381469727,34600,-0.196,2015-06-18,24,2015,18,Thursday,-0.8868,0.9012589527988057
18.00839614868164,20.34000015258789,20.510000228881836,20.34000015258789,20.3700008392334,31800,-0.196,2015-06-19,24,2015,19,Friday,-0.8868,0.9012589527988057
18.415666580200195,20.799999237060547,20.920000076293945,20.510000228881836,20.540000915527344,8700,2.262,2015-06-22,25,2015,22,Monday,0.19460000000000002,1.4420781185497544
18.566177368164062,20.969999313354492,20.979999542236328,20.770000457763672,20.770000457763672,6500,0.817,2015-06-23,25,2015,23,Tuesday,0.19460000000000002,1.4420781185497544
18.575035095214844,20.979999542236328,21.059999465942383,20.93000030517578,20.93000030517578,4700,0.048,2015-06-24,25,2015,24,Wednesday,0.19460000000000002,1.4420781185497544
18.291719436645508,20.65999984741211,20.899999618530273,20.639999389648438,20.899999618530273,1600,-1.525,2015-06-25,25,2015,25,Thursday,0.19460000000000002,1.4420781185497544
18.176620483398438,20.530000686645508,20.709999084472656,20.520000457763672,20.709999084472656,14300,-0.629,2015-06-26,25,2015,26,Friday,0.19460000000000002,1.4420781185497544
17.725082397460938,20.020000457763672,20.290000915527344,19.979999542236328,20.18000030517578,6600,-2.484,2015-06-29,26,2015,29,Monday,-0.8935,1.4033703478887294
17.7427921295166,20.040000915527344,20.209999084472656,20.0,20.209999084472656,3400,0.1,2015-06-30,26,2015,30,Tuesday,-0.8935,1.4033703478887294
17.45061492919922,19.709999084472656,20.149999618530273,19.700000762939453,20.149999618530273,9200,-1.647,2015-07-01,26,2015,1,Wednesday,-0.8935,1.4033703478887294
17.53030014038086,19.799999237060547,19.899999618530273,19.760000228881836,19.899999618530273,1400,0.457,2015-07-02,26,2015,2,Thursday,-0.8935,1.4033703478887294
17.22041893005371,19.450000762939453,19.68000030517578,19.239999771118164,19.420000076293945,5900,-1.768,2015-07-06,27,2015,6,Monday,-0.26799999999999996,2.015720714781688
17.131885528564453,19.350000381469727,19.350000381469727,18.81999969482422,19.260000228881836,7100,-0.514,2015-07-07,27,2015,7,Tuesday,-0.26799999999999996,2.015720714781688
16.698049545288086,18.860000610351562,19.31999969482422,18.860000610351562,19.31999969482422,5800,-2.532,2015-07-08,27,2015,8,Wednesday,-0.26799999999999996,2.015720714781688
16.88398551940918,19.06999969482422,19.229999542236328,19.010000228881836,19.010000228881836,2100,1.114,2015-07-09,27,2015,9,Thursday,-0.26799999999999996,2.015720714781688
17.28239631652832,19.520000457763672,19.549999237060547,19.329999923706055,19.350000381469727,4300,2.36,2015-07-10,27,2015,10,Friday,-0.26799999999999996,2.015720714781688
17.344371795654297,19.59000015258789,19.760000228881836,19.579999923706055,19.649999618530273,10100,0.359,2015-07-13,28,2015,13,Monday,0.5438,1.2838752665270876
17.583423614501953,19.860000610351562,19.8799991607666,19.770000457763672,19.790000915527344,4200,1.378,2015-07-14,28,2015,14,Tuesday,0.5438,1.2838752665270876
17.548009872436523,19.81999969482422,19.93000030517578,19.739999771118164,19.739999771118164,8800,-0.201,2015-07-15,28,2015,15,Wednesday,0.5438,1.2838752665270876
17.937570571899414,20.260000228881836,20.260000228881836,19.959999084472656,19.959999084472656,800,2.22,2015-07-16,28,2015,16,Thursday,0.5438,1.2838752665270876
17.751638412475586,20.049999237060547,20.09000015258789,19.850000381469727,20.09000015258789,17000,-1.037,2015-07-17,28,2015,17,Friday,0.5438,1.2838752665270876
17.034494400024414,19.239999771118164,19.549999237060547,19.239999771118164,19.549999237060547,1400,-4.04,2015-07-20,29,2015,20,Monday,-1.5648,1.5770496821596964
17.087614059448242,19.299999237060547,19.530000686645508,19.299999237060547,19.34000015258789,63600,0.312,2015-07-21,29,2015,21,Tuesday,-1.5648,1.5770496821596964
16.910541534423828,19.100000381469727,19.149999618530273,18.979999542236328,19.1200008392334,1200,-1.036,2015-07-22,29,2015,22,Wednesday,-1.5648,1.5770496821596964
16.636079788208008,18.790000915527344,19.010000228881836,18.770000457763672,19.010000228881836,6900,-1.623,2015-07-23,29,2015,23,Thursday,-1.5648,1.5770496821596964
16.397029876708984,18.520000457763672,18.829999923706055,18.389999389648438,18.829999923706055,4600,-1.437,2015-07-24,29,2015,24,Friday,-1.5648,1.5770496821596964
16.104854583740234,18.190000534057617,18.479999542236328,18.09000015258789,18.389999389648438,12000,-1.782,2015-07-27,30,2015,27,Monday,-0.20620000000000002,1.6536714304843025
16.184541702270508,18.280000686645508,18.31999969482422,18.270000457763672,18.299999237060547,2400,0.495,2015-07-28,30,2015,28,Tuesday,-0.20620000000000002,1.6536714304843025
16.565250396728516,18.709999084472656,18.709999084472656,18.579999923706055,18.579999923706055,85200,2.352,2015-07-29,30,2015,29,Wednesday,-0.20620000000000002,1.6536714304843025
16.397029876708984,18.520000457763672,18.610000610351562,18.520000457763672,18.59000015258789,1200,-1.016,2015-07-30,30,2015,30,Thursday,-0.20620000000000002,1.6536714304843025
16.219955444335938,18.31999969482422,18.469999313354492,18.280000686645508,18.459999084472656,2200,-1.08,2015-07-31,30,2015,31,Friday,-0.20620000000000002,1.6536714304843025
16.042879104614258,18.1200008392334,18.3700008392334,18.1200008392334,18.3700008392334,2500,-1.092,2015-08-03,31,2015,3,Monday,0.438,1.1444752072456617
16.184541702270508,18.280000686645508,18.280000686645508,18.209999084472656,18.280000686645508,600,0.883,2015-08-04,31,2015,4,Tuesday,0.438,1.1444752072456617
16.131420135498047,18.219999313354492,18.280000686645508,18.110000610351562,18.239999771118164,1600,-0.328,2015-08-05,31,2015,5,Wednesday,0.438,1.1444752072456617
16.42359161376953,18.549999237060547,18.559999465942383,18.059999465942383,18.209999084472656,3100,1.811,2015-08-06,31,2015,6,Thursday,0.438,1.1444752072456617
16.57410430908203,18.719999313354492,18.729999542236328,18.510000228881836,18.709999084472656,5300,0.916,2015-08-07,31,2015,7,Friday,0.438,1.1444752072456617
17.326669692993164,19.56999969482422,19.59000015258789,18.920000076293945,18.969999313354492,20200,4.541,2015-08-10,32,2015,10,Monday,0.36380000000000007,2.4909470488149683
17.158447265625,19.3799991607666,19.43000030517578,19.139999389648438,19.399999618530273,27900,-0.971,2015-08-11,32,2015,11,Tuesday,0.36380000000000007,2.4909470488149683
16.822004318237305,19.0,19.1299991607666,18.979999542236328,19.1299991607666,2500,-1.961,2015-08-12,32,2015,12,Wednesday,0.36380000000000007,2.4909470488149683
16.813154220581055,18.989999771118164,19.059999465942383,18.989999771118164,19.030000686645508,3000,-0.053,2015-08-13,32,2015,13,Thursday,0.36380000000000007,2.4909470488149683
16.857421875,19.040000915527344,19.100000381469727,18.959999084472656,19.079999923706055,7800,0.263,2015-08-14,32,2015,14,Friday,0.36380000000000007,2.4909470488149683
16.88398551940918,19.06999969482422,19.06999969482422,18.729999542236328,18.790000915527344,2200,0.158,2015-08-17,33,2015,17,Monday,-1.6346,1.0388819952237116
16.556394577026367,18.700000762939453,18.729999542236328,18.68000030517578,18.709999084472656,6100,-1.94,2015-08-18,33,2015,18,Tuesday,-1.6346,1.0388819952237116
16.264225006103516,18.3700008392334,18.709999084472656,18.1299991607666,18.700000762939453,15900,-1.765,2015-08-19,33,2015,19,Wednesday,-1.6346,1.0388819952237116
15.856955528259277,17.90999984741211,18.110000610351562,17.84000015258789,18.110000610351562,14300,-2.504,2015-08-20,33,2015,20,Thursday,-1.6346,1.0388819952237116
15.520513534545898,17.530000686645508,17.760000228881836,17.260000228881836,17.760000228881836,20400,-2.122,2015-08-21,33,2015,21,Friday,-1.6346,1.0388819952237116
14.6085844039917,16.5,16.68000030517578,16.0,16.68000030517578,13700,-5.876,2015-08-24,34,2015,24,Monday,0.5615999999999998,4.662121330467494
14.342974662780762,16.200000762939453,16.75,16.200000762939453,16.739999771118164,6200,-1.818,2015-08-25,34,2015,25,Tuesday,0.5615999999999998,4.662121330467494
14.68826675415039,16.59000015258789,16.670000076293945,16.59000015258789,16.65999984741211,700,2.407,2015-08-26,34,2015,26,Wednesday,0.5615999999999998,4.662121330467494
15.644463539123535,17.670000076293945,17.899999618530273,16.889999389648438,16.889999389648438,11600,6.51,2015-08-27,34,2015,27,Thursday,0.5615999999999998,4.662121330467494
15.892369270324707,17.950000762939453,18.059999465942383,17.59000015258789,17.59000015258789,6900,1.585,2015-08-28,34,2015,28,Friday,0.5615999999999998,4.662121330467494
15.972049713134766,18.040000915527344,18.100000381469727,17.639999389648438,17.639999389648438,1900,0.501,2015-08-31,35,2015,31,Monday,-0.14480000000000007,1.7142242268734857
15.502803802490234,17.510000228881836,17.739999771118164,17.510000228881836,17.690000534057617,4000,-2.938,2015-09-01,35,2015,1,Tuesday,-0.14480000000000007,1.7142242268734857
15.617902755737305,17.639999389648438,17.639999389648438,17.440000534057617,17.610000610351562,11200,0.742,2015-09-02,35,2015,2,Wednesday,-0.14480000000000007,1.7142242268734857
15.848098754882812,17.899999618530273,18.049999237060547,17.719999313354492,17.719999313354492,1700,1.474,2015-09-03,35,2015,3,Thursday,-0.14480000000000007,1.7142242268734857
15.768413543701172,17.809999465942383,17.809999465942383,17.6200008392334,17.6200008392334,2600,-0.503,2015-09-04,35,2015,4,Friday,-0.14480000000000007,1.7142242268734857
15.839245796203613,17.889999389648438,18.170000076293945,17.8700008392334,18.170000076293945,6900,0.449,2015-09-08,36,2015,8,Tuesday,0.11350000000000002,0.5980114268696433
15.856955528259277,17.90999984741211,18.280000686645508,17.829999923706055,18.18000030517578,18100,0.112,2015-09-09,36,2015,9,Wednesday,0.11350000000000002,0.5980114268696433
15.741853713989258,17.780000686645508,17.780000686645508,17.719999313354492,17.75,1700,-0.726,2015-09-10,36,2015,10,Thursday,0.11350000000000002,0.5980114268696433
15.839245796203613,17.889999389648438,17.889999389648438,17.719999313354492,17.729999542236328,2300,0.619,2015-09-11,36,2015,11,Friday,0.11350000000000002,0.5980114268696433
15.520513534545898,17.530000686645508,17.700000762939453,17.530000686645508,17.649999618530273,23500,-2.012,2015-09-14,37,2015,14,Monday,-0.491,2.0563890682455983
15.671026229858398,17.700000762939453,17.790000915527344,17.65999984741211,17.65999984741211,18900,0.97,2015-09-15,37,2015,15,Tuesday,-0.491,2.0563890682455983
15.724145889282227,17.760000228881836,18.010000228881836,17.760000228881836,17.950000762939453,27600,0.339,2015-09-16,37,2015,16,Wednesday,-0.491,2.0563890682455983
15.9631986618042,18.030000686645508,18.149999618530273,17.81999969482422,17.81999969482422,10700,1.52,2015-09-17,37,2015,17,Thursday,-0.491,2.0563890682455983
15.44083309173584,17.440000534057617,17.5,17.399999618530273,17.479999542236328,2500,-3.272,2015-09-18,37,2015,18,Friday,-0.491,2.0563890682455983
15.130949020385742,17.09000015258789,17.510000228881836,17.06999969482422,17.510000228881836,34700,-2.007,2015-09-21,38,2015,21,Monday,-1.3252000000000002,1.199712757288177
14.759095191955566,16.670000076293945,16.899999618530273,16.670000076293945,16.899999618530273,4600,-2.458,2015-09-22,38,2015,22,Tuesday,-1.3252000000000002,1.199712757288177
14.475778579711914,16.350000381469727,16.610000610351562,16.350000381469727,16.600000381469727,10800,-1.92,2015-09-23,38,2015,23,Wednesday,-1.3252000000000002,1.199712757288177
14.36953353881836,16.229999542236328,16.3700008392334,16.020000457763672,16.3700008392334,12700,-0.734,2015-09-24,38,2015,24,Thursday,-1.3252000000000002,1.199712757288177
14.440364837646484,16.309999465942383,16.3700008392334,16.309999465942383,16.309999465942383,1500,0.493,2015-09-25,38,2015,25,Friday,-1.3252000000000002,1.199712757288177
13.829458236694336,15.619999885559082,15.960000038146973,15.600000381469727,15.789999961853027,3700,-4.231,2015-09-28,39,2015,28,Monday,-0.19939999999999994,2.3466802722143467
13.91799545288086,15.720000267028809,16.049999237060547,15.6899995803833,15.729999542236328,12100,0.64,2015-09-29,39,2015,29,Tuesday,-0.19939999999999994,2.3466802722143467
14.12163257598877,15.949999809265137,15.949999809265137,15.949999809265137,15.949999809265137,100,1.463,2015-09-30,39,2015,30,Wednesday,-0.19939999999999994,2.3466802722143467
14.095069885253906,15.920000076293945,16.1200008392334,15.779999732971191,16.110000610351562,3500,-0.188,2015-10-01,39,2015,1,Thursday,-0.19939999999999994,2.3466802722143467
14.28099536895752,16.1299991607666,16.1299991607666,15.869999885559082,15.869999885559082,7300,1.319,2015-10-02,39,2015,2,Friday,-0.19939999999999994,2.3466802722143467
14.936171531677246,16.8700008392334,16.8700008392334,16.579999923706055,16.579999923706055,8600,4.588,2015-10-05,40,2015,5,Monday,1.8526,1.744174819219679
15.060124397277832,17.010000228881836,17.059999465942383,17.010000228881836,17.030000686645508,2000,0.83,2015-10-06,40,2015,6,Tuesday,1.8526,1.744174819219679
15.449684143066406,17.450000762939453,17.540000915527344,17.229999542236328,17.309999465942383,9900,2.587,2015-10-07,40,2015,7,Wednesday,1.8526,1.744174819219679
15.582487106323242,17.600000381469727,17.600000381469727,17.299999237060547,17.450000762939453,1600,0.86,2015-10-08,40,2015,8,Thursday,1.8526,1.744174819219679
15.644463539123535,17.670000076293945,17.90999984741211,17.65999984741211,17.690000534057617,9900,0.398,2015-10-09,40,2015,9,Friday,1.8526,1.744174819219679
15.777268409729004,17.81999969482422,17.81999969482422,17.81999969482422,17.81999969482422,400,0.849,2015-10-12,41,2015,12,Monday,0.19619999999999999,1.0370010607516273
15.547075271606445,17.559999465942383,17.729999542236328,17.559999465942383,17.600000381469727,4100,-1.459,2015-10-13,41,2015,13,Tuesday,0.19619999999999999,1.0370010607516273
15.591340065002441,17.610000610351562,17.610000610351562,17.610000610351562,17.610000610351562,200,0.285,2015-10-14,41,2015,14,Wednesday,0.19619999999999999,1.0370010607516273
15.600200653076172,17.6200008392334,17.65999984741211,17.59000015258789,17.65999984741211,2500,0.057,2015-10-15,41,2015,15,Thursday,0.19619999999999999,1.0370010607516273
15.794977188110352,17.84000015258789,17.90999984741211,17.6299991607666,17.649999618530273,8100,1.249,2015-10-16,41,2015,16,Friday,0.19619999999999999,1.0370010607516273
15.405417442321777,17.399999618530273,17.729999542236328,17.399999618530273,17.729999542236328,3200,-2.466,2015-10-19,42,2015,19,Monday,0.183,1.9513350558015403
15.423123359680176,17.420000076293945,17.56999969482422,17.420000076293945,17.56999969482422,500,0.115,2015-10-20,42,2015,20,Tuesday,0.183,1.9513350558015403
15.290316581726074,17.270000457763672,17.420000076293945,17.270000457763672,17.420000076293945,3400,-0.861,2015-10-21,42,2015,21,Wednesday,0.183,1.9513350558015403
15.582487106323242,17.600000381469727,17.600000381469727,17.260000228881836,17.260000228881836,1400,1.911,2015-10-22,42,2015,22,Thursday,0.183,1.9513350558015403
15.927783012390137,17.989999771118164,18.020000457763672,17.549999237060547,17.59000015258789,33900,2.216,2015-10-23,42,2015,23,Friday,0.183,1.9513350558015403
16.751176834106445,18.920000076293945,20.0,18.850000381469727,20.0,60700,5.17,2015-10-26,43,2015,26,Monday,2.1256,2.550515104836668
16.653785705566406,18.809999465942383,18.850000381469727,18.56999969482422,18.850000381469727,17700,-0.581,2015-10-27,43,2015,27,Tuesday,2.1256,2.550515104836668
17.370935440063477,19.6200008392334,19.93000030517578,18.84000015258789,18.8700008392334,57600,4.306,2015-10-28,43,2015,28,Wednesday,2.1256,2.550515104836668
17.370935440063477,19.6200008392334,20.100000381469727,19.610000610351562,19.889999389648438,31600,0.0,2015-10-29,43,2015,29,Thursday,2.1256,2.550515104836668
17.67196273803711,19.959999084472656,20.0,19.68000030517578,19.700000762939453,14000,1.733,2015-10-30,43,2015,30,Friday,2.1256,2.550515104836668
17.317808151245117,19.559999465942383,20.1200008392334,19.309999465942383,19.889999389648438,34100,-2.004,2015-11-02,44,2015,2,Monday,-0.5648,0.8421078909498474
17.30010414123535,19.540000915527344,19.600000381469727,19.1200008392334,19.600000381469727,24000,-0.102,2015-11-03,44,2015,3,Tuesday,-0.5648,0.8421078909498474
17.22041893005371,19.450000762939453,19.6200008392334,19.34000015258789,19.6200008392334,3200,-0.461,2015-11-04,44,2015,4,Wednesday,-0.5648,0.8421078909498474
17.24698257446289,19.479999542236328,19.6299991607666,19.450000762939453,19.5,8000,0.154,2015-11-05,44,2015,5,Thursday,-0.5648,0.8421078909498474
17.176156997680664,19.399999618530273,19.469999313354492,19.170000076293945,19.170000076293945,4900,-0.411,2015-11-06,44,2015,6,Friday,-0.5648,0.8421078909498474
17.043344497680664,19.25,19.450000762939453,19.190000534057617,19.450000762939453,4200,-0.773,2015-11-09,45,2015,9,Monday,-0.21600000000000003,0.5796477378546387
17.052202224731445,19.260000228881836,19.290000915527344,19.149999618530273,19.260000228881836,2500,0.052,2015-11-10,45,2015,10,Tuesday,-0.21600000000000003,0.5796477378546387
17.158447265625,19.3799991607666,19.3799991607666,19.25,19.299999237060547,5100,0.623,2015-11-11,45,2015,11,Wednesday,-0.21600000000000003,0.5796477378546387
17.034494400024414,19.239999771118164,19.360000610351562,19.190000534057617,19.190000534057617,28500,-0.722,2015-11-12,45,2015,12,Thursday,-0.21600000000000003,0.5796477378546387
16.99022102355957,19.190000534057617,19.209999084472656,18.969999313354492,19.079999923706055,10600,-0.26,2015-11-13,45,2015,13,Friday,-0.21600000000000003,0.5796477378546387
17.22041893005371,19.450000762939453,19.479999542236328,19.18000030517578,19.239999771118164,10400,1.355,2015-11-16,46,2015,16,Monday,0.564,1.358274272744647
16.99022102355957,19.190000534057617,19.510000228881836,19.190000534057617,19.489999771118164,17000,-1.337,2015-11-17,46,2015,17,Tuesday,0.564,1.358274272744647
17.202713012695312,19.43000030517578,19.43000030517578,19.200000762939453,19.25,8800,1.251,2015-11-18,46,2015,18,Wednesday,0.564,1.358274272744647
17.140737533569336,19.360000610351562,19.56999969482422,19.18000030517578,19.56999969482422,35700,-0.36,2015-11-19,46,2015,19,Thursday,0.564,1.358274272744647
17.468326568603516,19.729999542236328,19.860000610351562,19.469999313354492,19.549999237060547,86100,1.911,2015-11-20,46,2015,20,Friday,0.564,1.358274272744647
16.95481300354004,19.149999618530273,21.0,19.06999969482422,21.0,145100,-2.94,2015-11-23,47,2015,23,Monday,-1.3515,1.2781321006322728
16.910541534423828,19.100000381469727,19.389999389648438,19.079999923706055,19.389999389648438,27700,-0.261,2015-11-24,47,2015,24,Tuesday,-1.3515,1.2781321006322728
16.60066032409668,18.75,19.09000015258789,18.670000076293945,19.09000015258789,37000,-1.832,2015-11-25,47,2015,25,Wednesday,-1.3515,1.2781321006322728
16.538686752319336,18.68000030517578,19.15999984741211,18.68000030517578,18.8799991607666,18200,-0.373,2015-11-27,47,2015,27,Friday,-1.3515,1.2781321006322728
16.7246150970459,18.889999389648438,18.950000762939453,18.719999313354492,18.799999237060547,11600,1.124,2015-11-30,48,2015,30,Monday,-0.47119999999999995,1.0380080442848216
16.618371963500977,18.770000457763672,19.020000457763672,18.610000610351562,19.020000457763672,26100,-0.635,2015-12-01,48,2015,1,Tuesday,-0.47119999999999995,1.0380080442848216
16.35276222229004,18.469999313354492,18.719999313354492,18.440000534057617,18.700000762939453,17000,-1.598,2015-12-02,48,2015,2,Wednesday,-0.47119999999999995,1.0380080442848216
16.175689697265625,18.270000457763672,18.649999618530273,18.270000457763672,18.479999542236328,17800,-1.083,2015-12-03,48,2015,3,Thursday,-0.47119999999999995,1.0380080442848216
16.149127960205078,18.239999771118164,18.270000457763672,18.020000457763672,18.139999389648438,11300,-0.164,2015-12-04,48,2015,4,Friday,-0.47119999999999995,1.0380080442848216
15.724145889282227,17.760000228881836,18.200000762939453,17.649999618530273,18.15999984741211,57900,-2.632,2015-12-07,49,2015,7,Monday,-0.8009999999999999,1.7749923943499026
15.635611534118652,17.65999984741211,17.68000030517578,17.469999313354492,17.5,10600,-0.563,2015-12-08,49,2015,8,Tuesday,-0.8009999999999999,1.7749923943499026
15.81268310546875,17.860000610351562,18.1200008392334,17.6200008392334,17.6200008392334,22800,1.132,2015-12-09,49,2015,9,Wednesday,-0.8009999999999999,1.7749923943499026
15.918929100036621,17.979999542236328,18.079999923706055,17.920000076293945,17.989999771118164,3700,0.672,2015-12-10,49,2015,10,Thursday,-0.8009999999999999,1.7749923943499026
15.502803802490234,17.510000228881836,17.770000457763672,17.459999084472656,17.760000228881836,17300,-2.614,2015-12-11,49,2015,11,Friday,-0.8009999999999999,1.7749923943499026
15.26375675201416,17.239999771118164,17.649999618530273,17.200000762939453,17.649999618530273,22400,-1.542,2015-12-14,50,2015,14,Monday,0.0742,2.077362077250858
15.768413543701172,17.809999465942383,17.829999923706055,17.559999465942383,17.559999465942383,5200,3.306,2015-12-15,50,2015,15,Tuesday,0.0742,2.077362077250858
15.821537971496582,17.8700008392334,17.889999389648438,17.520000457763672,17.809999465942383,34200,0.337,2015-12-16,50,2015,16,Wednesday,0.0742,2.077362077250858
15.856955528259277,17.90999984741211,17.989999771118164,17.739999771118164,17.760000228881836,57400,0.224,2015-12-17,50,2015,17,Thursday,0.0742,2.077362077250858
15.547075271606445,17.559999465942383,18.110000610351562,17.3799991607666,17.920000076293945,58000,-1.954,2015-12-18,50,2015,18,Friday,0.0742,2.077362077250858
15.547075271606445,17.559999465942383,17.84000015258789,17.540000915527344,17.84000015258789,17500,0.0,2015-12-21,51,2015,21,Monday,1.1395,1.2270986105444013
15.95434856414795,18.020000457763672,18.020000457763672,17.809999465942383,18.0,31600,2.62,2015-12-22,51,2015,22,Tuesday,1.1395,1.2270986105444013
16.219955444335938,18.31999969482422,18.350000381469727,18.020000457763672,18.020000457763672,25400,1.665,2015-12-23,51,2015,23,Wednesday,1.1395,1.2270986105444013
16.264225006103516,18.3700008392334,18.450000762939453,18.280000686645508,18.280000686645508,15700,0.273,2015-12-24,51,2015,24,Thursday,1.1395,1.2270986105444013
16.24651336669922,18.350000381469727,18.3700008392334,17.920000076293945,18.239999771118164,20600,-0.109,2015-12-28,52,2015,28,Monday,-0.1775,0.2374777182530325
16.26527214050293,18.209999084472656,18.299999237060547,18.110000610351562,18.299999237060547,7000,0.115,2015-12-29,52,2015,29,Tuesday,-0.1775,0.2374777182530325
16.22061538696289,18.15999984741211,18.25,18.110000610351562,18.15999984741211,23200,-0.275,2015-12-30,52,2015,30,Wednesday,-0.1775,0.2374777182530325
16.149154663085938,18.079999923706055,18.18000030517578,17.969999313354492,18.1299991607666,39300,-0.441,2015-12-31,52,2015,31,Thursday,-0.1775,0.2374777182530325
15.899059295654297,17.799999237060547,17.969999313354492,17.520000457763672,17.90999984741211,62100,-1.549,2016-01-04,01,2016,4,Monday,-1.4426,0.9342255081081869
15.92585563659668,17.829999923706055,17.860000610351562,17.649999618530273,17.68000030517578,19400,0.169,2016-01-05,01,2016,5,Tuesday,-1.4426,0.9342255081081869
15.64896011352539,17.520000457763672,17.549999237060547,17.3700008392334,17.540000915527344,9400,-1.739,2016-01-06,01,2016,6,Wednesday,-1.4426,0.9342255081081869
15.300607681274414,17.1299991607666,17.290000915527344,17.0,17.219999313354492,32600,-2.226,2016-01-07,01,2016,7,Thursday,-1.4426,0.9342255081081869
15.01478385925293,16.809999465942383,17.1299991607666,16.799999237060547,17.100000381469727,28100,-1.868,2016-01-08,01,2016,8,Friday,-1.4426,0.9342255081081869
14.961194038391113,16.75,16.920000076293945,16.549999237060547,16.899999618530273,17800,-0.357,2016-01-11,02,2016,11,Monday,-0.8248000000000001,1.5647045088450409
15.05051040649414,16.850000381469727,17.020000457763672,16.600000381469727,16.84000015258789,7800,0.597,2016-01-12,02,2016,12,Tuesday,-0.8248000000000001,1.5647045088450409
14.871871948242188,16.649999618530273,17.0,16.450000762939453,17.0,177900,-1.187,2016-01-13,02,2016,13,Wednesday,-0.8248000000000001,1.5647045088450409
14.898672103881836,16.68000030517578,16.770000457763672,16.299999237060547,16.670000076293945,49900,0.18,2016-01-14,02,2016,14,Thursday,-0.8248000000000001,1.5647045088450409
14.398475646972656,16.1200008392334,16.270000457763672,15.84000015258789,16.190000534057617,55200,-3.357,2016-01-15,02,2016,15,Friday,-0.8248000000000001,1.5647045088450409
14.228765487670898,15.930000305175781,16.170000076293945,15.779999732971191,16.1200008392334,49200,-1.179,2016-01-19,03,2016,19,Tuesday,0.5662499999999999,2.733185123014295
13.960803031921387,15.630000114440918,15.630000114440918,15.069999694824219,15.630000114440918,20800,-1.883,2016-01-20,03,2016,20,Wednesday,0.5662499999999999,2.733185123014295
14.12158203125,15.8100004196167,15.84000015258789,15.329999923706055,15.649999618530273,9800,1.152,2016-01-21,03,2016,21,Thursday,0.5662499999999999,2.733185123014295
14.711094856262207,16.469999313354492,16.469999313354492,16.030000686645508,16.030000686645508,12300,4.175,2016-01-22,03,2016,22,Friday,0.5662499999999999,2.733185123014295
14.407403945922852,16.1299991607666,16.450000762939453,16.1299991607666,16.440000534057617,6200,-2.064,2016-01-25,04,2016,25,Monday,0.827,1.903977809744641
14.74682331085205,16.510000228881836,16.540000915527344,16.15999984741211,16.299999237060547,9500,2.356,2016-01-26,04,2016,26,Tuesday,0.827,1.903977809744641
14.728960037231445,16.489999771118164,16.739999771118164,16.360000610351562,16.479999542236328,9000,-0.121,2016-01-27,04,2016,27,Wednesday,0.827,1.903977809744641
14.970124244689941,16.760000228881836,16.8700008392334,16.700000762939453,16.770000457763672,7400,1.637,2016-01-28,04,2016,28,Thursday,0.827,1.903977809744641
15.318475723266602,17.149999618530273,17.149999618530273,16.889999389648438,16.93000030517578,27500,2.327,2016-01-29,04,2016,29,Friday,0.827,1.903977809744641
15.3452730178833,17.18000030517578,17.290000915527344,16.959999084472656,17.15999984741211,25400,0.175,2016-02-01,05,2016,1,Monday,-0.0012000000000000678,2.3657154731708543
14.916531562805176,16.700000762939453,17.010000228881836,16.700000762939453,17.010000228881836,8900,-2.794,2016-02-02,05,2016,2,Tuesday,-0.0012000000000000678,2.3657154731708543
14.845075607299805,16.6200008392334,16.90999984741211,16.530000686645508,16.860000610351562,7200,-0.479,2016-02-03,05,2016,3,Wednesday,-0.0012000000000000678,2.3657154731708543
15.3988618850708,17.239999771118164,17.299999237060547,16.829999923706055,16.979999542236328,36900,3.73,2016-02-04,05,2016,4,Thursday,-0.0012000000000000678,2.3657154731708543
15.300607681274414,17.1299991607666,17.239999771118164,17.040000915527344,17.239999771118164,15300,-0.638,2016-02-05,05,2016,5,Friday,-0.0012000000000000678,2.3657154731708543
15.07730770111084,16.8799991607666,17.110000610351562,16.639999389648438,17.110000610351562,31800,-1.459,2016-02-08,06,2016,8,Monday,-0.40359999999999996,1.449087229948563
14.862940788269043,16.639999389648438,16.729999542236328,16.5,16.68000030517578,17000,-1.422,2016-02-09,06,2016,9,Tuesday,-0.40359999999999996,1.449087229948563
14.943325996398926,16.729999542236328,16.729999542236328,16.520000457763672,16.530000686645508,2200,0.541,2016-02-10,06,2016,10,Wednesday,-0.40359999999999996,1.449087229948563
14.737892150878906,16.5,16.520000457763672,16.25,16.510000228881836,10400,-1.375,2016-02-11,06,2016,11,Thursday,-0.40359999999999996,1.449087229948563
14.987990379333496,16.780000686645508,16.940000534057617,16.43000030517578,16.43000030517578,27000,1.697,2016-02-12,06,2016,12,Friday,-0.40359999999999996,1.449087229948563
15.380998611450195,17.219999313354492,17.219999313354492,16.860000610351562,17.059999465942383,11100,2.622,2016-02-16,07,2016,16,Tuesday,1.38125,1.5859660305315495
15.800806999206543,17.690000534057617,17.809999465942383,17.329999923706055,17.329999923706055,157400,2.729,2016-02-17,07,2016,17,Wednesday,1.38125,1.5859660305315495
15.916919708251953,17.81999969482422,17.81999969482422,17.649999618530273,17.709999084472656,14800,0.735,2016-02-18,07,2016,18,Thursday,1.38125,1.5859660305315495
15.827607154846191,17.719999313354492,17.719999313354492,17.549999237060547,17.56999969482422,17600,-0.561,2016-02-19,07,2016,19,Friday,1.38125,1.5859660305315495
16.184886932373047,18.1200008392334,18.329999923706055,17.790000915527344,17.790000915527344,21700,2.257,2016-02-22,08,2016,22,Monday,0.9172,1.456497064878608
15.97944450378418,17.889999389648438,18.09000015258789,17.719999313354492,18.09000015258789,125500,-1.269,2016-02-23,08,2016,23,Tuesday,0.9172,1.456497064878608
16.175952911376953,18.110000610351562,18.1200008392334,17.540000915527344,17.670000076293945,12800,1.23,2016-02-24,08,2016,24,Wednesday,0.9172,1.456497064878608
16.515371322631836,18.489999771118164,18.489999771118164,18.049999237060547,18.139999389648438,127700,2.098,2016-02-25,08,2016,25,Thursday,0.9172,1.456497064878608
16.56003189086914,18.540000915527344,18.81999969482422,18.5,18.6200008392334,26400,0.27,2016-02-26,08,2016,26,Friday,0.9172,1.456497064878608
16.533233642578125,18.510000228881836,18.920000076293945,18.350000381469727,18.530000686645508,93300,-0.162,2016-02-29,09,2016,29,Monday,0.5237999999999999,0.45121524796930346
16.604690551757812,18.59000015258789,18.739999771118164,18.510000228881836,18.719999313354492,85400,0.432,2016-03-01,09,2016,1,Tuesday,0.5237999999999999,0.45121524796930346
16.78333282470703,18.790000915527344,18.84000015258789,18.520000457763672,18.610000610351562,82600,1.076,2016-03-02,09,2016,2,Wednesday,0.5237999999999999,0.45121524796930346
16.8815860748291,18.899999618530273,18.989999771118164,18.809999465942383,18.889999389648438,262000,0.585,2016-03-03,09,2016,3,Thursday,0.5237999999999999,0.45121524796930346
16.997703552246094,19.030000686645508,19.219999313354492,18.90999984741211,19.149999618530273,92700,0.688,2016-03-04,09,2016,4,Friday,0.5237999999999999,0.45121524796930346
16.961977005004883,18.989999771118164,19.1200008392334,18.8799991607666,18.899999618530273,74700,-0.21,2016-03-07,10,2016,7,Monday,-0.0702,0.945323066469871
16.765470504760742,18.770000457763672,18.90999984741211,18.6200008392334,18.889999389648438,181200,-1.159,2016-03-08,10,2016,8,Tuesday,-0.0702,0.945323066469871
16.872655868530273,18.889999389648438,18.969999313354492,18.739999771118164,18.8700008392334,135600,0.639,2016-03-09,10,2016,9,Wednesday,-0.0702,0.945323066469871
16.74760627746582,18.75,19.010000228881836,18.649999618530273,19.010000228881836,13300,-0.741,2016-03-10,10,2016,10,Thursday,-0.0702,0.945323066469871
16.9351806640625,18.959999084472656,19.030000686645508,18.8799991607666,18.8799991607666,82100,1.12,2016-03-11,10,2016,11,Friday,-0.0702,0.945323066469871
16.89944839477539,18.920000076293945,19.049999237060547,18.809999465942383,19.0,68900,-0.211,2016-03-14,11,2016,14,Monday,0.2464,1.1253596314067784
16.702945709228516,18.700000762939453,18.700000762939453,18.510000228881836,18.700000762939453,29900,-1.163,2016-03-15,11,2016,15,Tuesday,0.2464,1.1253596314067784
17.015565872192383,19.049999237060547,19.049999237060547,18.6200008392334,18.65999984741211,40300,1.872,2016-03-16,11,2016,16,Wednesday,0.2464,1.1253596314067784
17.131683349609375,19.18000030517578,19.290000915527344,18.969999313354492,19.139999389648438,27400,0.682,2016-03-17,11,2016,17,Thursday,0.2464,1.1253596314067784
17.140613555908203,19.190000534057617,19.329999923706055,19.079999923706055,19.280000686645508,48100,0.052,2016-03-18,11,2016,18,Friday,0.2464,1.1253596314067784
17.229938507080078,19.290000915527344,19.479999542236328,19.139999389648438,19.290000915527344,65600,0.521,2016-03-21,12,2016,21,Monday,-0.2565,1.153632090399708
17.247802734375,19.309999465942383,19.420000076293945,19.18000030517578,19.229999542236328,26500,0.104,2016-03-22,12,2016,22,Tuesday,-0.2565,1.153632090399708
16.908384323120117,18.93000030517578,19.200000762939453,18.90999984741211,19.200000762939453,59300,-1.968,2016-03-23,12,2016,23,Wednesday,-0.2565,1.153632090399708
16.961977005004883,18.989999771118164,19.020000457763672,18.729999542236328,18.920000076293945,26600,0.317,2016-03-24,12,2016,24,Thursday,-0.2565,1.153632090399708
16.961977005004883,18.989999771118164,19.170000076293945,18.889999389648438,19.149999618530273,13400,0.0,2016-03-28,13,2016,28,Monday,0.2222,0.6807585475041794
16.988765716552734,19.020000457763672,19.209999084472656,18.739999771118164,18.889999389648438,26100,0.158,2016-03-29,13,2016,29,Tuesday,0.2222,0.6807585475041794
17.203136444091797,19.260000228881836,19.440000534057617,19.190000534057617,19.309999465942383,58800,1.262,2016-03-30,13,2016,30,Wednesday,0.2222,0.6807585475041794
17.256729125976562,19.31999969482422,19.440000534057617,19.280000686645508,19.31999969482422,44000,0.312,2016-03-31,13,2016,31,Thursday,0.2222,0.6807585475041794
17.14954948425293,19.200000762939453,19.280000686645508,19.0,19.100000381469727,61700,-0.621,2016-04-01,13,2016,1,Friday,0.2222,0.6807585475041794
17.05129051208496,19.09000015258789,19.290000915527344,19.0,19.290000915527344,60600,-0.573,2016-04-04,14,2016,4,Monday,-0.3228,1.7986949991591126
16.729738235473633,18.729999542236328,18.93000030517578,18.65999984741211,18.770000457763672,27600,-1.886,2016-04-05,14,2016,5,Tuesday,-0.3228,1.7986949991591126
16.68507957458496,18.68000030517578,18.850000381469727,18.65999984741211,18.850000381469727,15300,-0.267,2016-04-06,14,2016,6,Wednesday,-0.3228,1.7986949991591126
16.42605209350586,18.389999389648438,18.780000686645508,18.3700008392334,18.649999618530273,39100,-1.552,2016-04-07,14,2016,7,Thursday,-0.3228,1.7986949991591126
16.86372184753418,18.8799991607666,18.8799991607666,18.670000076293945,18.709999084472656,13200,2.664,2016-04-08,14,2016,8,Friday,-0.3228,1.7986949991591126
16.970905303955078,19.0,19.280000686645508,18.989999771118164,19.010000228881836,17700,0.636,2016-04-11,15,2016,11,Monday,1.3868,1.2146238924045583
17.48896598815918,19.579999923706055,19.579999923706055,19.139999389648438,19.139999389648438,36700,3.053,2016-04-12,15,2016,12,Tuesday,1.3868,1.2146238924045583
17.88197898864746,20.020000457763672,20.110000610351562,19.649999618530273,19.75,68600,2.247,2016-04-13,15,2016,13,Wednesday,1.3868,1.2146238924045583
18.03382110595703,20.190000534057617,20.200000762939453,19.979999542236328,20.110000610351562,41800,0.849,2016-04-14,15,2016,14,Thursday,1.3868,1.2146238924045583
18.060619354248047,20.219999313354492,20.420000076293945,20.190000534057617,20.25,41900,0.149,2016-04-15,15,2016,15,Friday,1.3868,1.2146238924045583
18.19459342956543,20.3700008392334,20.450000762939453,20.06999969482422,20.229999542236328,52000,0.742,2016-04-18,16,2016,18,Monday,0.6748,1.6813636429993366
18.819841384887695,21.06999969482422,21.06999969482422,20.610000610351562,20.6299991607666,83900,3.436,2016-04-19,16,2016,19,Tuesday,0.6748,1.6813636429993366
18.90022850036621,21.15999984741211,21.31999969482422,21.049999237060547,21.09000015258789,86200,0.427,2016-04-20,16,2016,20,Wednesday,0.6748,1.6813636429993366
18.855571746826172,21.110000610351562,21.270000457763672,21.06999969482422,21.260000228881836,59100,-0.236,2016-04-21,16,2016,21,Thursday,0.6748,1.6813636429993366
18.667997360229492,20.899999618530273,21.18000030517578,20.899999618530273,21.06999969482422,91100,-0.995,2016-04-22,16,2016,22,Friday,0.6748,1.6813636429993366
18.185665130615234,20.360000610351562,20.93000030517578,20.34000015258789,20.93000030517578,259500,-2.584,2016-04-25,17,2016,25,Monday,-0.1436,1.561600557120802
18.480426788330078,20.690000534057617,20.739999771118164,20.389999389648438,20.6200008392334,285600,1.621,2016-04-26,17,2016,26,Tuesday,-0.1436,1.561600557120802
18.60546875,20.829999923706055,20.850000381469727,20.6200008392334,20.6200008392334,31400,0.677,2016-04-27,17,2016,27,Wednesday,-0.1436,1.561600557120802
18.56081199645996,20.780000686645508,20.899999618530273,20.6200008392334,20.729999542236328,108300,-0.24,2016-04-28,17,2016,28,Thursday,-0.1436,1.561600557120802
18.525087356567383,20.739999771118164,20.950000762939453,20.649999618530273,20.780000686645508,38900,-0.192,2016-04-29,17,2016,29,Friday,-0.1436,1.561600557120802
18.426830291748047,20.6299991607666,20.719999313354492,20.549999237060547,20.670000076293945,35900,-0.53,2016-05-02,18,2016,2,Monday,-0.24360000000000004,1.434676374657365
17.971298217773438,20.1200008392334,20.440000534057617,20.020000457763672,20.40999984741211,209800,-2.472,2016-05-03,18,2016,3,Tuesday,-0.24360000000000004,1.434676374657365
17.926631927490234,20.06999969482422,20.200000762939453,19.860000610351562,19.950000762939453,50900,-0.249,2016-05-04,18,2016,4,Wednesday,-0.24360000000000004,1.434676374657365
18.09634780883789,20.260000228881836,20.290000915527344,20.040000915527344,20.040000915527344,482900,0.947,2016-05-05,18,2016,5,Thursday,-0.24360000000000004,1.434676374657365
18.292850494384766,20.479999542236328,20.56999969482422,20.219999313354492,20.229999542236328,39600,1.086,2016-05-06,18,2016,6,Friday,-0.24360000000000004,1.434676374657365
18.051685333251953,20.209999084472656,20.43000030517578,20.100000381469727,20.360000610351562,82200,-1.318,2016-05-09,19,2016,9,Monday,0.03260000000000005,1.809041265422102
18.507219314575195,20.719999313354492,20.739999771118164,20.229999542236328,20.280000686645508,487200,2.523,2016-05-10,19,2016,10,Tuesday,0.03260000000000005,1.809041265422102
18.587608337402344,20.809999465942383,20.899999618530273,20.520000457763672,20.770000457763672,55400,0.434,2016-05-11,19,2016,11,Wednesday,0.03260000000000005,1.809041265422102
18.70372200012207,20.940000534057617,20.969999313354492,20.709999084472656,20.850000381469727,15000,0.625,2016-05-12,19,2016,12,Thursday,0.03260000000000005,1.809041265422102
18.310714721679688,20.5,20.93000030517578,20.5,20.799999237060547,50900,-2.101,2016-05-13,19,2016,13,Friday,0.03260000000000005,1.809041265422102
18.239259719848633,20.420000076293945,20.75,20.420000076293945,20.729999542236328,232000,-0.39,2016-05-16,20,2016,16,Monday,-0.07520000000000002,0.8604343089393868
18.266054153442383,20.450000762939453,20.709999084472656,20.450000762939453,20.510000228881836,125300,0.147,2016-05-17,20,2016,17,Tuesday,-0.07520000000000002,0.8604343089393868
18.239259719848633,20.420000076293945,20.56999969482422,20.239999771118164,20.520000457763672,18800,-0.147,2016-05-18,20,2016,18,Wednesday,-0.07520000000000002,0.8604343089393868
18.024892807006836,20.18000030517578,20.260000228881836,19.770000457763672,20.18000030517578,48400,-1.175,2016-05-19,20,2016,19,Thursday,-0.07520000000000002,0.8604343089393868
18.239259719848633,20.420000076293945,20.469999313354492,20.18000030517578,20.3700008392334,22900,1.189,2016-05-20,20,2016,20,Friday,-0.07520000000000002,0.8604343089393868
18.257118225097656,20.440000534057617,20.6200008392334,20.40999984741211,20.43000030517578,34300,0.098,2016-05-23,21,2016,23,Monday,0.4468,0.3167202235412194
18.337512969970703,20.530000686645508,20.68000030517578,20.469999313354492,20.639999389648438,33000,0.44,2016-05-24,21,2016,24,Tuesday,0.4468,0.3167202235412194
18.453630447387695,20.65999984741211,20.709999084472656,20.549999237060547,20.690000534057617,38300,0.633,2016-05-25,21,2016,25,Wednesday,0.4468,0.3167202235412194
18.614408493041992,20.84000015258789,20.8700008392334,20.6200008392334,20.75,82900,0.871,2016-05-26,21,2016,26,Thursday,0.4468,0.3167202235412194
18.650129318237305,20.8799991607666,20.889999389648438,20.709999084472656,20.860000610351562,11700,0.192,2016-05-27,21,2016,27,Friday,0.4468,0.3167202235412194
18.57867431640625,20.799999237060547,20.950000762939453,20.790000915527344,20.889999389648438,82600,-0.383,2016-05-31,22,2016,31,Tuesday,0.40750000000000003,0.8413879406472776
18.542943954467773,20.760000228881836,20.770000457763672,20.5,20.709999084472656,6900,-0.192,2016-06-01,22,2016,1,Wednesday,0.40750000000000003,0.8413879406472776
18.801979064941406,21.049999237060547,21.079999923706055,20.649999618530273,20.84000015258789,47400,1.397,2016-06-02,22,2016,2,Thursday,0.40750000000000003,0.8413879406472776
18.953819274902344,21.219999313354492,21.219999313354492,21.049999237060547,21.18000030517578,55900,0.808,2016-06-03,22,2016,3,Friday,0.40750000000000003,0.8413879406472776
19.266443252563477,21.56999969482422,21.690000534057617,21.399999618530273,21.40999984741211,35200,1.649,2016-06-06,23,2016,6,Monday,0.43359999999999993,1.7913646474126925
19.775569915771484,22.139999389648438,22.170000076293945,21.670000076293945,21.75,51600,2.643,2016-06-07,23,2016,7,Tuesday,0.43359999999999993,1.7913646474126925
19.864891052246094,22.239999771118164,22.43000030517578,22.200000762939453,22.229999542236328,149200,0.452,2016-06-08,23,2016,8,Wednesday,0.43359999999999993,1.7913646474126925
19.71304702758789,22.06999969482422,22.1299991607666,21.84000015258789,22.030000686645508,31100,-0.764,2016-06-09,23,2016,9,Thursday,0.43359999999999993,1.7913646474126925
19.35576820373535,21.670000076293945,21.90999984741211,21.56999969482422,21.90999984741211,29100,-1.812,2016-06-10,23,2016,10,Friday,0.43359999999999993,1.7913646474126925
19.132469177246094,21.420000076293945,21.739999771118164,21.399999618530273,21.600000381469727,30200,-1.154,2016-06-13,24,2016,13,Monday,0.27080000000000004,1.0842645894798926
19.186052322387695,21.479999542236328,21.6200008392334,21.25,21.420000076293945,34300,0.28,2016-06-14,24,2016,14,Tuesday,0.27080000000000004,1.0842645894798926
19.38256072998047,21.700000762939453,21.81999969482422,21.440000534057617,21.56999969482422,47600,1.024,2016-06-15,24,2016,15,Wednesday,0.27080000000000004,1.0842645894798926
19.311107635498047,21.6200008392334,21.68000030517578,21.25,21.510000228881836,158400,-0.369,2016-06-16,24,2016,16,Thursday,0.27080000000000004,1.0842645894798926
19.61479377746582,21.959999084472656,21.969999313354492,21.6200008392334,21.6200008392334,41500,1.573,2016-06-17,24,2016,17,Friday,0.27080000000000004,1.0842645894798926
19.829164505004883,22.200000762939453,22.31999969482422,22.0,22.040000915527344,37600,1.093,2016-06-20,25,2016,20,Monday,-0.5938000000000001,2.4150558378637954
19.66838836669922,22.020000457763672,22.290000915527344,21.93000030517578,22.290000915527344,42900,-0.811,2016-06-21,25,2016,21,Tuesday,-0.5938000000000001,2.4150558378637954
19.766639709472656,22.1299991607666,22.350000381469727,22.09000015258789,22.139999389648438,78700,0.5,2016-06-22,25,2016,22,Wednesday,-0.5938000000000001,2.4150558378637954
19.9542179107666,22.34000015258789,22.559999465942383,22.280000686645508,22.43000030517578,54900,0.949,2016-06-23,25,2016,23,Thursday,-0.5938000000000001,2.4150558378637954
19.016347885131836,21.290000915527344,21.770000457763672,21.030000686645508,21.350000381469727,71100,-4.7,2016-06-24,25,2016,24,Friday,-0.5938000000000001,2.4150558378637954
18.516149520874023,20.729999542236328,21.299999237060547,20.59000015258789,21.149999618530273,79500,-2.63,2016-06-27,26,2016,27,Monday,1.0714000000000001,2.3735509895513096
19.132469177246094,21.420000076293945,21.559999465942383,21.049999237060547,21.09000015258789,437400,3.329,2016-06-28,26,2016,28,Tuesday,1.0714000000000001,2.3735509895513096
19.695180892944336,22.049999237060547,22.200000762939453,21.739999771118164,21.809999465942383,44300,2.941,2016-06-29,26,2016,29,Wednesday,1.0714000000000001,2.3735509895513096
19.918479919433594,22.299999237060547,22.309999465942383,22.020000457763672,22.110000610351562,447800,1.134,2016-06-30,26,2016,30,Thursday,1.0714000000000001,2.3735509895513096
20.034605026245117,22.43000030517578,22.530000686645508,22.299999237060547,22.399999618530273,148500,0.583,2016-07-01,26,2016,1,Friday,1.0714000000000001,2.3735509895513096
19.9542179107666,22.34000015258789,22.479999542236328,22.1200008392334,22.459999084472656,53400,-0.401,2016-07-05,27,2016,5,Tuesday,0.18449999999999994,1.3406977039337888
19.900617599487305,22.280000686645508,22.280000686645508,21.989999771118164,22.170000076293945,37800,-0.269,2016-07-06,27,2016,6,Wednesday,0.18449999999999994,1.3406977039337888
19.748775482177734,22.110000610351562,22.40999984741211,22.079999923706055,22.260000228881836,77900,-0.763,2016-07-07,27,2016,7,Thursday,0.18449999999999994,1.3406977039337888
20.17751121520996,22.59000015258789,22.690000534057617,22.290000915527344,22.290000915527344,18700,2.171,2016-07-08,27,2016,8,Friday,0.18449999999999994,1.3406977039337888
20.24896812438965,22.670000076293945,22.75,22.5,22.600000381469727,92400,0.354,2016-07-11,28,2016,11,Monday,0.3098000000000001,0.7025657976303714
20.499067306518555,22.950000762939453,23.040000915527344,22.799999237060547,23.030000686645508,38900,1.235,2016-07-12,28,2016,12,Tuesday,0.3098000000000001,0.7025657976303714
20.481203079223633,22.93000030517578,23.049999237060547,22.719999313354492,23.030000686645508,37000,-0.087,2016-07-13,28,2016,13,Wednesday,0.3098000000000001,0.7025657976303714
20.615184783935547,23.079999923706055,23.100000381469727,22.989999771118164,23.079999923706055,35100,0.654,2016-07-14,28,2016,14,Thursday,0.3098000000000001,0.7025657976303714
20.490137100219727,22.940000534057617,23.18000030517578,22.84000015258789,23.18000030517578,11100,-0.607,2016-07-15,28,2016,15,Friday,0.3098000000000001,0.7025657976303714
20.525861740112305,22.979999542236328,23.010000228881836,22.809999465942383,22.809999465942383,8200,0.174,2016-07-18,29,2016,18,Monday,-0.08640000000000003,0.5049299951478422
20.365083694458008,22.799999237060547,22.950000762939453,22.68000030517578,22.90999984741211,18000,-0.783,2016-07-19,29,2016,19,Tuesday,-0.08640000000000003,0.5049299951478422
20.311494827270508,22.739999771118164,22.770000457763672,22.31999969482422,22.729999542236328,22800,-0.263,2016-07-20,29,2016,20,Wednesday,-0.08640000000000003,0.5049299951478422
20.28470230102539,22.709999084472656,22.8799991607666,22.6200008392334,22.65999984741211,80800,-0.132,2016-07-21,29,2016,21,Thursday,-0.08640000000000003,0.5049299951478422
20.400819778442383,22.84000015258789,22.84000015258789,22.610000610351562,22.709999084472656,23600,0.572,2016-07-22,29,2016,22,Friday,-0.08640000000000003,0.5049299951478422
20.070331573486328,22.469999313354492,22.760000228881836,22.31999969482422,22.760000228881836,29100,-1.62,2016-07-25,30,2016,25,Monday,-0.21540000000000004,1.0412902093076646
20.114990234375,22.520000457763672,22.6299991607666,22.3700008392334,22.549999237060547,7400,0.223,2016-07-26,30,2016,26,Tuesday,-0.21540000000000004,1.0412902093076646
19.998878479003906,22.389999389648438,22.489999771118164,22.170000076293945,22.389999389648438,15400,-0.577,2016-07-27,30,2016,27,Wednesday,-0.21540000000000004,1.0412902093076646
19.936349868774414,22.31999969482422,22.399999618530273,22.18000030517578,22.399999618530273,32500,-0.313,2016-07-28,30,2016,28,Thursday,-0.21540000000000004,1.0412902093076646
20.17751121520996,22.59000015258789,22.649999618530273,22.260000228881836,22.260000228881836,15900,1.21,2016-07-29,30,2016,29,Friday,-0.21540000000000004,1.0412902093076646
19.96314239501953,22.350000381469727,22.649999618530273,22.219999313354492,22.649999618530273,28200,-1.062,2016-08-01,31,2016,1,Monday,0.251,1.0192497240617728
19.891691207885742,22.270000457763672,22.350000381469727,22.040000915527344,22.219999313354492,40200,-0.358,2016-08-02,31,2016,2,Tuesday,0.251,1.0192497240617728
19.92741584777832,22.309999465942383,22.399999618530273,22.170000076293945,22.170000076293945,12700,0.18,2016-08-03,31,2016,3,Wednesday,0.251,1.0192497240617728
20.213239669799805,22.6299991607666,22.639999389648438,22.3700008392334,22.399999618530273,14400,1.434,2016-08-04,31,2016,4,Thursday,0.251,1.0192497240617728
20.4276123046875,22.8700008392334,22.950000762939453,22.670000076293945,22.68000030517578,37000,1.061,2016-08-05,31,2016,5,Friday,0.251,1.0192497240617728
20.54372787475586,23.0,23.100000381469727,22.889999389648438,22.90999984741211,10100,0.568,2016-08-08,32,2016,8,Monday,0.21080000000000002,0.7012843217982275
20.525861740112305,22.979999542236328,23.149999618530273,22.889999389648438,23.0,36300,-0.087,2016-08-09,32,2016,9,Tuesday,0.21080000000000002,0.7012843217982275
20.54372787475586,23.0,23.260000228881836,22.81999969482422,23.030000686645508,20900,0.087,2016-08-10,32,2016,10,Wednesday,0.21080000000000002,0.7012843217982275
20.784896850585938,23.270000457763672,23.309999465942383,22.84000015258789,23.25,19900,1.174,2016-08-11,32,2016,11,Thursday,0.21080000000000002,0.7012843217982275
20.641979217529297,23.110000610351562,23.389999389648438,23.100000381469727,23.389999389648438,9600,-0.688,2016-08-12,32,2016,12,Friday,0.21080000000000002,0.7012843217982275
20.650920867919922,23.1200008392334,23.290000915527344,23.09000015258789,23.219999313354492,15600,0.043,2016-08-15,33,2016,15,Monday,-0.16180000000000003,0.8861699611248398
20.6866397857666,23.15999984741211,23.31999969482422,23.1299991607666,23.15999984741211,21500,0.173,2016-08-16,33,2016,16,Tuesday,-0.16180000000000003,0.8861699611248398
20.570526123046875,23.030000686645508,23.239999771118164,22.84000015258789,23.0,8600,-0.561,2016-08-17,33,2016,17,Wednesday,-0.16180000000000003,0.8861699611248398
20.767026901245117,23.25,23.260000228881836,23.049999237060547,23.049999237060547,7700,0.955,2016-08-18,33,2016,18,Thursday,-0.16180000000000003,0.8861699611248398
20.472272872924805,22.920000076293945,23.059999465942383,22.8799991607666,23.020000457763672,13900,-1.419,2016-08-19,33,2016,19,Friday,-0.16180000000000003,0.8861699611248398
20.391881942749023,22.829999923706055,22.84000015258789,22.760000228881836,22.829999923706055,27000,-0.393,2016-08-22,34,2016,22,Monday,-0.3412,0.6003179990638294
20.481203079223633,22.93000030517578,23.139999389648438,22.8799991607666,23.0,17100,0.438,2016-08-23,34,2016,23,Tuesday,-0.3412,0.6003179990638294
20.3740177154541,22.809999465942383,23.020000457763672,22.770000457763672,22.81999969482422,20300,-0.523,2016-08-24,34,2016,24,Wednesday,-0.3412,0.6003179990638294
20.365083694458008,22.799999237060547,22.959999084472656,22.649999618530273,22.649999618530273,23700,-0.044,2016-08-25,34,2016,25,Thursday,-0.3412,0.6003179990638294
20.123924255371094,22.530000686645508,23.010000228881836,22.530000686645508,22.989999771118164,32700,-1.184,2016-08-26,34,2016,26,Friday,-0.3412,0.6003179990638294
20.204309463500977,22.6200008392334,22.700000762939453,22.43000030517578,22.56999969482422,12300,0.399,2016-08-29,35,2016,29,Monday,0.47800000000000004,0.9182004138530977
20.070331573486328,22.469999313354492,22.829999923706055,22.459999084472656,22.6299991607666,101500,-0.663,2016-08-30,35,2016,30,Tuesday,0.47800000000000004,0.9182004138530977
20.079261779785156,22.479999542236328,22.600000381469727,22.360000610351562,22.510000228881836,131800,0.044,2016-08-31,35,2016,31,Wednesday,0.47800000000000004,0.9182004138530977
20.240036010742188,22.65999984741211,22.65999984741211,22.31999969482422,22.469999313354492,22700,0.801,2016-09-01,35,2016,1,Thursday,0.47800000000000004,0.9182004138530977
20.606252670288086,23.06999969482422,23.079999923706055,22.799999237060547,22.829999923706055,54200,1.809,2016-09-02,35,2016,2,Friday,0.47800000000000004,0.9182004138530977
20.775964736938477,23.260000228881836,23.31999969482422,23.040000915527344,23.079999923706055,59300,0.824,2016-09-06,36,2016,6,Tuesday,-0.613,1.650249880068672
20.874210357666016,23.3700008392334,23.3799991607666,23.219999313354492,23.34000015258789,12700,0.473,2016-09-07,36,2016,7,Wednesday,-0.613,1.650249880068672
20.677709579467773,23.149999618530273,23.389999389648438,23.059999465942383,23.389999389648438,67500,-0.941,2016-09-08,36,2016,8,Thursday,-0.613,1.650249880068672
20.09712791442871,22.5,22.989999771118164,22.459999084472656,22.989999771118164,36000,-2.808,2016-09-09,36,2016,9,Friday,-0.613,1.650249880068672
20.19538116455078,22.610000610351562,22.739999771118164,22.1299991607666,22.309999465942383,13200,0.489,2016-09-12,37,2016,12,Monday,-0.05379999999999998,1.456624419677221
19.81130027770996,22.18000030517578,22.709999084472656,22.1299991607666,22.459999084472656,29800,-1.902,2016-09-13,37,2016,13,Tuesday,-0.05379999999999998,1.456624419677221
19.882753372192383,22.260000228881836,22.489999771118164,22.190000534057617,22.190000534057617,18400,0.361,2016-09-14,37,2016,14,Wednesday,-0.05379999999999998,1.456624419677221
20.24896812438965,22.670000076293945,22.670000076293945,22.190000534057617,22.25,15400,1.842,2016-09-15,37,2016,15,Thursday,-0.05379999999999998,1.456624419677221
20.034605026245117,22.43000030517578,22.56999969482422,22.260000228881836,22.56999969482422,16600,-1.059,2016-09-16,37,2016,16,Friday,-0.05379999999999998,1.456624419677221
20.329360961914062,22.760000228881836,22.889999389648438,22.6200008392334,22.690000534057617,131300,1.471,2016-09-19,38,2016,19,Monday,0.7582000000000001,1.7006367042963644
20.19538116455078,22.610000610351562,22.809999465942383,22.59000015258789,22.809999465942383,28000,-0.659,2016-09-20,38,2016,20,Tuesday,0.7582000000000001,1.7006367042963644
20.62411880493164,23.09000015258789,23.190000534057617,22.670000076293945,22.790000915527344,10200,2.123,2016-09-21,38,2016,21,Wednesday,0.7582000000000001,1.7006367042963644
21.09751319885254,23.6200008392334,23.6200008392334,22.959999084472656,23.25,43700,2.295,2016-09-22,38,2016,22,Thursday,0.7582000000000001,1.7006367042963644
20.7938289642334,23.280000686645508,23.559999465942383,23.1200008392334,23.559999465942383,107900,-1.439,2016-09-23,38,2016,23,Friday,0.7582000000000001,1.7006367042963644
20.588388442993164,23.049999237060547,23.280000686645508,23.040000915527344,23.229999542236328,30300,-0.988,2016-09-26,39,2016,26,Monday,0.5157999999999999,1.172573537139569
20.5347957611084,22.989999771118164,23.06999969482422,22.8700008392334,23.049999237060547,24500,-0.26,2016-09-27,39,2016,27,Tuesday,0.5157999999999999,1.172573537139569
20.901010513305664,23.399999618530273,23.489999771118164,22.940000534057617,22.989999771118164,23200,1.783,2016-09-28,39,2016,28,Wednesday,0.5157999999999999,1.172573537139569
21.008195877075195,23.520000457763672,23.799999237060547,23.459999084472656,23.459999084472656,29400,0.513,2016-09-29,39,2016,29,Thursday,0.5157999999999999,1.172573537139569
21.329750061035156,23.8799991607666,23.920000076293945,23.68000030517578,23.68000030517578,58300,1.531,2016-09-30,39,2016,30,Friday,0.5157999999999999,1.172573537139569
21.46373176574707,24.030000686645508,24.040000915527344,23.8799991607666,23.950000762939453,137900,0.628,2016-10-03,40,2016,3,Monday,0.3914,0.49431700355136476
21.436935424804688,24.0,24.18000030517578,23.81999969482422,24.059999465942383,47500,-0.125,2016-10-04,40,2016,4,Tuesday,0.3914,0.49431700355136476
21.6781005859375,24.270000457763672,24.360000610351562,24.049999237060547,24.18000030517578,18700,1.125,2016-10-05,40,2016,5,Wednesday,0.3914,0.49431700355136476
21.695964813232422,24.290000915527344,24.31999969482422,24.15999984741211,24.299999237060547,46400,0.082,2016-10-06,40,2016,6,Thursday,0.3914,0.49431700355136476
21.749557495117188,24.350000381469727,24.3700008392334,24.200000762939453,24.3700008392334,7400,0.247,2016-10-07,40,2016,7,Friday,0.3914,0.49431700355136476
21.821012496948242,24.43000030517578,24.65999984741211,24.389999389648438,24.389999389648438,64300,0.329,2016-10-10,41,2016,10,Monday,-0.41859999999999997,0.9675992455557209
21.570913314819336,24.149999618530273,24.350000381469727,24.020000457763672,24.350000381469727,48200,-1.146,2016-10-11,41,2016,11,Tuesday,-0.41859999999999997,0.9675992455557209
21.579845428466797,24.15999984741211,24.239999771118164,23.940000534057617,23.940000534057617,8000,0.041,2016-10-12,41,2016,12,Wednesday,-0.41859999999999997,0.9675992455557209
21.204700469970703,23.739999771118164,23.93000030517578,23.65999984741211,23.75,30200,-1.738,2016-10-13,41,2016,13,Thursday,-0.41859999999999997,0.9675992455557209
21.294023513793945,23.84000015258789,24.0,23.709999084472656,24.0,16900,0.421,2016-10-14,41,2016,14,Friday,-0.41859999999999997,0.9675992455557209
21.419065475463867,23.979999542236328,24.0,23.700000762939453,23.700000762939453,7800,0.587,2016-10-17,42,2016,17,Monday,0.40040000000000003,0.5101081257929538
21.535188674926758,24.110000610351562,24.270000457763672,23.979999542236328,24.270000457763672,9600,0.542,2016-10-18,42,2016,18,Tuesday,0.40040000000000003,0.5101081257929538
21.767419815063477,24.3700008392334,24.399999618530273,24.010000228881836,24.280000686645508,15500,1.078,2016-10-19,42,2016,19,Wednesday,0.40040000000000003,0.5101081257929538
21.767419815063477,24.3700008392334,24.43000030517578,24.059999465942383,24.329999923706055,153600,0.0,2016-10-20,42,2016,20,Thursday,0.40040000000000003,0.5101081257929538
21.72275733947754,24.31999969482422,24.420000076293945,24.18000030517578,24.25,26600,-0.205,2016-10-21,42,2016,21,Friday,0.40040000000000003,0.5101081257929538
21.90140151977539,24.520000457763672,24.65999984741211,24.360000610351562,24.40999984741211,73700,0.822,2016-10-24,43,2016,24,Monday,-0.3624,0.7147046942619029
21.70488929748535,24.299999237060547,24.549999237060547,24.25,24.540000915527344,36000,-0.897,2016-10-25,43,2016,25,Tuesday,-0.3624,0.7147046942619029
21.508386611938477,24.079999923706055,24.290000915527344,23.950000762939453,24.290000915527344,51100,-0.905,2016-10-26,43,2016,26,Wednesday,-0.3624,0.7147046942619029
21.383337020874023,23.940000534057617,24.190000534057617,23.940000534057617,24.18000030517578,52400,-0.581,2016-10-27,43,2016,27,Thursday,-0.3624,0.7147046942619029
21.329750061035156,23.8799991607666,24.06999969482422,23.670000076293945,24.06999969482422,246900,-0.251,2016-10-28,43,2016,28,Friday,-0.3624,0.7147046942619029
21.258291244506836,23.799999237060547,23.84000015258789,23.68000030517578,23.780000686645508,39100,-0.335,2016-10-31,44,2016,31,Monday,-0.546,1.027490875871898
21.1600399017334,23.690000534057617,23.940000534057617,23.5,23.799999237060547,31200,-0.462,2016-11-01,44,2016,1,Tuesday,-0.546,1.027490875871898
20.677709579467773,23.149999618530273,23.459999084472656,23.010000228881836,23.40999984741211,74500,-2.279,2016-11-02,44,2016,2,Wednesday,-0.546,1.027490875871898
20.659841537475586,23.1299991607666,23.209999084472656,22.899999618530273,23.139999389648438,37900,-0.086,2016-11-03,44,2016,3,Thursday,-0.546,1.027490875871898
20.749162673950195,23.229999542236328,23.40999984741211,22.940000534057617,22.940000534057617,23200,0.432,2016-11-04,44,2016,4,Friday,-0.546,1.027490875871898
20.990333557128906,23.5,23.600000381469727,23.459999084472656,23.479999542236328,31100,1.162,2016-11-07,45,2016,7,Monday,-0.6932,1.8743382032066678
21.08858299255371,23.610000610351562,23.68000030517578,23.239999771118164,23.530000686645508,28500,0.468,2016-11-08,45,2016,8,Tuesday,-0.6932,1.8743382032066678
21.1600399017334,23.690000534057617,23.889999389648438,22.899999618530273,23.200000762939453,67200,0.339,2016-11-09,45,2016,9,Wednesday,-0.6932,1.8743382032066678
20.579458236694336,23.040000915527344,23.799999237060547,23.030000686645508,23.709999084472656,68100,-2.744,2016-11-10,45,2016,10,Thursday,-0.6932,1.8743382032066678
20.025667190551758,22.420000076293945,22.729999542236328,22.1299991607666,22.68000030517578,85600,-2.691,2016-11-11,45,2016,11,Friday,-0.6932,1.8743382032066678
20.01673698425293,22.40999984741211,22.40999984741211,22.010000228881836,22.139999389648438,353300,-0.045,2016-11-14,46,2016,14,Monday,0.15580000000000002,1.0869062517071102
20.40974998474121,22.850000381469727,22.979999542236328,22.280000686645508,22.299999237060547,22900,1.963,2016-11-15,46,2016,15,Tuesday,0.15580000000000002,1.0869062517071102
20.231101989746094,22.649999618530273,22.760000228881836,22.6200008392334,22.700000762939453,12100,-0.875,2016-11-16,46,2016,16,Wednesday,0.15580000000000002,1.0869062517071102
20.266836166381836,22.690000534057617,22.8700008392334,22.690000534057617,22.860000610351562,16100,0.177,2016-11-17,46,2016,17,Thursday,0.15580000000000002,1.0869062517071102
20.17751121520996,22.59000015258789,22.690000534057617,22.56999969482422,22.6299991607666,12500,-0.441,2016-11-18,46,2016,18,Friday,0.15580000000000002,1.0869062517071102
20.650920867919922,23.1200008392334,23.149999618530273,22.649999618530273,22.649999618530273,36600,2.346,2016-11-21,47,2016,21,Monday,0.6092500000000001,1.2809174771753773
20.802757263183594,23.290000915527344,23.3700008392334,23.06999969482422,23.329999923706055,81200,0.735,2016-11-22,47,2016,22,Tuesday,0.6092500000000001,1.2809174771753773
20.7938289642334,23.280000686645508,23.31999969482422,23.040000915527344,23.040000915527344,27700,-0.043,2016-11-23,47,2016,23,Wednesday,0.6092500000000001,1.2809174771753773
20.66877555847168,23.139999389648438,23.219999313354492,23.010000228881836,23.219999313354492,11900,-0.601,2016-11-25,47,2016,25,Friday,0.6092500000000001,1.2809174771753773
20.6330509185791,23.100000381469727,23.229999542236328,23.0,23.15999984741211,46800,-0.173,2016-11-28,48,2016,28,Monday,-0.14419999999999997,0.8950964752472216
20.454404830932617,22.899999618530273,23.040000915527344,22.81999969482422,22.829999923706055,50300,-0.866,2016-11-29,48,2016,29,Tuesday,-0.14419999999999997,0.8950964752472216
20.641979217529297,23.110000610351562,23.209999084472656,22.969999313354492,23.049999237060547,46400,0.917,2016-11-30,48,2016,30,Wednesday,-0.14419999999999997,0.8950964752472216
20.400819778442383,22.84000015258789,23.09000015258789,22.84000015258789,23.09000015258789,6700,-1.168,2016-12-01,48,2016,1,Thursday,-0.14419999999999997,0.8950964752472216
20.51692771911621,22.969999313354492,23.06999969482422,22.760000228881836,22.799999237060547,10300,0.569,2016-12-02,48,2016,2,Friday,-0.14419999999999997,0.8950964752472216
20.829553604125977,23.31999969482422,23.31999969482422,22.959999084472656,23.100000381469727,35800,1.524,2016-12-05,49,2016,5,Monday,0.1516,0.9903952746252377
20.802757263183594,23.290000915527344,23.299999237060547,23.170000076293945,23.200000762939453,21000,-0.129,2016-12-06,49,2016,6,Tuesday,0.1516,0.9903952746252377
20.963533401489258,23.469999313354492,23.5,23.329999923706055,23.479999542236328,30200,0.773,2016-12-07,49,2016,7,Wednesday,0.1516,0.9903952746252377
20.767026901245117,23.25,23.510000228881836,23.18000030517578,23.5,14700,-0.937,2016-12-08,49,2016,8,Thursday,0.1516,0.9903952746252377
20.66877555847168,23.139999389648438,23.350000381469727,23.100000381469727,23.1299991607666,16500,-0.473,2016-12-09,49,2016,9,Friday,0.1516,0.9903952746252377
20.54372787475586,23.0,23.209999084472656,22.979999542236328,23.200000762939453,170600,-0.605,2016-12-12,50,2016,12,Monday,-0.476,0.9846288640904246
20.767026901245117,23.25,23.3799991607666,23.1200008392334,23.260000228881836,257900,1.087,2016-12-13,50,2016,13,Tuesday,-0.476,0.9846288640904246
20.454404830932617,22.899999618530273,23.280000686645508,22.889999389648438,23.260000228881836,49500,-1.505,2016-12-14,50,2016,14,Wednesday,-0.476,0.9846288640904246
20.391881942749023,22.829999923706055,22.979999542236328,22.68000030517578,22.760000228881836,30200,-0.306,2016-12-15,50,2016,15,Thursday,-0.476,0.9846288640904246
20.17751121520996,22.59000015258789,22.84000015258789,22.520000457763672,22.84000015258789,11700,-1.051,2016-12-16,50,2016,16,Friday,-0.476,0.9846288640904246
19.864891052246094,22.239999771118164,22.639999389648438,22.229999542236328,22.639999389648438,56900,-1.549,2016-12-19,51,2016,19,Monday,-0.005200000000000005,0.9517766019397619
20.0078067779541,22.399999618530273,22.420000076293945,22.219999313354492,22.420000076293945,116500,0.719,2016-12-20,51,2016,20,Tuesday,-0.005200000000000005,0.9517766019397619
20.150714874267578,22.559999465942383,22.610000610351562,22.209999084472656,22.469999313354492,73600,0.714,2016-12-21,51,2016,21,Wednesday,-0.005200000000000005,0.9517766019397619
20.09712791442871,22.5,22.639999389648438,22.329999923706055,22.5,94000,-0.266,2016-12-22,51,2016,22,Thursday,-0.005200000000000005,0.9517766019397619
20.168581008911133,22.579999923706055,22.6200008392334,22.440000534057617,22.56999969482422,10300,0.356,2016-12-23,51,2016,23,Friday,-0.005200000000000005,0.9517766019397619
20.391881942749023,22.829999923706055,22.84000015258789,22.649999618530273,22.739999771118164,17600,1.107,2016-12-27,52,2016,27,Tuesday,0.62475,1.1384183106398105
20.287891387939453,22.6299991607666,22.920000076293945,22.6299991607666,22.920000076293945,99700,-0.51,2016-12-28,52,2016,28,Wednesday,0.62475,1.1384183106398105
20.691320419311523,23.079999923706055,23.079999923706055,22.68000030517578,22.8799991607666,7500,1.989,2016-12-29,52,2016,29,Thursday,0.62475,1.1384183106398105
20.67338752746582,23.059999465942383,23.100000381469727,22.93000030517578,22.93000030517578,3600,-0.087,2016-12-30,52,2016,30,Friday,0.62475,1.1384183106398105
21.22922134399414,23.68000030517578,23.770000457763672,23.219999313354492,23.219999313354492,33300,2.689,2017-01-03,01,2017,3,Tuesday,1.36325,0.955751841919927
21.390588760375977,23.860000610351562,23.889999389648438,23.65999984741211,23.770000457763672,22000,0.76,2017-01-04,01,2017,4,Wednesday,1.36325,0.955751841919927
21.69540023803711,24.200000762939453,24.219999313354492,23.959999084472656,23.959999084472656,111500,1.425,2017-01-05,01,2017,5,Thursday,1.36325,0.955751841919927
21.820911407470703,24.34000015258789,24.360000610351562,23.940000534057617,23.989999771118164,146300,0.579,2017-01-06,01,2017,6,Friday,1.36325,0.955751841919927
21.919527053833008,24.450000762939453,24.489999771118164,24.229999542236328,24.309999465942383,42700,0.452,2017-01-09,02,2017,9,Monday,0.6460000000000001,1.138070296598589
22.457426071166992,25.049999237060547,25.059999465942383,24.489999771118164,24.489999771118164,73500,2.454,2017-01-10,02,2017,10,Tuesday,0.6460000000000001,1.138070296598589
22.40363883972168,24.989999771118164,25.200000762939453,24.790000915527344,25.170000076293945,63900,-0.24,2017-01-11,02,2017,11,Wednesday,0.6460000000000001,1.138070296598589
22.322956085205078,24.899999618530273,25.170000076293945,24.850000381469727,25.170000076293945,53600,-0.36,2017-01-12,02,2017,12,Thursday,0.6460000000000001,1.138070296598589
22.529150009155273,25.1299991607666,25.190000534057617,24.920000076293945,24.920000076293945,111800,0.924,2017-01-13,02,2017,13,Friday,0.6460000000000001,1.138070296598589
22.591901779174805,25.200000762939453,25.280000686645508,25.110000610351562,25.239999771118164,134100,0.279,2017-01-17,03,2017,17,Tuesday,0.12175,0.8244025614548595
22.58294105529785,25.190000534057617,25.360000610351562,25.1299991607666,25.309999465942383,31800,-0.04,2017-01-18,03,2017,18,Wednesday,0.12175,0.8244025614548595
22.38570785522461,24.969999313354492,25.219999313354492,24.969999313354492,25.1299991607666,18600,-0.873,2017-01-19,03,2017,19,Thursday,0.12175,0.8244025614548595
22.636734008789062,25.25,25.360000610351562,25.139999389648438,25.200000762939453,54800,1.121,2017-01-20,03,2017,20,Friday,0.12175,0.8244025614548595
23.013263702392578,25.670000076293945,25.729999542236328,25.34000015258789,25.520000457763672,110400,1.663,2017-01-23,04,2017,23,Monday,0.3966,0.9651695705936859
23.183595657348633,25.860000610351562,25.979999542236328,25.780000686645508,25.809999465942383,116900,0.74,2017-01-24,04,2017,24,Tuesday,0.3966,0.9651695705936859
23.33600425720215,26.030000686645508,26.100000381469727,25.8799991607666,25.8799991607666,102200,0.657,2017-01-25,04,2017,25,Wednesday,0.3966,0.9651695705936859
23.138771057128906,25.809999465942383,26.15999984741211,25.809999465942383,26.15999984741211,16100,-0.845,2017-01-26,04,2017,26,Thursday,0.3966,0.9651695705936859
23.08498191833496,25.75,25.93000030517578,25.739999771118164,25.889999389648438,56300,-0.232,2017-01-27,04,2017,27,Friday,0.3966,0.9651695705936859
22.896717071533203,25.540000915527344,25.84000015258789,25.34000015258789,25.84000015258789,21900,-0.816,2017-01-30,05,2017,30,Monday,0.571,0.8319927884302843
23.02223014831543,25.68000030517578,25.700000762939453,25.399999618530273,25.40999984741211,24800,0.548,2017-01-31,05,2017,31,Tuesday,0.571,0.8319927884302843
23.183595657348633,25.860000610351562,25.940000534057617,25.65999984741211,25.850000381469727,67700,0.701,2017-02-01,05,2017,1,Wednesday,0.571,0.8319927884302843
23.479442596435547,26.190000534057617,26.34000015258789,25.860000610351562,25.860000610351562,69300,1.276,2017-02-02,05,2017,2,Thursday,0.571,0.8319927884302843
23.74839973449707,26.489999771118164,26.610000610351562,26.350000381469727,26.420000076293945,77400,1.146,2017-02-03,05,2017,3,Friday,0.571,0.8319927884302843
23.76632308959961,26.510000228881836,26.6200008392334,26.280000686645508,26.6200008392334,78900,0.075,2017-02-06,06,2017,6,Monday,0.2878,0.8425041246189837
23.65874481201172,26.389999389648438,26.68000030517578,26.25,26.56999969482422,36200,-0.453,2017-02-07,06,2017,7,Tuesday,0.2878,0.8425041246189837
23.533231735229492,26.25,26.31999969482422,26.020000457763672,26.31999969482422,51100,-0.531,2017-02-08,06,2017,8,Wednesday,0.2878,0.8425041246189837
23.82011604309082,26.56999969482422,26.610000610351562,26.389999389648438,26.440000534057617,88900,1.219,2017-02-09,06,2017,9,Thursday,0.2878,0.8425041246189837
24.089069366455078,26.8700008392334,26.93000030517578,26.690000534057617,26.729999542236328,94500,1.129,2017-02-10,06,2017,10,Friday,0.2878,0.8425041246189837
24.10699462890625,26.889999389648438,27.149999618530273,26.889999389648438,27.0,111500,0.074,2017-02-13,07,2017,13,Monday,-0.1476,0.6782140517565232
24.20561408996582,27.0,27.0,26.729999542236328,26.969999313354492,81300,0.409,2017-02-14,07,2017,14,Tuesday,-0.1476,0.6782140517565232
24.313194274902344,27.1200008392334,27.149999618530273,26.8700008392334,27.0,85000,0.444,2017-02-15,07,2017,15,Wednesday,-0.1476,0.6782140517565232
24.0352783203125,26.809999465942383,27.149999618530273,26.790000915527344,27.139999389648438,104000,-1.143,2017-02-16,07,2017,16,Thursday,-0.1476,0.6782140517565232
23.90976905822754,26.670000076293945,26.770000457763672,26.59000015258789,26.770000457763672,25800,-0.522,2017-02-17,07,2017,17,Friday,-0.1476,0.6782140517565232
24.20561408996582,27.0,27.049999237060547,26.829999923706055,26.8700008392334,77600,1.237,2017-02-21,08,2017,21,Tuesday,-0.183,1.157440855220401
24.214576721191406,27.010000228881836,27.110000610351562,26.8799991607666,27.030000686645508,26700,0.037,2017-02-22,08,2017,22,Wednesday,-0.183,1.157440855220401
23.838048934936523,26.59000015258789,27.09000015258789,26.540000915527344,27.09000015258789,72100,-1.555,2017-02-23,08,2017,23,Thursday,-0.183,1.157440855220401
23.73046875,26.469999313354492,26.559999465942383,26.1200008392334,26.559999465942383,65700,-0.451,2017-02-24,08,2017,24,Friday,-0.183,1.157440855220401
23.667709350585938,26.399999618530273,26.670000076293945,26.360000610351562,26.670000076293945,43100,-0.264,2017-02-27,09,2017,27,Monday,0.1726,1.308328437358143
23.560129165649414,26.280000686645508,26.510000228881836,26.25,26.510000228881836,57400,-0.455,2017-02-28,09,2017,28,Tuesday,0.1726,1.308328437358143
24.017345428466797,26.790000915527344,26.81999969482422,26.540000915527344,26.56999969482422,30700,1.941,2017-03-01,09,2017,1,Wednesday,0.1726,1.308328437358143
23.685638427734375,26.420000076293945,26.75,26.399999618530273,26.75,50100,-1.381,2017-03-02,09,2017,2,Thursday,0.1726,1.308328437358143
23.927696228027344,26.690000534057617,26.709999084472656,26.350000381469727,26.350000381469727,411000,1.022,2017-03-03,09,2017,3,Friday,0.1726,1.308328437358143
23.811153411865234,26.559999465942383,26.610000610351562,26.459999084472656,26.559999465942383,43800,-0.487,2017-03-06,10,2017,6,Monday,-0.20919999999999997,0.595381978229103
23.739431381225586,26.479999542236328,26.649999618530273,26.459999084472656,26.6299991607666,9500,-0.301,2017-03-07,10,2017,7,Tuesday,-0.20919999999999997,0.595381978229103
23.667709350585938,26.399999618530273,26.610000610351562,26.329999923706055,26.389999389648438,23100,-0.302,2017-03-08,10,2017,8,Wednesday,-0.20919999999999997,0.595381978229103
23.488412857055664,26.200000762939453,26.399999618530273,26.06999969482422,26.280000686645508,44000,-0.758,2017-03-09,10,2017,9,Thursday,-0.20919999999999997,0.595381978229103
23.676677703857422,26.40999984741211,26.530000686645508,26.299999237060547,26.450000762939453,19500,0.802,2017-03-10,10,2017,10,Friday,-0.20919999999999997,0.595381978229103
24.026308059692383,26.799999237060547,26.809999465942383,26.530000686645508,26.540000915527344,37300,1.477,2017-03-13,11,2017,13,Monday,0.8020000000000002,1.065709153568646
23.972518920898438,26.739999771118164,26.75,26.469999313354492,26.75,46100,-0.224,2017-03-14,11,2017,14,Tuesday,0.8020000000000002,1.065709153568646
24.438705444335938,27.260000228881836,27.309999465942383,26.729999542236328,26.729999542236328,21700,1.945,2017-03-15,11,2017,15,Wednesday,0.8020000000000002,1.065709153568646
24.743511199951172,27.600000381469727,27.639999389648438,27.469999313354492,27.520000457763672,33400,1.247,2017-03-16,11,2017,16,Thursday,0.8020000000000002,1.065709153568646
24.63593292236328,27.479999542236328,27.700000762939453,27.459999084472656,27.59000015258789,46000,-0.435,2017-03-17,11,2017,17,Friday,0.8020000000000002,1.065709153568646
24.833168029785156,27.700000762939453,27.700000762939453,27.459999084472656,27.479999542236328,46400,0.801,2017-03-20,12,2017,20,Monday,0.09480000000000002,1.357623548705605
24.259403228759766,27.059999465942383,27.860000610351562,27.059999465942383,27.639999389648438,112600,-2.31,2017-03-21,12,2017,21,Tuesday,0.09480000000000002,1.357623548705605
24.39388084411621,27.209999084472656,27.290000915527344,26.989999771118164,27.110000610351562,104100,0.554,2017-03-22,12,2017,22,Wednesday,0.09480000000000002,1.357623548705605
24.510421752929688,27.34000015258789,27.469999313354492,27.1299991607666,27.219999313354492,41300,0.478,2017-03-23,12,2017,23,Thursday,0.09480000000000002,1.357623548705605
24.743511199951172,27.600000381469727,27.6299991607666,27.280000686645508,27.420000076293945,140200,0.951,2017-03-24,12,2017,24,Friday,0.09480000000000002,1.357623548705605
24.743511199951172,27.600000381469727,27.610000610351562,27.270000457763672,27.270000457763672,23500,0.0,2017-03-27,13,2017,27,Monday,0.4673999999999999,0.43164661472088484
24.976606369018555,27.860000610351562,27.959999084472656,27.6200008392334,27.6200008392334,50600,0.942,2017-03-28,13,2017,28,Tuesday,0.4673999999999999,0.43164661472088484
25.173837661743164,28.079999923706055,28.149999618530273,27.860000610351562,27.950000762939453,87200,0.79,2017-03-29,13,2017,29,Wednesday,0.4673999999999999,0.43164661472088484
25.317277908325195,28.239999771118164,28.34000015258789,28.18000030517578,28.260000228881836,108400,0.57,2017-03-30,13,2017,30,Thursday,0.4673999999999999,0.43164661472088484
25.326242446899414,28.25,28.350000381469727,28.18000030517578,28.280000686645508,52700,0.035,2017-03-31,13,2017,31,Friday,0.4673999999999999,0.43164661472088484
25.72966957092285,28.700000762939453,28.709999084472656,28.260000228881836,28.3700008392334,79500,1.593,2017-04-03,14,2017,3,Monday,0.41180000000000005,1.0530022317165335
25.900005340576172,28.889999389648438,28.959999084472656,28.649999618530273,28.809999465942383,213500,0.662,2017-04-04,14,2017,4,Tuesday,0.41180000000000005,1.0530022317165335
25.58622932434082,28.540000915527344,29.040000915527344,28.520000457763672,28.969999313354492,66500,-1.211,2017-04-05,14,2017,5,Wednesday,0.41180000000000005,1.0530022317165335
25.819320678710938,28.799999237060547,28.899999618530273,28.489999771118164,28.489999771118164,37600,0.911,2017-04-06,14,2017,6,Thursday,0.41180000000000005,1.0530022317165335
25.84621238708496,28.829999923706055,28.989999771118164,28.799999237060547,28.829999923706055,49200,0.104,2017-04-07,14,2017,7,Friday,0.41180000000000005,1.0530022317165335
26.00758171081543,29.010000228881836,29.06999969482422,28.799999237060547,28.799999237060547,131900,0.624,2017-04-10,15,2017,10,Monday,-0.14475000000000002,0.8766098999364922
26.15999412536621,29.18000030517578,29.200000762939453,29.030000686645508,29.100000381469727,28600,0.586,2017-04-11,15,2017,11,Tuesday,-0.14475000000000002,0.8766098999364922
25.882078170776367,28.8700008392334,29.1299991607666,28.799999237060547,29.079999923706055,23800,-1.062,2017-04-12,15,2017,12,Wednesday,-0.14475000000000002,0.8766098999364922
25.69380760192871,28.65999984741211,28.969999313354492,28.649999618530273,28.84000015258789,28100,-0.727,2017-04-13,15,2017,13,Thursday,-0.14475000000000002,0.8766098999364922
26.025516510009766,29.030000686645508,29.030000686645508,28.739999771118164,28.84000015258789,38500,1.291,2017-04-17,16,2017,17,Monday,0.0037999999999999813,0.9572401475074058
25.819320678710938,28.799999237060547,28.979999542236328,28.729999542236328,28.860000610351562,47700,-0.792,2017-04-18,16,2017,18,Tuesday,0.0037999999999999813,0.9572401475074058
25.657949447631836,28.6200008392334,28.93000030517578,28.549999237060547,28.93000030517578,24900,-0.625,2017-04-19,16,2017,19,Wednesday,0.0037999999999999813,0.9572401475074058
25.855180740356445,28.84000015258789,28.850000381469727,28.68000030517578,28.780000686645508,124700,0.769,2017-04-20,16,2017,20,Thursday,0.0037999999999999813,0.9572401475074058
25.69380760192871,28.65999984741211,28.889999389648438,28.6200008392334,28.889999389648438,128700,-0.624,2017-04-21,16,2017,21,Friday,0.0037999999999999813,0.9572401475074058
25.94483184814453,28.940000534057617,29.0,28.8799991607666,29.0,134800,0.977,2017-04-24,17,2017,24,Monday,0.01579999999999999,0.6922143454162156
25.998620986938477,29.0,29.079999923706055,28.8799991607666,29.079999923706055,37500,0.207,2017-04-25,17,2017,25,Tuesday,0.01579999999999999,0.6922143454162156
25.783458709716797,28.760000228881836,29.010000228881836,28.75,29.010000228881836,40200,-0.828,2017-04-26,17,2017,26,Wednesday,0.01579999999999999,0.6922143454162156
25.666915893554688,28.6299991607666,28.81999969482422,28.510000228881836,28.81999969482422,29700,-0.452,2017-04-27,17,2017,27,Thursday,0.01579999999999999,0.6922143454162156
25.711740493774414,28.68000030517578,28.709999084472656,28.56999969482422,28.690000534057617,40100,0.175,2017-04-28,17,2017,28,Friday,0.01579999999999999,0.6922143454162156
25.92690086364746,28.920000076293945,29.0,28.719999313354492,28.75,30400,0.837,2017-05-01,18,2017,1,Monday,0.8977999999999999,1.889010508176172
26.070341110229492,29.079999923706055,29.100000381469727,28.75,28.920000076293945,22100,0.553,2017-05-02,18,2017,2,Tuesday,0.8977999999999999,1.889010508176172
26.16895294189453,29.190000534057617,29.209999084472656,28.90999984741211,28.969999313354492,13300,0.378,2017-05-03,18,2017,3,Wednesday,0.8977999999999999,1.889010508176172
25.84621238708496,28.829999923706055,29.09000015258789,28.770000457763672,29.09000015258789,41900,-1.233,2017-05-04,18,2017,4,Thursday,0.8977999999999999,1.889010508176172
26.868227005004883,29.969999313354492,29.969999313354492,29.149999618530273,29.149999618530273,85900,3.954,2017-05-05,18,2017,5,Friday,0.8977999999999999,1.889010508176172
26.706857681274414,29.790000915527344,29.920000076293945,29.690000534057617,29.920000076293945,51900,-0.601,2017-05-08,19,2017,8,Monday,0.2932,0.5844533343219115
26.787540435791016,29.8799991607666,29.920000076293945,29.780000686645508,29.90999984741211,65500,0.302,2017-05-09,19,2017,9,Tuesday,0.2932,0.5844533343219115
27.03856658935547,30.15999984741211,30.270000457763672,29.889999389648438,29.93000030517578,92600,0.937,2017-05-10,19,2017,10,Wednesday,0.2932,0.5844533343219115
27.083391189575195,30.209999084472656,30.270000457763672,30.06999969482422,30.15999984741211,39100,0.166,2017-05-11,19,2017,11,Thursday,0.2932,0.5844533343219115
27.262693405151367,30.40999984741211,30.600000381469727,30.25,30.25,48000,0.662,2017-05-12,19,2017,12,Friday,0.2932,0.5844533343219115
27.75577163696289,30.959999084472656,30.969999313354492,30.690000534057617,30.690000534057617,150000,1.809,2017-05-15,20,2017,15,Monday,-0.1493999999999999,2.350994534234395
27.90817642211914,31.1299991607666,31.959999084472656,30.860000610351562,30.950000762939453,255600,0.549,2017-05-16,20,2017,16,Tuesday,-0.1493999999999999,2.350994534234395
27.208900451660156,30.350000381469727,30.75,30.350000381469727,30.739999771118164,150300,-2.506,2017-05-17,20,2017,17,Wednesday,-0.1493999999999999,2.350994534234395
26.455839157104492,29.510000228881836,29.639999389648438,28.8700008392334,29.520000457763672,258900,-2.768,2017-05-18,20,2017,18,Thursday,-0.1493999999999999,2.350994534234395
27.02960205078125,30.149999618530273,30.239999771118164,29.729999542236328,29.729999542236328,189800,2.169,2017-05-19,20,2017,19,Friday,-0.1493999999999999,2.350994534234395
26.9578800201416,30.06999969482422,30.309999465942383,30.040000915527344,30.190000534057617,256600,-0.265,2017-05-22,21,2017,22,Monday,0.481,0.5389494410424784
26.993741989135742,30.110000610351562,30.25,30.030000686645508,30.030000686645508,79800,0.133,2017-05-23,21,2017,23,Tuesday,0.481,0.5389494410424784
27.280622482299805,30.43000030517578,30.489999771118164,30.200000762939453,30.260000228881836,47900,1.063,2017-05-24,21,2017,24,Wednesday,0.481,0.5389494410424784
27.50474739074707,30.68000030517578,30.75,30.530000686645508,30.530000686645508,123500,0.822,2017-05-25,21,2017,25,Thursday,0.481,0.5389494410424784
27.68404769897461,30.8799991607666,30.969999313354492,30.719999313354492,30.75,93400,0.652,2017-05-26,21,2017,26,Friday,0.481,0.5389494410424784
27.361309051513672,30.520000457763672,30.979999542236328,30.469999313354492,30.850000381469727,206400,-1.166,2017-05-30,22,2017,30,Tuesday,-0.026499999999999975,1.2617145741674962
27.17304229736328,30.309999465942383,30.520000457763672,30.270000457763672,30.469999313354492,107100,-0.688,2017-05-31,22,2017,31,Wednesday,-0.026499999999999975,1.2617145741674962
27.63922119140625,30.829999923706055,30.899999618530273,30.3700008392334,30.3700008392334,16800,1.716,2017-06-01,22,2017,1,Thursday,-0.026499999999999975,1.2617145741674962
27.648189544677734,30.84000015258789,30.940000534057617,30.770000457763672,30.940000534057617,67700,0.032,2017-06-02,22,2017,2,Friday,-0.026499999999999975,1.2617145741674962
27.57647132873535,30.760000228881836,30.959999084472656,30.579999923706055,30.829999923706055,35500,-0.259,2017-06-05,23,2017,5,Monday,-0.4042,0.5047134830772803
27.65715217590332,30.850000381469727,30.979999542236328,30.760000228881836,30.760000228881836,30600,0.293,2017-06-06,23,2017,6,Tuesday,-0.4042,0.5047134830772803
27.522676467895508,30.700000762939453,31.0,30.579999923706055,30.93000030517578,20200,-0.486,2017-06-07,23,2017,7,Wednesday,-0.4042,0.5047134830772803
27.397171020507812,30.559999465942383,30.899999618530273,30.530000686645508,30.899999618530273,22500,-0.456,2017-06-08,23,2017,8,Thursday,-0.4042,0.5047134830772803
27.092357635498047,30.219999313354492,30.799999237060547,30.059999465942383,30.649999618530273,52200,-1.113,2017-06-09,23,2017,9,Friday,-0.4042,0.5047134830772803
26.760648727416992,29.850000381469727,30.209999084472656,29.780000686645508,30.209999084472656,157100,-1.224,2017-06-12,24,2017,12,Monday,-0.6186,1.0429258362894267
26.85926628112793,29.959999084472656,30.030000686645508,29.729999542236328,29.81999969482422,152400,0.369,2017-06-13,24,2017,13,Tuesday,-0.6186,1.0429258362894267
26.500661849975586,29.559999465942383,30.15999984741211,29.450000762939453,30.15999984741211,45200,-1.335,2017-06-14,24,2017,14,Wednesday,-0.6186,1.0429258362894267
26.08827018737793,29.100000381469727,29.31999969482422,29.040000915527344,29.209999084472656,127700,-1.556,2017-06-15,24,2017,15,Thursday,-0.6186,1.0429258362894267
26.258607864379883,29.290000915527344,29.299999237060547,29.06999969482422,29.18000030517578,60100,0.653,2017-06-16,24,2017,16,Friday,-0.6186,1.0429258362894267
26.7965087890625,29.889999389648438,29.989999771118164,29.540000915527344,29.540000915527344,69200,2.048,2017-06-19,25,2017,19,Monday,0.181,1.6575338608909322
26.688928604125977,29.770000457763672,29.950000762939453,29.530000686645508,29.899999618530273,246600,-0.401,2017-06-20,25,2017,20,Tuesday,0.181,1.6575338608909322
26.15999412536621,29.18000030517578,29.219999313354492,28.579999923706055,28.860000610351562,243200,-1.982,2017-06-21,25,2017,21,Wednesday,0.181,1.6575338608909322
26.590314865112305,29.65999984741211,29.690000534057617,29.170000076293945,29.260000228881836,98600,1.645,2017-06-22,25,2017,22,Thursday,0.181,1.6575338608909322
26.48273468017578,29.540000915527344,29.670000076293945,29.479999542236328,29.600000381469727,36200,-0.405,2017-06-23,25,2017,23,Friday,0.181,1.6575338608909322
26.357221603393555,29.399999618530273,29.700000762939453,29.34000015258789,29.700000762939453,23900,-0.474,2017-06-26,26,2017,26,Monday,-0.1636,1.2727652179408424
25.980688095092773,28.979999542236328,29.34000015258789,28.940000534057617,29.34000015258789,63900,-1.429,2017-06-27,26,2017,27,Tuesday,-0.1636,1.2727652179408424
26.402048110961914,29.450000762939453,29.479999542236328,28.90999984741211,29.049999237060547,51200,1.622,2017-06-28,26,2017,28,Wednesday,-0.1636,1.2727652179408424
26.09723472595215,29.110000610351562,29.399999618530273,28.860000610351562,29.399999618530273,145900,-1.155,2017-06-29,26,2017,29,Thursday,-0.1636,1.2727652179408424
26.258607864379883,29.290000915527344,29.450000762939453,29.020000457763672,29.149999618530273,355900,0.618,2017-06-30,26,2017,30,Friday,-0.1636,1.2727652179408424
26.724790573120117,29.809999465942383,29.81999969482422,29.450000762939453,29.450000762939453,47000,1.775,2017-07-03,27,2017,3,Monday,0.005249999999999977,1.1932296160700449
26.572383880615234,29.639999389648438,29.770000457763672,29.520000457763672,29.760000228881836,35600,-0.57,2017-07-05,27,2017,5,Wednesday,0.005249999999999977,1.1932296160700449
26.357221603393555,29.399999618530273,29.479999542236328,29.31999969482422,29.43000030517578,21300,-0.81,2017-07-06,27,2017,6,Thursday,0.005249999999999977,1.1932296160700449
26.258607864379883,29.290000915527344,29.3799991607666,29.209999084472656,29.360000610351562,16100,-0.374,2017-07-07,27,2017,7,Friday,0.005249999999999977,1.1932296160700449
26.294466018676758,29.329999923706055,29.450000762939453,29.25,29.299999237060547,43600,0.137,2017-07-10,28,2017,10,Monday,0.5306,0.9187999238136668
26.464805603027344,29.520000457763672,29.600000381469727,29.25,29.43000030517578,60800,0.648,2017-07-11,28,2017,11,Tuesday,0.5306,0.9187999238136668
27.002708435058594,30.1200008392334,30.149999618530273,29.950000762939453,29.950000762939453,58200,2.033,2017-07-12,28,2017,12,Wednesday,0.5306,0.9187999238136668
26.895122528076172,30.0,30.149999618530273,29.780000686645508,30.139999389648438,34600,-0.398,2017-07-13,28,2017,13,Thursday,0.5306,0.9187999238136668
26.9578800201416,30.06999969482422,30.100000381469727,29.90999984741211,30.100000381469727,47000,0.233,2017-07-14,28,2017,14,Friday,0.5306,0.9187999238136668
26.823408126831055,29.920000076293945,30.200000762939453,29.84000015258789,30.0,57700,-0.499,2017-07-17,29,2017,17,Monday,-0.2852,0.7672116396405884
26.509628295898438,29.56999969482422,29.8799991607666,29.469999313354492,29.8799991607666,370800,-1.17,2017-07-18,29,2017,18,Tuesday,-0.2852,0.7672116396405884
26.679962158203125,29.760000228881836,29.790000915527344,29.479999542236328,29.579999923706055,369800,0.643,2017-07-19,29,2017,19,Wednesday,-0.2852,0.7672116396405884
26.778581619262695,29.8700008392334,29.989999771118164,29.760000228881836,29.790000915527344,205100,0.37,2017-07-20,29,2017,20,Thursday,-0.2852,0.7672116396405884
26.572383880615234,29.639999389648438,29.850000381469727,29.610000610351562,29.780000686645508,82600,-0.77,2017-07-21,29,2017,21,Friday,-0.2852,0.7672116396405884
26.554454803466797,29.6200008392334,29.790000915527344,29.579999923706055,29.770000457763672,22300,-0.067,2017-07-24,30,2017,24,Monday,0.155,0.2045739475104296
26.67099952697754,29.75,29.760000228881836,29.600000381469727,29.690000534057617,108900,0.439,2017-07-25,30,2017,25,Tuesday,0.155,0.2045739475104296
26.74271583557129,29.829999923706055,29.920000076293945,29.739999771118164,29.739999771118164,82700,0.269,2017-07-26,30,2017,26,Wednesday,0.155,0.2045739475104296
26.74271583557129,29.829999923706055,29.989999771118164,29.6200008392334,29.8799991607666,43400,0.0,2017-07-27,30,2017,27,Thursday,0.155,0.2045739475104296
26.778581619262695,29.8700008392334,29.90999984741211,29.649999618530273,29.649999618530273,29200,0.134,2017-07-28,30,2017,28,Friday,0.155,0.2045739475104296
26.626174926757812,29.700000762939453,29.920000076293945,29.610000610351562,29.8700008392334,22400,-0.569,2017-07-31,31,2017,31,Monday,-0.7022,0.9674707747523954
26.66203498840332,29.739999771118164,29.799999237060547,29.6299991607666,29.770000457763672,101700,0.135,2017-08-01,31,2017,1,Tuesday,-0.7022,0.9674707747523954
26.572383880615234,29.639999389648438,29.729999542236328,29.399999618530273,29.729999542236328,21000,-0.336,2017-08-02,31,2017,2,Wednesday,-0.7022,0.9674707747523954
26.473766326904297,29.530000686645508,29.56999969482422,29.31999969482422,29.31999969482422,56300,-0.371,2017-08-03,31,2017,3,Thursday,-0.7022,0.9674707747523954
25.84621238708496,28.829999923706055,28.989999771118164,28.700000762939453,28.8700008392334,161100,-2.37,2017-08-04,31,2017,4,Friday,-0.7022,0.9674707747523954
25.63105583190918,28.59000015258789,28.790000915527344,28.520000457763672,28.790000915527344,46000,-0.832,2017-08-07,32,2017,7,Monday,-0.44960000000000006,1.1460378702294267
25.42486000061035,28.360000610351562,28.639999389648438,28.309999465942383,28.639999389648438,91100,-0.804,2017-08-08,32,2017,8,Tuesday,-0.44960000000000006,1.1460378702294267
25.22762680053711,28.139999389648438,28.25,28.030000686645508,28.139999389648438,48800,-0.776,2017-08-09,32,2017,9,Wednesday,-0.44960000000000006,1.1460378702294267
24.87799072265625,27.75,28.1200008392334,27.670000076293945,28.030000686645508,123500,-1.386,2017-08-10,32,2017,10,Thursday,-0.44960000000000006,1.1460378702294267
25.26348876953125,28.18000030517578,28.219999313354492,27.399999618530273,27.65999984741211,35400,1.55,2017-08-11,32,2017,11,Friday,-0.44960000000000006,1.1460378702294267
26.240676879882812,29.270000457763672,29.299999237060547,28.520000457763672,28.610000610351562,313700,3.868,2017-08-14,33,2017,14,Monday,0.5978,1.9902490296442805
26.124130249023438,29.139999389648438,29.360000610351562,28.8700008392334,29.360000610351562,74800,-0.444,2017-08-15,33,2017,15,Tuesday,0.5978,1.9902490296442805
26.213781356811523,29.239999771118164,29.329999923706055,29.149999618530273,29.329999923706055,53400,0.343,2017-08-16,33,2017,16,Wednesday,0.5978,1.9902490296442805
25.84621238708496,28.829999923706055,29.290000915527344,28.829999923706055,29.149999618530273,32800,-1.402,2017-08-17,33,2017,17,Thursday,0.5978,1.9902490296442805
26.00758171081543,29.010000228881836,29.15999984741211,28.84000015258789,28.8799991607666,39700,0.624,2017-08-18,33,2017,18,Friday,0.5978,1.9902490296442805
25.96276092529297,28.959999084472656,29.139999389648438,28.920000076293945,29.059999465942383,43500,-0.172,2017-08-21,34,2017,21,Monday,0.5128,0.4216926605953677
26.124130249023438,29.139999389648438,29.329999923706055,29.100000381469727,29.1200008392334,100900,0.622,2017-08-22,34,2017,22,Tuesday,0.5128,0.4216926605953677
26.375154495239258,29.420000076293945,29.440000534057617,29.139999389648438,29.239999771118164,41100,0.961,2017-08-23,34,2017,23,Wednesday,0.5128,0.4216926605953677
26.554454803466797,29.6200008392334,29.6299991607666,29.389999389648438,29.450000762939453,16800,0.68,2017-08-24,34,2017,24,Thursday,0.5128,0.4216926605953677
26.679962158203125,29.760000228881836,29.829999923706055,29.649999618530273,29.75,25200,0.473,2017-08-25,34,2017,25,Friday,0.5128,0.4216926605953677
26.626174926757812,29.700000762939453,29.899999618530273,29.600000381469727,29.81999969482422,67000,-0.202,2017-08-28,35,2017,28,Monday,0.09540000000000001,0.6044136001117115
26.437908172607422,29.489999771118164,29.610000610351562,29.3700008392334,29.520000457763672,207700,-0.707,2017-08-29,35,2017,29,Tuesday,0.09540000000000001,0.6044136001117115
26.437908172607422,29.489999771118164,29.5,29.34000015258789,29.5,45700,0.0,2017-08-30,35,2017,30,Wednesday,0.09540000000000001,0.6044136001117115
26.63513946533203,29.709999084472656,29.950000762939453,29.56999969482422,29.600000381469727,194000,0.746,2017-08-31,35,2017,31,Thursday,0.09540000000000001,0.6044136001117115
26.805477142333984,29.899999618530273,30.040000915527344,29.690000534057617,29.90999984741211,57700,0.64,2017-09-01,35,2017,1,Friday,0.09540000000000001,0.6044136001117115
27.24475860595703,30.389999389648438,30.5,29.959999084472656,29.959999084472656,53800,1.639,2017-09-05,36,2017,5,Tuesday,0.362,1.0697928148322304
27.361309051513672,30.520000457763672,30.530000686645508,30.34000015258789,30.450000762939453,74300,0.428,2017-09-06,36,2017,6,Wednesday,0.362,1.0697928148322304
27.459918975830078,30.6299991607666,30.68000030517578,30.479999542236328,30.510000228881836,19500,0.36,2017-09-07,36,2017,7,Thursday,0.362,1.0697928148322304
27.190969467163086,30.329999923706055,30.540000915527344,30.209999084472656,30.540000915527344,14300,-0.979,2017-09-08,36,2017,8,Friday,0.362,1.0697928148322304
27.818523406982422,31.030000686645508,31.1200008392334,30.489999771118164,30.489999771118164,55800,2.308,2017-09-11,37,2017,11,Monday,0.5327999999999999,1.018646749368985
27.890247344970703,31.110000610351562,31.239999771118164,30.950000762939453,31.15999984741211,17000,0.258,2017-09-12,37,2017,12,Tuesday,0.5327999999999999,1.018646749368985
27.988859176635742,31.219999313354492,31.34000015258789,31.09000015258789,31.25,57400,0.354,2017-09-13,37,2017,13,Wednesday,0.5327999999999999,1.018646749368985
27.926105499267578,31.149999618530273,31.350000381469727,31.06999969482422,31.06999969482422,35700,-0.224,2017-09-14,37,2017,14,Thursday,0.5327999999999999,1.018646749368985
27.917139053344727,31.139999389648438,31.329999923706055,31.030000686645508,31.329999923706055,18200,-0.032,2017-09-15,37,2017,15,Friday,0.5327999999999999,1.018646749368985
28.078510284423828,31.31999969482422,31.440000534057617,31.100000381469727,31.290000915527344,55200,0.578,2017-09-18,38,2017,18,Monday,0.37839999999999996,0.7847867863311665
28.275741577148438,31.540000915527344,31.549999237060547,30.90999984741211,31.469999313354492,32900,0.702,2017-09-19,38,2017,19,Tuesday,0.37839999999999996,0.7847867863311665
28.11437225341797,31.360000610351562,31.799999237060547,31.239999771118164,31.56999969482422,50700,-0.571,2017-09-20,38,2017,20,Wednesday,0.37839999999999996,0.7847867863311665
28.05161476135254,31.290000915527344,31.530000686645508,31.200000762939453,31.389999389648438,60200,-0.223,2017-09-21,38,2017,21,Thursday,0.37839999999999996,0.7847867863311665
28.446077346801758,31.729999542236328,31.81999969482422,31.290000915527344,31.350000381469727,42200,1.406,2017-09-22,38,2017,22,Friday,0.37839999999999996,0.7847867863311665
27.899213790893555,31.1200008392334,31.690000534057617,31.020000457763672,31.6200008392334,47800,-1.922,2017-09-25,39,2017,25,Monday,0.05180000000000003,1.3742125745313205
27.872318267822266,31.09000015258789,31.360000610351562,31.06999969482422,31.209999084472656,71700,-0.096,2017-09-26,39,2017,26,Tuesday,0.05180000000000003,1.3742125745313205
27.818523406982422,31.030000686645508,31.34000015258789,30.889999389648438,31.15999984741211,76800,-0.193,2017-09-27,39,2017,27,Wednesday,0.05180000000000003,1.3742125745313205
27.988859176635742,31.219999313354492,31.260000228881836,30.950000762939453,30.950000762939453,37500,0.612,2017-09-28,39,2017,28,Thursday,0.05180000000000003,1.3742125745313205
28.508831024169922,31.799999237060547,31.809999465942383,31.350000381469727,31.350000381469727,196700,1.858,2017-09-29,39,2017,29,Friday,0.05180000000000003,1.3742125745313205
28.7867488861084,32.11000061035156,32.20000076293945,31.760000228881836,31.84000015258789,114400,0.975,2017-10-02,40,2017,2,Monday,0.35700000000000004,0.514645509064249
28.921220779418945,32.2599983215332,32.29999923706055,31.889999389648438,32.150001525878906,172300,0.467,2017-10-03,40,2017,3,Tuesday,0.35700000000000004,0.514645509064249
28.948122024536133,32.290000915527344,32.47999954223633,32.040000915527344,32.34000015258789,63700,0.093,2017-10-04,40,2017,4,Wednesday,0.35700000000000004,0.514645509064249
29.127416610717773,32.4900016784668,32.56999969482422,32.380001068115234,32.380001068115234,55200,0.619,2017-10-05,40,2017,5,Thursday,0.35700000000000004,0.514645509064249
29.019840240478516,32.369998931884766,32.7400016784668,32.29999923706055,32.33000183105469,145100,-0.369,2017-10-06,40,2017,6,Friday,0.35700000000000004,0.514645509064249
28.921220779418945,32.2599983215332,32.560001373291016,32.220001220703125,32.459999084472656,73300,-0.34,2017-10-09,41,2017,9,Monday,-0.28759999999999997,1.054141024721076
29.001907348632812,32.349998474121094,32.439998626708984,32.290000915527344,32.41999816894531,26000,0.279,2017-10-10,41,2017,10,Tuesday,-0.28759999999999997,1.054141024721076
29.082592010498047,32.439998626708984,32.56999969482422,32.369998931884766,32.45000076293945,29200,0.278,2017-10-11,41,2017,11,Wednesday,-0.28759999999999997,1.054141024721076
28.472972869873047,31.760000228881836,32.36000061035156,31.68000030517578,32.25,66100,-2.096,2017-10-12,41,2017,12,Thursday,-0.28759999999999997,1.054141024721076
28.598482131958008,31.899999618530273,32.040000915527344,31.799999237060547,32.029998779296875,65400,0.441,2017-10-13,41,2017,13,Friday,-0.28759999999999997,1.054141024721076
28.284706115722656,31.549999237060547,32.150001525878906,31.420000076293945,32.099998474121094,77600,-1.097,2017-10-16,42,2017,16,Monday,-0.30179999999999996,0.48984456718432634
28.248844146728516,31.510000228881836,31.729999542236328,31.360000610351562,31.510000228881836,55800,-0.127,2017-10-17,42,2017,17,Tuesday,-0.30179999999999996,0.48984456718432634
28.311603546142578,31.579999923706055,31.760000228881836,31.520000457763672,31.559999465942383,55200,0.222,2017-10-18,42,2017,18,Wednesday,-0.30179999999999996,0.48984456718432634
28.21298599243164,31.469999313354492,31.469999313354492,31.18000030517578,31.40999984741211,87600,-0.348,2017-10-19,42,2017,19,Thursday,-0.30179999999999996,0.48984456718432634
28.168161392211914,31.420000076293945,31.520000457763672,31.329999923706055,31.440000534057617,82500,-0.159,2017-10-20,42,2017,20,Friday,-0.30179999999999996,0.48984456718432634
28.706064224243164,32.02000045776367,32.20000076293945,31.399999618530273,31.530000686645508,147700,1.91,2017-10-23,43,2017,23,Monday,0.2824,0.9709120969480193
28.69709587097168,32.0099983215332,32.22999954223633,31.889999389648438,32.13999938964844,128800,-0.031,2017-10-24,43,2017,24,Tuesday,0.2824,0.9709120969480193
28.49987030029297,31.790000915527344,32.310001373291016,31.530000686645508,32.15999984741211,90500,-0.687,2017-10-25,43,2017,25,Wednesday,0.2824,0.9709120969480193
28.49987030029297,31.790000915527344,32.16999816894531,31.780000686645508,32.16999816894531,86200,0.0,2017-10-26,43,2017,26,Thursday,0.2824,0.9709120969480193
28.5626220703125,31.860000610351562,31.969999313354492,31.75,31.969999313354492,61000,0.22,2017-10-27,43,2017,27,Friday,0.2824,0.9709120969480193
28.472972869873047,31.760000228881836,31.93000030517578,31.6299991607666,31.90999984741211,56200,-0.314,2017-10-30,44,2017,30,Monday,0.6362,0.9899167641776756
28.68813133239746,32.0,32.06999969482422,31.760000228881836,31.8799991607666,83000,0.756,2017-10-31,44,2017,31,Tuesday,0.6362,0.9899167641776756
28.643308639526367,31.950000762939453,32.2400016784668,31.850000381469727,32.2400016784668,76100,-0.156,2017-11-01,44,2017,1,Wednesday,0.6362,0.9899167641776756
28.84950828552246,32.18000030517578,32.27000045776367,32.04999923706055,32.130001068115234,48600,0.72,2017-11-02,44,2017,2,Thursday,0.6362,0.9899167641776756
29.4770565032959,32.880001068115234,33.16999816894531,32.52000045776367,32.61000061035156,87000,2.175,2017-11-03,44,2017,3,Friday,0.6362,0.9899167641776756
29.835655212402344,33.279998779296875,33.279998779296875,32.79999923706055,32.959999084472656,42600,1.217,2017-11-06,45,2017,6,Monday,-0.30720000000000003,1.1134496845390007
29.34258270263672,32.72999954223633,33.29999923706055,32.58000183105469,33.290000915527344,69200,-1.653,2017-11-07,45,2017,7,Tuesday,-0.30720000000000003,1.1134496845390007
29.324647903442383,32.709999084472656,32.88999938964844,32.630001068115234,32.779998779296875,103400,-0.061,2017-11-08,45,2017,8,Wednesday,-0.30720000000000003,1.1134496845390007
29.34258270263672,32.72999954223633,32.95000076293945,32.5099983215332,32.70000076293945,94200,0.061,2017-11-09,45,2017,9,Thursday,-0.30720000000000003,1.1134496845390007
29.019840240478516,32.369998931884766,32.77000045776367,32.2599983215332,32.72999954223633,81100,-1.1,2017-11-10,45,2017,10,Friday,-0.30720000000000003,1.1134496845390007
28.652271270751953,31.959999084472656,32.279998779296875,31.850000381469727,32.279998779296875,43600,-1.267,2017-11-13,46,2017,13,Monday,-0.22339999999999982,2.4863023347935784
27.50474739074707,30.68000030517578,31.889999389648438,30.68000030517578,31.889999389648438,129800,-4.005,2017-11-14,46,2017,14,Tuesday,-0.22339999999999982,2.4863023347935784
27.800594329833984,31.010000228881836,31.229999542236328,30.1299991607666,30.510000228881836,176900,1.076,2017-11-15,46,2017,15,Wednesday,-0.22339999999999982,2.4863023347935784
28.464006423950195,31.75,31.8799991607666,31.190000534057617,31.239999771118164,106300,2.386,2017-11-16,46,2017,16,Thursday,-0.22339999999999982,2.4863023347935784
28.661243438720703,31.969999313354492,32.0,31.729999542236328,31.81999969482422,48000,0.693,2017-11-17,46,2017,17,Friday,-0.22339999999999982,2.4863023347935784
28.455047607421875,31.739999771118164,31.93000030517578,31.520000457763672,31.93000030517578,26200,-0.719,2017-11-20,47,2017,20,Monday,0.58425,0.871006075371081
28.750886917114258,32.06999969482422,32.25,32.0099983215332,32.0099983215332,64100,1.04,2017-11-21,47,2017,21,Tuesday,0.58425,0.871006075371081
29.019840240478516,32.369998931884766,32.380001068115234,32.09000015258789,32.09000015258789,22800,0.935,2017-11-22,47,2017,22,Wednesday,0.58425,0.871006075371081
29.333616256713867,32.720001220703125,32.720001220703125,32.36000061035156,32.40999984741211,16900,1.081,2017-11-24,47,2017,24,Friday,0.58425,0.871006075371081
28.992944717407227,32.34000015258789,32.83000183105469,32.31999969482422,32.630001068115234,32000,-1.161,2017-11-27,48,2017,27,Monday,-0.20040000000000005,0.7135946328273497
28.84950828552246,32.18000030517578,32.380001068115234,32.119998931884766,32.380001068115234,41400,-0.495,2017-11-28,48,2017,28,Tuesday,-0.20040000000000005,0.7135946328273497
28.750886917114258,32.06999969482422,32.27000045776367,32.029998779296875,32.27000045776367,148600,-0.342,2017-11-29,48,2017,29,Wednesday,-0.20040000000000005,0.7135946328273497
28.93018913269043,32.27000045776367,32.43000030517578,32.150001525878906,32.220001220703125,119100,0.624,2017-11-30,48,2017,30,Thursday,-0.20040000000000005,0.7135946328273497
29.037769317626953,32.38999938964844,32.63999938964844,32.310001373291016,32.310001373291016,43600,0.372,2017-12-01,48,2017,1,Friday,-0.20040000000000005,0.7135946328273497
29.046737670898438,32.400001525878906,32.91999816894531,32.400001525878906,32.77000045776367,65200,0.031,2017-12-04,49,2017,4,Monday,0.5586,0.8489318582783898
28.975013732910156,32.31999969482422,32.56999969482422,32.27000045776367,32.31999969482422,77600,-0.247,2017-12-05,49,2017,5,Tuesday,0.5586,0.8489318582783898
29.019840240478516,32.369998931884766,32.529998779296875,32.09000015258789,32.150001525878906,29100,0.155,2017-12-06,49,2017,6,Wednesday,0.5586,0.8489318582783898
29.324647903442383,32.709999084472656,32.75,32.349998474121094,32.369998931884766,81000,1.05,2017-12-07,49,2017,7,Thursday,0.5586,0.8489318582783898
29.853586196899414,33.29999923706055,33.34000015258789,32.86000061035156,32.93000030517578,56500,1.804,2017-12-08,49,2017,8,Friday,0.5586,0.8489318582783898
30.400453567504883,33.90999984741211,33.93000030517578,33.459999084472656,33.459999084472656,77600,1.832,2017-12-11,50,2017,11,Monday,0.7924,1.2339209050826556
30.78594970703125,34.34000015258789,34.38999938964844,33.959999084472656,33.959999084472656,75100,1.268,2017-12-12,50,2017,12,Tuesday,0.7924,1.2339209050826556
31.377643585205078,35.0,35.08000183105469,34.5,34.5,78500,1.922,2017-12-13,50,2017,13,Wednesday,0.7924,1.2339209050826556
31.18938446044922,34.790000915527344,35.130001068115234,34.720001220703125,34.9900016784668,85000,-0.6,2017-12-14,50,2017,14,Thursday,0.7924,1.2339209050826556
31.045940399169922,34.630001068115234,34.81999969482422,34.459999084472656,34.81999969482422,113700,-0.46,2017-12-15,50,2017,15,Friday,0.7924,1.2339209050826556
31.485227584838867,35.119998931884766,35.189998626708984,34.9900016784668,35.06999969482422,123300,1.415,2017-12-18,51,2017,18,Monday,0.5104,0.6167428961893278
31.763139724731445,35.43000030517578,35.58000183105469,34.97999954223633,35.22999954223633,108400,0.883,2017-12-19,51,2017,19,Tuesday,0.5104,0.6167428961893278
31.754165649414062,35.41999816894531,35.560001373291016,35.08000183105469,35.560001373291016,75000,-0.028,2017-12-20,51,2017,20,Wednesday,0.5104,0.6167428961893278
31.7900333404541,35.459999084472656,35.630001068115234,35.38999938964844,35.38999938964844,48200,0.113,2017-12-21,51,2017,21,Thursday,0.5104,0.6167428961893278
31.843835830688477,35.52000045776367,35.70000076293945,35.47999954223633,35.65999984741211,23100,0.169,2017-12-22,51,2017,22,Friday,0.5104,0.6167428961893278
31.825897216796875,35.5,35.720001220703125,35.45000076293945,35.599998474121094,65700,-0.056,2017-12-26,52,2017,26,Tuesday,-0.025499999999999995,0.30066869918012196
31.942445755004883,35.630001068115234,35.70000076293945,35.439998626708984,35.689998626708984,28600,0.366,2017-12-27,52,2017,27,Wednesday,-0.025499999999999995,0.30066869918012196
31.928030014038086,35.439998626708984,35.7400016784668,35.310001373291016,35.7400016784668,71500,-0.045,2017-12-28,52,2017,28,Thursday,-0.025499999999999995,0.30066869918012196
31.810911178588867,35.310001373291016,35.47999954223633,35.130001068115234,35.40999984741211,136400,-0.367,2017-12-29,52,2017,29,Friday,-0.025499999999999995,0.30066869918012196
32.387489318847656,35.95000076293945,36.060001373291016,35.45000076293945,35.61000061035156,81200,1.813,2018-01-02,00,2018,2,Tuesday,0.82725,0.7183751921292012
32.64875411987305,36.2400016784668,36.279998779296875,36.02000045776367,36.09000015258789,161600,0.807,2018-01-03,00,2018,3,Wednesday,0.82725,0.7183751921292012
32.83794021606445,36.45000076293945,36.560001373291016,36.15999984741211,36.41999816894531,65700,0.579,2018-01-04,00,2018,4,Thursday,0.82725,0.7183751921292012
32.87397766113281,36.4900016784668,36.619998931884766,36.45000076293945,36.52000045776367,57000,0.11,2018-01-05,00,2018,5,Friday,0.82725,0.7183751921292012
32.937049865722656,36.560001373291016,36.619998931884766,36.2400016784668,36.52000045776367,105200,0.192,2018-01-08,01,2018,8,Monday,0.4366,0.6860413981677782
32.82893371582031,36.439998626708984,36.779998779296875,36.34000015258789,36.70000076293945,51900,-0.328,2018-01-09,01,2018,9,Tuesday,0.4366,0.6860413981677782
32.82893371582031,36.439998626708984,36.56999969482422,36.209999084472656,36.220001220703125,96100,0.0,2018-01-10,01,2018,10,Wednesday,0.4366,0.6860413981677782
33.19830322265625,36.849998474121094,36.93000030517578,36.59000015258789,36.59000015258789,206500,1.125,2018-01-11,01,2018,11,Thursday,0.4366,0.6860413981677782
33.59469985961914,37.290000915527344,37.33000183105469,36.900001525878906,37.0,109600,1.194,2018-01-12,01,2018,12,Friday,0.4366,0.6860413981677782
33.702816009521484,37.40999984741211,37.75,37.40999984741211,37.54999923706055,112600,0.322,2018-01-16,02,2018,16,Tuesday,0.14825,0.4542336953595583
33.846954345703125,37.56999969482422,37.790000915527344,37.540000915527344,37.72999954223633,163300,0.428,2018-01-17,02,2018,17,Wednesday,0.14825,0.4542336953595583
33.973079681396484,37.709999084472656,37.84000015258789,37.58000183105469,37.650001525878906,77800,0.373,2018-01-18,02,2018,18,Thursday,0.14825,0.4542336953595583
33.79290008544922,37.5099983215332,37.86000061035156,37.40999984741211,37.86000061035156,125100,-0.53,2018-01-19,02,2018,19,Friday,0.14825,0.4542336953595583
34.04515075683594,37.790000915527344,37.81999969482422,37.560001373291016,37.75,51100,0.746,2018-01-22,03,2018,22,Monday,0.46740000000000004,0.7957589459126426
34.027130126953125,37.77000045776367,37.88999938964844,37.720001220703125,37.83000183105469,89100,-0.053,2018-01-23,03,2018,23,Tuesday,0.46740000000000004,0.7957589459126426
34.01812744140625,37.7599983215332,38.36000061035156,37.65999984741211,38.029998779296875,316100,-0.026,2018-01-24,03,2018,24,Wednesday,0.46740000000000004,0.7957589459126426
33.991092681884766,37.72999954223633,37.959999084472656,37.650001525878906,37.900001525878906,102400,-0.079,2018-01-25,03,2018,25,Thursday,0.46740000000000004,0.7957589459126426
34.585697174072266,38.38999938964844,38.459999084472656,37.97999954223633,37.97999954223633,122200,1.749,2018-01-26,03,2018,26,Friday,0.46740000000000004,0.7957589459126426
34.16227340698242,37.91999816894531,38.369998931884766,37.86000061035156,38.20000076293945,67000,-1.224,2018-01-29,04,2018,29,Monday,-1.0364,2.0496493114676957
33.882991790771484,37.61000061035156,37.810001373291016,37.220001220703125,37.70000076293945,91700,-0.818,2018-01-30,04,2018,30,Tuesday,-1.0364,2.0496493114676957
34.37848663330078,38.15999984741211,38.2599983215332,37.88999938964844,37.88999938964844,39400,1.462,2018-01-31,04,2018,31,Wednesday,-1.0364,2.0496493114676957
34.243350982666016,38.0099983215332,38.40999984741211,37.90999984741211,38.290000915527344,67300,-0.393,2018-02-01,04,2018,1,Thursday,-1.0364,2.0496493114676957
32.80189895629883,36.40999984741211,37.63999938964844,36.400001525878906,37.560001373291016,273700,-4.209,2018-02-02,04,2018,2,Friday,-1.0364,2.0496493114676957
31.630727767944336,35.11000061035156,36.0,34.81999969482422,35.9900016784668,174900,-3.57,2018-02-05,05,2018,5,Monday,-1.5294,2.0608352190313517
32.17127227783203,35.709999084472656,35.939998626708984,33.63999938964844,34.619998931884766,198400,1.709,2018-02-06,05,2018,6,Tuesday,-1.5294,2.0608352190313517
31.711811065673828,35.20000076293945,36.060001373291016,35.189998626708984,35.540000915527344,102500,-1.428,2018-02-07,05,2018,7,Wednesday,-1.5294,2.0608352190313517
30.74784278869629,34.130001068115234,35.290000915527344,34.11000061035156,35.290000915527344,208600,-3.04,2018-02-08,05,2018,8,Thursday,-1.5294,2.0608352190313517
30.342439651489258,33.68000030517578,34.630001068115234,32.83000183105469,34.630001068115234,173500,-1.318,2018-02-09,05,2018,9,Friday,-1.5294,2.0608352190313517
31.522613525390625,34.9900016784668,35.22999954223633,34.04999923706055,34.04999923706055,235300,3.89,2018-02-12,06,2018,12,Monday,1.825,1.5695483426769625
31.70279884338379,35.189998626708984,35.29999923706055,34.790000915527344,34.9900016784668,105000,0.572,2018-02-13,06,2018,13,Tuesday,1.825,1.5695483426769625
32.65776443481445,36.25,36.25,34.849998474121094,34.9900016784668,48700,3.012,2018-02-14,06,2018,14,Wednesday,1.825,1.5695483426769625
33.10820770263672,36.75,36.81999969482422,36.22999954223633,36.59000015258789,145000,1.379,2018-02-15,06,2018,15,Thursday,1.825,1.5695483426769625
33.19830322265625,36.849998474121094,37.25,36.72999954223633,36.72999954223633,100200,0.272,2018-02-16,06,2018,16,Friday,1.825,1.5695483426769625
33.27937698364258,36.939998626708984,37.15999984741211,36.459999084472656,36.459999084472656,312800,0.244,2018-02-20,07,2018,20,Tuesday,0.373,0.7017839173610825
33.1352424621582,36.779998779296875,37.36000061035156,36.7400016784668,37.029998779296875,161500,-0.433,2018-02-21,07,2018,21,Wednesday,0.373,0.7017839173610825
33.2703742980957,36.93000030517578,37.29999923706055,36.83000183105469,37.150001525878906,134800,0.408,2018-02-22,07,2018,22,Thursday,0.373,0.7017839173610825
33.69380187988281,37.400001525878906,37.4900016784668,36.75,36.900001525878906,95900,1.273,2018-02-23,07,2018,23,Friday,0.373,0.7017839173610825
33.973079681396484,37.709999084472656,37.709999084472656,37.31999969482422,37.66999816894531,61000,0.829,2018-02-26,08,2018,26,Monday,-0.479,1.317807459380922
33.14425277709961,36.790000915527344,37.56999969482422,36.70000076293945,37.38999938964844,111700,-2.44,2018-02-27,08,2018,27,Tuesday,-0.479,1.317807459380922
33.3514518737793,37.02000045776367,37.38999938964844,36.97999954223633,37.18000030517578,157300,0.625,2018-02-28,08,2018,28,Wednesday,-0.479,1.317807459380922
33.05415725708008,36.689998626708984,37.189998626708984,36.470001220703125,37.189998626708984,197800,-0.891,2018-03-01,08,2018,1,Thursday,-0.479,1.317807459380922
32.88298034667969,36.5,36.63999938964844,35.90999984741211,36.22999954223633,272400,-0.518,2018-03-02,08,2018,2,Friday,-0.479,1.317807459380922
32.96406555175781,36.59000015258789,36.77000045776367,36.150001525878906,36.150001525878906,111800,0.247,2018-03-05,09,2018,5,Monday,0.7752,1.491836016457573
33.51362228393555,37.20000076293945,37.38999938964844,36.970001220703125,36.970001220703125,49200,1.667,2018-03-06,09,2018,6,Tuesday,0.7752,1.491836016457573
33.3514518737793,37.02000045776367,37.09000015258789,36.70000076293945,36.939998626708984,28300,-0.484,2018-03-07,09,2018,7,Wednesday,0.7752,1.491836016457573
33.18929672241211,36.84000015258789,37.13999938964844,36.790000915527344,36.849998474121094,42400,-0.486,2018-03-08,09,2018,8,Thursday,0.7752,1.491836016457573
34.16227340698242,37.91999816894531,38.04999923706055,37.22999954223633,37.22999954223633,221800,2.932,2018-03-09,09,2018,9,Friday,0.7752,1.491836016457573
34.279388427734375,38.04999923706055,38.16999816894531,37.810001373291016,37.90999984741211,251700,0.343,2018-03-12,10,2018,12,Monday,-0.5374000000000001,0.5459920329089061
34.03614044189453,37.779998779296875,38.290000915527344,37.66999816894531,38.220001220703125,83800,-0.71,2018-03-13,10,2018,13,Tuesday,-0.5374000000000001,0.5459920329089061
33.86497497558594,37.59000015258789,37.91999816894531,37.5099983215332,37.779998779296875,36800,-0.503,2018-03-14,10,2018,14,Wednesday,-0.5374000000000001,0.5459920329089061
33.47758483886719,37.15999984741211,37.47999954223633,37.09000015258789,37.47999954223633,128800,-1.144,2018-03-15,10,2018,15,Thursday,-0.5374000000000001,0.5459920329089061
33.252357482910156,36.90999984741211,37.20000076293945,36.88999938964844,37.20000076293945,26600,-0.673,2018-03-16,10,2018,16,Friday,-0.5374000000000001,0.5459920329089061
32.558658599853516,36.13999938964844,36.849998474121094,36.02000045776367,36.790000915527344,95100,-2.086,2018-03-19,11,2018,19,Monday,-1.0473999999999999,1.5494274103681012
32.531639099121094,36.11000061035156,36.400001525878906,35.95000076293945,36.31999969482422,76500,-0.083,2018-03-20,11,2018,20,Tuesday,-1.0473999999999999,1.5494274103681012
32.88298034667969,36.5,36.58000183105469,36.09000015258789,36.29999923706055,71200,1.08,2018-03-21,11,2018,21,Wednesday,-1.0473999999999999,1.5494274103681012
31.973073959350586,35.4900016784668,36.09000015258789,35.43000030517578,35.95000076293945,84500,-2.767,2018-03-22,11,2018,22,Thursday,-1.0473999999999999,1.5494274103681012
31.531627655029297,35.0,35.56999969482422,34.939998626708984,35.56999969482422,59600,-1.381,2018-03-23,11,2018,23,Friday,-1.0473999999999999,1.5494274103681012
32.17127227783203,35.709999084472656,35.75,35.279998779296875,35.709999084472656,71500,2.029,2018-03-26,12,2018,26,Monday,0.4935,1.7240128576473361
31.837936401367188,35.34000015258789,35.90999984741211,35.279998779296875,35.79999923706055,51800,-1.036,2018-03-27,12,2018,27,Tuesday,0.4935,1.7240128576473361
31.531627655029297,35.0,35.5,34.93000030517578,35.2400016784668,42000,-0.962,2018-03-28,12,2018,28,Wednesday,0.4935,1.7240128576473361
32.144248962402344,35.68000030517578,35.81999969482422,35.08000183105469,35.08000183105469,116600,1.943,2018-03-29,12,2018,29,Thursday,0.4935,1.7240128576473361
31.91000747680664,35.41999816894531,35.689998626708984,35.18000030517578,35.63999938964844,15400,-0.729,2018-04-02,13,2018,2,Monday,-0.04259999999999997,0.7930064942987541
31.91901397705078,35.43000030517578,35.54999923706055,35.209999084472656,35.4900016784668,83800,0.028,2018-04-03,13,2018,3,Tuesday,-0.04259999999999997,0.7930064942987541
32.207305908203125,35.75,35.7599983215332,34.810001373291016,34.86000061035156,146200,0.903,2018-04-04,13,2018,4,Wednesday,-0.04259999999999997,0.7930064942987541
32.378475189208984,35.939998626708984,36.209999084472656,35.849998474121094,36.0,79200,0.531,2018-04-05,13,2018,5,Thursday,-0.04259999999999997,0.7930064942987541
32.072174072265625,35.599998474121094,35.91999816894531,35.47999954223633,35.70000076293945,46100,-0.946,2018-04-06,13,2018,6,Friday,-0.04259999999999997,0.7930064942987541
32.045143127441406,35.56999969482422,36.0099983215332,35.56999969482422,35.880001068115234,59800,-0.084,2018-04-09,14,2018,9,Monday,-0.052600000000000056,0.955541888145151
32.459556579589844,36.029998779296875,36.06999969482422,35.81999969482422,35.88999938964844,18300,1.293,2018-04-10,14,2018,10,Tuesday,-0.052600000000000056,0.955541888145151
32.05415725708008,35.58000183105469,35.9900016784668,35.56999969482422,35.9900016784668,28600,-1.249,2018-04-11,14,2018,11,Wednesday,-0.052600000000000056,0.955541888145151
32.16225814819336,35.70000076293945,35.849998474121094,35.619998931884766,35.619998931884766,17500,0.337,2018-04-12,14,2018,12,Thursday,-0.052600000000000056,0.955541888145151
31.982080459594727,35.5,35.72999954223633,35.5,35.68000030517578,85200,-0.56,2018-04-13,14,2018,13,Friday,-0.052600000000000056,0.955541888145151
31.684782028198242,35.16999816894531,35.68000030517578,35.119998931884766,35.68000030517578,28700,-0.93,2018-04-16,15,2018,16,Monday,-0.1386,1.4526783195188122
32.297401428222656,35.849998474121094,35.91999816894531,35.08000183105469,35.09000015258789,276600,1.933,2018-04-17,15,2018,17,Tuesday,-0.1386,1.4526783195188122
32.56767272949219,36.150001525878906,36.36000061035156,35.86000061035156,35.97999954223633,82000,0.837,2018-04-18,15,2018,18,Wednesday,-0.1386,1.4526783195188122
32.117218017578125,35.650001525878906,36.290000915527344,35.41999816894531,36.290000915527344,20900,-1.383,2018-04-19,15,2018,19,Thursday,-0.1386,1.4526783195188122
31.74785614013672,35.2400016784668,35.459999084472656,35.040000915527344,35.459999084472656,50700,-1.15,2018-04-20,15,2018,20,Friday,-0.1386,1.4526783195188122
31.774873733520508,35.27000045776367,35.470001220703125,35.13999938964844,35.13999938964844,52100,0.085,2018-04-23,16,2018,23,Monday,-0.306,0.7530511270823516
31.765859603881836,35.2599983215332,35.720001220703125,35.09000015258789,35.47999954223633,24000,-0.028,2018-04-24,16,2018,24,Tuesday,-0.306,0.7530511270823516
31.342439651489258,34.790000915527344,35.0,34.52000045776367,35.0,99900,-1.333,2018-04-25,16,2018,25,Wednesday,-0.306,0.7530511270823516
31.090185165405273,34.5099983215332,35.0099983215332,34.4900016784668,35.0099983215332,83200,-0.805,2018-04-26,16,2018,26,Thursday,-0.306,0.7530511270823516
31.261363983154297,34.70000076293945,34.81999969482422,34.22999954223633,34.5,56500,0.551,2018-04-27,16,2018,27,Friday,-0.306,0.7530511270823516
31.50460433959961,34.970001220703125,35.16999816894531,34.880001068115234,34.90999984741211,37700,0.778,2018-04-30,17,2018,30,Monday,-1.1602000000000001,1.3984202515696058
31.099201202392578,34.52000045776367,35.02000045776367,34.41999816894531,34.7400016784668,22300,-1.287,2018-05-01,17,2018,1,Tuesday,-1.1602000000000001,1.3984202515696058
30.63072395324707,34.0,34.72999954223633,34.0,34.650001525878906,49600,-1.506,2018-05-02,17,2018,2,Wednesday,-1.1602000000000001,1.3984202515696058
29.684778213500977,32.95000076293945,34.02000045776367,32.939998626708984,33.939998626708984,115700,-3.088,2018-05-03,17,2018,3,Thursday,-1.1602000000000001,1.3984202515696058
29.47757339477539,32.720001220703125,33.470001220703125,32.599998474121094,32.599998474121094,328500,-0.698,2018-05-04,17,2018,4,Friday,-1.1602000000000001,1.3984202515696058
29.42351531982422,32.65999984741211,33.15999984741211,32.54999923706055,32.689998626708984,211000,-0.183,2018-05-07,18,2018,7,Monday,-0.701,2.1134347636016586
28.450542449951172,31.579999923706055,32.47999954223633,31.040000915527344,32.47999954223633,675600,-3.307,2018-05-08,18,2018,8,Tuesday,-0.701,2.1134347636016586
28.81089973449707,31.979999542236328,32.16999816894531,31.65999984741211,31.68000030517578,163100,1.267,2018-05-09,18,2018,9,Wednesday,-0.701,2.1134347636016586
29.16225242614746,32.369998931884766,32.61000061035156,31.639999389648438,31.81999969482422,599000,1.22,2018-05-10,18,2018,10,Thursday,-0.701,2.1134347636016586
28.432525634765625,31.559999465942383,32.79999923706055,31.549999237060547,32.380001068115234,155400,-2.502,2018-05-11,18,2018,11,Friday,-0.701,2.1134347636016586
27.77486228942871,30.829999923706055,31.450000762939453,30.770000457763672,31.450000762939453,610800,-2.313,2018-05-14,19,2018,14,Monday,-0.0020000000000000018,1.6314744864692186
27.882970809936523,30.950000762939453,31.329999923706055,30.40999984741211,30.600000381469727,308100,0.389,2018-05-15,19,2018,15,Tuesday,-0.0020000000000000018,1.6314744864692186
28.50459098815918,31.639999389648438,31.639999389648438,31.200000762939453,31.260000228881836,304000,2.229,2018-05-16,19,2018,16,Wednesday,-0.0020000000000000018,1.6314744864692186
28.531625747680664,31.670000076293945,31.790000915527344,31.389999389648438,31.6299991607666,157600,0.095,2018-05-17,19,2018,17,Thursday,-0.0020000000000000018,1.6314744864692186
28.414505004882812,31.540000915527344,31.81999969482422,31.389999389648438,31.530000686645508,329300,-0.41,2018-05-18,19,2018,18,Friday,-0.0020000000000000018,1.6314744864692186
28.441530227661133,31.56999969482422,31.889999389648438,31.399999618530273,31.799999237060547,91500,0.095,2018-05-21,20,2018,21,Monday,-0.2354,0.23359644689078643
28.28837776184082,31.399999618530273,31.719999313354492,31.3799991607666,31.670000076293945,137700,-0.538,2018-05-22,20,2018,22,Tuesday,-0.2354,0.23359644689078643
28.23432731628418,31.34000015258789,31.3700008392334,30.959999084472656,31.09000015258789,199500,-0.191,2018-05-23,20,2018,23,Wednesday,-0.2354,0.23359644689078643
28.180273056030273,31.280000686645508,31.450000762939453,31.049999237060547,31.09000015258789,61700,-0.191,2018-05-24,20,2018,24,Thursday,-0.2354,0.23359644689078643
28.081167221069336,31.170000076293945,31.239999771118164,31.0,31.15999984741211,14800,-0.352,2018-05-25,20,2018,25,Friday,-0.2354,0.23359644689078643
26.90098762512207,29.860000610351562,30.700000762939453,29.760000228881836,30.649999618530273,96100,-4.203,2018-05-29,21,2018,29,Tuesday,-1.065,2.232785405422265
27.135221481323242,30.1200008392334,30.270000457763672,29.81999969482422,29.81999969482422,40800,0.871,2018-05-30,21,2018,30,Wednesday,-1.065,2.232785405422265
26.855939865112305,29.809999465942383,30.190000534057617,29.6200008392334,30.059999465942383,66200,-1.029,2018-05-31,21,2018,31,Thursday,-1.065,2.232785405422265
26.882970809936523,29.84000015258789,30.0,29.84000015258789,30.0,39000,0.101,2018-06-01,21,2018,1,Friday,-1.065,2.232785405422265
27.468557357788086,30.489999771118164,30.5,29.940000534057617,29.940000534057617,31900,2.178,2018-06-04,22,2018,4,Monday,0.6891999999999999,1.9031885613359494
28.01810646057129,31.100000381469727,31.200000762939453,30.31999969482422,30.31999969482422,51500,2.001,2018-06-05,22,2018,5,Tuesday,0.6891999999999999,1.9031885613359494
28.117204666137695,31.209999084472656,31.3700008392334,31.040000915527344,31.239999771118164,73500,0.354,2018-06-06,22,2018,6,Wednesday,0.6891999999999999,1.9031885613359494
27.423513412475586,30.440000534057617,31.139999389648438,30.06999969482422,31.1299991607666,100600,-2.467,2018-06-07,22,2018,7,Thursday,0.6891999999999999,1.9031885613359494
27.801889419555664,30.860000610351562,31.040000915527344,30.360000610351562,30.950000762939453,101000,1.38,2018-06-08,22,2018,8,Friday,0.6891999999999999,1.9031885613359494
27.92801856994629,31.0,31.489999771118164,30.760000228881836,30.889999389648438,72800,0.454,2018-06-11,23,2018,11,Monday,-1.1485999999999998,1.164261697385944
27.76585578918457,30.81999969482422,31.06999969482422,30.780000686645508,31.0,47800,-0.581,2018-06-12,23,2018,12,Tuesday,-1.1485999999999998,1.164261697385944
27.099184036254883,30.079999923706055,30.899999618530273,30.059999465942383,30.739999771118164,94100,-2.401,2018-06-13,23,2018,13,Wednesday,-1.1485999999999998,1.164261697385944
26.522607803344727,29.440000534057617,30.329999923706055,29.440000534057617,30.170000076293945,58500,-2.128,2018-06-14,23,2018,14,Thursday,-1.1485999999999998,1.164261697385944
26.23431968688965,29.1200008392334,29.479999542236328,28.829999923706055,29.350000381469727,92400,-1.087,2018-06-15,23,2018,15,Friday,-1.1485999999999998,1.164261697385944
25.279359817504883,28.059999465942383,28.790000915527344,27.860000610351562,28.790000915527344,111500,-3.64,2018-06-18,24,2018,18,Monday,0.024999999999999956,2.1073495201318644
25.567646026611328,28.3799991607666,28.600000381469727,27.549999237060547,27.549999237060547,261500,1.14,2018-06-19,24,2018,19,Tuesday,0.024999999999999956,2.1073495201318644
25.666748046875,28.489999771118164,28.719999313354492,28.450000762939453,28.649999618530273,325800,0.388,2018-06-20,24,2018,20,Wednesday,0.024999999999999956,2.1073495201318644
26.09016990661621,28.959999084472656,30.0,28.940000534057617,29.25,578100,1.65,2018-06-21,24,2018,21,Thursday,0.024999999999999956,2.1073495201318644
26.243324279785156,29.1299991607666,29.489999771118164,29.100000381469727,29.420000076293945,166400,0.587,2018-06-22,24,2018,22,Friday,0.024999999999999956,2.1073495201318644
25.50458526611328,28.309999465942383,29.079999923706055,28.18000030517578,28.899999618530273,133200,-2.815,2018-06-25,25,2018,25,Monday,-1.5091999999999999,2.2096339515856465
25.468549728393555,28.270000457763672,28.68000030517578,28.25,28.389999389648438,73400,-0.141,2018-06-26,25,2018,26,Tuesday,-1.5091999999999999,2.2096339515856465
24.342416763305664,27.020000457763672,28.479999542236328,27.0,28.479999542236328,259100,-4.422,2018-06-27,25,2018,27,Wednesday,-1.5091999999999999,2.2096339515856465
24.639720916748047,27.350000381469727,27.479999542236328,26.979999542236328,26.979999542236328,440700,1.221,2018-06-28,25,2018,28,Thursday,-1.5091999999999999,2.2096339515856465
24.297374725341797,26.969999313354492,27.469999313354492,26.790000915527344,27.469999313354492,153100,-1.389,2018-06-29,25,2018,29,Friday,-1.5091999999999999,2.2096339515856465
23.93701171875,26.56999969482422,26.850000381469727,26.360000610351562,26.68000030517578,83300,-1.483,2018-07-02,26,2018,2,Monday,1.20725,2.512314653196662
25.03611946105957,27.790000915527344,27.889999389648438,26.690000534057617,26.780000686645508,73500,4.592,2018-07-03,26,2018,3,Tuesday,1.20725,2.512314653196662
25.252330780029297,28.030000686645508,28.09000015258789,27.639999389648438,27.809999465942383,240400,0.864,2018-07-05,26,2018,5,Thursday,1.20725,2.512314653196662
25.468549728393555,28.270000457763672,28.329999923706055,28.010000228881836,28.010000228881836,43900,0.856,2018-07-06,26,2018,6,Friday,1.20725,2.512314653196662
25.79287338256836,28.6299991607666,28.760000228881836,28.450000762939453,28.65999984741211,46300,1.273,2018-07-09,27,2018,9,Monday,0.20919999999999997,1.1172032939443028
25.765846252441406,28.600000381469727,28.799999237060547,28.389999389648438,28.639999389648438,30700,-0.105,2018-07-10,27,2018,10,Tuesday,0.20919999999999997,1.1172032939443028
25.36044692993164,28.149999618530273,28.270000457763672,28.040000915527344,28.079999923706055,16300,-1.573,2018-07-11,27,2018,11,Wednesday,0.20919999999999997,1.1172032939443028
25.58566665649414,28.399999618530273,28.610000610351562,28.3700008392334,28.43000030517578,35300,0.888,2018-07-12,27,2018,12,Thursday,0.20919999999999997,1.1172032939443028
25.729808807373047,28.559999465942383,28.56999969482422,28.309999465942383,28.31999969482422,11100,0.563,2018-07-13,27,2018,13,Friday,0.20919999999999997,1.1172032939443028
25.92801284790039,28.780000686645508,28.809999465942383,28.469999313354492,28.469999313354492,20700,0.77,2018-07-16,28,2018,16,Monday,0.883,0.7810291287781781
26.333415985107422,29.229999542236328,29.3799991607666,28.559999465942383,28.56999969482422,37400,1.564,2018-07-17,28,2018,17,Tuesday,0.883,0.7810291287781781
26.729812622070312,29.670000076293945,29.760000228881836,29.059999465942383,29.059999465942383,44700,1.505,2018-07-18,28,2018,18,Wednesday,0.883,0.7810291287781781
26.63071632385254,29.559999465942383,29.600000381469727,29.290000915527344,29.299999237060547,20400,-0.371,2018-07-19,28,2018,19,Thursday,0.883,0.7810291287781781
26.882970809936523,29.84000015258789,30.049999237060547,29.700000762939453,29.780000686645508,93900,0.947,2018-07-20,28,2018,20,Friday,0.883,0.7810291287781781
26.558643341064453,29.479999542236328,29.760000228881836,29.399999618530273,29.760000228881836,15000,-1.206,2018-07-23,29,2018,23,Monday,0.05999999999999996,1.269832075512349
26.63972282409668,29.56999969482422,29.799999237060547,29.459999084472656,29.729999542236328,26300,0.305,2018-07-24,29,2018,24,Tuesday,0.05999999999999996,1.269832075512349
27.180265426635742,30.170000076293945,30.239999771118164,29.579999923706055,29.600000381469727,327000,2.029,2018-07-25,29,2018,25,Wednesday,0.05999999999999996,1.269832075512349
27.198284149169922,30.190000534057617,30.229999542236328,29.950000762939453,29.989999771118164,27500,0.066,2018-07-26,29,2018,26,Thursday,0.05999999999999996,1.269832075512349
26.955039978027344,29.920000076293945,30.489999771118164,29.790000915527344,30.309999465942383,43100,-0.894,2018-07-27,29,2018,27,Friday,0.05999999999999996,1.269832075512349
26.702787399291992,29.639999389648438,30.040000915527344,29.600000381469727,30.040000915527344,6600,-0.936,2018-07-30,30,2018,30,Monday,-0.38400000000000006,1.3025933747720353
26.69377899169922,29.6299991607666,29.860000610351562,29.559999465942383,29.56999969482422,27000,-0.034,2018-07-31,30,2018,31,Tuesday,-0.38400000000000006,1.3025933747720353
26.666751861572266,29.600000381469727,29.780000686645508,29.459999084472656,29.459999084472656,11800,-0.101,2018-08-01,30,2018,1,Wednesday,-0.38400000000000006,1.3025933747720353
26.081165313720703,28.950000762939453,29.15999984741211,28.68000030517578,28.68000030517578,578700,-2.196,2018-08-02,30,2018,2,Thursday,-0.38400000000000006,1.3025933747720353
26.432518005371094,29.34000015258789,29.43000030517578,28.979999542236328,28.989999771118164,56800,1.347,2018-08-03,30,2018,3,Friday,-0.38400000000000006,1.3025933747720353
26.45954132080078,29.3700008392334,29.389999389648438,29.200000762939453,29.200000762939453,35500,0.102,2018-08-06,31,2018,6,Monday,-0.6432,2.240513043925431
26.036115646362305,28.899999618530273,29.389999389648438,28.84000015258789,29.200000762939453,81500,-1.6,2018-08-07,31,2018,7,Tuesday,-0.6432,2.240513043925431
25.630712509155273,28.450000762939453,29.09000015258789,28.440000534057617,29.030000686645508,83600,-1.557,2018-08-08,31,2018,8,Wednesday,-0.6432,2.240513043925431
26.360441207885742,29.260000228881836,29.520000457763672,28.350000381469727,28.389999389648438,163800,2.847,2018-08-09,31,2018,9,Thursday,-0.6432,2.240513043925431
25.567646026611328,28.3799991607666,28.75,28.09000015258789,28.75,114700,-3.008,2018-08-10,31,2018,10,Friday,-0.6432,2.240513043925431
24.684764862060547,27.399999618530273,28.190000534057617,27.260000228881836,28.190000534057617,81100,-3.453,2018-08-13,32,2018,13,Monday,-1.5228,1.5906041933806159
24.90097999572754,27.639999389648438,27.809999465942383,27.479999542236328,27.479999542236328,351800,0.876,2018-08-14,32,2018,14,Tuesday,-1.5228,1.5906041933806159
24.387466430664062,27.06999969482422,27.270000457763672,26.75,27.270000457763672,47700,-2.062,2018-08-15,32,2018,15,Wednesday,-1.5228,1.5906041933806159
24.12620735168457,26.780000686645508,27.350000381469727,26.770000457763672,27.219999313354492,41100,-1.071,2018-08-16,32,2018,16,Thursday,-1.5228,1.5906041933806159
23.6667423248291,26.270000457763672,26.760000228881836,26.170000076293945,26.760000228881836,461100,-1.904,2018-08-17,32,2018,17,Friday,-1.5228,1.5906041933806159
23.657732009887695,26.260000228881836,26.40999984741211,26.059999465942383,26.40999984741211,26000,-0.038,2018-08-20,33,2018,20,Monday,0.7613999999999999,1.0052232587838386
23.918991088867188,26.549999237060547,26.790000915527344,26.260000228881836,26.260000228881836,49000,1.104,2018-08-21,33,2018,21,Tuesday,0.7613999999999999,1.0052232587838386
24.459537506103516,27.149999618530273,27.149999618530273,26.530000686645508,26.84000015258789,23400,2.26,2018-08-22,33,2018,22,Wednesday,0.7613999999999999,1.0052232587838386
24.396472930908203,27.079999923706055,27.399999618530273,27.079999923706055,27.149999618530273,10900,-0.258,2018-08-23,33,2018,23,Thursday,0.7613999999999999,1.0052232587838386
24.576658248901367,27.280000686645508,27.479999542236328,27.06999969482422,27.360000610351562,28900,0.739,2018-08-24,33,2018,24,Friday,0.7613999999999999,1.0052232587838386
24.891969680786133,27.6299991607666,27.860000610351562,27.530000686645508,27.559999465942383,52000,1.283,2018-08-27,34,2018,27,Monday,-0.7943999999999999,4.381070907894553
24.675752639770508,27.389999389648438,27.829999923706055,27.270000457763672,27.68000030517578,36500,-0.869,2018-08-28,34,2018,28,Tuesday,-0.7943999999999999,4.381070907894553
24.32440185546875,27.0,27.479999542236328,26.899999618530273,27.350000381469727,65000,-1.424,2018-08-29,34,2018,29,Wednesday,-0.7943999999999999,4.381070907894553
22.513582229614258,24.989999771118164,26.610000610351562,24.959999084472656,26.540000915527344,210800,-7.444,2018-08-30,34,2018,30,Thursday,-0.7943999999999999,4.381070907894553
23.522598266601562,26.110000610351562,26.15999984741211,25.020000457763672,25.020000457763672,247900,4.482,2018-08-31,34,2018,31,Friday,-0.7943999999999999,4.381070907894553
22.54962158203125,25.030000686645508,25.899999618530273,25.010000228881836,25.899999618530273,272600,-4.136,2018-09-04,35,2018,4,Tuesday,-0.38725,2.6527348623637454
22.729801177978516,25.229999542236328,25.229999542236328,24.559999465942383,24.969999313354492,246600,0.799,2018-09-05,35,2018,5,Wednesday,-0.38725,2.6527348623637454
23.180253982543945,25.729999542236328,25.850000381469727,25.06999969482422,25.200000762939453,151000,1.982,2018-09-06,35,2018,6,Thursday,-0.38725,2.6527348623637454
23.135210037231445,25.68000030517578,25.979999542236328,25.450000762939453,25.530000686645508,102100,-0.194,2018-09-07,35,2018,7,Friday,-0.38725,2.6527348623637454
22.729801177978516,25.229999542236328,25.700000762939453,25.229999542236328,25.690000534057617,21500,-1.752,2018-09-10,36,2018,10,Monday,-0.3312,1.2160434613943698
22.423492431640625,24.889999389648438,25.010000228881836,24.780000686645508,25.010000228881836,49100,-1.348,2018-09-11,36,2018,11,Tuesday,-0.3312,1.2160434613943698
22.70277214050293,25.200000762939453,25.270000457763672,24.920000076293945,24.920000076293945,40700,1.245,2018-09-12,36,2018,12,Wednesday,-0.3312,1.2160434613943698
22.738811492919922,25.239999771118164,25.780000686645508,25.190000534057617,25.450000762939453,119000,0.159,2018-09-13,36,2018,13,Thursday,-0.3312,1.2160434613943698
22.74782371520996,25.25,25.43000030517578,25.1299991607666,25.239999771118164,86600,0.04,2018-09-14,36,2018,14,Friday,-0.3312,1.2160434613943698
23.171245574951172,25.719999313354492,25.760000228881836,25.18000030517578,25.209999084472656,148100,1.861,2018-09-17,37,2018,17,Monday,1.85,1.5895387695806604
23.33340835571289,25.899999618530273,26.170000076293945,25.75,25.860000610351562,30200,0.7,2018-09-18,37,2018,18,Tuesday,1.85,1.5895387695806604
23.8919677734375,26.520000457763672,26.530000686645508,25.770000457763672,25.920000076293945,143400,2.394,2018-09-19,37,2018,19,Wednesday,1.85,1.5895387695806604
24.891969680786133,27.6299991607666,27.690000534057617,26.760000228881836,26.780000686645508,321000,4.186,2018-09-20,37,2018,20,Thursday,1.85,1.5895387695806604
24.918994903564453,27.65999984741211,27.979999542236328,27.350000381469727,27.56999969482422,152700,0.109,2018-09-21,37,2018,21,Friday,1.85,1.5895387695806604
24.558637619018555,27.260000228881836,27.6299991607666,27.049999237060547,27.6299991607666,89900,-1.446,2018-09-24,38,2018,24,Monday,-0.759,1.0762882978087236
24.774852752685547,27.5,27.6200008392334,26.65999984741211,26.950000762939453,226800,0.88,2018-09-25,38,2018,25,Tuesday,-0.759,1.0762882978087236
24.711790084838867,27.43000030517578,27.81999969482422,27.350000381469727,27.530000686645508,54600,-0.255,2018-09-26,38,2018,26,Wednesday,-0.759,1.0762882978087236
24.414493560791016,27.100000381469727,27.760000228881836,27.0,27.59000015258789,129300,-1.203,2018-09-27,38,2018,27,Thursday,-0.759,1.0762882978087236
23.982057571411133,26.6200008392334,26.940000534057617,26.469999313354492,26.899999618530273,96000,-1.771,2018-09-28,38,2018,28,Friday,-0.759,1.0762882978087236
24.05413055419922,26.700000762939453,26.979999542236328,26.639999389648438,26.760000228881836,26400,0.301,2018-10-01,39,2018,1,Monday,-0.4587999999999998,2.568615619356076
24.729808807373047,27.450000762939453,27.489999771118164,26.579999923706055,26.579999923706055,46300,2.809,2018-10-02,39,2018,2,Tuesday,-0.4587999999999998,2.568615619356076
24.693775177001953,27.40999984741211,28.100000381469727,27.309999465942383,27.670000076293945,211800,-0.146,2018-10-03,39,2018,3,Wednesday,-0.4587999999999998,2.568615619356076
23.630706787109375,26.229999542236328,27.209999084472656,26.020000457763672,27.209999084472656,74400,-4.305,2018-10-04,39,2018,4,Thursday,-0.4587999999999998,2.568615619356076
23.405479431152344,25.979999542236328,26.56999969482422,25.8700008392334,26.1200008392334,35600,-0.953,2018-10-05,39,2018,5,Friday,-0.4587999999999998,2.568615619356076
23.756832122802734,26.3700008392334,26.510000228881836,25.8700008392334,25.8700008392334,203400,1.501,2018-10-08,40,2018,8,Monday,-0.6038,2.9806544080117705
23.63971519470215,26.239999771118164,26.389999389648438,26.010000228881836,26.190000534057617,43300,-0.493,2018-10-09,40,2018,9,Tuesday,-0.6038,2.9806544080117705
22.65772819519043,25.149999618530273,26.1299991607666,25.149999618530273,26.049999237060547,59500,-4.154,2018-10-10,40,2018,10,Wednesday,-0.6038,2.9806544080117705
22.00006866455078,24.420000076293945,25.049999237060547,24.420000076293945,24.93000030517578,73600,-2.903,2018-10-11,40,2018,11,Thursday,-0.6038,2.9806544080117705
22.66674041748047,25.15999984741211,25.239999771118164,24.84000015258789,24.950000762939453,52100,3.03,2018-10-12,40,2018,12,Friday,-0.6038,2.9806544080117705
22.65772819519043,25.149999618530273,25.43000030517578,24.889999389648438,25.0,54400,-0.04,2018-10-15,41,2018,15,Monday,-0.20900000000000007,1.9056107944698466
23.009084701538086,25.540000915527344,25.690000534057617,25.329999923706055,25.450000762939453,20400,1.551,2018-10-16,41,2018,16,Tuesday,-0.20900000000000007,1.9056107944698466
22.855934143066406,25.3700008392334,25.399999618530273,25.110000610351562,25.350000381469727,12500,-0.666,2018-10-17,41,2018,17,Wednesday,-0.20900000000000007,1.9056107944698466
22.126197814941406,24.559999465942383,25.09000015258789,24.559999465942383,25.020000457763672,13800,-3.193,2018-10-18,41,2018,18,Thursday,-0.20900000000000007,1.9056107944698466
22.41448211669922,24.8799991607666,25.059999465942383,24.829999923706055,24.84000015258789,25100,1.303,2018-10-19,41,2018,19,Friday,-0.20900000000000007,1.9056107944698466
22.315385818481445,24.770000457763672,24.989999771118164,24.610000610351562,24.8700008392334,46200,-0.442,2018-10-22,42,2018,22,Monday,-0.3154,2.022295552089259
21.900968551635742,24.309999465942383,24.43000030517578,24.0,24.43000030517578,33300,-1.857,2018-10-23,42,2018,23,Tuesday,-0.3154,2.022295552089259
21.333402633666992,23.68000030517578,24.399999618530273,23.639999389648438,24.350000381469727,25500,-2.592,2018-10-24,42,2018,24,Wednesday,-0.3154,2.022295552089259
21.837907791137695,24.239999771118164,24.489999771118164,23.719999313354492,23.850000381469727,97100,2.365,2018-10-25,42,2018,25,Thursday,-0.3154,2.022295552089259
22.045120239257812,24.469999313354492,24.760000228881836,23.81999969482422,23.959999084472656,40400,0.949,2018-10-26,42,2018,26,Friday,-0.3154,2.022295552089259
21.594663619995117,23.969999313354492,24.8700008392334,23.700000762939453,24.670000076293945,41600,-2.043,2018-10-29,43,2018,29,Monday,2.1134,2.65824092211372
22.135202407836914,24.56999969482422,24.6200008392334,23.8700008392334,24.1200008392334,13100,2.503,2018-10-30,43,2018,30,Tuesday,2.1134,2.65824092211372
22.810882568359375,25.31999969482422,25.350000381469727,24.739999771118164,24.899999618530273,21800,3.053,2018-10-31,43,2018,31,Wednesday,2.1134,2.65824092211372
24.009084701538086,26.649999618530273,26.65999984741211,25.649999618530273,25.81999969482422,233100,5.253,2018-11-01,43,2018,1,Thursday,2.1134,2.65824092211372
24.441518783569336,27.1299991607666,27.239999771118164,26.799999237060547,26.93000030517578,103500,1.801,2018-11-02,43,2018,2,Friday,2.1134,2.65824092211372
24.333412170410156,27.010000228881836,27.170000076293945,26.889999389648438,27.049999237060547,38800,-0.442,2018-11-05,44,2018,5,Monday,-1.0126,0.85749594751229
23.955034255981445,26.59000015258789,27.100000381469727,26.510000228881836,27.010000228881836,24500,-1.555,2018-11-06,44,2018,6,Tuesday,-1.0126,0.85749594751229
24.00007438659668,26.639999389648438,26.799999237060547,26.34000015258789,26.790000915527344,64100,0.188,2018-11-07,44,2018,7,Wednesday,-1.0126,0.85749594751229
23.549625396728516,26.139999389648438,26.520000457763672,26.020000457763672,26.459999084472656,46900,-1.877,2018-11-08,44,2018,8,Thursday,-1.0126,0.85749594751229
23.225297927856445,25.780000686645508,25.950000762939453,25.520000457763672,25.850000381469727,78300,-1.377,2018-11-09,44,2018,9,Friday,-1.0126,0.85749594751229
22.873945236206055,25.389999389648438,25.6299991607666,25.299999237060547,25.6200008392334,18600,-1.513,2018-11-12,45,2018,12,Monday,0.38100000000000006,2.1923216004956934
22.369441986083984,24.829999923706055,25.3700008392334,24.770000457763672,25.280000686645508,49300,-2.206,2018-11-13,45,2018,13,Tuesday,0.38100000000000006,2.1923216004956934
22.909982681274414,25.43000030517578,25.43000030517578,25.049999237060547,25.1299991607666,6700,2.416,2018-11-14,45,2018,14,Wednesday,0.38100000000000006,2.1923216004956934
23.49557113647461,26.079999923706055,26.079999923706055,25.440000534057617,25.440000534057617,26500,2.556,2018-11-15,45,2018,15,Thursday,0.38100000000000006,2.1923216004956934
23.64872169494629,26.25,26.40999984741211,25.8700008392334,26.079999923706055,18900,0.652,2018-11-16,45,2018,16,Friday,0.38100000000000006,2.1923216004956934
23.25232696533203,25.809999465942383,26.1299991607666,25.709999084472656,26.1299991607666,23800,-1.676,2018-11-19,46,2018,19,Monday,-1.26525,2.6333094988372836
22.3424129486084,24.799999237060547,25.510000228881836,24.739999771118164,25.510000228881836,25000,-3.913,2018-11-20,46,2018,20,Tuesday,-1.26525,2.6333094988372836
22.873945236206055,25.389999389648438,25.43000030517578,25.1200008392334,25.1200008392334,13800,2.379,2018-11-21,46,2018,21,Wednesday,-1.26525,2.6333094988372836
22.45052146911621,24.920000076293945,25.110000610351562,24.739999771118164,25.010000228881836,5800,-1.851,2018-11-23,46,2018,23,Friday,-1.26525,2.6333094988372836
22.67574691772461,25.170000076293945,25.239999771118164,24.989999771118164,25.139999389648438,42200,1.003,2018-11-26,47,2018,26,Monday,0.6276,1.528253840171848
22.3874568939209,24.850000381469727,25.200000762939453,24.719999313354492,25.149999618530273,44400,-1.271,2018-11-27,47,2018,27,Tuesday,0.6276,1.528253840171848
22.909982681274414,25.43000030517578,25.469999313354492,24.639999389648438,24.940000534057617,52500,2.334,2018-11-28,47,2018,28,Wednesday,0.6276,1.528253840171848
23.2973690032959,25.860000610351562,25.950000762939453,25.229999542236328,25.229999542236328,113000,1.691,2018-11-29,47,2018,29,Thursday,0.6276,1.528253840171848
23.153230667114258,25.700000762939453,25.829999923706055,25.540000915527344,25.770000457763672,37000,-0.619,2018-11-30,47,2018,30,Friday,0.6276,1.528253840171848
23.900976181030273,26.530000686645508,26.649999618530273,26.219999313354492,26.219999313354492,38000,3.23,2018-12-03,48,2018,3,Monday,-0.3687500000000001,2.4730671071903134
23.39647102355957,25.969999313354492,26.469999313354492,25.790000915527344,26.469999313354492,154900,-2.111,2018-12-04,48,2018,4,Tuesday,-0.3687500000000001,2.4730671071903134
23.225297927856445,25.780000686645508,25.81999969482422,25.100000381469727,25.3700008392334,157600,-0.732,2018-12-06,48,2018,6,Thursday,-0.3687500000000001,2.4730671071903134
22.792865753173828,25.299999237060547,25.969999313354492,25.190000534057617,25.829999923706055,26800,-1.862,2018-12-07,48,2018,7,Friday,-0.3687500000000001,2.4730671071903134
22.54962158203125,25.030000686645508,25.469999313354492,24.84000015258789,25.190000534057617,33200,-1.067,2018-12-10,49,2018,10,Monday,-0.5506,1.4911588781883707
22.729801177978516,25.229999542236328,25.579999923706055,25.059999465942383,25.329999923706055,76600,0.799,2018-12-11,49,2018,11,Tuesday,-0.5506,1.4911588781883707
23.009084701538086,25.540000915527344,25.829999923706055,25.540000915527344,25.690000534057617,39500,1.229,2018-12-12,49,2018,12,Wednesday,-0.5506,1.4911588781883707
22.504575729370117,24.979999542236328,25.299999237060547,24.979999542236328,25.299999237060547,25000,-2.193,2018-12-13,49,2018,13,Thursday,-0.5506,1.4911588781883707
22.162233352661133,24.600000381469727,24.860000610351562,24.600000381469727,24.600000381469727,54100,-1.521,2018-12-14,49,2018,14,Friday,-0.5506,1.4911588781883707
21.36943817138672,23.719999313354492,24.520000457763672,23.649999618530273,24.520000457763672,45100,-3.577,2018-12-17,50,2018,17,Monday,-1.6562000000000001,1.3892801013474567
21.432498931884766,23.790000915527344,24.0,23.719999313354492,23.829999923706055,280900,0.295,2018-12-18,50,2018,18,Tuesday,-1.6562000000000001,1.3892801013474567
21.07213592529297,23.389999389648438,24.3700008392334,23.3799991607666,24.06999969482422,57900,-1.681,2018-12-19,50,2018,19,Wednesday,-1.6562000000000001,1.3892801013474567
20.79286003112793,23.079999923706055,23.65999984741211,23.079999923706055,23.540000915527344,21900,-1.325,2018-12-20,50,2018,20,Thursday,-1.6562000000000001,1.3892801013474567
20.37844467163086,22.6200008392334,23.309999465942383,22.549999237060547,23.139999389648438,48700,-1.993,2018-12-21,50,2018,21,Friday,-1.6562000000000001,1.3892801013474567
19.71177101135254,21.8799991607666,22.520000457763672,21.8700008392334,22.469999313354492,47900,-3.271,2018-12-24,51,2018,24,Monday,0.9075000000000001,3.2228842672364144
20.558622360229492,22.81999969482422,22.84000015258789,21.75,21.8700008392334,41500,4.296,2018-12-26,51,2018,26,Wednesday,0.9075000000000001,3.2228842672364144
21.02709197998047,23.34000015258789,23.34000015258789,22.25,22.610000610351562,39300,2.279,2018-12-27,51,2018,27,Thursday,0.9075000000000001,3.2228842672364144
21.09558868408203,23.100000381469727,23.399999618530273,22.790000915527344,23.15999984741211,126000,0.326,2018-12-28,51,2018,28,Friday,0.9075000000000001,3.2228842672364144
21.43347930908203,23.469999313354492,23.5,23.030000686645508,23.260000228881836,58800,1.602,2018-12-31,52,2018,31,Monday,1.602,0.0
21.52480125427246,23.56999969482422,23.81999969482422,23.100000381469727,23.309999465942383,91900,0.426,2019-01-02,00,2019,2,Wednesday,1.5836666666666668,2.345562690130736
21.533935546875,23.579999923706055,23.719999313354492,23.3700008392334,23.6299991607666,15300,0.042,2019-01-03,00,2019,3,Thursday,1.5836666666666668,2.345562690130736
22.456298828125,24.59000015258789,24.700000762939453,23.950000762939453,23.950000762939453,32600,4.283,2019-01-04,00,2019,4,Friday,1.5836666666666668,2.345562690130736
23.049896240234375,25.239999771118164,25.329999923706055,24.790000915527344,24.790000915527344,48200,2.643,2019-01-07,01,2019,7,Monday,1.3212,1.2617209279392967
23.141225814819336,25.34000015258789,25.579999923706055,24.959999084472656,25.360000610351562,66200,0.396,2019-01-08,01,2019,8,Tuesday,1.3212,1.2617209279392967
23.780481338500977,26.040000915527344,26.3700008392334,25.559999465942383,25.6299991607666,110500,2.762,2019-01-09,01,2019,9,Wednesday,1.3212,1.2617209279392967
23.871801376342773,26.139999389648438,26.260000228881836,25.90999984741211,25.90999984741211,15300,0.384,2019-01-10,01,2019,10,Thursday,1.3212,1.2617209279392967
23.972253799438477,26.25,26.31999969482422,25.889999389648438,26.010000228881836,26600,0.421,2019-01-11,01,2019,11,Friday,1.3212,1.2617209279392967
23.908329010009766,26.18000030517578,26.34000015258789,25.809999465942383,26.0,35400,-0.267,2019-01-14,02,2019,14,Monday,0.3356,0.8206852624484005
24.02705192565918,26.309999465942383,26.34000015258789,26.110000610351562,26.34000015258789,11800,0.497,2019-01-15,02,2019,15,Tuesday,0.3356,0.8206852624484005
23.944856643676758,26.219999313354492,26.5,26.100000381469727,26.299999237060547,27500,-0.342,2019-01-16,02,2019,16,Wednesday,0.3356,0.8206852624484005
23.972253799438477,26.25,26.280000686645508,26.010000228881836,26.079999923706055,13700,0.114,2019-01-17,02,2019,17,Thursday,0.3356,0.8206852624484005
24.37407684326172,26.690000534057617,26.809999465942383,26.3799991607666,26.3799991607666,22200,1.676,2019-01-18,02,2019,18,Friday,0.3356,0.8206852624484005
23.61609649658203,25.860000610351562,26.260000228881836,25.75,26.260000228881836,36400,-3.11,2019-01-22,03,2019,22,Tuesday,0.21525,2.2443996042000482
23.880931854248047,26.149999618530273,26.280000686645508,25.920000076293945,26.030000686645508,75000,1.121,2019-01-23,03,2019,23,Wednesday,0.21525,2.2443996042000482
24.12750816345215,26.420000076293945,26.540000915527344,26.18000030517578,26.18000030517578,41500,1.033,2019-01-24,03,2019,24,Thursday,0.21525,2.2443996042000482
24.56585693359375,26.899999618530273,27.049999237060547,26.700000762939453,26.850000381469727,171800,1.817,2019-01-25,03,2019,25,Friday,0.21525,2.2443996042000482
24.739368438720703,27.09000015258789,27.170000076293945,26.549999237060547,26.670000076293945,32300,0.706,2019-01-28,04,2019,28,Monday,0.7916000000000001,0.5639271229511842
24.84895896911621,27.209999084472656,27.25,27.020000457763672,27.170000076293945,39900,0.443,2019-01-29,04,2019,29,Tuesday,0.7916000000000001,0.5639271229511842
25.22338104248047,27.6200008392334,27.780000686645508,27.15999984741211,27.239999771118164,163600,1.507,2019-01-30,04,2019,30,Wednesday,0.7916000000000001,0.5639271229511842
25.524749755859375,27.950000762939453,28.030000686645508,27.579999923706055,27.65999984741211,47300,1.195,2019-01-31,04,2019,31,Thursday,0.7916000000000001,0.5639271229511842
25.552143096923828,27.979999542236328,27.989999771118164,27.690000534057617,27.950000762939453,34700,0.107,2019-02-01,04,2019,1,Friday,0.7916000000000001,0.5639271229511842
25.8535099029541,28.309999465942383,28.309999465942383,27.68000030517578,27.940000534057617,94100,1.179,2019-02-04,05,2019,4,Monday,-0.46179999999999993,1.3446570938347069
25.87177276611328,28.329999923706055,28.5,28.190000534057617,28.489999771118164,88600,0.071,2019-02-05,05,2019,5,Tuesday,-0.46179999999999993,1.3446570938347069
25.323833465576172,27.729999542236328,28.170000076293945,27.670000076293945,28.100000381469727,49300,-2.118,2019-02-06,05,2019,6,Wednesday,-0.46179999999999993,1.3446570938347069
24.931142807006836,27.299999237060547,27.579999923706055,26.950000762939453,27.579999923706055,36000,-1.551,2019-02-07,05,2019,7,Thursday,-0.46179999999999993,1.3446570938347069
24.95854377746582,27.329999923706055,27.329999923706055,26.889999389648438,27.239999771118164,48600,0.11,2019-02-08,05,2019,8,Friday,-0.46179999999999993,1.3446570938347069
25.077260971069336,27.459999084472656,27.579999923706055,27.190000534057617,27.290000915527344,24600,0.476,2019-02-11,06,2019,11,Monday,0.30379999999999996,1.1669328172607025
25.552143096923828,27.979999542236328,28.059999465942383,27.780000686645508,27.860000610351562,89200,1.894,2019-02-12,06,2019,12,Tuesday,0.30379999999999996,1.1669328172607025
25.214250564575195,27.610000610351562,28.110000610351562,27.56999969482422,27.950000762939453,54400,-1.322,2019-02-13,06,2019,13,Wednesday,0.30379999999999996,1.1669328172607025
25.360366821289062,27.770000457763672,27.940000534057617,27.459999084472656,27.56999969482422,54000,0.579,2019-02-14,06,2019,14,Thursday,0.30379999999999996,1.1669328172607025
25.33296775817871,27.739999771118164,28.059999465942383,27.709999084472656,27.90999984741211,13000,-0.108,2019-02-15,06,2019,15,Friday,0.30379999999999996,1.1669328172607025
24.985939025878906,27.360000610351562,27.6200008392334,27.270000457763672,27.6200008392334,110100,-1.37,2019-02-19,07,2019,19,Tuesday,-0.018000000000000016,1.554173520985779
24.912887573242188,27.280000686645508,27.610000610351562,27.100000381469727,27.459999084472656,265700,-0.292,2019-02-20,07,2019,20,Wednesday,-0.018000000000000016,1.554173520985779
24.757633209228516,27.110000610351562,27.139999389648438,26.969999313354492,27.1299991607666,36500,-0.623,2019-02-21,07,2019,21,Thursday,-0.018000000000000016,1.554173520985779
25.305570602416992,27.709999084472656,27.709999084472656,27.329999923706055,27.3799991607666,17700,2.213,2019-02-22,07,2019,22,Friday,-0.018000000000000016,1.554173520985779
25.205116271972656,27.600000381469727,28.010000228881836,27.540000915527344,27.81999969482422,55800,-0.397,2019-02-25,08,2019,25,Monday,-0.002799999999999958,2.1795403643887856
24.931142807006836,27.299999237060547,27.59000015258789,27.170000076293945,27.469999313354492,49400,-1.087,2019-02-26,08,2019,26,Tuesday,-0.002799999999999958,2.1795403643887856
25.87177276611328,28.329999923706055,28.600000381469727,27.790000915527344,27.790000915527344,201500,3.773,2019-02-27,08,2019,27,Wednesday,-0.002799999999999958,2.1795403643887856
25.73478889465332,28.18000030517578,28.360000610351562,28.010000228881836,28.360000610351562,20400,-0.529,2019-02-28,08,2019,28,Thursday,-0.002799999999999958,2.1795403643887856
25.278179168701172,27.68000030517578,28.56999969482422,27.56999969482422,28.450000762939453,146400,-1.774,2019-03-01,08,2019,1,Friday,-0.002799999999999958,2.1795403643887856
25.259904861450195,27.65999984741211,27.8799991607666,27.3799991607666,27.729999542236328,143600,-0.072,2019-03-04,09,2019,4,Monday,-0.587,1.136092645870045
25.34210205078125,27.75,27.860000610351562,27.729999542236328,27.75,7400,0.325,2019-03-05,09,2019,5,Tuesday,-0.587,1.136092645870045
24.82155990600586,27.18000030517578,27.700000762939453,27.040000915527344,27.700000762939453,45100,-2.054,2019-03-06,09,2019,6,Wednesday,-0.587,1.136092645870045
24.437999725341797,26.760000228881836,27.149999618530273,26.600000381469727,27.010000228881836,40600,-1.545,2019-03-07,09,2019,7,Thursday,-0.587,1.136092645870045
24.53845977783203,26.8700008392334,26.989999771118164,26.3799991607666,26.389999389648438,193800,0.411,2019-03-08,09,2019,8,Friday,-0.587,1.136092645870045
25.533876419067383,27.959999084472656,27.959999084472656,27.18000030517578,27.18000030517578,28500,4.057,2019-03-11,10,2019,11,Monday,1.1860000000000002,1.9729137081991195
25.543010711669922,27.969999313354492,28.219999313354492,27.809999465942383,28.030000686645508,63500,0.036,2019-03-12,10,2019,12,Tuesday,1.1860000000000002,1.9729137081991195
26.027021408081055,28.5,28.709999084472656,28.010000228881836,28.010000228881836,71900,1.895,2019-03-13,10,2019,13,Wednesday,1.1860000000000002,1.9729137081991195
25.72565460205078,28.170000076293945,28.5,28.09000015258789,28.479999542236328,137500,-1.158,2019-03-14,10,2019,14,Thursday,1.1860000000000002,1.9729137081991195
26.008756637573242,28.479999542236328,28.5,28.139999389648438,28.200000762939453,21800,1.1,2019-03-15,10,2019,15,Friday,1.1860000000000002,1.9729137081991195
26.41057777404785,28.920000076293945,28.959999084472656,28.59000015258789,28.6200008392334,87500,1.545,2019-03-18,11,2019,18,Monday,-0.25860000000000005,1.5369844826802903
26.173141479492188,28.65999984741211,29.25,28.6299991607666,29.049999237060547,29700,-0.899,2019-03-19,11,2019,19,Tuesday,-0.25860000000000005,1.5369844826802903
26.355785369873047,28.860000610351562,29.059999465942383,28.459999084472656,28.610000610351562,46200,0.698,2019-03-20,11,2019,20,Wednesday,-0.25860000000000005,1.5369844826802903
26.310123443603516,28.809999465942383,28.959999084472656,28.65999984741211,28.729999542236328,20400,-0.173,2019-03-21,11,2019,21,Thursday,-0.25860000000000005,1.5369844826802903
25.66172981262207,28.100000381469727,28.579999923706055,27.860000610351562,28.559999465942383,44600,-2.464,2019-03-22,11,2019,22,Friday,-0.25860000000000005,1.5369844826802903
25.61606788635254,28.049999237060547,28.280000686645508,27.81999969482422,27.84000015258789,150300,-0.178,2019-03-25,12,2019,25,Monday,-0.33880000000000005,1.7479299757141302
25.29644203186035,27.700000762939453,28.219999313354492,27.549999237060547,28.219999313354492,32600,-1.248,2019-03-26,12,2019,26,Tuesday,-0.33880000000000005,1.7479299757141302
24.58411979675293,26.920000076293945,27.479999542236328,26.65999984741211,27.479999542236328,83500,-2.816,2019-03-27,12,2019,27,Wednesday,-0.33880000000000005,1.7479299757141302
24.867218017578125,27.229999542236328,27.299999237060547,26.860000610351562,26.860000610351562,20500,1.152,2019-03-28,12,2019,28,Thursday,-0.33880000000000005,1.7479299757141302
25.214250564575195,27.610000610351562,27.809999465942383,27.420000076293945,27.489999771118164,81100,1.396,2019-03-29,12,2019,29,Friday,-0.33880000000000005,1.7479299757141302
25.552143096923828,27.979999542236328,28.280000686645508,27.899999618530273,28.0,33400,1.34,2019-04-01,13,2019,1,Monday,-0.04479999999999997,1.2364500394273923
25.113794326782227,27.5,27.8700008392334,27.420000076293945,27.8700008392334,7700,-1.716,2019-04-02,13,2019,2,Tuesday,-0.04479999999999997,1.2364500394273923
25.049867630004883,27.43000030517578,27.8799991607666,27.389999389648438,27.739999771118164,15000,-0.255,2019-04-03,13,2019,3,Wednesday,-0.04479999999999997,1.2364500394273923
24.90374755859375,27.270000457763672,27.360000610351562,27.0,27.360000610351562,73700,-0.583,2019-04-04,13,2019,4,Thursday,-0.04479999999999997,1.2364500394273923
25.15032386779785,27.540000915527344,27.59000015258789,27.43000030517578,27.559999465942383,20500,0.99,2019-04-05,13,2019,5,Friday,-0.04479999999999997,1.2364500394273923
25.396894454956055,27.809999465942383,27.81999969482422,27.43000030517578,27.43000030517578,14400,0.98,2019-04-08,14,2019,8,Monday,0.071,1.217804376737085
25.08639907836914,27.469999313354492,27.8700008392334,27.40999984741211,27.799999237060547,46400,-1.223,2019-04-09,14,2019,9,Tuesday,0.071,1.217804376737085
25.35123062133789,27.760000228881836,27.889999389648438,27.469999313354492,27.469999313354492,25200,1.056,2019-04-10,14,2019,10,Wednesday,0.071,1.217804376737085
25.022472381591797,27.399999618530273,27.6299991607666,27.209999084472656,27.5,35900,-1.297,2019-04-11,14,2019,11,Thursday,0.071,1.217804376737085
25.232511520385742,27.6299991607666,27.709999084472656,27.450000762939453,27.559999465942383,12000,0.839,2019-04-12,14,2019,12,Friday,0.071,1.217804376737085
25.552143096923828,27.979999542236328,28.110000610351562,27.59000015258789,27.59000015258789,44600,1.267,2019-04-15,15,2019,15,Monday,-0.37525,1.3445357005301124
25.424291610717773,27.84000015258789,28.350000381469727,27.84000015258789,28.229999542236328,53300,-0.5,2019-04-16,15,2019,16,Tuesday,-0.37525,1.3445357005301124
25.360366821289062,27.770000457763672,28.079999923706055,27.770000457763672,28.059999465942383,26700,-0.251,2019-04-17,15,2019,17,Wednesday,-0.37525,1.3445357005301124
24.84895896911621,27.209999084472656,27.850000381469727,27.100000381469727,27.719999313354492,72000,-2.017,2019-04-18,15,2019,18,Thursday,-0.37525,1.3445357005301124
24.85808563232422,27.219999313354492,27.420000076293945,27.110000610351562,27.110000610351562,83900,0.037,2019-04-22,16,2019,22,Monday,-0.8790000000000001,2.1553135502752263
25.19598388671875,27.59000015258789,27.649999618530273,27.010000228881836,27.010000228881836,28200,1.359,2019-04-23,16,2019,23,Tuesday,-0.8790000000000001,2.1553135502752263
24.100107192993164,26.389999389648438,27.5,26.3700008392334,27.5,343300,-4.349,2019-04-24,16,2019,24,Wednesday,-0.8790000000000001,2.1553135502752263
23.789609909057617,26.049999237060547,26.200000762939453,25.15999984741211,26.170000076293945,606400,-1.288,2019-04-25,16,2019,25,Thursday,-0.8790000000000001,2.1553135502752263
23.753084182739258,26.010000228881836,26.350000381469727,25.979999542236328,26.350000381469727,245700,-0.154,2019-04-26,16,2019,26,Friday,-0.8790000000000001,2.1553135502752263
23.807872772216797,26.06999969482422,26.100000381469727,25.780000686645508,25.950000762939453,11700,0.231,2019-04-29,17,2019,29,Monday,1.736,3.82173618922081
23.789609909057617,26.049999237060547,26.190000534057617,25.75,25.940000534057617,156700,-0.077,2019-04-30,17,2019,30,Tuesday,1.736,3.82173618922081
23.734819412231445,25.989999771118164,26.290000915527344,25.940000534057617,26.049999237060547,62900,-0.23,2019-05-01,17,2019,1,Wednesday,1.736,3.82173618922081
23.780481338500977,26.040000915527344,26.09000015258789,25.799999237060547,25.989999771118164,182500,0.192,2019-05-02,17,2019,2,Thursday,1.736,3.82173618922081
25.816980361938477,28.270000457763672,28.329999923706055,27.0,27.030000686645508,289100,8.564,2019-05-03,17,2019,3,Friday,1.736,3.82173618922081
25.58867073059082,28.020000457763672,28.260000228881836,27.469999313354492,27.56999969482422,33800,-0.884,2019-05-06,18,2019,6,Monday,-0.3162,1.667471349079198
24.84895896911621,27.209999084472656,27.809999465942383,27.1200008392334,27.809999465942383,16700,-2.891,2019-05-07,18,2019,7,Tuesday,-0.3162,1.667471349079198
25.19598388671875,27.59000015258789,27.850000381469727,27.34000015258789,27.389999389648438,59800,1.397,2019-05-08,18,2019,8,Wednesday,-0.3162,1.667471349079198
25.37863540649414,27.790000915527344,27.920000076293945,27.15999984741211,27.190000534057617,37200,0.725,2019-05-09,18,2019,9,Thursday,-0.3162,1.667471349079198
25.396894454956055,27.809999465942383,27.899999618530273,27.56999969482422,27.790000915527344,29000,0.072,2019-05-10,18,2019,10,Friday,-0.3162,1.667471349079198
24.73023796081543,27.079999923706055,27.25,26.969999313354492,27.229999542236328,14600,-2.625,2019-05-13,19,2019,13,Monday,0.14419999999999994,2.362955712661581
25.068132400512695,27.450000762939453,27.6299991607666,27.15999984741211,27.260000228881836,25200,1.366,2019-05-14,19,2019,14,Tuesday,0.14419999999999994,2.362955712661581
25.479087829589844,27.899999618530273,28.09000015258789,27.1200008392334,27.25,102600,1.639,2019-05-15,19,2019,15,Wednesday,0.14419999999999994,2.362955712661581
26.118343353271484,28.600000381469727,28.760000228881836,28.200000762939453,28.200000762939453,92300,2.509,2019-05-16,19,2019,16,Thursday,0.14419999999999994,2.362955712661581
25.552143096923828,27.979999542236328,28.479999542236328,27.8700008392334,28.209999084472656,108700,-2.168,2019-05-17,19,2019,17,Friday,0.14419999999999994,2.362955712661581
25.488218307495117,27.90999984741211,28.020000457763672,27.459999084472656,27.899999618530273,165100,-0.25,2019-05-20,20,2019,20,Monday,0.5302,1.3092569266572547
25.981361389160156,28.450000762939453,28.520000457763672,28.110000610351562,28.110000610351562,101400,1.935,2019-05-21,20,2019,21,Tuesday,0.5302,1.3092569266572547
25.926565170288086,28.389999389648438,28.739999771118164,28.219999313354492,28.3799991607666,118700,-0.211,2019-05-22,20,2019,22,Wednesday,0.5302,1.3092569266572547
25.72565460205078,28.170000076293945,28.25,27.889999389648438,28.030000686645508,18900,-0.775,2019-05-23,20,2019,23,Thursday,0.5302,1.3092569266572547
26.22793197631836,28.719999313354492,28.809999465942383,28.290000915527344,28.43000030517578,125100,1.952,2019-05-24,20,2019,24,Friday,0.5302,1.3092569266572547
26.136611938476562,28.6200008392334,29.270000457763672,28.56999969482422,28.8799991607666,229900,-0.348,2019-05-28,21,2019,28,Tuesday,-0.50275,1.2395562041849226
25.58867073059082,28.020000457763672,28.540000915527344,27.940000534057617,28.540000915527344,66700,-2.096,2019-05-29,21,2019,29,Wednesday,-0.50275,1.2395562041849226
25.826114654541016,28.280000686645508,28.549999237060547,28.09000015258789,28.100000381469727,43100,0.928,2019-05-30,21,2019,30,Thursday,-0.50275,1.2395562041849226
25.698257446289062,28.139999389648438,28.190000534057617,27.829999923706055,28.110000610351562,15000,-0.495,2019-05-31,21,2019,31,Friday,-0.50275,1.2395562041849226
25.7073974609375,28.149999618530273,28.440000534057617,27.989999771118164,28.280000686645508,64000,0.036,2019-06-03,22,2019,3,Monday,0.7436,0.5627972992117144
26.045286178588867,28.520000457763672,28.520000457763672,28.100000381469727,28.139999389648438,22600,1.314,2019-06-04,22,2019,4,Tuesday,0.7436,0.5627972992117144
26.127477645874023,28.610000610351562,28.719999313354492,28.399999618530273,28.709999084472656,73100,0.316,2019-06-05,22,2019,5,Wednesday,0.7436,0.5627972992117144
26.337520599365234,28.84000015258789,28.889999389648438,28.68000030517578,28.690000534057617,24900,0.804,2019-06-06,22,2019,6,Thursday,0.7436,0.5627972992117144
26.666284561157227,29.200000762939453,29.440000534057617,28.940000534057617,28.940000534057617,34700,1.248,2019-06-07,22,2019,7,Friday,0.7436,0.5627972992117144
27.049842834472656,29.6200008392334,29.860000610351562,29.399999618530273,29.520000457763672,101000,1.438,2019-06-10,23,2019,10,Monday,1.418,2.5618452334206294
27.917402267456055,30.56999969482422,30.65999984741211,29.860000610351562,29.860000610351562,63000,3.207,2019-06-11,23,2019,11,Tuesday,1.418,2.5618452334206294
29.131999969482422,31.899999618530273,31.899999618530273,30.56999969482422,30.59000015258789,125800,4.351,2019-06-12,23,2019,12,Wednesday,1.418,2.5618452334206294
29.22332000732422,32.0,32.029998779296875,31.290000915527344,31.93000030517578,304300,0.313,2019-06-13,23,2019,13,Thursday,1.418,2.5618452334206294
28.574928283691406,31.290000915527344,32.0,31.139999389648438,31.809999465942383,149500,-2.219,2019-06-14,23,2019,14,Friday,1.418,2.5618452334206294
28.711915969848633,31.440000534057617,31.670000076293945,31.309999465942383,31.43000030517578,52200,0.479,2019-06-17,24,2019,17,Monday,0.6382,0.44629552989022875
29.03154754638672,31.790000915527344,32.06999969482422,31.75,31.780000686645508,67700,1.113,2019-06-18,24,2019,18,Tuesday,0.6382,0.44629552989022875
29.068073272705078,31.829999923706055,31.8799991607666,31.559999465942383,31.799999237060547,20100,0.126,2019-06-19,24,2019,19,Wednesday,0.6382,0.44629552989022875
29.38770866394043,32.18000030517578,32.400001525878906,31.84000015258789,32.349998474121094,62000,1.1,2019-06-20,24,2019,20,Thursday,0.6382,0.44629552989022875
29.49728775024414,32.29999923706055,32.310001373291016,32.04999923706055,32.16999816894531,22600,0.373,2019-06-21,24,2019,21,Friday,0.6382,0.44629552989022875
29.30551528930664,32.09000015258789,32.400001525878906,31.969999313354492,32.209999084472656,81600,-0.65,2019-06-24,25,2019,24,Monday,0.08980000000000002,0.9570758590623839
29.25071907043457,32.029998779296875,32.22999954223633,31.950000762939453,32.09000015258789,24400,-0.187,2019-06-25,25,2019,25,Tuesday,0.08980000000000002,0.9570758590623839
28.99501609802246,31.75,32.2599983215332,31.729999542236328,32.22999954223633,42500,-0.874,2019-06-26,25,2019,26,Wednesday,0.08980000000000002,0.9570758590623839
29.22877311706543,31.760000228881836,31.979999542236328,31.469999313354492,31.610000610351562,44400,0.806,2019-06-27,25,2019,27,Thursday,0.08980000000000002,0.9570758590623839
29.62449836730957,32.189998626708984,32.25,31.84000015258789,31.889999389648438,90200,1.354,2019-06-28,25,2019,28,Friday,0.08980000000000002,0.9570758590623839
29.79935646057129,32.380001068115234,32.93000030517578,32.33000183105469,32.709999084472656,77000,0.59,2019-07-01,26,2019,1,Monday,0.55475,0.34566301026674323
30.103055953979492,32.709999084472656,32.709999084472656,32.150001525878906,32.41999816894531,67300,1.019,2019-07-02,26,2019,2,Tuesday,0.55475,0.34566301026674323
30.222702026367188,32.84000015258789,32.84000015258789,32.56999969482422,32.56999969482422,115100,0.397,2019-07-03,26,2019,3,Wednesday,0.55475,0.34566301026674323
30.287120819091797,32.90999984741211,32.93000030517578,32.470001220703125,32.619998931884766,21300,0.213,2019-07-05,26,2019,5,Friday,0.55475,0.34566301026674323
30.287120819091797,32.90999984741211,33.0,32.65999984741211,32.81999969482422,48500,0.0,2019-07-08,27,2019,8,Monday,0.5900000000000001,0.6134129930153094
30.65523910522461,33.310001373291016,33.31999969482422,32.58000183105469,32.70000076293945,49100,1.215,2019-07-09,27,2019,9,Tuesday,0.5900000000000001,0.6134129930153094
31.032564163208008,33.720001220703125,33.849998474121094,33.150001525878906,33.619998931884766,287500,1.231,2019-07-10,27,2019,10,Wednesday,0.5900000000000001,0.6134129930153094
31.032564163208008,33.720001220703125,33.86000061035156,33.540000915527344,33.63999938964844,348300,0.0,2019-07-11,27,2019,11,Thursday,0.5900000000000001,0.6134129930153094
31.18901824951172,33.88999938964844,33.95000076293945,33.66999816894531,33.68000030517578,19300,0.504,2019-07-12,27,2019,12,Friday,0.5900000000000001,0.6134129930153094
30.517192840576172,33.15999984741211,33.88999938964844,33.0099983215332,33.88999938964844,143400,-2.154,2019-07-15,28,2019,15,Monday,-0.9400000000000001,1.03209374574212
30.360742568969727,32.9900016784668,33.369998931884766,32.939998626708984,33.15999984741211,90700,-0.513,2019-07-16,28,2019,16,Tuesday,-0.9400000000000001,1.03209374574212
30.35154151916504,32.97999954223633,33.22999954223633,32.849998474121094,32.90999984741211,67900,-0.03,2019-07-17,28,2019,17,Wednesday,-0.9400000000000001,1.03209374574212
30.333133697509766,32.959999084472656,32.9900016784668,32.47999954223633,32.9900016784668,79000,-0.061,2019-07-18,28,2019,18,Thursday,-0.9400000000000001,1.03209374574212
29.744138717651367,32.31999969482422,33.0,32.310001373291016,32.88999938964844,70300,-1.942,2019-07-19,28,2019,19,Friday,-0.9400000000000001,1.03209374574212
29.4864559173584,32.040000915527344,32.529998779296875,32.02000045776367,32.43000030517578,66200,-0.866,2019-07-22,29,2019,22,Monday,0.4875999999999999,1.5478679853269142
29.56007957458496,32.119998931884766,32.150001525878906,31.709999084472656,32.08000183105469,103200,0.25,2019-07-23,29,2019,23,Tuesday,0.4875999999999999,1.5478679853269142
29.91900062561035,32.5099983215332,32.59000015258789,31.950000762939453,32.0099983215332,29200,1.214,2019-07-24,29,2019,24,Wednesday,0.4875999999999999,1.5478679853269142
29.642908096313477,32.209999084472656,32.529998779296875,32.119998931884766,32.5099983215332,74400,-0.923,2019-07-25,29,2019,25,Thursday,0.4875999999999999,1.5478679853269142
30.461971282958984,33.099998474121094,33.13999938964844,32.25,32.33000183105469,134800,2.763,2019-07-26,29,2019,26,Friday,0.4875999999999999,1.5478679853269142
30.581615447998047,33.22999954223633,33.310001373291016,32.790000915527344,33.06999969482422,193800,0.393,2019-07-29,30,2019,29,Monday,-0.8146000000000001,0.7306506004924652
30.25031089782715,32.869998931884766,33.11000061035156,32.810001373291016,33.11000061035156,190400,-1.083,2019-07-30,30,2019,30,Tuesday,-0.8146000000000001,0.7306506004924652
29.771747589111328,32.349998474121094,32.81999969482422,32.040000915527344,32.790000915527344,208400,-1.582,2019-07-31,30,2019,31,Wednesday,-0.8146000000000001,0.7306506004924652
29.49565887451172,32.04999923706055,32.77000045776367,31.860000610351562,32.16999816894531,16100,-0.927,2019-08-01,30,2019,1,Thursday,-0.8146000000000001,0.7306506004924652
29.23797607421875,31.770000457763672,31.989999771118164,31.299999237060547,31.989999771118164,109500,-0.874,2019-08-02,30,2019,2,Friday,-0.8146000000000001,0.7306506004924652
28.179630279541016,30.6200008392334,30.989999771118164,30.43000030517578,30.989999771118164,87600,-3.62,2019-08-05,31,2019,5,Monday,1.0181999999999998,3.025413393240666
28.57535743713379,31.049999237060547,31.149999618530273,30.700000762939453,30.969999313354492,14100,1.404,2019-08-06,31,2019,6,Tuesday,1.0181999999999998,3.025413393240666
28.57535743713379,31.049999237060547,31.1200008392334,30.5,30.520000457763672,74900,0.0,2019-08-07,31,2019,7,Wednesday,1.0181999999999998,3.025413393240666
29.587692260742188,32.150001525878906,32.15999984741211,31.5,31.5,13800,3.543,2019-08-08,31,2019,8,Thursday,1.0181999999999998,3.025413393240666
30.701261520385742,33.36000061035156,33.47999954223633,32.04999923706055,32.04999923706055,309900,3.764,2019-08-09,31,2019,9,Friday,1.0181999999999998,3.025413393240666
23.20079803466797,25.209999084472656,26.799999237060547,23.709999084472656,26.610000610351562,1510000,-24.43,2019-08-12,32,2019,12,Monday,-4.9479999999999995,11.173926995465829
23.338844299316406,25.360000610351562,25.93000030517578,25.350000381469727,25.860000610351562,449000,0.595,2019-08-13,32,2019,13,Tuesday,-4.9479999999999995,11.173926995465829
22.36332130432129,24.299999237060547,25.209999084472656,24.299999237060547,25.209999084472656,288700,-4.18,2019-08-14,32,2019,14,Wednesday,-4.9479999999999995,11.173926995465829
22.943117141723633,24.93000030517578,25.049999237060547,24.440000534057617,24.860000610351562,353100,2.593,2019-08-15,32,2019,15,Thursday,-4.9479999999999995,11.173926995465829
23.099565505981445,25.100000381469727,25.3799991607666,25.030000686645508,25.229999542236328,126900,0.682,2019-08-16,32,2019,16,Friday,-4.9479999999999995,11.173926995465829
21.949188232421875,23.850000381469727,25.389999389648438,23.850000381469727,25.389999389648438,154500,-4.98,2019-08-19,33,2019,19,Monday,-0.9508000000000001,2.8327260192260035
22.096435546875,24.010000228881836,24.239999771118164,23.860000610351562,23.8700008392334,59900,0.671,2019-08-20,33,2019,20,Tuesday,-0.9508000000000001,2.8327260192260035
22.55658531188965,24.510000228881836,24.540000915527344,24.309999465942383,24.31999969482422,43900,2.082,2019-08-21,33,2019,21,Wednesday,-0.9508000000000001,2.8327260192260035
22.584197998046875,24.540000915527344,24.700000762939453,24.350000381469727,24.469999313354492,152300,0.122,2019-08-22,33,2019,22,Thursday,-0.9508000000000001,2.8327260192260035
21.986000061035156,23.889999389648438,24.520000457763672,23.8700008392334,24.5,71300,-2.649,2019-08-23,33,2019,23,Friday,-0.9508000000000001,2.8327260192260035
21.80194091796875,23.690000534057617,24.100000381469727,23.690000534057617,24.020000457763672,43000,-0.837,2019-08-26,34,2019,26,Monday,-1.261,0.534932238699445
21.360197067260742,23.209999084472656,24.0,23.09000015258789,23.780000686645508,153000,-2.026,2019-08-27,34,2019,27,Tuesday,-1.261,0.534932238699445
21.16693115234375,23.0,23.280000686645508,23.0,23.049999237060547,129200,-0.905,2019-08-28,34,2019,28,Wednesday,-1.261,0.534932238699445
20.973670959472656,22.790000915527344,23.149999618530273,22.59000015258789,22.989999771118164,276700,-0.913,2019-08-29,34,2019,29,Thursday,-1.261,0.534932238699445
20.63315773010254,22.420000076293945,23.020000457763672,22.389999389648438,23.020000457763672,147900,-1.624,2019-08-30,34,2019,30,Friday,-1.261,0.534932238699445
20.136194229125977,21.8799991607666,22.600000381469727,21.780000686645508,22.600000381469727,102600,-2.409,2019-09-03,35,2019,3,Tuesday,0.73975,3.0067187403103293
20.752798080444336,22.549999237060547,22.8799991607666,22.06999969482422,22.260000228881836,246300,3.062,2019-09-04,35,2019,4,Wednesday,0.73975,3.0067187403103293
21.489038467407227,23.350000381469727,23.3700008392334,22.829999923706055,22.899999618530273,110200,3.548,2019-09-05,35,2019,5,Thursday,0.73975,3.0067187403103293
21.222152709960938,23.059999465942383,23.75,23.059999465942383,23.489999771118164,138900,-1.242,2019-09-06,35,2019,6,Friday,0.73975,3.0067187403103293
20.927654266357422,22.739999771118164,23.479999542236328,22.729999542236328,23.3799991607666,67900,-1.388,2019-09-09,36,2019,9,Monday,-0.4524,0.8493069527561868
20.955265045166016,22.770000457763672,22.8700008392334,22.549999237060547,22.719999313354492,56000,0.132,2019-09-10,36,2019,10,Tuesday,-0.4524,0.8493069527561868
21.02889060974121,22.850000381469727,22.920000076293945,22.600000381469727,22.829999923706055,68400,0.351,2019-09-11,36,2019,11,Wednesday,-0.4524,0.8493069527561868
21.02889060974121,22.850000381469727,23.110000610351562,22.790000915527344,22.969999313354492,55100,0.0,2019-09-12,36,2019,12,Thursday,-0.4524,0.8493069527561868
20.743593215942383,22.540000915527344,23.100000381469727,22.540000915527344,23.020000457763672,129800,-1.357,2019-09-13,36,2019,13,Friday,-0.4524,0.8493069527561868
21.093307495117188,22.920000076293945,22.969999313354492,22.559999465942383,22.600000381469727,16200,1.686,2019-09-16,37,2019,16,Monday,0.3224,1.1164050788132414
21.04729652404785,22.8700008392334,22.979999542236328,22.700000762939453,22.809999465942383,27700,-0.218,2019-09-17,37,2019,17,Tuesday,0.3224,1.1164050788132414
20.936857223510742,22.75,22.829999923706055,22.56999969482422,22.780000686645508,43700,-0.525,2019-09-18,37,2019,18,Wednesday,0.3224,1.1164050788132414
21.222152709960938,23.059999465942383,23.1200008392334,22.68000030517578,22.75,64000,1.363,2019-09-19,37,2019,19,Thursday,0.3224,1.1164050788132414
21.07490348815918,22.899999618530273,23.1299991607666,22.809999465942383,23.010000228881836,62300,-0.694,2019-09-20,37,2019,20,Friday,0.3224,1.1164050788132414
20.78961181640625,22.59000015258789,22.739999771118164,22.579999923706055,22.709999084472656,25300,-1.354,2019-09-23,38,2019,23,Monday,-0.05500000000000007,1.2374499989898582
20.559534072875977,22.34000015258789,22.6299991607666,22.299999237060547,22.6299991607666,85000,-1.107,2019-09-24,38,2019,24,Tuesday,-0.05500000000000007,1.2374499989898582
20.798810958862305,22.600000381469727,22.610000610351562,22.030000686645508,22.270000457763672,75300,1.164,2019-09-25,38,2019,25,Wednesday,-0.05500000000000007,1.2374499989898582
20.743593215942383,22.540000915527344,22.6299991607666,22.440000534057617,22.600000381469727,71400,-0.265,2019-09-26,38,2019,26,Thursday,-0.05500000000000007,1.2374499989898582
21.010480880737305,22.829999923706055,23.040000915527344,22.6299991607666,22.670000076293945,34700,1.287,2019-09-27,38,2019,27,Friday,-0.05500000000000007,1.2374499989898582
20.992074966430664,22.809999465942383,22.969999313354492,22.579999923706055,22.8799991607666,24000,-0.088,2019-09-30,39,2019,30,Monday,0.2632,0.681848003590243
20.881641387939453,22.690000534057617,23.06999969482422,22.59000015258789,22.780000686645508,50800,-0.526,2019-10-01,39,2019,1,Tuesday,0.2632,0.681848003590243
20.881641387939453,22.690000534057617,22.719999313354492,22.299999237060547,22.5,46900,0.0,2019-10-02,39,2019,2,Wednesday,0.2632,0.681848003590243
21.04729652404785,22.8700008392334,22.8700008392334,22.43000030517578,22.719999313354492,12300,0.793,2019-10-03,39,2019,3,Thursday,0.2632,0.681848003590243
21.286571502685547,23.1299991607666,23.15999984741211,22.860000610351562,22.8700008392334,21000,1.137,2019-10-04,39,2019,4,Friday,0.2632,0.681848003590243
21.231353759765625,23.06999969482422,23.3799991607666,23.020000457763672,23.040000915527344,22300,-0.259,2019-10-07,40,2019,7,Monday,0.05239999999999998,2.084003430899287
20.559534072875977,22.34000015258789,23.079999923706055,22.329999923706055,23.079999923706055,40400,-3.164,2019-10-08,40,2019,8,Tuesday,0.05239999999999998,2.084003430899287
20.65156364440918,22.440000534057617,22.600000381469727,22.309999465942383,22.5,18300,0.448,2019-10-09,40,2019,9,Wednesday,0.05239999999999998,2.084003430899287
21.185338973999023,23.020000457763672,23.020000457763672,22.510000228881836,22.510000228881836,32400,2.585,2019-10-10,40,2019,10,Thursday,0.05239999999999998,2.084003430899287
21.32338523864746,23.170000076293945,23.34000015258789,23.110000610351562,23.270000457763672,19900,0.652,2019-10-11,40,2019,11,Friday,0.05239999999999998,2.084003430899287
21.038087844848633,22.860000610351562,23.049999237060547,22.829999923706055,23.0,24200,-1.338,2019-10-14,41,2019,14,Monday,-0.6158,1.0954002464852746
21.222152709960938,23.059999465942383,23.1299991607666,22.860000610351562,22.860000610351562,13400,0.875,2019-10-15,41,2019,15,Tuesday,-0.6158,1.0954002464852746
20.881641387939453,22.690000534057617,22.979999542236328,22.610000610351562,22.959999084472656,22200,-1.605,2019-10-16,41,2019,16,Wednesday,-0.6158,1.0954002464852746
20.927654266357422,22.739999771118164,23.0,22.670000076293945,22.920000076293945,20800,0.22,2019-10-17,41,2019,17,Thursday,-0.6158,1.0954002464852746
20.66996955871582,22.459999084472656,22.920000076293945,22.399999618530273,22.700000762939453,19500,-1.231,2019-10-18,41,2019,18,Friday,-0.6158,1.0954002464852746
20.817218780517578,22.6200008392334,22.709999084472656,22.450000762939453,22.649999618530273,46300,0.712,2019-10-21,42,2019,21,Monday,0.03839999999999997,0.8432332417546169
20.531925201416016,22.309999465942383,22.709999084472656,22.25,22.559999465942383,43900,-1.37,2019-10-22,42,2019,22,Tuesday,0.03839999999999997,0.8432332417546169
20.522720336914062,22.299999237060547,22.40999984741211,22.170000076293945,22.170000076293945,20800,-0.045,2019-10-23,42,2019,23,Wednesday,0.03839999999999997,0.8432332417546169
20.65156364440918,22.440000534057617,22.530000686645508,22.360000610351562,22.420000076293945,99600,0.628,2019-10-24,42,2019,24,Thursday,0.03839999999999997,0.8432332417546169
20.706783294677734,22.5,22.68000030517578,22.389999389648438,22.389999389648438,120000,0.267,2019-10-25,42,2019,25,Friday,0.03839999999999997,0.8432332417546169
20.246631622314453,22.0,22.75,21.959999084472656,22.59000015258789,137600,-2.222,2019-10-28,43,2019,28,Monday,-0.5248,1.1369886542969547
20.39388084411621,22.15999984741211,22.239999771118164,21.700000762939453,21.950000762939453,58400,0.727,2019-10-29,43,2019,29,Tuesday,-0.5248,1.1369886542969547
20.33866310119629,22.100000381469727,22.149999618530273,21.850000381469727,22.149999618530273,30500,-0.271,2019-10-30,43,2019,30,Wednesday,-0.5248,1.1369886542969547
20.136194229125977,21.8799991607666,22.09000015258789,21.709999084472656,21.950000762939453,40500,-0.995,2019-10-31,43,2019,31,Thursday,-0.5248,1.1369886542969547
20.163803100585938,21.90999984741211,22.100000381469727,21.760000228881836,22.100000381469727,359100,0.137,2019-11-01,43,2019,1,Friday,-0.5248,1.1369886542969547
20.375471115112305,22.139999389648438,22.200000762939453,21.989999771118164,21.989999771118164,39500,1.05,2019-11-04,44,2019,4,Monday,-0.07560000000000003,1.2930231243098478
20.439895629882812,22.209999084472656,22.31999969482422,22.149999618530273,22.299999237060547,26900,0.316,2019-11-05,44,2019,5,Tuesday,-0.07560000000000003,1.2930231243098478
20.117788314819336,21.860000610351562,22.239999771118164,21.81999969482422,22.229999542236328,20500,-1.576,2019-11-06,44,2019,6,Wednesday,-0.07560000000000003,1.2930231243098478
20.347867965698242,22.110000610351562,22.299999237060547,21.8700008392334,21.8700008392334,34900,1.144,2019-11-07,44,2019,7,Thursday,-0.07560000000000003,1.2930231243098478
20.080976486206055,21.81999969482422,21.989999771118164,21.809999465942383,21.989999771118164,31200,-1.312,2019-11-08,44,2019,8,Friday,-0.07560000000000003,1.2930231243098478
20.154598236083984,21.899999618530273,21.93000030517578,21.719999313354492,21.719999313354492,6600,0.367,2019-11-11,45,2019,11,Monday,0.3928,0.6382207298419568
20.117788314819336,21.860000610351562,21.860000610351562,21.729999542236328,21.850000381469727,21000,-0.183,2019-11-12,45,2019,12,Tuesday,0.3928,0.6382207298419568
20.062570571899414,21.799999237060547,21.860000610351562,21.709999084472656,21.709999084472656,16600,-0.274,2019-11-13,45,2019,13,Wednesday,0.3928,0.6382207298419568
20.2374267578125,21.989999771118164,22.079999923706055,21.799999237060547,21.799999237060547,25900,0.872,2019-11-14,45,2019,14,Thursday,0.3928,0.6382207298419568
20.47670555114746,22.25,22.299999237060547,22.020000457763672,22.149999618530273,32700,1.182,2019-11-15,45,2019,15,Friday,0.3928,0.6382207298419568
20.05337142944336,21.790000915527344,22.219999313354492,21.770000457763672,22.219999313354492,48800,-2.067,2019-11-18,46,2019,18,Monday,0.48339999999999994,1.6847057013021591
20.265037536621094,22.020000457763672,22.06999969482422,21.56999969482422,22.010000228881836,31500,1.056,2019-11-19,46,2019,19,Tuesday,0.48339999999999994,1.6847057013021591
20.78961181640625,22.59000015258789,22.6200008392334,21.959999084472656,21.959999084472656,35400,2.589,2019-11-20,46,2019,20,Wednesday,0.48339999999999994,1.6847057013021591
20.835622787475586,22.639999389648438,22.709999084472656,22.459999084472656,22.56999969482422,48700,0.221,2019-11-21,46,2019,21,Thursday,0.48339999999999994,1.6847057013021591
20.96446990966797,22.780000686645508,22.950000762939453,22.670000076293945,22.690000534057617,56500,0.618,2019-11-22,46,2019,22,Friday,0.48339999999999994,1.6847057013021591
21.470630645751953,23.329999923706055,23.329999923706055,22.81999969482422,22.989999771118164,54000,2.414,2019-11-25,47,2019,25,Monday,0.9655,1.9113451633164884
21.378602981567383,23.229999542236328,23.299999237060547,22.950000762939453,23.229999542236328,105300,-0.429,2019-11-26,47,2019,26,Tuesday,0.9655,1.9113451633164884
21.976797103881836,23.8799991607666,23.8799991607666,23.1299991607666,23.1299991607666,105700,2.798,2019-11-27,47,2019,27,Wednesday,0.9655,1.9113451633164884
21.774333953857422,23.65999984741211,23.899999618530273,23.530000686645508,23.8799991607666,25800,-0.921,2019-11-29,47,2019,29,Friday,0.9655,1.9113451633164884
21.350990295410156,23.200000762939453,23.709999084472656,23.200000762939453,23.649999618530273,72900,-1.944,2019-12-02,48,2019,2,Monday,0.3512,1.9548863649839086
21.07490348815918,22.899999618530273,23.059999465942383,22.75,23.010000228881836,77000,-1.293,2019-12-03,48,2019,3,Tuesday,0.3512,1.9548863649839086
21.544254302978516,23.40999984741211,23.540000915527344,22.989999771118164,22.989999771118164,59800,2.227,2019-12-04,48,2019,4,Wednesday,0.3512,1.9548863649839086
21.645492553710938,23.520000457763672,23.600000381469727,23.3700008392334,23.3700008392334,29700,0.47,2019-12-05,48,2019,5,Thursday,0.3512,1.9548863649839086
22.1424503326416,24.059999465942383,24.15999984741211,23.729999542236328,23.770000457763672,51000,2.296,2019-12-06,48,2019,6,Friday,0.3512,1.9548863649839086
22.4737606048584,24.420000076293945,24.479999542236328,24.079999923706055,24.079999923706055,102600,1.496,2019-12-09,49,2019,9,Monday,0.7646,1.6815177073108687
22.00440788269043,23.90999984741211,24.40999984741211,23.889999389648438,24.3799991607666,61800,-2.088,2019-12-10,49,2019,10,Tuesday,0.7646,1.6815177073108687
22.1424503326416,24.059999465942383,24.239999771118164,23.84000015258789,23.979999542236328,39000,0.627,2019-12-11,49,2019,11,Wednesday,0.7646,1.6815177073108687
22.602603912353516,24.559999465942383,24.610000610351562,24.1200008392334,24.200000762939453,42900,2.078,2019-12-12,49,2019,12,Thursday,0.7646,1.6815177073108687
22.989131927490234,24.979999542236328,25.260000228881836,24.6200008392334,24.6200008392334,148400,1.71,2019-12-13,49,2019,13,Friday,0.7646,1.6815177073108687
23.11797523498535,25.1200008392334,25.190000534057617,25.010000228881836,25.110000610351562,51000,0.56,2019-12-16,50,2019,16,Monday,0.8371999999999999,0.8228460973961048
23.071956634521484,25.06999969482422,25.110000610351562,24.729999542236328,25.110000610351562,139800,-0.199,2019-12-17,50,2019,17,Tuesday,0.8371999999999999,0.8228460973961048
23.44007682800293,25.469999313354492,25.65999984741211,24.989999771118164,24.989999771118164,78200,1.596,2019-12-18,50,2019,18,Wednesday,0.8371999999999999,0.8228460973961048
23.550514221191406,25.59000015258789,25.889999389648438,25.260000228881836,25.260000228881836,131400,0.471,2019-12-19,50,2019,19,Thursday,0.8371999999999999,0.8228460973961048
23.964649200439453,26.040000915527344,26.059999465942383,25.510000228881836,25.670000076293945,50200,1.758,2019-12-20,50,2019,20,Friday,0.8371999999999999,0.8228460973961048
24.682483673095703,26.81999969482422,26.81999969482422,26.06999969482422,26.06999969482422,62500,2.995,2019-12-23,51,2019,23,Monday,1.14675,1.9407566179199287
24.949371337890625,27.110000610351562,27.6299991607666,26.899999618530273,26.899999618530273,36700,1.081,2019-12-24,51,2019,24,Tuesday,1.14675,1.9407566179199287
25.455535888671875,27.65999984741211,27.920000076293945,27.1299991607666,27.1299991607666,47600,2.029,2019-12-26,51,2019,26,Thursday,1.14675,1.9407566179199287
25.069013595581055,27.239999771118164,27.8799991607666,27.139999389648438,27.8799991607666,57800,-1.518,2019-12-27,51,2019,27,Friday,1.14675,1.9407566179199287
24.697986602783203,26.760000228881836,27.389999389648438,26.59000015258789,27.219999313354492,64700,-1.48,2019-12-30,52,2019,30,Monday,-1.0575,0.5975052301026327
24.541086196899414,26.59000015258789,26.829999923706055,26.450000762939453,26.790000915527344,48300,-0.635,2019-12-31,52,2019,31,Tuesday,-1.0575,0.5975052301026327
24.66106605529785,26.719999313354492,27.1200008392334,26.59000015258789,26.59000015258789,114500,0.489,2020-01-02,00,2020,2,Thursday,-0.41050000000000003,1.2720850993545991
24.33803939819336,26.3700008392334,26.479999542236328,26.020000457763672,26.280000686645508,43000,-1.31,2020-01-03,00,2020,3,Friday,-0.41050000000000003,1.2720850993545991
24.310352325439453,26.34000015258789,26.459999084472656,26.040000915527344,26.100000381469727,53400,-0.114,2020-01-06,01,2020,6,Monday,0.5192,0.6141145658588468
24.49494171142578,26.540000915527344,26.540000915527344,26.209999084472656,26.450000762939453,25900,0.759,2020-01-07,01,2020,7,Tuesday,0.5192,0.6141145658588468
24.550315856933594,26.600000381469727,26.739999771118164,26.3799991607666,26.43000030517578,51600,0.226,2020-01-08,01,2020,8,Wednesday,0.5192,0.6141145658588468
24.910266876220703,26.989999771118164,27.079999923706055,26.75,26.75,51000,1.466,2020-01-09,01,2020,9,Thursday,0.5192,0.6141145658588468
24.974870681762695,27.059999465942383,27.25,26.899999618530273,27.049999237060547,52800,0.259,2020-01-10,01,2020,10,Friday,0.5192,0.6141145658588468
24.882577896118164,26.959999084472656,27.309999465942383,26.899999618530273,27.1299991607666,32300,-0.37,2020-01-13,02,2020,13,Monday,-0.2,1.3885130535936636
24.3657283782959,26.399999618530273,26.860000610351562,26.3700008392334,26.860000610351562,34700,-2.077,2020-01-14,02,2020,14,Tuesday,-0.2,1.3885130535936636
24.15345001220703,26.170000076293945,26.459999084472656,26.110000610351562,26.3799991607666,27300,-0.871,2020-01-15,02,2020,15,Wednesday,-0.2,1.3885130535936636
24.411874771118164,26.450000762939453,26.579999923706055,26.260000228881836,26.260000228881836,30000,1.07,2020-01-16,02,2020,16,Thursday,-0.2,1.3885130535936636
24.716449737548828,26.780000686645508,26.829999923706055,26.43000030517578,26.43000030517578,102900,1.248,2020-01-17,02,2020,17,Friday,-0.2,1.3885130535936636
24.033466339111328,26.040000915527344,26.700000762939453,26.040000915527344,26.700000762939453,49500,-2.763,2020-01-21,03,2020,21,Tuesday,-1.1115,1.5220399688137847
24.25497055053711,26.280000686645508,26.399999618530273,26.1299991607666,26.219999313354492,167700,0.922,2020-01-22,03,2020,22,Wednesday,-1.1115,1.5220399688137847
23.959632873535156,25.959999084472656,26.25,25.90999984741211,26.030000686645508,37000,-1.218,2020-01-23,03,2020,23,Thursday,-1.1115,1.5220399688137847
23.627370834350586,25.600000381469727,26.06999969482422,25.5,25.959999084472656,59300,-1.387,2020-01-24,03,2020,24,Friday,-1.1115,1.5220399688137847
23.18436050415039,25.1200008392334,25.34000015258789,24.799999237060547,25.020000457763672,111700,-1.875,2020-01-27,04,2020,27,Monday,-0.03479999999999994,2.247192403867546
24.02423858642578,26.030000686645508,26.149999618530273,25.299999237060547,25.299999237060547,35300,3.623,2020-01-28,04,2020,28,Tuesday,-0.03479999999999994,2.247192403867546
23.858108520507812,25.850000381469727,26.31999969482422,25.850000381469727,26.139999389648438,7700,-0.692,2020-01-29,04,2020,29,Wednesday,-0.03479999999999994,2.247192403867546
23.96886444091797,25.969999313354492,25.969999313354492,25.469999313354492,25.469999313354492,17500,0.464,2020-01-30,04,2020,30,Thursday,-0.03479999999999994,2.247192403867546
23.56276512145996,25.530000686645508,25.81999969482422,25.360000610351562,25.81999969482422,41000,-1.694,2020-01-31,04,2020,31,Friday,-0.03479999999999994,2.247192403867546
24.162681579589844,26.18000030517578,26.329999923706055,25.559999465942383,25.559999465942383,45800,2.546,2020-02-03,05,2020,3,Monday,0.12599999999999997,1.4854337750300415
24.14422035217285,26.15999984741211,26.690000534057617,26.1299991607666,26.399999618530273,37900,-0.076,2020-02-04,05,2020,4,Tuesday,0.12599999999999997,1.4854337750300415
23.904253005981445,25.899999618530273,26.6299991607666,25.860000610351562,26.559999465942383,15800,-0.994,2020-02-05,05,2020,5,Wednesday,0.12599999999999997,1.4854337750300415
23.97808837890625,25.979999542236328,26.299999237060547,25.979999542236328,26.280000686645508,5300,0.309,2020-02-06,05,2020,6,Thursday,0.12599999999999997,1.4854337750300415
23.701208114624023,25.68000030517578,26.1200008392334,25.68000030517578,25.770000457763672,25200,-1.155,2020-02-07,05,2020,7,Friday,0.12599999999999997,1.4854337750300415
23.784273147583008,25.770000457763672,25.8700008392334,25.6200008392334,25.65999984741211,15800,0.35,2020-02-10,06,2020,10,Monday,0.30179999999999996,1.383392641298919
23.507389068603516,25.469999313354492,25.799999237060547,25.31999969482422,25.799999237060547,23400,-1.164,2020-02-11,06,2020,11,Tuesday,0.30179999999999996,1.383392641298919
24.02423858642578,26.030000686645508,26.030000686645508,25.700000762939453,25.84000015258789,29400,2.199,2020-02-12,06,2020,12,Wednesday,0.30179999999999996,1.383392641298919
23.81195831298828,25.799999237060547,25.920000076293945,25.549999237060547,25.920000076293945,11900,-0.884,2020-02-13,06,2020,13,Thursday,0.30179999999999996,1.383392641298919
24.05192756652832,26.059999465942383,26.059999465942383,25.829999923706055,25.860000610351562,5400,1.008,2020-02-14,06,2020,14,Friday,0.30179999999999996,1.383392641298919
23.93194007873535,25.93000030517578,26.049999237060547,25.8700008392334,25.8700008392334,11100,-0.499,2020-02-18,07,2020,18,Tuesday,0.48875,0.9125485831815567
24.319580078125,26.350000381469727,26.469999313354492,26.09000015258789,26.190000534057617,40200,1.62,2020-02-19,07,2020,19,Wednesday,0.48875,0.9125485831815567
24.33803939819336,26.3700008392334,26.690000534057617,26.229999542236328,26.229999542236328,31700,0.076,2020-02-20,07,2020,20,Thursday,0.48875,0.9125485831815567
24.522626876831055,26.56999969482422,26.639999389648438,26.239999771118164,26.299999237060547,18700,0.758,2020-02-21,07,2020,21,Friday,0.48875,0.9125485831815567
23.22127342224121,25.15999984741211,25.799999237060547,25.15999984741211,25.56999969482422,27800,-5.307,2020-02-24,08,2020,24,Monday,-2.8846,2.1626998867156764
22.1783504486084,24.030000686645508,25.450000762939453,24.010000228881836,25.290000915527344,44800,-4.491,2020-02-25,08,2020,25,Tuesday,-2.8846,2.1626998867156764
22.104515075683594,23.950000762939453,24.5,23.93000030517578,24.360000610351562,27900,-0.333,2020-02-26,08,2020,26,Wednesday,-2.8846,2.1626998867156764
21.375385284423828,23.15999984741211,23.829999923706055,22.979999542236328,23.719999313354492,22800,-3.299,2020-02-27,08,2020,27,Thursday,-2.8846,2.1626998867156764
21.16311264038086,22.93000030517578,22.93000030517578,22.280000686645508,22.40999984741211,56100,-0.993,2020-02-28,08,2020,28,Friday,-2.8846,2.1626998867156764
21.984529495239258,23.81999969482422,23.829999923706055,22.940000534057617,23.049999237060547,25900,3.881,2020-03-02,09,2020,2,Monday,0.05060000000000002,2.89294837492825
21.855321884155273,23.68000030517578,24.329999923706055,23.5,23.989999771118164,23500,-0.588,2020-03-03,09,2020,3,Tuesday,0.05060000000000002,2.89294837492825
22.298330307006836,24.15999984741211,24.329999923706055,23.860000610351562,24.0,15600,2.027,2020-03-04,09,2020,4,Wednesday,0.05060000000000002,2.89294837492825
21.901464462280273,23.729999542236328,24.040000915527344,23.6200008392334,23.899999618530273,25700,-1.78,2020-03-05,09,2020,5,Thursday,0.05060000000000002,2.89294837492825
21.18156623840332,22.950000762939453,23.200000762939453,22.520000457763672,23.200000762939453,16200,-3.287,2020-03-06,09,2020,6,Friday,0.05060000000000002,2.89294837492825
18.2742919921875,19.799999237060547,21.670000076293945,19.799999237060547,21.670000076293945,63100,-13.725,2020-03-09,10,2020,9,Monday,-4.054799999999999,9.101849081368027
19.59410285949707,21.229999542236328,21.280000686645508,20.290000915527344,20.790000915527344,14800,7.222,2020-03-10,10,2020,10,Tuesday,-4.054799999999999,9.101849081368027
18.163543701171875,19.68000030517578,20.719999313354492,19.600000381469727,20.700000762939453,27800,-7.301,2020-03-11,10,2020,11,Wednesday,-4.054799999999999,9.101849081368027
16.299192428588867,17.65999984741211,18.510000228881836,17.56999969482422,18.510000228881836,57800,-10.264,2020-03-12,10,2020,12,Thursday,-4.054799999999999,9.101849081368027
16.917564392089844,18.329999923706055,18.8700008392334,17.65999984741211,18.8700008392334,27700,3.794,2020-03-13,10,2020,13,Friday,-4.054799999999999,9.101849081368027
15.18243408203125,16.450000762939453,17.010000228881836,16.219999313354492,16.690000534057617,85800,-10.256,2020-03-16,11,2020,16,Monday,-4.1826,6.421018205861123
15.468544006347656,16.760000228881836,17.139999389648438,16.270000457763672,16.75,17300,1.884,2020-03-17,11,2020,17,Tuesday,-4.1826,6.421018205861123
13.650343894958496,14.789999961853027,16.059999465942383,14.399999618530273,15.699999809265137,74600,-11.754,2020-03-18,11,2020,18,Wednesday,-4.1826,6.421018205861123
13.816474914550781,14.970000267028809,15.329999923706055,14.420000076293945,14.75,53700,1.217,2020-03-19,11,2020,19,Thursday,-4.1826,6.421018205861123
13.539591789245605,14.670000076293945,16.399999618530273,14.609999656677246,15.359999656677246,191900,-2.004,2020-03-20,11,2020,20,Friday,-4.1826,6.421018205861123
13.253478050231934,14.359999656677246,15.180000305175781,14.119999885559082,14.619999885559082,73500,-2.113,2020-03-23,12,2020,23,Monday,1.6317999999999997,6.212685787966425
14.70250129699707,15.930000305175781,16.09000015258789,15.050000190734863,15.050000190734863,49200,10.933,2020-03-24,12,2020,24,Tuesday,1.6317999999999997,6.212685787966425
15.293185234069824,16.56999969482422,16.959999084472656,15.970000267028809,16.110000610351562,34300,4.018,2020-03-25,12,2020,25,Wednesday,1.6317999999999997,6.212685787966425
15.376252174377441,16.65999984741211,17.309999465942383,16.510000228881836,16.6299991607666,34700,0.543,2020-03-26,12,2020,26,Thursday,1.6317999999999997,6.212685787966425
14.573288917541504,15.789999961853027,16.25,15.430000305175781,15.960000038146973,14700,-5.222,2020-03-27,12,2020,27,Friday,1.6317999999999997,6.212685787966425
14.71173095703125,15.9399995803833,16.1200008392334,15.600000381469727,15.890000343322754,19000,0.95,2020-03-30,13,2020,30,Monday,0.022200000000000043,2.930258640461623
15.173201560974121,16.440000534057617,16.790000915527344,15.960000038146973,15.960000038146973,13100,3.137,2020-03-31,13,2020,31,Tuesday,0.022200000000000043,2.930258640461623
14.490222930908203,15.699999809265137,15.930000305175781,15.3100004196167,15.720000267028809,28900,-4.501,2020-04-01,13,2020,1,Wednesday,0.022200000000000043,2.930258640461623
14.71173095703125,15.9399995803833,16.1200008392334,15.619999885559082,15.739999771118164,16500,1.529,2020-04-02,13,2020,2,Thursday,0.022200000000000043,2.930258640461623
14.56406021118164,15.779999732971191,15.890000343322754,15.34000015258789,15.369999885559082,13500,-1.004,2020-04-03,13,2020,3,Friday,0.022200000000000043,2.930258640461623
15.367020606994629,16.649999618530273,16.780000686645508,16.329999923706055,16.329999923706055,15500,5.513,2020-04-06,14,2020,6,Monday,2.76775,2.1076886827359806
15.856181144714355,17.18000030517578,17.709999084472656,16.809999465942383,17.190000534057617,23300,3.183,2020-04-07,14,2020,7,Tuesday,2.76775,2.1076886827359806
16.1330623626709,17.479999542236328,17.5,17.149999618530273,17.15999984741211,36400,1.746,2020-04-08,14,2020,8,Wednesday,2.76775,2.1076886827359806
16.234586715698242,17.59000015258789,18.010000228881836,17.280000686645508,17.790000915527344,19300,0.629,2020-04-09,14,2020,9,Thursday,2.76775,2.1076886827359806
15.93924331665039,17.270000457763672,17.420000076293945,16.739999771118164,17.34000015258789,15100,-1.819,2020-04-13,15,2020,13,Monday,0.337,1.5140034676314318
16.234586715698242,17.59000015258789,17.68000030517578,17.360000610351562,17.520000457763672,96400,1.853,2020-04-14,15,2020,14,Tuesday,0.337,1.5140034676314318
16.446861267089844,17.81999969482422,17.81999969482422,16.790000915527344,17.18000030517578,12500,1.308,2020-04-15,15,2020,15,Wednesday,0.337,1.5140034676314318
16.6037654876709,17.989999771118164,17.989999771118164,17.59000015258789,17.950000762939453,10900,0.954,2020-04-16,15,2020,16,Thursday,0.337,1.5140034676314318
16.502243041992188,17.8799991607666,18.459999084472656,17.8799991607666,18.459999084472656,34000,-0.611,2020-04-17,15,2020,17,Friday,0.337,1.5140034676314318
16.483781814575195,17.860000610351562,18.190000534057617,17.5,17.5,29500,-0.112,2020-04-20,16,2020,20,Monday,-1.1018000000000001,2.759025860697938
15.671590805053711,16.979999542236328,17.329999923706055,16.799999237060547,17.290000915527344,29700,-4.927,2020-04-21,16,2020,21,Tuesday,-1.1018000000000001,2.759025860697938
16.086917877197266,17.43000030517578,17.639999389648438,17.100000381469727,17.34000015258789,16700,2.65,2020-04-22,16,2020,22,Wednesday,-1.1018000000000001,2.759025860697938
15.902326583862305,17.229999542236328,17.549999237060547,17.049999237060547,17.420000076293945,37000,-1.147,2020-04-23,16,2020,23,Thursday,-1.1018000000000001,2.759025860697938
15.588528633117676,16.889999389648438,17.270000457763672,16.75,17.25,17300,-1.973,2020-04-24,16,2020,24,Friday,-1.1018000000000001,2.759025860697938
15.874637603759766,17.200000762939453,17.200000762939453,16.920000076293945,16.940000534057617,21800,1.835,2020-04-27,17,2020,27,Monday,1.0198,3.73979627787397
16.659143447875977,18.049999237060547,18.1299991607666,17.510000228881836,17.670000076293945,19700,4.942,2020-04-28,17,2020,28,Tuesday,1.0198,3.73979627787397
17.31443214416504,18.760000228881836,18.8700008392334,18.209999084472656,18.209999084472656,21000,3.934,2020-04-29,17,2020,29,Wednesday,1.0198,3.73979627787397
16.649913787841797,18.040000915527344,18.75,17.969999313354492,18.6299991607666,13800,-3.838,2020-04-30,17,2020,30,Thursday,1.0198,3.73979627787397
16.354570388793945,17.719999313354492,17.770000457763672,17.600000381469727,17.770000457763672,29500,-1.774,2020-05-01,17,2020,1,Friday,1.0198,3.73979627787397
16.6037654876709,17.989999771118164,18.0,17.440000534057617,17.440000534057617,6900,1.524,2020-05-04,18,2020,4,Monday,2.6119999999999997,2.183485630820592
16.63145637512207,18.020000457763672,18.5,17.889999389648438,18.040000915527344,6700,0.167,2020-05-05,18,2020,5,Tuesday,2.6119999999999997,2.183485630820592
17.60977554321289,19.079999923706055,19.329999923706055,18.809999465942383,18.850000381469727,311500,5.882,2020-05-06,18,2020,6,Wednesday,2.6119999999999997,2.183485630820592
18.228147506713867,19.75,19.93000030517578,19.149999618530273,19.149999618530273,137000,3.512,2020-05-07,18,2020,7,Thursday,2.6119999999999997,2.183485630820592
18.58809471130371,20.139999389648438,20.3700008392334,19.829999923706055,19.979999542236328,196500,1.975,2020-05-08,18,2020,8,Friday,2.6119999999999997,2.183485630820592
18.911128997802734,20.489999771118164,20.549999237060547,19.940000534057617,20.079999923706055,172400,1.738,2020-05-11,19,2020,11,Monday,0.29240000000000005,2.520110572970956
18.73576545715332,20.299999237060547,21.049999237060547,20.260000228881836,20.559999465942383,36500,-0.927,2020-05-12,19,2020,12,Tuesday,0.29240000000000005,2.520110572970956
18.06201934814453,19.56999969482422,20.420000076293945,19.34000015258789,20.420000076293945,482600,-3.596,2020-05-13,19,2020,13,Wednesday,0.29240000000000005,2.520110572970956
18.440425872802734,19.979999542236328,20.0,19.020000457763672,19.219999313354492,53700,2.095,2020-05-14,19,2020,14,Thursday,0.29240000000000005,2.520110572970956
18.837289810180664,20.40999984741211,20.639999389648438,19.610000610351562,19.610000610351562,43300,2.152,2020-05-15,19,2020,15,Friday,0.29240000000000005,2.520110572970956
19.704862594604492,21.350000381469727,21.59000015258789,20.899999618530273,20.899999618530273,39000,4.606,2020-05-18,20,2020,18,Monday,1.7444,1.7727964632184936
19.67717170715332,21.31999969482422,21.770000457763672,21.219999313354492,21.219999313354492,22400,-0.141,2020-05-19,20,2020,19,Tuesday,1.7444,1.7727964632184936
19.972511291503906,21.639999389648438,21.979999542236328,21.40999984741211,21.510000228881836,17800,1.501,2020-05-20,20,2020,20,Wednesday,1.7444,1.7727964632184936
20.147871017456055,21.829999923706055,21.899999618530273,21.479999542236328,21.6299991607666,14400,0.878,2020-05-21,20,2020,21,Thursday,1.7444,1.7727964632184936
20.52627944946289,22.239999771118164,22.280000686645508,21.799999237060547,21.799999237060547,23100,1.878,2020-05-22,20,2020,22,Friday,1.7444,1.7727964632184936
20.609342575073242,22.329999923706055,22.93000030517578,22.329999923706055,22.75,16100,0.405,2020-05-26,21,2020,26,Tuesday,-0.47224999999999995,0.8947112662753275
20.62779998779297,22.350000381469727,22.450000762939453,21.610000610351562,22.450000762939453,27600,0.09,2020-05-27,21,2020,27,Wednesday,-0.47224999999999995,0.8947112662753275
20.30477523803711,22.0,22.34000015258789,21.8700008392334,22.34000015258789,12100,-1.566,2020-05-28,21,2020,28,Thursday,-0.47224999999999995,0.8947112662753275
20.138639450073242,21.81999969482422,21.959999084472656,21.600000381469727,21.959999084472656,14700,-0.818,2020-05-29,21,2020,29,Friday,-0.47224999999999995,0.8947112662753275
20.609342575073242,22.329999923706055,22.479999542236328,21.829999923706055,21.899999618530273,23800,2.337,2020-06-01,22,2020,1,Monday,2.0826000000000002,2.012150541087818
21.439992904663086,23.229999542236328,23.280000686645508,22.559999465942383,22.559999465942383,30800,4.03,2020-06-02,22,2020,2,Tuesday,2.0826000000000002,2.012150541087818
22.12297248840332,23.969999313354492,23.989999771118164,23.40999984741211,23.40999984741211,43000,3.186,2020-06-03,22,2020,3,Wednesday,2.0826000000000002,2.012150541087818
21.846088409423828,23.670000076293945,23.950000762939453,23.459999084472656,23.639999389648438,13100,-1.252,2020-06-04,22,2020,4,Thursday,2.0826000000000002,2.012150541087818
22.30756187438965,24.170000076293945,24.3700008392334,23.719999313354492,24.010000228881836,30200,2.112,2020-06-05,22,2020,5,Friday,2.0826000000000002,2.012150541087818
23.42432403564453,25.3799991607666,25.489999771118164,24.5,24.5,48000,5.006,2020-06-08,23,2020,8,Monday,0.1056000000000001,4.9092095901478885
22.796720504760742,24.700000762939453,25.0,24.329999923706055,25.0,33300,-2.679,2020-06-09,23,2020,9,Tuesday,0.1056000000000001,4.9092095901478885
22.889015197753906,24.799999237060547,25.06999969482422,24.100000381469727,24.860000610351562,67400,0.405,2020-06-10,23,2020,10,Wednesday,0.1056000000000001,4.9092095901478885
21.366161346435547,23.149999618530273,24.040000915527344,23.059999465942383,24.0,25600,-6.653,2020-06-11,23,2020,11,Thursday,0.1056000000000001,4.9092095901478885
22.316789627075195,24.18000030517578,24.18000030517578,23.479999542236328,23.56999969482422,20900,4.449,2020-06-12,23,2020,12,Friday,0.1056000000000001,4.9092095901478885
22.215267181396484,24.06999969482422,24.170000076293945,23.530000686645508,23.549999237060547,11200,-0.455,2020-06-15,24,2020,15,Monday,-0.22060000000000005,2.2583368437857096
22.4367733001709,24.309999465942383,24.829999923706055,24.25,24.670000076293945,44500,0.997,2020-06-16,24,2020,16,Tuesday,-0.22060000000000005,2.2583368437857096
22.1783504486084,24.030000686645508,24.450000762939453,23.8700008392334,24.450000762939453,10500,-1.152,2020-06-17,24,2020,17,Wednesday,-0.22060000000000005,2.2583368437857096
21.458452224731445,23.25,23.809999465942383,23.190000534057617,23.809999465942383,9000,-3.246,2020-06-18,24,2020,18,Thursday,-0.22060000000000005,2.2583368437857096
22.04913902282715,23.889999389648438,24.059999465942383,23.530000686645508,23.530000686645508,7700,2.753,2020-06-19,24,2020,19,Friday,-0.22060000000000005,2.2583368437857096
21.95684051513672,23.790000915527344,23.8799991607666,23.610000610351562,23.8799991607666,11800,-0.419,2020-06-22,25,2020,22,Monday,0.006999999999999939,1.9626009528174595
22.252185821533203,24.110000610351562,24.489999771118164,23.65999984741211,23.75,14800,1.345,2020-06-23,25,2020,23,Tuesday,0.006999999999999939,1.9626009528174595
21.836862564086914,23.65999984741211,24.040000915527344,23.510000228881836,23.690000534057617,14300,-1.866,2020-06-24,25,2020,24,Wednesday,0.006999999999999939,1.9626009528174595
22.418312072753906,24.290000915527344,24.299999237060547,23.8799991607666,23.8799991607666,8600,2.663,2020-06-25,25,2020,25,Thursday,0.006999999999999939,1.9626009528174595
22.039905548095703,23.8799991607666,24.1200008392334,23.75,24.059999465942383,8200,-1.688,2020-06-26,25,2020,26,Friday,0.006999999999999939,1.9626009528174595
22.261411666870117,24.1200008392334,24.25,23.510000228881836,23.889999389648438,11700,1.005,2020-06-29,26,2020,29,Monday,0.27325,0.7579979661362335
22.086055755615234,23.93000030517578,24.1200008392334,23.700000762939453,24.1200008392334,8200,-0.788,2020-06-30,26,2020,30,Tuesday,0.27325,0.7579979661362335
22.169118881225586,24.020000457763672,24.110000610351562,23.8799991607666,23.889999389648438,7200,0.376,2020-07-01,26,2020,1,Wednesday,0.27325,0.7579979661362335
22.27987289428711,24.139999389648438,24.559999465942383,24.139999389648438,24.510000228881836,18900,0.5,2020-07-02,26,2020,2,Thursday,0.27325,0.7579979661362335
23.82118797302246,25.809999465942383,25.940000534057617,24.8799991607666,24.8799991607666,51200,6.918,2020-07-06,27,2020,6,Monday,1.3578,3.309979712928767
23.53507423400879,25.5,25.770000457763672,25.260000228881836,25.770000457763672,9100,-1.201,2020-07-07,27,2020,7,Tuesday,1.3578,3.309979712928767
23.682748794555664,25.65999984741211,25.690000534057617,25.450000762939453,25.68000030517578,11700,0.627,2020-07-08,27,2020,8,Wednesday,1.3578,3.309979712928767
23.43355369567871,25.389999389648438,25.6299991607666,25.100000381469727,25.5,5700,-1.052,2020-07-09,27,2020,9,Thursday,1.3578,3.309979712928767
23.784273147583008,25.770000457763672,25.770000457763672,25.18000030517578,25.190000534057617,12800,1.497,2020-07-10,27,2020,10,Friday,1.3578,3.309979712928767
23.387407302856445,25.34000015258789,26.420000076293945,25.329999923706055,25.989999771118164,37600,-1.669,2020-07-13,28,2020,13,Monday,-0.37639999999999996,1.3143585127353952
23.350486755371094,25.299999237060547,25.3700008392334,24.729999542236328,24.93000030517578,39700,-0.158,2020-07-14,28,2020,14,Tuesday,-0.37639999999999996,1.3143585127353952
23.701208114624023,25.68000030517578,25.729999542236328,25.399999618530273,25.43000030517578,13100,1.502,2020-07-15,28,2020,15,Wednesday,-0.37639999999999996,1.3143585127353952
23.322799682617188,25.270000457763672,25.350000381469727,25.15999984741211,25.15999984741211,6400,-1.597,2020-07-16,28,2020,16,Thursday,-0.37639999999999996,1.3143585127353952
23.332027435302734,25.280000686645508,25.3799991607666,25.18000030517578,25.3799991607666,5300,0.04,2020-07-17,28,2020,17,Friday,-0.37639999999999996,1.3143585127353952
23.655057907104492,25.6299991607666,25.65999984741211,25.200000762939453,25.239999771118164,30000,1.384,2020-07-20,29,2020,20,Monday,0.8782,1.3747607791903287
24.033466339111328,26.040000915527344,26.209999084472656,25.84000015258789,25.84000015258789,14000,1.6,2020-07-21,29,2020,21,Tuesday,0.8782,1.3747607791903287
24.633378982543945,26.690000534057617,26.770000457763672,26.100000381469727,26.1299991607666,10900,2.496,2020-07-22,29,2020,22,Wednesday,0.8782,1.3747607791903287
24.439563751220703,26.479999542236328,27.18000030517578,26.420000076293945,26.68000030517578,23300,-0.787,2020-07-23,29,2020,23,Thursday,0.8782,1.3747607791903287
24.3657283782959,26.399999618530273,26.649999618530273,26.010000228881836,26.649999618530273,14200,-0.302,2020-07-24,29,2020,24,Friday,0.8782,1.3747607791903287
25.177919387817383,27.280000686645508,27.299999237060547,26.520000457763672,26.520000457763672,29200,3.333,2020-07-27,30,2020,27,Monday,0.17440000000000005,2.427039307469082
24.541086196899414,26.59000015258789,27.15999984741211,26.59000015258789,27.15999984741211,15300,-2.529,2020-07-28,30,2020,28,Tuesday,0.17440000000000005,2.427039307469082
25.03024673461914,27.1200008392334,27.219999313354492,26.709999084472656,26.899999618530273,10500,1.993,2020-07-29,30,2020,29,Wednesday,0.17440000000000005,2.427039307469082
24.679529190063477,26.739999771118164,26.969999313354492,26.31999969482422,26.579999923706055,19300,-1.401,2020-07-30,30,2020,30,Thursday,0.17440000000000005,2.427039307469082
24.550315856933594,26.600000381469727,26.989999771118164,26.360000610351562,26.989999771118164,19300,-0.524,2020-07-31,30,2020,31,Friday,0.17440000000000005,2.427039307469082
25.833208084106445,27.989999771118164,28.200000762939453,26.579999923706055,26.579999923706055,43500,5.226,2020-08-03,31,2020,3,Monday,0.732,2.646445635186939
25.74091148376465,27.889999389648438,28.799999237060547,27.65999984741211,28.5,53600,-0.357,2020-08-04,31,2020,4,Tuesday,0.732,2.646445635186939
25.962419509887695,28.1299991607666,28.600000381469727,27.93000030517578,28.31999969482422,16700,0.861,2020-08-05,31,2020,5,Wednesday,0.732,2.646445635186939
25.805519104003906,27.959999084472656,28.059999465942383,27.649999618530273,27.920000076293945,11100,-0.604,2020-08-06,31,2020,6,Thursday,0.732,2.646445635186939
25.427112579345703,27.549999237060547,27.969999313354492,27.309999465942383,27.6200008392334,22000,-1.466,2020-08-07,31,2020,7,Friday,0.732,2.646445635186939
24.73490333557129,26.799999237060547,28.010000228881836,26.780000686645508,28.010000228881836,54400,-2.722,2020-08-10,32,2020,10,Monday,-0.7962,1.9631559286006806
24.291887283325195,26.31999969482422,26.920000076293945,26.270000457763672,26.920000076293945,17500,-1.791,2020-08-11,32,2020,11,Tuesday,-0.7962,1.9631559286006806
23.94117546081543,25.940000534057617,26.389999389648438,25.850000381469727,26.389999389648438,8200,-1.444,2020-08-12,32,2020,12,Wednesday,-0.7962,1.9631559286006806
24.513397216796875,26.559999465942383,26.6299991607666,26.25,26.25,5000,2.39,2020-08-13,32,2020,13,Thursday,-0.7962,1.9631559286006806
24.411874771118164,26.450000762939453,26.469999313354492,26.299999237060547,26.399999618530273,4400,-0.414,2020-08-14,32,2020,14,Friday,-0.7962,1.9631559286006806
24.14422035217285,26.15999984741211,26.59000015258789,26.100000381469727,26.5,5100,-1.096,2020-08-17,33,2020,17,Monday,-0.5414,0.561547682748313
24.15345001220703,26.170000076293945,26.40999984741211,26.110000610351562,26.200000762939453,11400,0.038,2020-08-18,33,2020,18,Tuesday,-0.5414,0.561547682748313
24.088842391967773,26.100000381469727,26.459999084472656,26.09000015258789,26.09000015258789,2700,-0.267,2020-08-19,33,2020,19,Wednesday,-0.5414,0.561547682748313
24.042694091796875,26.049999237060547,26.049999237060547,25.639999389648438,25.65999984741211,17400,-0.192,2020-08-20,33,2020,20,Thursday,-0.5414,0.561547682748313
23.756582260131836,25.739999771118164,26.139999389648438,25.739999771118164,25.829999923706055,6400,-1.19,2020-08-21,33,2020,21,Friday,-0.5414,0.561547682748313
23.784273147583008,25.770000457763672,26.06999969482422,25.540000915527344,26.06999969482422,10700,0.117,2020-08-24,34,2020,24,Monday,0.32859999999999995,1.0344992991781097
24.01500701904297,26.020000457763672,26.040000915527344,25.700000762939453,25.760000228881836,6600,0.97,2020-08-25,34,2020,25,Tuesday,0.32859999999999995,1.0344992991781097
23.922712326049805,25.920000076293945,26.110000610351562,25.8700008392334,26.06999969482422,7100,-0.384,2020-08-26,34,2020,26,Wednesday,0.32859999999999995,1.0344992991781097
23.728891372680664,25.709999084472656,25.979999542236328,25.56999969482422,25.979999542236328,7200,-0.81,2020-08-27,34,2020,27,Thursday,0.32859999999999995,1.0344992991781097
24.14422035217285,26.15999984741211,26.15999984741211,25.889999389648438,25.899999618530273,21400,1.75,2020-08-28,34,2020,28,Friday,0.32859999999999995,1.0344992991781097
23.747352600097656,25.729999542236328,26.09000015258789,25.729999542236328,26.09000015258789,7300,-1.644,2020-08-31,35,2020,31,Monday,-0.7756000000000001,2.030805579074472
24.15345001220703,26.170000076293945,26.219999313354492,26.0,26.0,8600,1.71,2020-09-01,35,2020,1,Tuesday,-0.7756000000000001,2.030805579074472
24.19036865234375,26.209999084472656,26.280000686645508,25.760000228881836,26.010000228881836,21000,0.153,2020-09-02,35,2020,2,Wednesday,-0.7756000000000001,2.030805579074472
23.29511070251465,25.239999771118164,26.020000457763672,25.049999237060547,26.020000457763672,13900,-3.701,2020-09-03,35,2020,3,Thursday,-0.7756000000000001,2.030805579074472
23.20281410217285,25.139999389648438,25.15999984741211,24.170000076293945,25.15999984741211,12700,-0.396,2020-09-04,35,2020,4,Friday,-0.7756000000000001,2.030805579074472
22.72288703918457,24.6200008392334,24.889999389648438,24.34000015258789,24.690000534057617,7100,-2.068,2020-09-08,36,2020,8,Tuesday,-0.5715,1.630402506540435
23.119749069213867,25.049999237060547,25.200000762939453,24.770000457763672,24.770000457763672,2600,1.747,2020-09-09,36,2020,9,Wednesday,-0.5715,1.630402506540435
22.916706085205078,24.829999923706055,25.360000610351562,24.790000915527344,25.1200008392334,4600,-0.878,2020-09-10,36,2020,10,Thursday,-0.5715,1.630402506540435
22.667509078979492,24.559999465942383,25.059999465942383,24.420000076293945,25.059999465942383,5100,-1.087,2020-09-11,36,2020,11,Friday,-0.5715,1.630402506540435
22.649051666259766,24.540000915527344,24.989999771118164,24.530000686645508,24.889999389648438,12500,-0.081,2020-09-14,37,2020,14,Monday,-0.6194,1.3419382623652998
22.861326217651367,24.770000457763672,25.030000686645508,24.5,24.8700008392334,11600,0.937,2020-09-15,37,2020,15,Tuesday,-0.6194,1.3419382623652998
22.353708267211914,24.219999313354492,24.649999618530273,24.06999969482422,24.649999618530273,14200,-2.22,2020-09-16,37,2020,16,Wednesday,-0.6194,1.3419382623652998
21.947612762451172,23.780000686645508,23.860000610351562,23.56999969482422,23.579999923706055,32700,-1.817,2020-09-17,37,2020,17,Thursday,-0.6194,1.3419382623652998
21.966068267822266,23.799999237060547,24.010000228881836,23.5,23.709999084472656,12700,0.084,2020-09-18,37,2020,18,Friday,-0.6194,1.3419382623652998
21.550748825073242,23.350000381469727,23.479999542236328,22.959999084472656,23.479999542236328,7300,-1.891,2020-09-21,38,2020,21,Monday,-0.5462,2.8132094127526304
21.65226936340332,23.459999084472656,23.489999771118164,23.200000762939453,23.34000015258789,12100,0.471,2020-09-22,38,2020,22,Tuesday,-0.5462,2.8132094127526304
20.664718627929688,22.389999389648438,23.31999969482422,22.360000610351562,23.31999969482422,21900,-4.561,2020-09-23,38,2020,23,Wednesday,-0.5462,2.8132094127526304
21.264631271362305,23.040000915527344,23.200000762939453,22.440000534057617,22.450000762939453,8800,2.903,2020-09-24,38,2020,24,Thursday,-0.5462,2.8132094127526304
21.33847427368164,23.1200008392334,23.1299991607666,22.719999313354492,22.719999313354492,9800,0.347,2020-09-25,38,2020,25,Friday,-0.5462,2.8132094127526304
21.596891403198242,23.399999618530273,23.670000076293945,23.280000686645508,23.670000076293945,9000,1.211,2020-09-28,39,2020,28,Monday,0.29300000000000004,1.5192591944760447
21.30155372619629,23.079999923706055,23.399999618530273,23.0,23.399999618530273,9700,-1.368,2020-09-29,39,2020,29,Tuesday,0.29300000000000004,1.5192591944760447
21.495372772216797,23.290000915527344,23.56999969482422,23.1299991607666,23.1299991607666,14600,0.91,2020-09-30,39,2020,30,Wednesday,0.29300000000000004,1.5192591944760447
21.919925689697266,23.75,23.760000228881836,23.420000076293945,23.420000076293945,14800,1.975,2020-10-01,39,2020,1,Thursday,0.29300000000000004,1.5192591944760447
21.64304542541504,23.450000762939453,23.579999923706055,23.299999237060547,23.399999618530273,2400,-1.263,2020-10-02,39,2020,2,Friday,0.29300000000000004,1.5192591944760447
21.929149627685547,23.760000228881836,23.790000915527344,23.510000228881836,23.510000228881836,17600,1.322,2020-10-05,40,2020,5,Monday,0.9936,1.307849112092064
21.69841957092285,23.510000228881836,24.06999969482422,23.479999542236328,23.719999313354492,9900,-1.052,2020-10-06,40,2020,6,Tuesday,0.9936,1.307849112092064
22.196805953979492,24.049999237060547,24.059999465942383,23.459999084472656,23.68000030517578,4000,2.297,2020-10-07,40,2020,7,Wednesday,0.9936,1.307849112092064
22.326019287109375,24.190000534057617,24.360000610351562,24.110000610351562,24.1200008392334,17700,0.582,2020-10-08,40,2020,8,Thursday,0.9936,1.307849112092064
22.732114791870117,24.6299991607666,24.6299991607666,24.40999984741211,24.5,42200,1.819,2020-10-09,40,2020,9,Friday,0.9936,1.307849112092064
22.93515968322754,24.850000381469727,24.8799991607666,24.6299991607666,24.84000015258789,3400,0.893,2020-10-12,41,2020,12,Monday,0.3162,0.6188155621831113
23.101293563842773,25.030000686645508,25.170000076293945,24.530000686645508,24.719999313354492,42400,0.724,2020-10-13,41,2020,13,Tuesday,0.3162,0.6188155621831113
22.981311798095703,24.899999618530273,25.100000381469727,24.780000686645508,25.040000915527344,4200,-0.519,2020-10-14,41,2020,14,Wednesday,0.3162,0.6188155621831113
22.944393157958984,24.860000610351562,24.860000610351562,24.530000686645508,24.530000686645508,3500,-0.161,2020-10-15,41,2020,15,Thursday,0.3162,0.6188155621831113
23.092065811157227,25.020000457763672,25.049999237060547,24.850000381469727,24.90999984741211,2400,0.644,2020-10-16,41,2020,16,Friday,0.3162,0.6188155621831113
23.248964309692383,25.190000534057617,25.440000534057617,25.030000686645508,25.219999313354492,31300,0.679,2020-10-19,42,2020,19,Monday,0.20600000000000004,1.3298112648041451
23.415096282958984,25.3700008392334,25.600000381469727,25.260000228881836,25.270000457763672,7400,0.715,2020-10-20,42,2020,20,Tuesday,0.20600000000000004,1.3298112648041451
22.97208023071289,24.889999389648438,25.489999771118164,24.8799991607666,25.420000076293945,9100,-1.892,2020-10-21,42,2020,21,Wednesday,0.20600000000000004,1.3298112648041451
22.944393157958984,24.860000610351562,24.920000076293945,24.540000915527344,24.8799991607666,13500,-0.121,2020-10-22,42,2020,22,Thursday,0.20600000000000004,1.3298112648041451
23.322799682617188,25.270000457763672,25.31999969482422,24.889999389648438,24.979999542236328,13600,1.649,2020-10-23,42,2020,23,Friday,0.20600000000000004,1.3298112648041451
22.796720504760742,24.700000762939453,25.100000381469727,24.579999923706055,24.959999084472656,16900,-2.256,2020-10-26,43,2020,26,Monday,-1.4052,1.6908866608971755
22.538297653198242,24.420000076293945,24.770000457763672,24.299999237060547,24.770000457763672,20800,-1.134,2020-10-27,43,2020,27,Tuesday,-1.4052,1.6908866608971755
21.846088409423828,23.670000076293945,23.950000762939453,23.600000381469727,23.649999618530273,4000,-3.071,2020-10-28,43,2020,28,Wednesday,-1.4052,1.6908866608971755
22.141429901123047,23.989999771118164,24.100000381469727,23.5,23.670000076293945,6400,1.352,2020-10-29,43,2020,29,Thursday,-1.4052,1.6908866608971755
21.71687889099121,23.530000686645508,23.559999465942383,23.329999923706055,23.559999465942383,5500,-1.917,2020-10-30,43,2020,30,Friday,-1.4052,1.6908866608971755
22.09528350830078,23.940000534057617,23.989999771118164,23.809999465942383,23.809999465942383,3000,1.742,2020-11-02,44,2020,2,Monday,2.8502,2.8291074034048265
22.169118881225586,24.020000457763672,24.450000762939453,24.020000457763672,24.190000534057617,3700,0.334,2020-11-03,44,2020,3,Tuesday,2.8502,2.8291074034048265
22.93515968322754,24.850000381469727,25.110000610351562,24.5,24.5,11200,3.455,2020-11-04,44,2020,4,Wednesday,2.8502,2.8291074034048265
24.65184211730957,26.709999084472656,26.709999084472656,25.540000915527344,25.549999237060547,8100,7.485,2020-11-05,44,2020,5,Thursday,2.8502,2.8291074034048265
24.956411361694336,27.040000915527344,27.040000915527344,26.329999923706055,26.6200008392334,7200,1.235,2020-11-06,44,2020,6,Friday,2.8502,2.8291074034048265
24.670297622680664,26.729999542236328,27.5,26.639999389648438,27.5,18300,-1.146,2020-11-09,45,2020,9,Monday,-0.4746,1.652260058223281
24.181140899658203,26.200000762939453,26.459999084472656,25.81999969482422,26.459999084472656,9900,-1.983,2020-11-10,45,2020,10,Tuesday,-0.4746,1.652260058223281
24.347267150878906,26.3799991607666,26.799999237060547,26.049999237060547,26.049999237060547,10700,0.687,2020-11-11,45,2020,11,Wednesday,-0.4746,1.652260058223281
23.922712326049805,25.920000076293945,26.6200008392334,25.850000381469727,26.299999237060547,13300,-1.744,2020-11-12,45,2020,12,Thursday,-0.4746,1.652260058223281
24.356494903564453,26.389999389648438,26.6200008392334,26.219999313354492,26.5,46200,1.813,2020-11-13,45,2020,13,Friday,-0.4746,1.652260058223281
24.53185272216797,26.579999923706055,26.709999084472656,26.31999969482422,26.709999084472656,45500,0.72,2020-11-16,46,2020,16,Monday,0.7854,0.704761874678249
24.697986602783203,26.760000228881836,26.889999389648438,26.600000381469727,26.600000381469727,10900,0.677,2020-11-17,46,2020,17,Tuesday,0.7854,0.704761874678249
24.633378982543945,26.690000534057617,26.889999389648438,26.649999618530273,26.829999923706055,2100,-0.262,2020-11-18,46,2020,18,Wednesday,0.7854,0.704761874678249
25.039474487304688,27.1299991607666,27.139999389648438,26.790000915527344,26.790000915527344,10900,1.649,2020-11-19,46,2020,19,Thursday,0.7854,0.704761874678249
25.32558822631836,27.440000534057617,27.489999771118164,27.290000915527344,27.309999465942383,5800,1.143,2020-11-20,46,2020,20,Friday,0.7854,0.704761874678249
25.565553665161133,27.700000762939453,27.799999237060547,27.459999084472656,27.68000030517578,13200,0.948,2020-11-23,47,2020,23,Monday,1.09525,0.6843680174681844
25.731685638427734,27.8799991607666,27.959999084472656,27.729999542236328,27.799999237060547,7700,0.65,2020-11-24,47,2020,24,Tuesday,1.09525,0.6843680174681844
25.90704345703125,28.06999969482422,28.079999923706055,27.809999465942383,27.81999969482422,9900,0.681,2020-11-25,47,2020,25,Wednesday,1.09525,0.6843680174681844
26.451580047607422,28.65999984741211,28.670000076293945,28.100000381469727,28.100000381469727,10800,2.102,2020-11-27,47,2020,27,Friday,1.09525,0.6843680174681844
26.350053787231445,28.549999237060547,28.639999389648438,27.950000762939453,28.389999389648438,9400,-0.384,2020-11-30,48,2020,30,Monday,0.5266,0.6490468396040459
26.710004806518555,28.940000534057617,29.100000381469727,28.84000015258789,29.09000015258789,44800,1.366,2020-12-01,48,2020,1,Tuesday,0.5266,0.6490468396040459
26.80229949951172,29.040000915527344,29.040000915527344,28.739999771118164,28.93000030517578,3200,0.346,2020-12-02,48,2020,2,Wednesday,0.5266,0.6490468396040459
27.033037185668945,29.290000915527344,29.520000457763672,29.139999389648438,29.139999389648438,16100,0.861,2020-12-03,48,2020,3,Thursday,0.5266,0.6490468396040459
27.153017044067383,29.420000076293945,29.5,29.149999618530273,29.440000534057617,23600,0.444,2020-12-04,48,2020,4,Friday,0.5266,0.6490468396040459
27.06995391845703,29.329999923706055,29.389999389648438,29.25,29.3799991607666,24200,-0.306,2020-12-07,49,2020,7,Monday,0.02859999999999998,1.9325320954643934
27.153017044067383,29.420000076293945,29.420000076293945,29.209999084472656,29.209999084472656,6200,0.307,2020-12-08,49,2020,8,Tuesday,0.02859999999999998,1.9325320954643934
26.49772834777832,28.709999084472656,29.450000762939453,28.6200008392334,29.450000762939453,29600,-2.413,2020-12-09,49,2020,9,Wednesday,0.02859999999999998,1.9325320954643934
27.282228469848633,29.559999465942383,29.600000381469727,28.65999984741211,28.709999084472656,37400,2.961,2020-12-10,49,2020,10,Thursday,0.02859999999999998,1.9325320954643934
27.171476364135742,29.440000534057617,29.479999542236328,29.15999984741211,29.329999923706055,7000,-0.406,2020-12-11,49,2020,11,Friday,0.02859999999999998,1.9325320954643934
27.21762466430664,29.489999771118164,30.0,29.459999084472656,29.59000015258789,25800,0.17,2020-12-14,50,2020,14,Monday,0.9942,0.6724839775042971
27.7529296875,30.06999969482422,30.06999969482422,29.6200008392334,29.6200008392334,5300,1.967,2020-12-15,50,2020,15,Tuesday,0.9942,0.6724839775042971
27.965206146240234,30.299999237060547,30.299999237060547,29.959999084472656,30.209999084472656,33100,0.765,2020-12-16,50,2020,16,Wednesday,0.9942,0.6724839775042971
28.32515525817871,30.690000534057617,30.780000686645508,30.299999237060547,30.299999237060547,18400,1.287,2020-12-17,50,2020,17,Thursday,0.9942,0.6724839775042971
28.546663284301758,30.93000030517578,30.959999084472656,30.649999618530273,30.700000762939453,21300,0.782,2020-12-18,50,2020,18,Friday,0.9942,0.6724839775042971
27.974437713623047,30.309999465942383,30.600000381469727,30.020000457763672,30.239999771118164,10300,-2.005,2020-12-21,51,2020,21,Monday,-0.5005,1.0689385701089968
28.11288070678711,30.459999084472656,30.6200008392334,30.34000015258789,30.5,23200,0.495,2020-12-22,51,2020,22,Tuesday,-0.5005,1.0689385701089968
28.085193634033203,30.43000030517578,30.709999084472656,30.420000076293945,30.709999084472656,6600,-0.098,2020-12-23,51,2020,23,Wednesday,-0.5005,1.0689385701089968
27.974437713623047,30.309999465942383,30.489999771118164,30.309999465942383,30.489999771118164,1300,-0.394,2020-12-24,51,2020,24,Thursday,-0.5005,1.0689385701089968
27.79907989501953,30.1200008392334,30.459999084472656,30.059999465942383,30.459999084472656,6000,-0.627,2020-12-28,52,2020,28,Monday,0.1325,1.1544466206802286
28.075960159301758,30.420000076293945,30.510000228881836,30.1299991607666,30.3799991607666,18600,0.996,2020-12-29,52,2020,29,Tuesday,0.1325,1.1544466206802286
28.42303466796875,30.709999084472656,30.860000610351562,30.530000686645508,30.540000915527344,4400,1.236,2020-12-30,52,2020,30,Wednesday,0.1325,1.1544466206802286
28.117610931396484,30.3799991607666,30.780000686645508,30.34000015258789,30.780000686645508,10700,-1.075,2020-12-31,52,2020,31,Thursday,0.1325,1.1544466206802286
27.64559555053711,29.8700008392334,30.709999084472656,29.68000030517578,30.440000534057617,14800,-1.679,2021-01-04,01,2021,4,Monday,0.2934,2.1470594542303667
27.997291564941406,30.25,30.420000076293945,30.030000686645508,30.030000686645508,16700,1.272,2021-01-05,01,2021,5,Tuesday,0.2934,2.1470594542303667
27.340167999267578,29.540000915527344,30.170000076293945,29.489999771118164,30.170000076293945,19100,-2.347,2021-01-06,01,2021,6,Wednesday,0.2934,2.1470594542303667
27.94175910949707,30.190000534057617,30.209999084472656,29.65999984741211,29.65999984741211,23600,2.2,2021-01-07,01,2021,7,Thursday,0.2934,2.1470594542303667
28.50633430480957,30.799999237060547,30.809999465942383,30.31999969482422,30.34000015258789,16900,2.021,2021-01-08,01,2021,8,Friday,0.2934,2.1470594542303667
28.284204483032227,30.559999465942383,30.959999084472656,30.399999618530273,30.43000030517578,21500,-0.779,2021-01-11,02,2021,11,Monday,-0.2044,1.0211269754540813
28.43229103088379,30.719999313354492,30.940000534057617,30.59000015258789,30.59000015258789,4700,0.524,2021-01-12,02,2021,12,Tuesday,-0.2044,1.0211269754540813
28.200910568237305,30.469999313354492,30.799999237060547,30.450000762939453,30.6200008392334,31600,-0.814,2021-01-13,02,2021,13,Wednesday,-0.2044,1.0211269754540813
28.543354034423828,30.84000015258789,30.950000762939453,30.510000228881836,30.510000228881836,7200,1.214,2021-01-14,02,2021,14,Thursday,-0.2044,1.0211269754540813
28.210161209106445,30.479999542236328,30.770000457763672,30.43000030517578,30.520000457763672,5600,-1.167,2021-01-15,02,2021,15,Friday,-0.2044,1.0211269754540813
28.626651763916016,30.93000030517578,31.0,30.780000686645508,30.780000686645508,14800,1.476,2021-01-19,03,2021,19,Tuesday,0.12499999999999997,1.6678519118914605
28.97835350036621,31.309999465942383,31.420000076293945,30.93000030517578,31.059999465942383,20900,1.229,2021-01-20,03,2021,20,Wednesday,0.12499999999999997,1.6678519118914605
28.34899139404297,30.6299991607666,31.559999465942383,30.610000610351562,31.559999465942383,41600,-2.172,2021-01-21,03,2021,21,Thursday,0.12499999999999997,1.6678519118914605
28.339738845825195,30.6200008392334,30.68000030517578,30.31999969482422,30.420000076293945,27800,-0.033,2021-01-22,03,2021,22,Friday,0.12499999999999997,1.6678519118914605
27.86771583557129,30.110000610351562,30.84000015258789,29.6299991607666,30.59000015258789,22400,-1.666,2021-01-25,04,2021,25,Monday,-1.1508,2.5704857906629246
27.423465728759766,29.6299991607666,30.280000686645508,29.6200008392334,30.09000015258789,22300,-1.594,2021-01-26,04,2021,26,Tuesday,-1.1508,2.5704857906629246
26.60899543762207,28.75,29.479999542236328,28.75,29.209999084472656,25400,-2.97,2021-01-27,04,2021,27,Wednesday,-1.1508,2.5704857906629246
27.48824691772461,29.700000762939453,29.719999313354492,29.1299991607666,29.139999389648438,12200,3.304,2021-01-28,04,2021,28,Thursday,-1.1508,2.5704857906629246
26.710803985595703,28.860000610351562,29.770000457763672,28.770000457763672,29.600000381469727,7200,-2.828,2021-01-29,04,2021,29,Friday,-1.1508,2.5704857906629246
27.793676376342773,30.030000686645508,30.15999984741211,29.209999084472656,29.3700008392334,21300,4.054,2021-02-01,05,2021,1,Monday,1.5154,1.539628299298243
28.200910568237305,30.469999313354492,30.479999542236328,30.09000015258789,30.34000015258789,21000,1.465,2021-02-02,05,2021,2,Tuesday,1.5154,1.539628299298243
28.237930297851562,30.510000228881836,30.68000030517578,30.350000381469727,30.600000381469727,13600,0.131,2021-02-03,05,2021,3,Wednesday,1.5154,1.539628299298243
28.36750602722168,30.649999618530273,30.690000534057617,30.3700008392334,30.3700008392334,21400,0.459,2021-02-04,05,2021,4,Thursday,1.5154,1.539628299298243
28.783992767333984,31.100000381469727,31.15999984741211,30.81999969482422,30.81999969482422,18600,1.468,2021-02-05,05,2021,5,Friday,1.5154,1.539628299298243
29.033889770507812,31.3700008392334,31.450000762939453,31.100000381469727,31.100000381469727,28500,0.868,2021-02-08,06,2021,8,Monday,0.4532,0.4365858449377396
29.080162048339844,31.420000076293945,31.520000457763672,31.06999969482422,31.260000228881836,11600,0.159,2021-02-09,06,2021,9,Tuesday,0.4532,0.4365858449377396
29.13569450378418,31.479999542236328,31.829999923706055,31.40999984741211,31.65999984741211,6500,0.191,2021-02-10,06,2021,10,Wednesday,0.4532,0.4365858449377396
29.422609329223633,31.790000915527344,31.940000534057617,31.520000457763672,31.719999313354492,12700,0.985,2021-02-11,06,2021,11,Thursday,0.4532,0.4365858449377396
29.44112205505371,31.809999465942383,31.889999389648438,31.479999542236328,31.479999542236328,20300,0.063,2021-02-12,06,2021,12,Friday,0.4532,0.4365858449377396
29.718778610229492,32.11000061035156,32.52000045776367,31.90999984741211,31.90999984741211,38500,0.943,2021-02-16,07,2021,16,Tuesday,0.08250000000000002,1.0545275403389582
29.34856414794922,31.709999084472656,31.799999237060547,31.270000457763672,31.700000762939453,7600,-1.246,2021-02-17,07,2021,17,Wednesday,0.08250000000000002,1.0545275403389582
29.265270233154297,31.6200008392334,31.719999313354492,31.3799991607666,31.639999389648438,7700,-0.284,2021-02-18,07,2021,18,Thursday,0.08250000000000002,1.0545275403389582
29.53367042541504,31.90999984741211,32.66999816894531,31.860000610351562,31.8700008392334,20700,0.917,2021-02-19,07,2021,19,Friday,0.08250000000000002,1.0545275403389582
28.441545486450195,30.729999542236328,31.59000015258789,30.639999389648438,31.420000076293945,14500,-3.698,2021-02-22,08,2021,22,Monday,-1.6882000000000001,2.436382502810263
28.117610931396484,30.3799991607666,30.479999542236328,29.450000762939453,30.350000381469727,13800,-1.139,2021-02-23,08,2021,23,Tuesday,-1.6882000000000001,2.436382502810263
28.47856903076172,30.770000457763672,30.770000457763672,30.059999465942383,30.209999084472656,27200,1.284,2021-02-24,08,2021,24,Wednesday,-1.6882000000000001,2.436382502810263
27.164316177368164,29.350000381469727,30.59000015258789,29.31999969482422,30.59000015258789,13200,-4.615,2021-02-25,08,2021,25,Thursday,-1.6882000000000001,2.436382502810263
27.090274810791016,29.270000457763672,29.329999923706055,28.709999084472656,29.290000915527344,30200,-0.273,2021-02-26,08,2021,26,Friday,-1.6882000000000001,2.436382502810263
27.96027183532715,30.209999084472656,30.3799991607666,29.8799991607666,29.8799991607666,51700,3.211,2021-03-01,09,2021,1,Monday,-0.7608000000000001,2.4409392044866665
27.701126098632812,29.93000030517578,30.059999465942383,29.6299991607666,30.059999465942383,22300,-0.927,2021-03-02,09,2021,2,Tuesday,-0.7608000000000001,2.4409392044866665
26.840377807617188,29.0,29.479999542236328,28.65999984741211,29.479999542236328,4200,-3.107,2021-03-03,09,2021,3,Wednesday,-0.7608000000000001,2.4409392044866665
26.211017608642578,28.31999969482422,29.219999313354492,27.829999923706055,28.829999923706055,27300,-2.345,2021-03-04,09,2021,4,Thursday,-0.7608000000000001,2.4409392044866665
26.044422149658203,28.139999389648438,28.200000762939453,27.25,27.950000762939453,11500,-0.636,2021-03-05,09,2021,5,Friday,-0.7608000000000001,2.4409392044866665
25.35027313232422,27.389999389648438,28.100000381469727,27.309999465942383,27.989999771118164,5400,-2.665,2021-03-08,10,2021,8,Monday,1.2004,2.9299103740558343
26.28506088256836,28.399999618530273,28.399999618530273,27.600000381469727,27.600000381469727,17600,3.687,2021-03-09,10,2021,9,Tuesday,1.2004,2.9299103740558343
26.46091079711914,28.59000015258789,29.0,28.40999984741211,28.75,7300,0.669,2021-03-10,10,2021,10,Wednesday,1.2004,2.9299103740558343
27.654844284057617,29.8799991607666,29.920000076293945,29.030000686645508,29.1299991607666,5000,4.512,2021-03-11,10,2021,11,Thursday,1.2004,2.9299103740558343
27.599313735961914,29.81999969482422,29.8700008392334,29.420000076293945,29.420000076293945,12500,-0.201,2021-03-12,10,2021,12,Friday,1.2004,2.9299103740558343
27.951017379760742,30.200000762939453,30.309999465942383,29.920000076293945,29.920000076293945,8000,1.274,2021-03-15,11,2021,15,Monday,-0.13839999999999994,2.0134034121357796
28.015798568725586,30.270000457763672,30.75,30.1200008392334,30.360000610351562,10500,0.232,2021-03-16,11,2021,16,Tuesday,-0.13839999999999994,2.0134034121357796
28.08058738708496,30.34000015258789,30.34000015258789,29.6299991607666,29.920000076293945,10000,0.231,2021-03-17,11,2021,17,Wednesday,-0.13839999999999994,2.0134034121357796
27.062509536743164,29.239999771118164,29.770000457763672,29.229999542236328,29.6299991607666,2900,-3.626,2021-03-18,11,2021,18,Thursday,-0.13839999999999994,2.0134034121357796
27.38644027709961,29.59000015258789,29.6299991607666,29.360000610351562,29.360000610351562,2200,1.197,2021-03-19,11,2021,19,Friday,-0.13839999999999994,2.0134034121357796
27.49750518798828,29.709999084472656,29.709999084472656,29.510000228881836,29.639999389648438,1600,0.406,2021-03-22,12,2021,22,Monday,-0.6388,1.6872996769987243
26.979209899902344,29.149999618530273,29.510000228881836,29.100000381469727,29.420000076293945,7100,-1.885,2021-03-23,12,2021,23,Tuesday,-0.6388,1.6872996769987243
26.331336975097656,28.450000762939453,29.209999084472656,28.450000762939453,29.209999084472656,14200,-2.401,2021-03-24,12,2021,24,Wednesday,-0.6388,1.6872996769987243
26.06293296813965,28.15999984741211,28.18000030517578,27.8799991607666,28.0,26900,-1.019,2021-03-25,12,2021,25,Thursday,-0.6388,1.6872996769987243
26.507186889648438,28.639999389648438,28.639999389648438,28.200000762939453,28.43000030517578,4000,1.705,2021-03-26,12,2021,26,Friday,-0.6388,1.6872996769987243
26.16474151611328,28.270000457763672,28.510000228881836,27.850000381469727,28.510000228881836,15700,-1.292,2021-03-29,13,2021,29,Monday,0.49225,1.3937865391323976
26.201763153076172,28.309999465942383,28.420000076293945,28.049999237060547,28.049999237060547,1800,0.141,2021-03-30,13,2021,30,Tuesday,0.49225,1.3937865391323976
26.701549530029297,28.850000381469727,29.010000228881836,28.450000762939453,28.450000762939453,9600,1.907,2021-03-31,13,2021,31,Wednesday,0.49225,1.3937865391323976
27.025484085083008,29.200000762939453,29.389999389648438,29.06999969482422,29.139999389648438,7400,1.213,2021-04-01,13,2021,1,Thursday,0.49225,1.3937865391323976
27.025484085083008,29.200000762939453,29.5,29.010000228881836,29.5,5000,0.0,2021-04-05,14,2021,5,Monday,0.5192,1.655578962176072
27.636335372924805,29.860000610351562,29.940000534057617,29.25,29.25,1000,2.26,2021-04-06,14,2021,6,Tuesday,0.5192,1.655578962176072
27.210588455200195,29.399999618530273,29.75,29.389999389648438,29.75,6600,-1.541,2021-04-07,14,2021,7,Wednesday,0.5192,1.655578962176072
27.802928924560547,30.040000915527344,30.06999969482422,29.799999237060547,29.799999237060547,42200,2.177,2021-04-08,14,2021,8,Thursday,0.5192,1.655578962176072
27.719633102416992,29.950000762939453,29.979999542236328,29.709999084472656,29.809999465942383,23100,-0.3,2021-04-09,14,2021,9,Friday,0.5192,1.655578962176072
27.506759643554688,29.719999313354492,29.850000381469727,29.56999969482422,29.75,13500,-0.768,2021-04-12,15,2021,12,Monday,0.31020000000000003,1.110898375190098
27.617826461791992,29.84000015258789,29.860000610351562,29.639999389648438,29.639999389648438,9500,0.404,2021-04-13,15,2021,13,Tuesday,0.31020000000000003,1.110898375190098
27.404951095581055,29.610000610351562,29.850000381469727,29.610000610351562,29.809999465942383,1300,-0.771,2021-04-14,15,2021,14,Wednesday,0.31020000000000003,1.110898375190098
27.904739379882812,30.149999618530273,30.209999084472656,30.030000686645508,30.059999465942383,30600,1.824,2021-04-15,15,2021,15,Thursday,0.31020000000000003,1.110898375190098
28.145376205444336,30.40999984741211,30.40999984741211,30.09000015258789,30.200000762939453,2100,0.862,2021-04-16,15,2021,16,Friday,0.31020000000000003,1.110898375190098
27.87697410583496,30.1200008392334,30.290000915527344,30.06999969482422,30.290000915527344,4300,-0.954,2021-04-19,16,2021,19,Monday,-0.21399999999999997,0.9990437928339276
27.701126098632812,29.93000030517578,30.040000915527344,29.459999084472656,30.040000915527344,8800,-0.631,2021-04-20,16,2021,20,Tuesday,-0.21399999999999997,0.9990437928339276
28.015798568725586,30.270000457763672,30.309999465942383,29.709999084472656,29.709999084472656,19400,1.136,2021-04-21,16,2021,21,Wednesday,-0.21399999999999997,0.9990437928339276
27.691869735717773,29.920000076293945,30.270000457763672,29.889999389648438,30.200000762939453,42000,-1.156,2021-04-22,16,2021,22,Thursday,-0.21399999999999997,0.9990437928339276
27.83995246887207,30.079999923706055,30.139999389648438,29.979999542236328,30.100000381469727,7500,0.535,2021-04-23,16,2021,23,Friday,-0.21399999999999997,0.9990437928339276
28.210161209106445,30.479999542236328,30.479999542236328,30.1200008392334,30.1200008392334,1500,1.33,2021-04-26,17,2021,26,Monday,-0.11539999999999999,1.07078956849607
28.339738845825195,30.6200008392334,30.84000015258789,30.469999313354492,30.469999313354492,2900,0.459,2021-04-27,17,2021,27,Tuesday,-0.11539999999999999,1.07078956849607
28.321226119995117,30.600000381469727,30.8700008392334,30.40999984741211,30.56999969482422,6700,-0.065,2021-04-28,17,2021,28,Wednesday,-0.11539999999999999,1.07078956849607
28.025056838989258,30.280000686645508,30.670000076293945,30.18000030517578,30.649999618530273,15000,-1.046,2021-04-29,17,2021,29,Thursday,-0.11539999999999999,1.07078956849607
27.673357009887695,29.899999618530273,30.299999237060547,29.899999618530273,30.030000686645508,38000,-1.255,2021-04-30,17,2021,30,Friday,-0.11539999999999999,1.07078956849607
27.617826461791992,29.84000015258789,30.270000457763672,29.84000015258789,29.940000534057617,6200,-0.201,2021-05-03,18,2021,3,Monday,0.1238,1.6231825836916807
27.108783721923828,29.290000915527344,29.739999771118164,29.06999969482422,29.739999771118164,4700,-1.843,2021-05-04,18,2021,4,Tuesday,0.1238,1.6231825836916807
27.321653366088867,29.520000457763672,29.739999771118164,29.450000762939453,29.540000915527344,3400,0.785,2021-05-05,18,2021,5,Wednesday,0.1238,1.6231825836916807
27.155061721801758,29.34000015258789,29.420000076293945,29.110000610351562,29.15999984741211,3600,-0.61,2021-05-06,18,2021,6,Thursday,0.1238,1.6231825836916807
27.83069610595703,30.06999969482422,30.190000534057617,30.0,30.0,1900,2.488,2021-05-07,18,2021,7,Friday,0.1238,1.6231825836916807
27.321653366088867,29.520000457763672,29.950000762939453,29.520000457763672,29.950000762939453,4200,-1.829,2021-05-10,19,2021,10,Monday,-0.07819999999999991,2.346680463974591
27.238359451293945,29.43000030517578,29.43000030517578,28.989999771118164,29.059999465942383,5200,-0.305,2021-05-11,19,2021,11,Tuesday,-0.07819999999999991,2.346680463974591
26.627506256103516,28.770000457763672,29.149999618530273,28.68000030517578,29.020000457763672,26600,-2.243,2021-05-12,19,2021,12,Wednesday,-0.07819999999999991,2.346680463974591
26.710803985595703,28.860000610351562,29.0,28.5,28.889999389648438,6700,0.313,2021-05-13,19,2021,13,Thursday,-0.07819999999999991,2.346680463974591
27.691869735717773,29.920000076293945,30.0,29.59000015258789,29.59000015258789,3500,3.673,2021-05-14,19,2021,14,Friday,-0.07819999999999991,2.346680463974591
27.64559555053711,29.8700008392334,29.8700008392334,29.25,29.6299991607666,17400,-0.167,2021-05-17,20,2021,17,Monday,-0.12219999999999998,1.1085849989964685
27.83069610595703,30.06999969482422,30.110000610351562,29.989999771118164,30.100000381469727,3200,0.67,2021-05-18,20,2021,18,Tuesday,-0.12219999999999998,1.1085849989964685
27.525272369384766,29.739999771118164,29.799999237060547,29.5,29.799999237060547,5100,-1.097,2021-05-19,20,2021,19,Wednesday,-0.12219999999999998,1.1085849989964685
27.87697410583496,30.1200008392334,30.1299991607666,29.829999923706055,29.850000381469727,10100,1.278,2021-05-20,20,2021,20,Thursday,-0.12219999999999998,1.1085849989964685
27.516016006469727,29.729999542236328,30.100000381469727,29.649999618530273,30.049999237060547,20000,-1.295,2021-05-21,20,2021,21,Friday,-0.12219999999999998,1.1085849989964685
27.6270809173584,29.850000381469727,29.899999618530273,29.829999923706055,29.829999923706055,2800,0.404,2021-05-24,21,2021,24,Monday,0.6436,1.221496131799033
27.358675003051758,29.559999465942383,29.799999237060547,29.549999237060547,29.780000686645508,2100,-0.972,2021-05-25,21,2021,25,Tuesday,0.6436,1.221496131799033
27.793676376342773,30.030000686645508,30.079999923706055,30.030000686645508,30.049999237060547,1300,1.59,2021-05-26,21,2021,26,Wednesday,0.6436,1.221496131799033
27.821439743041992,30.059999465942383,30.299999237060547,29.920000076293945,29.989999771118164,7400,0.1,2021-05-27,21,2021,27,Thursday,0.6436,1.221496131799033
28.404523849487305,30.690000534057617,30.690000534057617,30.15999984741211,30.15999984741211,5600,2.096,2021-05-28,21,2021,28,Friday,0.6436,1.221496131799033
28.68218421936035,30.989999771118164,31.360000610351562,30.84000015258789,31.1200008392334,13000,0.978,2021-06-01,22,2021,1,Tuesday,0.427,1.2682336798345433
28.821008682250977,31.139999389648438,31.290000915527344,30.989999771118164,30.989999771118164,7500,0.484,2021-06-02,22,2021,2,Wednesday,0.427,1.2682336798345433
28.43229103088379,30.719999313354492,30.790000915527344,30.510000228881836,30.68000030517578,8200,-1.349,2021-06-03,22,2021,3,Thursday,0.427,1.2682336798345433
28.885801315307617,31.209999084472656,31.219999313354492,30.829999923706055,30.90999984741211,3800,1.595,2021-06-04,22,2021,4,Friday,0.427,1.2682336798345433
29.15420150756836,31.5,31.649999618530273,31.190000534057617,31.190000534057617,14800,0.929,2021-06-07,23,2021,7,Monday,0.33680000000000004,1.209504113262952
28.839527130126953,31.15999984741211,31.5,31.149999618530273,31.5,8300,-1.079,2021-06-08,23,2021,8,Tuesday,0.33680000000000004,1.209504113262952
29.16345977783203,31.510000228881836,31.549999237060547,31.209999084472656,31.229999542236328,3100,1.123,2021-06-09,23,2021,9,Wednesday,0.33680000000000004,1.209504113262952
29.61697006225586,32.0,32.0,31.760000228881836,31.760000228881836,5500,1.555,2021-06-10,23,2021,10,Thursday,0.33680000000000004,1.209504113262952
29.367074966430664,31.729999542236328,31.969999313354492,31.6200008392334,31.969999313354492,1900,-0.844,2021-06-11,23,2021,11,Friday,0.33680000000000004,1.209504113262952
29.66324234008789,32.04999923706055,32.15999984741211,32.0099983215332,32.13999938964844,2200,1.009,2021-06-14,24,2021,14,Monday,-0.2306,0.9521183224788818
29.37633514404297,31.739999771118164,32.040000915527344,31.6200008392334,32.040000915527344,13200,-0.967,2021-06-15,24,2021,15,Tuesday,-0.2306,0.9521183224788818
29.524417877197266,31.899999618530273,32.09000015258789,31.780000686645508,32.06999969482422,11100,0.504,2021-06-16,24,2021,16,Wednesday,-0.2306,0.9521183224788818
29.37633514404297,31.739999771118164,31.8799991607666,31.510000228881836,31.729999542236328,3600,-0.502,2021-06-17,24,2021,17,Thursday,-0.2306,0.9521183224788818
29.02463150024414,31.360000610351562,31.540000915527344,31.329999923706055,31.540000915527344,4000,-1.197,2021-06-18,24,2021,18,Friday,-0.2306,0.9521183224788818
29.033889770507812,31.3700008392334,31.389999389648438,31.25,31.389999389648438,4800,0.032,2021-06-21,25,2021,21,Monday,0.14679999999999999,1.307104318713698
29.404096603393555,31.770000457763672,31.8799991607666,31.15999984741211,31.15999984741211,3400,1.275,2021-06-22,25,2021,22,Tuesday,0.14679999999999999,1.307104318713698
29.57994842529297,31.959999084472656,32.130001068115234,31.959999084472656,32.11000061035156,2000,0.598,2021-06-23,25,2021,23,Wednesday,0.14679999999999999,1.307104318713698
29.839096069335938,32.2400016784668,32.25,32.150001525878906,32.150001525878906,2400,0.876,2021-06-24,25,2021,24,Thursday,0.14679999999999999,1.307104318713698
29.228246688842773,31.579999923706055,32.08000183105469,31.360000610351562,32.08000183105469,3800,-2.047,2021-06-25,25,2021,25,Friday,0.14679999999999999,1.307104318713698
29.181968688964844,31.530000686645508,31.65999984741211,31.399999618530273,31.65999984741211,9900,-0.158,2021-06-28,26,2021,28,Monday,-0.46900000000000003,0.5575975251021116
28.908723831176758,31.209999084472656,31.3700008392334,31.079999923706055,31.290000915527344,7800,-0.936,2021-06-29,26,2021,29,Tuesday,-0.46900000000000003,0.5575975251021116
28.704944610595703,30.989999771118164,31.299999237060547,30.889999389648438,31.299999237060547,11300,-0.705,2021-06-30,26,2021,30,Wednesday,-0.46900000000000003,0.5575975251021116
28.445589065551758,30.709999084472656,31.06999969482422,30.600000381469727,31.06999969482422,1700,-0.904,2021-07-01,26,2021,1,Thursday,-0.46900000000000003,0.5575975251021116
28.5474796295166,30.81999969482422,30.84000015258789,30.670000076293945,30.690000534057617,3300,0.358,2021-07-02,26,2021,2,Friday,-0.46900000000000003,0.5575975251021116
28.325178146362305,30.579999923706055,30.93000030517578,30.40999984741211,30.639999389648438,21400,-0.779,2021-07-06,27,2021,6,Tuesday,-0.08549999999999991,1.8138573078754938
28.343698501586914,30.600000381469727,30.600000381469727,30.350000381469727,30.360000610351562,3400,0.065,2021-07-07,27,2021,7,Wednesday,-0.08549999999999991,1.8138573078754938
27.787940979003906,30.0,30.139999389648438,29.700000762939453,30.010000228881836,8400,-1.961,2021-07-08,27,2021,8,Thursday,-0.08549999999999991,1.8138573078754938
28.436330795288086,30.700000762939453,30.719999313354492,30.200000762939453,30.200000762939453,2700,2.333,2021-07-09,27,2021,9,Friday,-0.08549999999999991,1.8138573078754938
28.528955459594727,30.799999237060547,30.799999237060547,30.56999969482422,30.600000381469727,2300,0.326,2021-07-12,28,2021,12,Monday,-0.3194,0.6939094321307356
28.63084602355957,30.90999984741211,31.079999923706055,30.760000228881836,30.899999618530273,6100,0.357,2021-07-13,28,2021,13,Tuesday,-0.3194,0.6939094321307356
28.26959991455078,30.520000457763672,31.309999465942383,30.520000457763672,31.309999465942383,3300,-1.262,2021-07-14,28,2021,14,Wednesday,-0.3194,0.6939094321307356
28.186237335205078,30.43000030517578,30.510000228881836,30.420000076293945,30.420000076293945,1000,-0.295,2021-07-15,28,2021,15,Thursday,-0.3194,0.6939094321307356
27.982458114624023,30.209999084472656,30.520000457763672,30.209999084472656,30.520000457763672,1000,-0.723,2021-07-16,28,2021,16,Friday,-0.3194,0.6939094321307356
27.621213912963867,29.81999969482422,29.8700008392334,29.6200008392334,29.770000457763672,5200,-1.291,2021-07-19,29,2021,19,Monday,0.5902000000000001,1.3888843364369836
28.28812599182129,30.540000915527344,30.59000015258789,29.860000610351562,29.860000610351562,4000,2.414,2021-07-20,29,2021,20,Tuesday,0.5902000000000001,1.3888843364369836
28.66789436340332,30.950000762939453,30.950000762939453,30.469999313354492,30.469999313354492,3000,1.343,2021-07-21,29,2021,21,Wednesday,0.5902000000000001,1.3888843364369836
28.7790470123291,31.06999969482422,31.149999618530273,30.920000076293945,31.040000915527344,2400,0.388,2021-07-22,29,2021,22,Thursday,0.5902000000000001,1.3888843364369836
28.806835174560547,31.100000381469727,31.1200008392334,30.899999618530273,31.110000610351562,6900,0.097,2021-07-23,29,2021,23,Friday,0.5902000000000001,1.3888843364369836
28.825361251831055,31.1200008392334,31.34000015258789,30.760000228881836,30.760000228881836,9600,0.064,2021-07-26,30,2021,26,Monday,0.1512,1.6146017155942822
28.704944610595703,30.989999771118164,31.079999923706055,30.68000030517578,31.079999923706055,4100,-0.418,2021-07-27,30,2021,27,Tuesday,0.1512,1.6146017155942822
29.44595718383789,31.790000915527344,31.799999237060547,31.280000686645508,31.280000686645508,2700,2.581,2021-07-28,30,2021,28,Wednesday,0.1512,1.6146017155942822
29.56637191772461,31.920000076293945,32.0,31.81999969482422,32.0,5200,0.409,2021-07-29,30,2021,29,Thursday,0.1512,1.6146017155942822
29.01061248779297,31.31999969482422,31.809999465942383,31.299999237060547,31.670000076293945,3200,-1.88,2021-07-30,30,2021,30,Friday,0.1512,1.6146017155942822
28.899457931518555,31.200000762939453,31.5,31.170000076293945,31.469999313354492,5400,-0.383,2021-08-02,31,2021,2,Monday,0.9578,2.1395281489150824
28.955036163330078,31.260000228881836,31.299999237060547,30.850000381469727,31.200000762939453,4800,0.192,2021-08-03,31,2021,3,Tuesday,0.9578,2.1395281489150824
28.973562240600586,31.280000686645508,31.510000228881836,31.1200008392334,31.510000228881836,2500,0.064,2021-08-04,31,2021,4,Wednesday,0.9578,2.1395281489150824
30.35369300842285,32.77000045776367,32.970001220703125,31.809999465942383,31.809999465942383,16300,4.763,2021-08-05,31,2021,5,Thursday,0.9578,2.1395281489150824
30.400007247924805,32.81999969482422,32.849998474121094,32.59000015258789,32.63999938964844,15200,0.153,2021-08-06,31,2021,6,Friday,0.9578,2.1395281489150824
30.04802703857422,32.439998626708984,32.939998626708984,32.369998931884766,32.939998626708984,2900,-1.158,2021-08-09,32,2021,9,Monday,0.6712,1.581184587579831
30.983558654785156,33.45000076293945,33.45000076293945,33.0,33.0,3000,3.113,2021-08-10,32,2021,10,Tuesday,0.6712,1.581184587579831
31.3170108795166,33.810001373291016,33.91999816894531,33.40999984741211,33.5099983215332,3400,1.076,2021-08-11,32,2021,11,Wednesday,0.6712,1.581184587579831
31.344797134399414,33.84000015258789,33.86000061035156,33.59000015258789,33.63999938964844,3700,0.089,2021-08-12,32,2021,12,Thursday,0.6712,1.581184587579831
31.41890525817871,33.91999816894531,34.16999816894531,33.83000183105469,33.970001220703125,5000,0.236,2021-08-13,32,2021,13,Friday,0.6712,1.581184587579831
31.066919326782227,33.540000915527344,33.709999084472656,33.31999969482422,33.709999084472656,20800,-1.12,2021-08-16,33,2021,16,Monday,-0.21980000000000005,1.1361398241413774
31.02060317993164,33.4900016784668,33.4900016784668,32.88999938964844,32.88999938964844,13600,-0.149,2021-08-17,33,2021,17,Tuesday,-0.21980000000000005,1.1361398241413774
30.844615936279297,33.29999923706055,33.52000045776367,33.18000030517578,33.5,4600,-0.567,2021-08-18,33,2021,18,Wednesday,-0.21980000000000005,1.1361398241413774
30.5482120513916,32.97999954223633,33.220001220703125,32.77000045776367,32.77000045776367,5500,-0.961,2021-08-19,33,2021,19,Thursday,-0.21980000000000005,1.1361398241413774
31.066919326782227,33.540000915527344,33.650001525878906,32.77000045776367,32.77000045776367,9600,1.698,2021-08-20,33,2021,20,Friday,-0.21980000000000005,1.1361398241413774
31.798669815063477,34.33000183105469,34.349998474121094,33.869998931884766,33.869998931884766,6100,2.355,2021-08-23,34,2021,23,Monday,1.4716,1.290968163821246
32.724937438964844,35.33000183105469,35.439998626708984,34.65999984741211,34.65999984741211,7200,2.913,2021-08-24,34,2021,24,Tuesday,1.4716,1.290968163821246
32.97502899169922,35.599998474121094,35.599998474121094,35.27000045776367,35.29999923706055,15200,0.764,2021-08-25,34,2021,25,Wednesday,1.4716,1.290968163821246
32.86387634277344,35.47999954223633,35.599998474121094,35.38999938964844,35.470001220703125,2300,-0.337,2021-08-26,34,2021,26,Thursday,1.4716,1.290968163821246
33.410377502441406,36.06999969482422,36.22999954223633,35.68000030517578,35.68000030517578,6900,1.663,2021-08-27,34,2021,27,Friday,1.4716,1.290968163821246
34.04948806762695,36.7599983215332,36.83000183105469,36.22999954223633,36.22999954223633,8300,1.913,2021-08-30,35,2021,30,Monday,0.2632,0.9967560885191522
33.99391555786133,36.70000076293945,37.22999954223633,36.2599983215332,37.22999954223633,28400,-0.163,2021-08-31,35,2021,31,Tuesday,0.2632,0.9967560885191522
33.77161407470703,36.459999084472656,36.939998626708984,36.369998931884766,36.939998626708984,16200,-0.654,2021-09-01,35,2021,1,Wednesday,0.2632,0.9967560885191522
33.70677947998047,36.38999938964844,36.810001373291016,36.380001068115234,36.470001220703125,11500,-0.192,2021-09-02,35,2021,2,Thursday,0.2632,0.9967560885191522
33.84571838378906,36.540000915527344,36.66999816894531,36.36000061035156,36.5,9900,0.412,2021-09-03,35,2021,3,Friday,0.2632,0.9967560885191522
34.40147018432617,37.13999938964844,37.20000076293945,36.540000915527344,36.540000915527344,11300,1.642,2021-09-07,36,2021,7,Tuesday,-0.60575,1.5411758227621748
33.77161407470703,36.459999084472656,37.25,36.11000061035156,37.25,44700,-1.831,2021-09-08,36,2021,8,Wednesday,-0.60575,1.5411758227621748
33.44742202758789,36.11000061035156,36.560001373291016,36.0099983215332,36.31999969482422,14100,-0.96,2021-09-09,36,2021,9,Thursday,-0.60575,1.5411758227621748
33.02133560180664,35.650001525878906,36.47999954223633,35.63999938964844,36.31999969482422,7000,-1.274,2021-09-10,36,2021,10,Friday,-0.60575,1.5411758227621748
33.753082275390625,36.439998626708984,37.290000915527344,36.310001373291016,37.040000915527344,32800,2.216,2021-09-13,37,2021,13,Monday,0.20740000000000003,1.2478767166671554
33.697509765625,36.380001068115234,36.65999984741211,36.27000045776367,36.4900016784668,15100,-0.165,2021-09-14,37,2021,14,Tuesday,0.20740000000000003,1.2478767166671554
33.77161407470703,36.459999084472656,36.4900016784668,36.349998474121094,36.4900016784668,26900,0.22,2021-09-15,37,2021,15,Wednesday,0.20740000000000003,1.2478767166671554
33.762351989746094,36.45000076293945,36.540000915527344,35.900001525878906,36.18000030517578,5900,-0.027,2021-09-16,37,2021,16,Thursday,0.20740000000000003,1.2478767166671554
33.354793548583984,36.0099983215332,36.4900016784668,35.9900016784668,36.439998626708984,3100,-1.207,2021-09-17,37,2021,17,Friday,0.20740000000000003,1.2478767166671554
31.96539306640625,34.5099983215332,35.18000030517578,34.29999923706055,35.18000030517578,12500,-4.166,2021-09-20,38,2021,20,Monday,-0.7374,2.1153449600478877
32.16917419433594,34.72999954223633,34.86000061035156,34.70000076293945,34.790000915527344,1600,0.638,2021-09-21,38,2021,21,Tuesday,-0.7374,2.1153449600478877
32.511898040771484,35.099998474121094,35.310001373291016,35.02000045776367,35.02000045776367,4600,1.065,2021-09-22,38,2021,22,Wednesday,-0.7374,2.1153449600478877
32.53968048095703,35.130001068115234,35.310001373291016,35.130001068115234,35.13999938964844,4900,0.085,2021-09-23,38,2021,23,Thursday,-0.7374,2.1153449600478877
32.11359786987305,34.66999816894531,34.900001525878906,34.61000061035156,34.900001525878906,4800,-1.309,2021-09-24,38,2021,24,Friday,-0.7374,2.1153449600478877
31.446693420410156,33.95000076293945,34.59000015258789,33.939998626708984,34.59000015258789,12300,-2.077,2021-09-27,39,2021,27,Monday,-0.8246,1.4391543697602422
30.77051544189453,33.220001220703125,33.529998779296875,33.0099983215332,33.529998779296875,8600,-2.15,2021-09-28,39,2021,28,Tuesday,-0.8246,1.4391543697602422
30.483373641967773,32.90999984741211,33.369998931884766,32.900001525878906,33.369998931884766,7500,-0.933,2021-09-29,39,2021,29,Wednesday,-0.8246,1.4391543697602422
30.890932083129883,33.349998474121094,33.58000183105469,33.09000015258789,33.290000915527344,17000,1.337,2021-09-30,39,2021,30,Thursday,-0.8246,1.4391543697602422
30.79829978942871,33.25,33.4900016784668,33.040000915527344,33.470001220703125,28700,-0.3,2021-10-01,39,2021,1,Friday,-0.8246,1.4391543697602422
30.242544174194336,32.650001525878906,33.08000183105469,32.58000183105469,33.08000183105469,5000,-1.805,2021-10-04,40,2021,4,Monday,-0.5168,1.2239516738825924
30.418535232543945,32.84000015258789,32.939998626708984,32.59000015258789,32.75,7100,0.582,2021-10-05,40,2021,5,Tuesday,-0.5168,1.2239516738825924
30.149917602539062,32.54999923706055,32.630001068115234,32.130001068115234,32.630001068115234,15800,-0.883,2021-10-06,40,2021,6,Wednesday,-0.5168,1.2239516738825924
30.43705940246582,32.86000061035156,33.060001373291016,32.72999954223633,32.84000015258789,7000,0.952,2021-10-07,40,2021,7,Thursday,-0.5168,1.2239516738825924
30.00171661376953,32.38999938964844,32.97999954223633,32.380001068115234,32.900001525878906,6700,-1.43,2021-10-08,40,2021,8,Friday,-0.5168,1.2239516738825924
29.91834831237793,32.29999923706055,32.720001220703125,32.290000915527344,32.41999816894531,11800,-0.278,2021-10-11,41,2021,11,Monday,0.7142,0.7051015529694996
29.992454528808594,32.380001068115234,32.4900016784668,32.310001373291016,32.31999969482422,9600,0.248,2021-10-12,41,2021,12,Tuesday,0.7142,0.7051015529694996
30.335172653198242,32.75,32.75,32.5,32.58000183105469,12100,1.143,2021-10-13,41,2021,13,Wednesday,0.7142,0.7051015529694996
30.650102615356445,33.09000015258789,33.2400016784668,32.9900016784668,33.06999969482422,14500,1.038,2021-10-14,41,2021,14,Thursday,0.7142,0.7051015529694996
31.08544921875,33.560001373291016,33.689998626708984,33.290000915527344,33.290000915527344,9200,1.42,2021-10-15,41,2021,15,Friday,0.7142,0.7051015529694996
31.4652099609375,33.970001220703125,34.150001525878906,33.5099983215332,33.5099983215332,17500,1.222,2021-10-18,42,2021,18,Monday,0.1438,1.3339978260851852
31.493000030517578,34.0,34.20000076293945,33.95000076293945,34.11000061035156,9400,0.088,2021-10-19,42,2021,19,Tuesday,0.1438,1.3339978260851852
32.03949737548828,34.59000015258789,34.650001525878906,34.06999969482422,34.130001068115234,10500,1.735,2021-10-20,42,2021,20,Wednesday,0.1438,1.3339978260851852
31.65046501159668,34.16999816894531,34.5,34.130001068115234,34.5,8900,-1.214,2021-10-21,42,2021,21,Thursday,0.1438,1.3339978260851852
31.29848289489746,33.790000915527344,33.790000915527344,33.61000061035156,33.720001220703125,2700,-1.112,2021-10-22,42,2021,22,Friday,0.1438,1.3339978260851852
31.826459884643555,34.36000061035156,34.619998931884766,33.900001525878906,33.900001525878906,10900,1.687,2021-10-25,43,2021,25,Monday,-0.5556,1.7925468752587757
31.789405822753906,34.31999969482422,34.7599983215332,34.31999969482422,34.630001068115234,4700,-0.116,2021-10-26,43,2021,26,Tuesday,-0.5556,1.7925468752587757
31.029874801635742,33.5,34.279998779296875,33.47999954223633,34.279998779296875,4700,-2.389,2021-10-27,43,2021,27,Wednesday,-0.5556,1.7925468752587757
31.159547805786133,33.63999938964844,33.86000061035156,33.459999084472656,33.459999084472656,14600,0.418,2021-10-28,43,2021,28,Thursday,-0.5556,1.7925468752587757
30.418535232543945,32.84000015258789,33.369998931884766,32.81999969482422,33.369998931884766,1800,-2.378,2021-10-29,43,2021,29,Friday,-0.5556,1.7925468752587757
30.650102615356445,33.09000015258789,33.22999954223633,33.040000915527344,33.06999969482422,1900,0.761,2021-11-01,44,2021,1,Monday,1.2530000000000001,1.1817814941857907
30.79829978942871,33.25,33.25,32.95000076293945,32.95000076293945,2600,0.484,2021-11-02,44,2021,2,Tuesday,1.2530000000000001,1.1817814941857907
31.60414695739746,34.119998931884766,34.119998931884766,33.209999084472656,33.209999084472656,1900,2.617,2021-11-03,44,2021,3,Wednesday,1.2530000000000001,1.1817814941857907
31.60414695739746,34.119998931884766,34.59000015258789,33.84000015258789,34.59000015258789,5300,0.0,2021-11-04,44,2021,4,Thursday,1.2530000000000001,1.1817814941857907
32.36369705200195,34.939998626708984,35.13999938964844,34.720001220703125,34.720001220703125,4800,2.403,2021-11-05,44,2021,5,Friday,1.2530000000000001,1.1817814941857907
32.91018295288086,35.529998779296875,35.63999938964844,35.279998779296875,35.279998779296875,1300,1.689,2021-11-08,45,2021,8,Monday,0.13960000000000009,1.8661714283527115
33.49372863769531,36.15999984741211,36.15999984741211,35.470001220703125,35.470001220703125,12100,1.773,2021-11-09,45,2021,9,Tuesday,0.13960000000000009,1.8661714283527115
32.715667724609375,35.31999969482422,36.31999969482422,35.290000915527344,36.20000076293945,5300,-2.323,2021-11-10,45,2021,10,Wednesday,0.13960000000000009,1.8661714283527115
33.0120735168457,35.63999938964844,35.900001525878906,35.5,35.81999969482422,1800,0.906,2021-11-11,45,2021,11,Thursday,0.13960000000000009,1.8661714283527115
32.56747055053711,35.15999984741211,35.34000015258789,35.02000045776367,35.13999938964844,3900,-1.347,2021-11-12,45,2021,12,Friday,0.13960000000000009,1.8661714283527115
32.576725006103516,35.16999816894531,35.290000915527344,34.9900016784668,35.06999969482422,31400,0.028,2021-11-15,46,2021,15,Monday,-1.7315999999999998,1.702598837072315
31.344797134399414,33.84000015258789,34.560001373291016,33.84000015258789,34.54999923706055,9100,-3.782,2021-11-16,46,2021,16,Tuesday,-1.7315999999999998,1.702598837072315
30.81682586669922,33.27000045776367,33.369998931884766,33.150001525878906,33.369998931884766,5300,-1.684,2021-11-17,46,2021,17,Wednesday,-1.7315999999999998,1.702598837072315
30.77051544189453,33.220001220703125,33.33000183105469,32.68000030517578,33.150001525878906,5100,-0.15,2021-11-18,46,2021,18,Thursday,-1.7315999999999998,1.702598837072315
29.825725555419922,32.20000076293945,33.220001220703125,32.189998626708984,33.220001220703125,5100,-3.07,2021-11-19,46,2021,19,Friday,-1.7315999999999998,1.702598837072315
29.12176513671875,31.440000534057617,32.52000045776367,31.219999313354492,32.52000045776367,6700,-2.36,2021-11-22,47,2021,22,Monday,-2.0532500000000002,1.0657396101612564
28.806835174560547,31.100000381469727,31.450000762939453,30.84000015258789,31.229999542236328,5600,-1.081,2021-11-23,47,2021,23,Tuesday,-2.0532500000000002,1.0657396101612564
28.417804718017578,30.68000030517578,30.90999984741211,30.6299991607666,30.90999984741211,6000,-1.35,2021-11-24,47,2021,24,Wednesday,-2.0532500000000002,1.0657396101612564
27.445226669311523,29.6299991607666,29.940000534057617,29.200000762939453,29.940000534057617,3100,-3.422,2021-11-26,47,2021,26,Friday,-2.0532500000000002,1.0657396101612564
27.278499603271484,29.450000762939453,29.780000686645508,29.440000534057617,29.719999313354492,7400,-0.607,2021-11-29,48,2021,29,Monday,-0.429,1.8499947297222228
26.935779571533203,29.079999923706055,29.600000381469727,28.979999542236328,29.549999237060547,36900,-1.256,2021-11-30,48,2021,30,Tuesday,-0.429,1.8499947297222228
26.7783145904541,28.90999984741211,30.079999923706055,28.889999389648438,29.739999771118164,8700,-0.585,2021-12-01,48,2021,1,Wednesday,-0.429,1.8499947297222228
27.48227310180664,29.670000076293945,29.790000915527344,29.329999923706055,29.610000610351562,4400,2.629,2021-12-02,48,2021,2,Thursday,-0.429,1.8499947297222228
26.84315299987793,28.979999542236328,29.6200008392334,28.889999389648438,29.600000381469727,7000,-2.326,2021-12-03,48,2021,3,Friday,-0.429,1.8499947297222228
27.48227310180664,29.670000076293945,29.780000686645508,28.90999984741211,28.90999984741211,6000,2.381,2021-12-06,49,2021,6,Monday,0.6831999999999999,2.000965691859808
28.26033592224121,30.510000228881836,30.75,30.239999771118164,30.239999771118164,13900,2.831,2021-12-07,49,2021,7,Tuesday,0.6831999999999999,2.000965691859808
28.454853057861328,30.719999313354492,30.790000915527344,30.440000534057617,30.440000534057617,3700,0.688,2021-12-08,49,2021,8,Wednesday,0.6831999999999999,2.000965691859808
27.88983154296875,30.110000610351562,30.639999389648438,30.09000015258789,30.530000686645508,3000,-1.986,2021-12-09,49,2021,9,Thursday,0.6831999999999999,2.000965691859808
27.750892639160156,29.959999084472656,30.170000076293945,29.8799991607666,30.170000076293945,2000,-0.498,2021-12-10,49,2021,10,Friday,0.6831999999999999,2.000965691859808
27.324811935424805,29.5,29.68000030517578,29.18000030517578,29.68000030517578,10400,-1.535,2021-12-13,50,2021,13,Monday,-0.16219999999999998,1.1567571914624086
27.046932220458984,29.200000762939453,29.6200008392334,29.200000762939453,29.6200008392334,8700,-1.017,2021-12-14,50,2021,14,Tuesday,-0.16219999999999998,1.1567571914624086
27.324811935424805,29.5,29.520000457763672,28.700000762939453,28.950000762939453,8300,1.027,2021-12-15,50,2021,15,Wednesday,-0.16219999999999998,1.1567571914624086
27.593427658081055,29.790000915527344,30.06999969482422,29.719999313354492,30.0,6700,0.983,2021-12-16,50,2021,16,Thursday,-0.16219999999999998,1.1567571914624086
27.51932716369629,29.709999084472656,29.969999313354492,29.440000534057617,29.440000534057617,3500,-0.269,2021-12-17,50,2021,17,Friday,-0.16219999999999998,1.1567571914624086
27.12103271484375,29.280000686645508,29.299999237060547,28.829999923706055,28.860000610351562,5500,-1.447,2021-12-20,51,2021,20,Monday,0.80075,1.6965903797518913
27.7786808013916,29.989999771118164,30.06999969482422,29.670000076293945,29.670000076293945,4800,2.425,2021-12-21,51,2021,21,Tuesday,0.80075,1.6965903797518913
27.917621612548828,30.139999389648438,30.139999389648438,29.81999969482422,29.920000076293945,9700,0.5,2021-12-22,51,2021,22,Wednesday,0.80075,1.6965903797518913
28.399276733398438,30.65999984741211,30.700000762939453,30.100000381469727,30.100000381469727,3200,1.725,2021-12-23,51,2021,23,Thursday,0.80075,1.6965903797518913
29.029138565063477,31.34000015258789,31.34000015258789,31.059999465942383,31.059999465942383,5000,2.218,2021-12-27,52,2021,27,Monday,0.558,0.9950798962897401
29.00135040283203,31.309999465942383,31.709999084472656,31.239999771118164,31.290000915527344,9300,-0.096,2021-12-28,52,2021,28,Tuesday,0.558,0.9950798962897401
28.99208641052246,31.299999237060547,31.34000015258789,31.020000457763672,31.020000457763672,4500,-0.032,2021-12-29,52,2021,29,Wednesday,0.558,0.9950798962897401
29.213502883911133,31.270000457763672,31.579999923706055,31.270000457763672,31.579999923706055,3300,0.764,2021-12-30,52,2021,30,Thursday,0.558,0.9950798962897401
29.19481658935547,31.25,31.399999618530273,31.25,31.399999618530273,500,-0.064,2021-12-31,52,2021,31,Friday,0.558,0.9950798962897401
29.19481658935547,31.25,31.360000610351562,31.030000686645508,31.030000686645508,2000,0.0,2022-01-03,01,2022,3,Monday,-1.3519999999999999,1.5118539942732565
28.802438735961914,30.829999923706055,30.90999984741211,30.760000228881836,30.90999984741211,2000,-1.344,2022-01-04,01,2022,4,Tuesday,-1.3519999999999999,1.5118539942732565
27.681358337402344,29.6299991607666,30.760000228881836,29.510000228881836,30.760000228881836,6200,-3.892,2022-01-05,01,2022,5,Wednesday,-1.3519999999999999,1.5118539942732565
27.55056381225586,29.489999771118164,29.6200008392334,29.079999923706055,29.459999084472656,3100,-0.473,2022-01-06,01,2022,6,Thursday,-1.3519999999999999,1.5118539942732565
27.260953903198242,29.18000030517578,29.389999389648438,29.18000030517578,29.389999389648438,1600,-1.051,2022-01-07,01,2022,7,Friday,-1.3519999999999999,1.5118539942732565
27.092792510986328,29.0,29.290000915527344,28.5,29.290000915527344,4800,-0.617,2022-01-10,02,2022,10,Monday,0.6599999999999999,2.0921269081965366
28.027023315429688,30.0,30.079999923706055,30.0,30.079999923706055,900,3.448,2022-01-11,02,2022,11,Tuesday,0.6599999999999999,2.0921269081965366
28.596906661987305,30.610000610351562,30.719999313354492,30.18000030517578,30.389999389648438,1900,2.033,2022-01-12,02,2022,12,Wednesday,0.6599999999999999,2.0921269081965366
28.083078384399414,30.059999465942383,30.510000228881836,30.049999237060547,30.510000228881836,900,-1.797,2022-01-13,02,2022,13,Thursday,0.6599999999999999,2.0921269081965366
28.148473739624023,30.1299991607666,30.1299991607666,29.979999542236328,29.979999542236328,400,0.233,2022-01-14,02,2022,14,Friday,0.6599999999999999,2.0921269081965366
27.401086807250977,29.329999923706055,29.8799991607666,29.329999923706055,29.75,2400,-2.655,2022-01-18,03,2022,18,Tuesday,-0.9359999999999999,1.3063774339753425
27.50385284423828,29.440000534057617,29.729999542236328,29.440000534057617,29.690000534057617,7600,0.375,2022-01-19,03,2022,19,Wednesday,-0.9359999999999999,1.3063774339753425
27.419771194458008,29.350000381469727,29.969999313354492,29.280000686645508,29.709999084472656,2100,-0.306,2022-01-20,03,2022,20,Thursday,-0.9359999999999999,1.3063774339753425
27.102130889892578,29.010000228881836,29.510000228881836,28.940000534057617,29.510000228881836,5900,-1.158,2022-01-21,03,2022,21,Friday,-0.9359999999999999,1.3063774339753425
26.71909523010254,28.600000381469727,28.600000381469727,27.690000534057617,28.3799991607666,4000,-1.413,2022-01-24,04,2022,24,Monday,0.6447999999999999,2.1528464181171865
27.102130889892578,29.010000228881836,29.010000228881836,28.149999618530273,28.31999969482422,1100,1.434,2022-01-25,04,2022,25,Tuesday,0.6447999999999999,2.1528464181171865
26.821861267089844,28.709999084472656,29.31999969482422,28.709999084472656,29.31999969482422,1400,-1.034,2022-01-26,04,2022,26,Wednesday,0.6447999999999999,2.1528464181171865
26.905942916870117,28.799999237060547,29.149999618530273,28.690000534057617,28.8799991607666,2100,0.313,2022-01-27,04,2022,27,Thursday,0.6447999999999999,2.1528464181171865
27.96162986755371,29.93000030517578,29.989999771118164,29.260000228881836,29.260000228881836,2000,3.924,2022-01-28,04,2022,28,Friday,0.6447999999999999,2.1528464181171865
28.942575454711914,30.979999542236328,30.979999542236328,30.030000686645508,30.110000610351562,14900,3.508,2022-01-31,05,2022,31,Monday,0.007400000000000006,2.6265986179848646
29.176132202148438,31.229999542236328,31.239999771118164,30.84000015258789,31.190000534057617,2600,0.807,2022-02-01,05,2022,1,Tuesday,0.007400000000000006,2.6265986179848646
28.671646118164062,30.690000534057617,31.270000457763672,30.68000030517578,31.270000457763672,800,-1.729,2022-02-02,05,2022,2,Wednesday,0.007400000000000006,2.6265986179848646
27.718727111816406,29.670000076293945,29.950000762939453,29.65999984741211,29.809999465942383,2600,-3.324,2022-02-03,05,2022,3,Thursday,0.007400000000000006,2.6265986179848646
27.9335994720459,29.899999618530273,30.049999237060547,29.65999984741211,30.0,2100,0.775,2022-02-04,05,2022,4,Friday,0.007400000000000006,2.6265986179848646
28.0737361907959,30.049999237060547,30.299999237060547,30.020000457763672,30.020000457763672,1100,0.502,2022-02-07,06,2022,7,Monday,0.7207999999999999,0.7151864791786824
28.307296752929688,30.299999237060547,30.329999923706055,30.1299991607666,30.149999618530273,1000,0.832,2022-02-08,06,2022,8,Tuesday,0.7207999999999999,0.7151864791786824
28.699674606323242,30.719999313354492,30.719999313354492,30.3799991607666,30.3799991607666,2500,1.386,2022-02-09,06,2022,9,Wednesday,0.7207999999999999,0.7151864791786824
28.587566375732422,30.600000381469727,31.34000015258789,30.3799991607666,30.3799991607666,6100,-0.391,2022-02-10,06,2022,10,Thursday,0.7207999999999999,0.7151864791786824
28.951915740966797,30.989999771118164,31.510000228881836,30.780000686645508,30.899999618530273,3100,1.275,2022-02-11,06,2022,11,Friday,0.7207999999999999,0.7151864791786824
28.933229446411133,30.969999313354492,31.18000030517578,30.719999313354492,30.899999618530273,11100,-0.065,2022-02-14,07,2022,14,Monday,-0.04199999999999995,2.0259428669140696
29.456401824951172,31.530000686645508,31.59000015258789,31.229999542236328,31.229999542236328,3900,1.808,2022-02-15,07,2022,15,Tuesday,-0.04199999999999995,2.0259428669140696
30.04496955871582,32.15999984741211,32.16999816894531,31.350000381469727,31.350000381469727,4300,1.998,2022-02-16,07,2022,16,Wednesday,-0.04199999999999995,2.0259428669140696
29.20415496826172,31.260000228881836,32.04999923706055,31.18000030517578,32.04999923706055,1800,-2.799,2022-02-17,07,2022,17,Thursday,-0.04199999999999995,2.0259428669140696
28.86783218383789,30.899999618530273,31.25,30.860000610351562,31.25,1600,-1.152,2022-02-18,07,2022,18,Friday,-0.04199999999999995,2.0259428669140696
29.14810562133789,31.200000762939453,31.489999771118164,30.790000915527344,30.790000915527344,2200,0.971,2022-02-22,08,2022,22,Tuesday,1.3827500000000001,1.0221266637098685
29.717987060546875,31.809999465942383,32.15999984741211,31.649999618530273,32.040000915527344,5100,1.955,2022-02-23,08,2022,23,Wednesday,1.3827500000000001,1.0221266637098685
29.76470184326172,31.860000610351562,31.860000610351562,30.59000015258789,30.670000076293945,18700,0.157,2022-02-24,08,2022,24,Thursday,1.3827500000000001,1.0221266637098685
30.493404388427734,32.63999938964844,32.72999954223633,32.0,32.16999816894531,4000,2.448,2022-02-25,08,2022,25,Friday,1.3827500000000001,1.0221266637098685
30.22247314453125,32.349998474121094,32.599998474121094,31.799999237060547,32.38999938964844,24000,-0.888,2022-02-28,09,2022,28,Monday,-0.1588,1.3150388587414443
30.437349319458008,32.58000183105469,32.58000183105469,32.04999923706055,32.04999923706055,11100,0.711,2022-03-01,09,2022,1,Tuesday,-0.1588,1.3150388587414443
30.876436233520508,33.04999923706055,33.04999923706055,32.650001525878906,32.880001068115234,3200,1.443,2022-03-02,09,2022,2,Wednesday,-0.1588,1.3150388587414443
30.829723358154297,33.0,33.06999969482422,32.54999923706055,33.04999923706055,3100,-0.151,2022-03-03,09,2022,3,Thursday,-0.1588,1.3150388587414443
30.24115562438965,32.369998931884766,32.970001220703125,32.25,32.970001220703125,2800,-1.909,2022-03-04,09,2022,4,Friday,-0.1588,1.3150388587414443
29.185474395751953,31.239999771118164,32.72999954223633,31.239999771118164,32.2599983215332,3300,-3.491,2022-03-07,10,2022,7,Monday,-0.020999999999999953,2.668145517021139
29.110734939575195,31.15999984741211,31.899999618530273,31.15999984741211,31.309999465942383,6000,-0.256,2022-03-08,10,2022,8,Tuesday,-0.020999999999999953,2.668145517021139
30.08234405517578,32.20000076293945,32.369998931884766,31.649999618530273,31.700000762939453,6800,3.338,2022-03-09,10,2022,9,Wednesday,-0.020999999999999953,2.668145517021139
30.60550880432129,32.7599983215332,32.779998779296875,31.829999923706055,31.829999923706055,2400,1.739,2022-03-10,10,2022,10,Thursday,-0.020999999999999953,2.668145517021139
30.16642189025879,32.290000915527344,32.779998779296875,32.290000915527344,32.779998779296875,12100,-1.435,2022-03-11,10,2022,11,Friday,-0.020999999999999953,2.668145517021139
29.176132202148438,31.229999542236328,31.969999313354492,31.219999313354492,31.719999313354492,10900,-3.283,2022-03-14,11,2022,14,Monday,1.1162,2.794630333335699
29.53114128112793,31.610000610351562,31.610000610351562,30.899999618530273,30.899999618530273,11100,1.217,2022-03-15,11,2022,15,Tuesday,1.1162,2.794630333335699
30.773672103881836,32.939998626708984,32.95000076293945,32.029998779296875,32.09000015258789,4900,4.208,2022-03-16,11,2022,16,Wednesday,1.1162,2.794630333335699
31.577112197875977,33.79999923706055,33.880001068115234,32.81999969482422,32.90999984741211,38600,2.611,2022-03-17,11,2022,17,Thursday,1.1162,2.794630333335699
31.838703155517578,34.08000183105469,34.13999938964844,33.59000015258789,33.59000015258789,6800,0.828,2022-03-18,11,2022,18,Friday,1.1162,2.794630333335699
31.932119369506836,34.18000030517578,34.52000045776367,33.9900016784668,34.220001220703125,15500,0.293,2022-03-21,12,2022,21,Monday,0.7056,1.1585714479478597
32.32449722290039,34.599998474121094,34.65999984741211,34.459999084472656,34.52000045776367,4100,1.229,2022-03-22,12,2022,22,Tuesday,0.7056,1.1585714479478597
32.333839416503906,34.61000061035156,34.90999984741211,34.33000183105469,34.33000183105469,11300,0.029,2022-03-23,12,2022,23,Wednesday,0.7056,1.1585714479478597
33.12793731689453,35.459999084472656,35.689998626708984,34.650001525878906,34.7599983215332,8300,2.456,2022-03-24,12,2022,24,Thursday,0.7056,1.1585714479478597
32.969120025634766,35.290000915527344,35.86000061035156,34.83000183105469,35.47999954223633,11000,-0.479,2022-03-25,12,2022,25,Friday,0.7056,1.1585714479478597
33.06254959106445,35.38999938964844,35.400001525878906,34.849998474121094,35.29999923706055,5400,0.283,2022-03-28,13,2022,28,Monday,0.5746,0.8613415698780595
33.24005126953125,35.58000183105469,35.70000076293945,35.36000061035156,35.70000076293945,8700,0.537,2022-03-29,13,2022,29,Tuesday,0.5746,0.8613415698780595
33.109256744384766,35.439998626708984,35.849998474121094,35.41999816894531,35.599998474121094,3200,-0.393,2022-03-30,13,2022,30,Wednesday,0.5746,0.8613415698780595
33.26808166503906,35.61000061035156,35.779998779296875,35.16999816894531,35.2400016784668,29800,0.48,2022-03-31,13,2022,31,Thursday,0.5746,0.8613415698780595
33.92204284667969,36.310001373291016,36.41999816894531,35.72999954223633,35.95000076293945,75600,1.966,2022-04-01,13,2022,1,Friday,0.5746,0.8613415698780595
34.38916015625,36.810001373291016,36.81999969482422,36.400001525878906,36.66999816894531,26000,1.377,2022-04-04,14,2022,4,Monday,-0.314,1.8095822722385406
33.389530181884766,35.7400016784668,36.959999084472656,35.70000076293945,36.959999084472656,11500,-2.907,2022-04-05,14,2022,5,Tuesday,-0.314,1.8095822722385406
32.89438247680664,35.209999084472656,35.400001525878906,34.77000045776367,35.189998626708984,4900,-1.483,2022-04-06,14,2022,6,Wednesday,-0.314,1.8095822722385406
33.14662551879883,35.47999954223633,35.47999954223633,34.97999954223633,35.209999084472656,14100,0.767,2022-04-07,14,2022,7,Thursday,-0.314,1.8095822722385406
33.370845794677734,35.720001220703125,35.779998779296875,35.5099983215332,35.5099983215332,5700,0.676,2022-04-08,14,2022,8,Friday,-0.314,1.8095822722385406
32.726219177246094,35.029998779296875,35.59000015258789,35.029998779296875,35.59000015258789,2900,-1.932,2022-04-11,15,2022,11,Monday,-0.347,1.7875344285728691
32.502010345458984,34.790000915527344,35.400001525878906,34.7400016784668,35.22999954223633,6600,-0.685,2022-04-12,15,2022,12,Tuesday,-0.347,1.7875344285728691
33.22136688232422,35.560001373291016,35.59000015258789,34.93000030517578,34.93000030517578,6200,2.213,2022-04-13,15,2022,13,Wednesday,-0.347,1.7875344285728691
32.89438247680664,35.209999084472656,35.529998779296875,35.08000183105469,35.529998779296875,22400,-0.984,2022-04-14,15,2022,14,Thursday,-0.347,1.7875344285728691
32.70753479003906,35.0099983215332,35.369998931884766,35.0,35.08000183105469,3800,-0.568,2022-04-18,16,2022,18,Monday,-1.4814,2.3656549410258463
33.13728713989258,35.470001220703125,35.529998779296875,34.63999938964844,34.63999938964844,6100,1.314,2022-04-19,16,2022,19,Tuesday,-1.4814,2.3656549410258463
32.98780822753906,35.310001373291016,35.36000061035156,35.20000076293945,35.29999923706055,6900,-0.451,2022-04-20,16,2022,20,Wednesday,-1.4814,2.3656549410258463
31.436983108520508,33.650001525878906,35.31999969482422,33.61000061035156,35.31999969482422,11800,-4.701,2022-04-21,16,2022,21,Thursday,-1.4814,2.3656549410258463
30.493404388427734,32.63999938964844,33.63999938964844,32.63999938964844,33.63999938964844,3100,-3.001,2022-04-22,16,2022,22,Friday,-1.4814,2.3656549410258463
30.60550880432129,32.7599983215332,32.7599983215332,32.02000045776367,32.02000045776367,10900,0.368,2022-04-25,17,2022,25,Monday,-0.5506000000000001,2.201498080853127
29.72732925415039,31.81999969482422,32.2599983215332,31.790000915527344,32.2599983215332,2700,-2.869,2022-04-26,17,2022,26,Tuesday,-0.5506000000000001,2.201498080853127
30.24115562438965,32.369998931884766,32.59000015258789,31.75,31.860000610351562,3500,1.728,2022-04-27,17,2022,27,Wednesday,-0.5506000000000001,2.201498080853127
30.530771255493164,32.68000030517578,32.81999969482422,32.06999969482422,32.5,4300,0.958,2022-04-28,17,2022,28,Thursday,-0.5506000000000001,2.201498080853127
29.63390350341797,31.719999313354492,32.939998626708984,31.690000534057617,32.83000183105469,6800,-2.938,2022-04-29,17,2022,29,Friday,-0.5506000000000001,2.201498080853127
29.344295501708984,31.40999984741211,31.40999984741211,30.989999771118164,31.239999771118164,8600,-0.977,2022-05-02,18,2022,2,Monday,-0.744,3.015408595862259
29.84878158569336,31.950000762939453,32.0,31.520000457763672,31.520000457763672,400,1.719,2022-05-03,18,2022,3,Tuesday,-0.744,3.015408595862259
30.381290435791016,32.52000045776367,32.52000045776367,31.1200008392334,31.829999923706055,76900,1.784,2022-05-04,18,2022,4,Wednesday,-0.744,3.015408595862259
28.671646118164062,30.690000534057617,31.989999771118164,30.530000686645508,31.959999084472656,6700,-5.627,2022-05-05,18,2022,5,Thursday,-0.744,3.015408595862259
28.494140625,30.5,31.110000610351562,30.399999618530273,30.81999969482422,3800,-0.619,2022-05-06,18,2022,6,Friday,-0.744,3.015408595862259
26.298688888549805,28.149999618530273,29.81999969482422,28.079999923706055,29.81999969482422,8900,-7.705,2022-05-09,19,2022,9,Monday,-0.7556,4.143302704365202
26.42948341369629,28.290000915527344,29.1299991607666,28.010000228881836,28.450000762939453,8400,0.497,2022-05-10,19,2022,10,Tuesday,-0.7556,4.143302704365202
26.28934669494629,28.139999389648438,28.84000015258789,28.09000015258789,28.43000030517578,5300,-0.53,2022-05-11,19,2022,11,Wednesday,-0.7556,4.143302704365202
26.448169708251953,28.309999465942383,28.719999313354492,27.540000915527344,27.709999084472656,4400,0.604,2022-05-12,19,2022,12,Thursday,-0.7556,4.143302704365202
27.335689544677734,29.260000228881836,29.399999618530273,28.440000534057617,28.440000534057617,15100,3.356,2022-05-13,19,2022,13,Friday,-0.7556,4.143302704365202
27.765438079833984,29.719999313354492,29.889999389648438,29.5,29.5,5100,1.572,2022-05-16,20,2022,16,Monday,0.27360000000000007,2.964692108803206
28.596906661987305,30.610000610351562,30.739999771118164,30.209999084472656,30.520000457763672,58900,2.995,2022-05-17,20,2022,17,Tuesday,0.27360000000000007,2.964692108803206
27.42911148071289,29.360000610351562,30.479999542236328,29.290000915527344,30.479999542236328,15000,-4.084,2022-05-18,20,2022,18,Wednesday,0.27360000000000007,2.964692108803206
28.06439208984375,30.040000915527344,30.399999618530273,29.479999542236328,29.479999542236328,2700,2.316,2022-05-19,20,2022,19,Thursday,0.27360000000000007,2.964692108803206
27.66267204284668,29.610000610351562,30.3799991607666,29.170000076293945,30.3799991607666,21200,-1.431,2022-05-20,20,2022,20,Friday,0.27360000000000007,2.964692108803206
28.269927978515625,30.260000228881836,30.260000228881836,29.649999618530273,29.649999618530273,3300,2.195,2022-05-23,21,2022,23,Monday,1.0294,1.5931284631190292
27.812150955200195,29.770000457763672,29.860000610351562,29.559999465942383,29.829999923706055,2200,-1.619,2022-05-24,21,2022,24,Tuesday,1.0294,1.5931284631190292
28.129789352416992,30.110000610351562,30.15999984741211,29.899999618530273,30.1200008392334,2900,1.142,2022-05-25,21,2022,25,Wednesday,1.0294,1.5931284631190292
28.793094635009766,30.81999969482422,30.959999084472656,30.59000015258789,30.59000015258789,2500,2.358,2022-05-26,21,2022,26,Thursday,1.0294,1.5931284631190292
29.10139274597168,31.149999618530273,31.170000076293945,31.079999923706055,31.149999618530273,5100,1.071,2022-05-27,21,2022,27,Friday,1.0294,1.5931284631190292
28.81178092956543,30.84000015258789,31.809999465942383,30.84000015258789,31.809999465942383,4700,-0.995,2022-05-31,22,2022,31,Tuesday,-0.1359999999999999,2.5928474694821526
28.41006088256836,30.40999984741211,31.1200008392334,30.200000762939453,31.0,51100,-1.394,2022-06-01,22,2022,1,Wednesday,-0.1359999999999999,2.5928474694821526
29.465744018554688,31.540000915527344,31.549999237060547,30.709999084472656,30.709999084472656,3700,3.716,2022-06-02,22,2022,2,Thursday,-0.1359999999999999,2.5928474694821526
28.914548873901367,30.950000762939453,31.299999237060547,30.93000030517578,30.93000030517578,1500,-1.871,2022-06-03,22,2022,3,Friday,-0.1359999999999999,2.5928474694821526
28.727699279785156,30.75,31.270000457763672,30.510000228881836,31.270000457763672,3500,-0.646,2022-06-06,23,2022,6,Monday,-1.7986,2.423300084595385
28.886518478393555,30.920000076293945,30.920000076293945,30.34000015258789,30.34000015258789,3700,0.553,2022-06-07,23,2022,7,Tuesday,-1.7986,2.423300084595385
28.746383666992188,30.770000457763672,31.06999969482422,30.690000534057617,30.940000534057617,12300,-0.485,2022-06-08,23,2022,8,Wednesday,-1.7986,2.423300084595385
27.16752815246582,29.079999923706055,30.280000686645508,29.079999923706055,30.280000686645508,8200,-5.492,2022-06-09,23,2022,9,Thursday,-1.7986,2.423300084595385
26.373430252075195,28.229999542236328,28.90999984741211,28.200000762939453,28.90999984741211,7200,-2.923,2022-06-10,23,2022,10,Friday,-1.7986,2.423300084595385
24.42087745666504,26.139999389648438,27.209999084472656,26.139999389648438,27.200000762939453,15600,-7.403,2022-06-13,24,2022,13,Monday,-1.6755999999999998,4.579223056371026
24.234037399291992,25.940000534057617,26.350000381469727,25.68000030517578,26.25,7300,-0.765,2022-06-14,24,2022,14,Tuesday,-1.6755999999999998,4.579223056371026
25.25234603881836,27.030000686645508,27.260000228881836,26.100000381469727,26.100000381469727,6500,4.202,2022-06-15,24,2022,15,Wednesday,-1.6755999999999998,4.579223056371026
24.000476837158203,25.690000534057617,26.139999389648438,25.690000534057617,26.139999389648438,9300,-4.957,2022-06-16,24,2022,16,Thursday,-1.6755999999999998,4.579223056371026
24.131271362304688,25.829999923706055,26.049999237060547,25.579999923706055,25.93000030517578,4200,0.545,2022-06-17,24,2022,17,Friday,-1.6755999999999998,4.579223056371026
24.48627281188965,26.209999084472656,26.389999389648438,26.15999984741211,26.15999984741211,2100,1.471,2022-06-21,25,2022,21,Tuesday,0.587,1.7222218207884834
24.532989501953125,26.260000228881836,26.549999237060547,25.68000030517578,25.68000030517578,3300,0.191,2022-06-22,25,2022,22,Wednesday,0.587,1.7222218207884834
24.131271362304688,25.829999923706055,26.3700008392334,25.510000228881836,26.329999923706055,9300,-1.637,2022-06-23,25,2022,23,Thursday,0.587,1.7222218207884834
24.691808700561523,26.43000030517578,26.5,26.270000457763672,26.270000457763672,4200,2.323,2022-06-24,25,2022,24,Friday,0.587,1.7222218207884834
24.691808700561523,26.43000030517578,26.530000686645508,26.149999618530273,26.530000686645508,10000,0.0,2022-06-27,26,2022,27,Monday,-0.5456000000000001,1.6613435225744253
24.234037399291992,25.940000534057617,26.959999084472656,25.899999618530273,26.75,16800,-1.854,2022-06-28,26,2022,28,Tuesday,-0.5456000000000001,1.6613435225744253
23.964704513549805,25.270000457763672,25.709999084472656,25.100000381469727,25.709999084472656,10400,-1.111,2022-06-29,26,2022,29,Wednesday,-0.5456000000000001,1.6613435225744253
23.518978118896484,24.799999237060547,24.950000762939453,24.40999984741211,24.93000030517578,5100,-1.86,2022-06-30,26,2022,30,Thursday,-0.5456000000000001,1.6613435225744253
24.012117385864258,25.31999969482422,25.31999969482422,24.520000457763672,24.520000457763672,6800,2.097,2022-07-01,26,2022,1,Friday,-0.5456000000000001,1.6613435225744253
23.689682006835938,24.979999542236328,24.979999542236328,24.209999084472656,24.579999923706055,5500,-1.343,2022-07-05,27,2022,5,Tuesday,-0.17174999999999999,1.3303536810437542
23.52846336364746,24.809999465942383,25.0,24.739999771118164,24.989999771118164,2300,-0.681,2022-07-06,27,2022,6,Wednesday,-0.17174999999999999,1.3303536810437542
23.936254501342773,25.239999771118164,25.489999771118164,25.190000534057617,25.190000534057617,4400,1.733,2022-07-07,27,2022,7,Thursday,-0.17174999999999999,1.3303536810437542
23.84141731262207,25.139999389648438,25.229999542236328,24.93000030517578,25.1299991607666,2900,-0.396,2022-07-08,27,2022,8,Friday,-0.17174999999999999,1.3303536810437542
22.96894073486328,24.219999313354492,24.729999542236328,24.170000076293945,24.600000381469727,13800,-3.659,2022-07-11,28,2022,11,Monday,-0.7557999999999999,2.6424910028229047
22.712886810302734,23.950000762939453,24.219999313354492,23.8799991607666,24.09000015258789,22100,-1.115,2022-07-12,28,2022,12,Tuesday,-0.7557999999999999,2.6424910028229047
22.94997215270996,24.200000762939453,24.350000381469727,23.610000610351562,23.610000610351562,4700,1.044,2022-07-13,28,2022,13,Wednesday,-0.7557999999999999,2.6424910028229047
22.31458282470703,23.530000686645508,23.709999084472656,23.290000915527344,23.290000915527344,2100,-2.769,2022-07-14,28,2022,14,Thursday,-0.7557999999999999,2.6424910028229047
22.921520233154297,24.170000076293945,24.200000762939453,23.940000534057617,23.940000534057617,6800,2.72,2022-07-15,28,2022,15,Friday,-0.7557999999999999,2.6424910028229047
23.21550941467285,24.479999542236328,24.940000534057617,24.479999542236328,24.6299991607666,4700,1.283,2022-07-18,29,2022,18,Monday,0.4234,1.1221716891812945
23.566396713256836,24.850000381469727,24.8700008392334,24.770000457763672,24.829999923706055,2900,1.511,2022-07-19,29,2022,19,Tuesday,0.4234,1.1221716891812945
23.77503204345703,25.06999969482422,25.260000228881836,24.75,24.790000915527344,26100,0.885,2022-07-20,29,2022,20,Wednesday,0.4234,1.1221716891812945
23.594846725463867,24.8799991607666,24.8799991607666,24.729999542236328,24.729999542236328,3900,-0.758,2022-07-21,29,2022,21,Thursday,0.4234,1.1221716891812945
23.40517807006836,24.68000030517578,24.950000762939453,24.549999237060547,24.889999389648438,3800,-0.804,2022-07-22,29,2022,22,Friday,0.4234,1.1221716891812945
23.983671188354492,25.290000915527344,25.290000915527344,25.049999237060547,25.1299991607666,3500,2.472,2022-07-25,30,2022,25,Monday,2.4404,2.4465923853392497
23.651748657226562,24.940000534057617,25.170000076293945,24.940000534057617,25.170000076293945,700,-1.384,2022-07-26,30,2022,26,Tuesday,2.4404,2.4465923853392497
24.88459587097168,26.239999771118164,26.239999771118164,25.25,25.25,2000,5.212,2022-07-27,30,2022,27,Wednesday,2.4404,2.4465923853392497
25.804492950439453,27.209999084472656,27.209999084472656,26.530000686645508,26.530000686645508,1500,3.697,2022-07-28,30,2022,28,Thursday,2.4404,2.4465923853392497
26.373498916625977,27.809999465942383,27.950000762939453,27.239999771118164,27.239999771118164,5300,2.205,2022-07-29,30,2022,29,Friday,2.4404,2.4465923853392497
26.15538215637207,27.579999923706055,28.149999618530273,27.510000228881836,27.579999923706055,7900,-0.827,2022-08-01,31,2022,1,Monday,1.3954,2.0871030880145813
26.1838321685791,27.610000610351562,27.93000030517578,27.489999771118164,27.489999771118164,4100,0.109,2022-08-02,31,2022,2,Tuesday,1.3954,2.0871030880145813
26.866641998291016,28.329999923706055,28.329999923706055,28.0,28.0,4500,2.608,2022-08-03,31,2022,3,Wednesday,1.3954,2.0871030880145813
28.042593002319336,29.56999969482422,30.079999923706055,29.489999771118164,29.489999771118164,7500,4.377,2022-08-04,31,2022,4,Thursday,1.3954,2.0871030880145813
28.241743087768555,29.780000686645508,29.920000076293945,29.479999542236328,29.920000076293945,1700,0.71,2022-08-05,31,2022,5,Friday,1.3954,2.0871030880145813
28.87713623046875,30.450000762939453,30.59000015258789,30.350000381469727,30.530000686645508,3700,2.25,2022-08-08,32,2022,8,Monday,0.9882000000000002,2.2253475458903043
28.146909713745117,29.68000030517578,30.329999923706055,29.600000381469727,30.329999923706055,4900,-2.529,2022-08-09,32,2022,9,Tuesday,0.9882000000000002,2.2253475458903043
28.80126953125,30.3700008392334,30.670000076293945,30.350000381469727,30.670000076293945,2300,2.325,2022-08-10,32,2022,10,Wednesday,0.9882000000000002,2.2253475458903043
28.829715728759766,30.399999618530273,30.81999969482422,30.299999237060547,30.75,2500,0.099,2022-08-11,32,2022,11,Thursday,0.9882000000000002,2.2253475458903043
29.63581085205078,31.25,31.3799991607666,30.420000076293945,30.420000076293945,3200,2.796,2022-08-12,32,2022,12,Friday,0.9882000000000002,2.2253475458903043
29.692712783813477,31.309999465942383,31.31999969482422,30.899999618530273,30.899999618530273,1400,0.192,2022-08-15,33,2022,15,Monday,-1.3088000000000002,1.7206111414262084
29.408205032348633,31.010000228881836,31.1200008392334,30.8799991607666,30.959999084472656,6000,-0.958,2022-08-16,33,2022,16,Tuesday,-1.3088000000000002,1.7206111414262084
28.81075096130371,30.3799991607666,30.459999084472656,30.18000030517578,30.459999084472656,2800,-2.032,2022-08-17,33,2022,17,Wednesday,-1.3088000000000002,1.7206111414262084
28.85816764831543,30.43000030517578,30.43000030517578,30.280000686645508,30.280000686645508,2500,0.165,2022-08-18,33,2022,18,Thursday,-1.3088000000000002,1.7206111414262084
27.72963523864746,29.239999771118164,29.790000915527344,29.190000534057617,29.790000915527344,10100,-3.911,2022-08-19,33,2022,19,Friday,-1.3088000000000002,1.7206111414262084
27.739118576049805,29.25,29.329999923706055,28.579999923706055,28.6299991607666,10200,0.034,2022-08-22,34,2022,22,Monday,1.0535999999999999,1.962165334522043
28.393478393554688,29.940000534057617,29.940000534057617,29.25,29.25,1600,2.359,2022-08-23,34,2022,23,Tuesday,1.0535999999999999,1.962165334522043
29.066804885864258,30.649999618530273,30.709999084472656,29.829999923706055,29.93000030517578,4200,2.371,2022-08-24,34,2022,24,Wednesday,1.0535999999999999,1.962165334522043
29.77806282043457,31.399999618530273,31.399999618530273,31.030000686645508,31.030000686645508,2800,2.447,2022-08-25,34,2022,25,Thursday,1.0535999999999999,1.962165334522043
29.19957160949707,30.790000915527344,31.299999237060547,30.6200008392334,31.299999237060547,2900,-1.943,2022-08-26,34,2022,26,Friday,1.0535999999999999,1.962165334522043
29.588394165039062,31.200000762939453,31.200000762939453,30.34000015258789,30.520000457763672,4500,1.332,2022-08-29,35,2022,29,Monday,-0.2528,1.911504956833751
28.80126953125,30.3700008392334,31.420000076293945,30.360000610351562,31.420000076293945,6100,-2.66,2022-08-30,35,2022,30,Tuesday,-0.2528,1.911504956833751
28.308128356933594,29.850000381469727,30.229999542236328,29.709999084472656,30.229999542236328,2800,-1.712,2022-08-31,35,2022,31,Wednesday,-0.2528,1.911504956833751
28.308128356933594,29.850000381469727,29.850000381469727,29.06999969482422,29.389999389648438,3600,0.0,2022-09-01,35,2022,1,Thursday,-0.2528,1.911504956833751
28.81075096130371,30.3799991607666,30.6299991607666,29.8799991607666,29.8799991607666,3900,1.776,2022-09-02,35,2022,2,Friday,-0.2528,1.911504956833751
28.896099090576172,30.469999313354492,30.469999313354492,30.389999389648438,30.40999984741211,1400,0.296,2022-09-06,36,2022,6,Tuesday,1.883,1.7136086678896867
29.844446182250977,31.469999313354492,31.479999542236328,30.950000762939453,30.950000762939453,1800,3.282,2022-09-07,36,2022,7,Wednesday,1.883,1.7136086678896867
29.996183395385742,31.6299991607666,31.93000030517578,31.360000610351562,31.510000228881836,5100,0.508,2022-09-08,36,2022,8,Thursday,1.883,1.7136086678896867
31.02988052368164,32.720001220703125,32.77000045776367,31.899999618530273,32.0,10600,3.446,2022-09-09,36,2022,9,Friday,1.883,1.7136086678896867
31.428186416625977,33.13999938964844,33.310001373291016,33.040000915527344,33.310001373291016,3900,1.284,2022-09-12,37,2022,12,Monday,-1.0302,2.141004367113715
30.46087074279785,32.119998931884766,32.83000183105469,31.90999984741211,32.650001525878906,14900,-3.078,2022-09-13,37,2022,13,Tuesday,-1.0302,2.141004367113715
30.840208053588867,32.52000045776367,32.54999923706055,32.0099983215332,32.0099983215332,2700,1.245,2022-09-14,37,2022,14,Wednesday,-1.0302,2.141004367113715
29.996183395385742,31.6299991607666,32.47999954223633,31.43000030517578,32.47999954223633,3500,-2.737,2022-09-15,37,2022,15,Thursday,-1.0302,2.141004367113715
29.43665885925293,31.040000915527344,31.200000762939453,30.709999084472656,30.940000534057617,13100,-1.865,2022-09-16,37,2022,16,Friday,-1.0302,2.141004367113715
30.33758544921875,31.989999771118164,32.0,30.780000686645508,30.780000686645508,1400,3.061,2022-09-19,38,2022,19,Monday,-1.5454,3.050681612361408
29.569429397583008,31.18000030517578,31.649999618530273,30.90999984741211,31.649999618530273,3500,-2.532,2022-09-20,38,2022,20,Tuesday,-1.5454,3.050681612361408
29.104738235473633,30.690000534057617,31.270000457763672,30.56999969482422,31.09000015258789,2900,-1.572,2022-09-21,38,2022,21,Wednesday,-1.5454,3.050681612361408
28.73488426208496,30.299999237060547,30.520000457763672,30.020000457763672,30.520000457763672,9000,-1.271,2022-09-22,38,2022,22,Thursday,-1.5454,3.050681612361408
27.179595947265625,28.65999984741211,29.25,28.540000915527344,29.25,6700,-5.413,2022-09-23,38,2022,23,Friday,-1.5454,3.050681612361408
26.25021743774414,27.68000030517578,28.709999084472656,27.6299991607666,28.469999313354492,8000,-3.419,2022-09-26,39,2022,26,Monday,0.18559999999999993,2.8528476650532886
26.46833610534668,27.90999984741211,28.139999389648438,27.8700008392334,28.139999389648438,1200,0.831,2022-09-27,39,2022,27,Tuesday,0.18559999999999993,2.8528476650532886
27.587385177612305,29.09000015258789,29.09000015258789,27.920000076293945,27.920000076293945,2600,4.228,2022-09-28,39,2022,28,Wednesday,0.18559999999999993,2.8528476650532886
27.19856071472168,28.68000030517578,28.899999618530273,28.350000381469727,28.350000381469727,6000,-1.409,2022-09-29,39,2022,29,Thursday,0.18559999999999993,2.8528476650532886
27.38823127746582,28.8799991607666,29.139999389648438,28.829999923706055,29.139999389648438,6000,0.697,2022-09-30,39,2022,30,Friday,0.18559999999999993,2.8528476650532886
28.90558433532715,30.479999542236328,30.540000915527344,29.489999771118164,29.489999771118164,6500,5.54,2022-10-03,40,2022,3,Monday,1.0777999999999999,3.192150716993169
29.749614715576172,31.3700008392334,31.40999984741211,31.059999465942383,31.18000030517578,11700,2.92,2022-10-04,40,2022,4,Tuesday,1.0777999999999999,3.192150716993169
29.740129470825195,31.360000610351562,31.399999618530273,30.610000610351562,31.110000610351562,3200,-0.032,2022-10-05,40,2022,5,Wednesday,1.0777999999999999,3.192150716993169
29.63581085205078,31.25,31.31999969482422,31.1200008392334,31.1200008392334,1800,-0.351,2022-10-06,40,2022,6,Thursday,1.0777999999999999,3.192150716993169
28.839200973510742,30.40999984741211,30.950000762939453,30.399999618530273,30.950000762939453,4800,-2.688,2022-10-07,40,2022,7,Friday,1.0777999999999999,3.192150716993169
28.402963638305664,29.950000762939453,30.329999923706055,29.84000015258789,30.309999465942383,7500,-1.513,2022-10-10,41,2022,10,Monday,-1.511,1.9040141806194617
27.758087158203125,29.270000457763672,29.940000534057617,29.110000610351562,29.559999465942383,8000,-2.27,2022-10-11,41,2022,11,Tuesday,-1.511,1.9040141806194617
27.435649871826172,28.93000030517578,29.200000762939453,28.760000228881836,29.200000762939453,5100,-1.162,2022-10-12,41,2022,12,Wednesday,-1.511,1.9040141806194617
27.796018600463867,29.309999465942383,29.309999465942383,28.3700008392334,28.469999313354492,700,1.314,2022-10-13,41,2022,13,Thursday,-1.511,1.9040141806194617
26.70542335510254,28.15999984741211,29.3700008392334,28.139999389648438,29.3700008392334,3400,-3.924,2022-10-14,41,2022,14,Friday,-1.511,1.9040141806194617
28.042593002319336,29.56999969482422,29.649999618530273,29.100000381469727,29.100000381469727,3700,5.007,2022-10-17,42,2022,17,Monday,1.169,2.4593918963841443
27.96672248840332,29.489999771118164,30.360000610351562,29.200000762939453,30.020000457763672,4800,-0.271,2022-10-18,42,2022,18,Tuesday,1.169,2.4593918963841443
27.59686851501465,29.100000381469727,29.350000381469727,29.049999237060547,29.170000076293945,1900,-1.322,2022-10-19,42,2022,19,Wednesday,1.169,2.4593918963841443
27.720151901245117,29.229999542236328,29.290000915527344,29.229999542236328,29.290000915527344,900,0.447,2022-10-20,42,2022,20,Thursday,1.169,2.4593918963841443
28.270193099975586,29.809999465942383,29.809999465942383,29.06999969482422,29.06999969482422,5100,1.984,2022-10-21,42,2022,21,Friday,1.169,2.4593918963841443
27.881370544433594,29.399999618530273,29.520000457763672,28.799999237060547,29.260000228881836,3900,-1.375,2022-10-24,43,2022,24,Monday,0.62,1.6152779946498375
28.744367599487305,30.309999465942383,30.309999465942383,29.459999084472656,29.459999084472656,3000,3.095,2022-10-25,43,2022,25,Tuesday,0.62,1.6152779946498375
28.791784286499023,30.360000610351562,30.68000030517578,30.34000015258789,30.479999542236328,900,0.165,2022-10-26,43,2022,26,Wednesday,0.62,1.6152779946498375
29.038352966308594,30.6200008392334,30.6200008392334,30.3700008392334,30.3700008392334,900,0.856,2022-10-27,43,2022,27,Thursday,0.62,1.6152779946498375
29.14267349243164,30.729999542236328,30.81999969482422,30.260000228881836,30.260000228881836,2700,0.359,2022-10-28,43,2022,28,Friday,0.62,1.6152779946498375
29.493560791015625,31.100000381469727,31.209999084472656,30.389999389648438,30.389999389648438,3200,1.204,2022-10-31,44,2022,31,Monday,0.8622,2.7405852842048177
30.318622589111328,31.969999313354492,32.0,31.329999923706055,31.6299991607666,4100,2.797,2022-11-01,44,2022,1,Tuesday,0.8622,2.7405852842048177
29.17112159729004,30.760000228881836,31.799999237060547,30.760000228881836,31.700000762939453,1400,-3.785,2022-11-02,44,2022,2,Wednesday,0.8622,2.7405852842048177
29.493560791015625,31.100000381469727,31.200000762939453,30.3799991607666,30.389999389648438,4400,1.105,2022-11-03,44,2022,3,Thursday,0.8622,2.7405852842048177
30.375520706176758,32.029998779296875,32.40999984741211,31.979999542236328,32.310001373291016,4700,2.99,2022-11-04,44,2022,4,Friday,0.8622,2.7405852842048177
30.280685424804688,31.93000030517578,32.220001220703125,31.850000381469727,32.150001525878906,5100,-0.312,2022-11-07,45,2022,7,Monday,-0.3015999999999998,2.7912504008060615
30.166885375976562,31.809999465942383,31.979999542236328,31.600000381469727,31.979999542236328,2500,-0.376,2022-11-08,45,2022,8,Tuesday,-0.3015999999999998,2.7912504008060615
28.71591567993164,30.280000686645508,31.450000762939453,30.280000686645508,31.3799991607666,2100,-4.81,2022-11-09,45,2022,9,Wednesday,-0.3015999999999998,2.7912504008060615
29.180606842041016,30.770000457763672,31.600000381469727,30.690000534057617,31.600000381469727,1700,1.618,2022-11-10,45,2022,10,Thursday,-0.3015999999999998,2.7912504008060615
29.87289810180664,31.5,31.520000457763672,31.139999389648438,31.229999542236328,1900,2.372,2022-11-11,45,2022,11,Friday,-0.3015999999999998,2.7912504008060615
30.223785400390625,31.8700008392334,32.11000061035156,31.40999984741211,31.65999984741211,2900,1.175,2022-11-14,46,2022,14,Monday,-0.2802,2.224001281474451
30.64105796813965,32.310001373291016,32.5099983215332,32.25,32.5099983215332,3800,1.381,2022-11-15,46,2022,15,Tuesday,-0.2802,2.224001281474451
29.702198028564453,31.31999969482422,31.989999771118164,31.31999969482422,31.850000381469727,4200,-3.064,2022-11-16,46,2022,16,Wednesday,-0.2802,2.224001281474451
29.009904861450195,30.59000015258789,30.8799991607666,30.489999771118164,30.829999923706055,1900,-2.331,2022-11-17,46,2022,17,Thursday,-0.2802,2.224001281474451
29.427175521850586,31.030000686645508,31.030000686645508,30.6299991607666,30.6299991607666,4200,1.438,2022-11-18,46,2022,18,Friday,-0.2802,2.224001281474451
29.284923553466797,30.8799991607666,31.1299991607666,30.43000030517578,31.1299991607666,7300,-0.483,2022-11-21,47,2022,21,Monday,1.1059999999999999,1.0620047080874924
29.787548065185547,31.40999984741211,31.40999984741211,30.8799991607666,30.8799991607666,500,1.716,2022-11-22,47,2022,22,Tuesday,1.1059999999999999,1.0620047080874924
30.280685424804688,31.93000030517578,32.02000045776367,31.690000534057617,31.690000534057617,2000,1.656,2022-11-23,47,2022,23,Wednesday,1.1059999999999999,1.0620047080874924
30.745372772216797,32.41999816894531,32.41999816894531,32.130001068115234,32.130001068115234,1000,1.535,2022-11-25,47,2022,25,Friday,1.1059999999999999,1.0620047080874924
30.54622459411621,32.209999084472656,32.400001525878906,31.850000381469727,32.22999954223633,5000,-0.648,2022-11-28,48,2022,28,Monday,0.47919999999999996,0.8126362654964396
30.707441329956055,32.380001068115234,32.56999969482422,32.290000915527344,32.290000915527344,2000,0.528,2022-11-29,48,2022,29,Tuesday,0.47919999999999996,0.8126362654964396
31.191097259521484,32.88999938964844,32.91999816894531,32.380001068115234,32.83000183105469,3400,1.575,2022-11-30,48,2022,30,Wednesday,0.47919999999999996,0.8126362654964396
31.428186416625977,33.13999938964844,33.22999954223633,32.63999938964844,32.709999084472656,7000,0.76,2022-12-01,48,2022,1,Thursday,0.47919999999999996,0.8126362654964396
31.485088348388672,33.20000076293945,33.38999938964844,33.20000076293945,33.38999938964844,3400,0.181,2022-12-02,48,2022,2,Friday,0.47919999999999996,0.8126362654964396
30.157400131225586,31.799999237060547,32.709999084472656,31.799999237060547,32.540000915527344,2300,-4.217,2022-12-05,49,2022,5,Monday,-1.3321999999999998,2.0553055004062046
29.6547794342041,31.270000457763672,31.760000228881836,31.190000534057617,31.760000228881836,2700,-1.667,2022-12-06,49,2022,6,Tuesday,-1.3321999999999998,2.0553055004062046
30.119468688964844,31.760000228881836,31.760000228881836,31.399999618530273,31.5,2200,1.567,2022-12-07,49,2022,7,Wednesday,-1.3321999999999998,2.0553055004062046
29.749614715576172,31.3700008392334,32.33000183105469,31.3700008392334,32.2599983215332,1800,-1.228,2022-12-08,49,2022,8,Thursday,-1.3321999999999998,2.0553055004062046
29.41769027709961,31.020000457763672,31.600000381469727,31.020000457763672,31.309999465942383,23700,-1.116,2022-12-09,49,2022,9,Friday,-1.3321999999999998,2.0553055004062046
29.87289810180664,31.5,31.559999465942383,31.299999237060547,31.299999237060547,8400,1.547,2022-12-12,50,2022,12,Monday,0.04259999999999997,1.021901805458822
29.806514739990234,31.43000030517578,33.08000183105469,31.43000030517578,32.45000076293945,2900,-0.222,2022-12-13,50,2022,13,Tuesday,0.04259999999999997,1.021901805458822
29.645292282104492,31.260000228881836,31.280000686645508,31.049999237060547,31.049999237060547,1300,-0.541,2022-12-14,50,2022,14,Wednesday,0.04259999999999997,1.021901805458822
29.322856903076172,30.920000076293945,30.920000076293945,30.68000030517578,30.780000686645508,1900,-1.088,2022-12-15,50,2022,15,Thursday,0.04259999999999997,1.021901805458822
29.474592208862305,31.079999923706055,31.079999923706055,30.81999969482422,30.81999969482422,900,0.517,2022-12-16,50,2022,16,Friday,0.04259999999999997,1.021901805458822
30.223785400390625,31.8700008392334,31.889999389648438,31.309999465942383,31.309999465942383,3400,2.542,2022-12-19,51,2022,19,Monday,1.8041999999999998,1.0075421579269026
30.868663787841797,32.54999923706055,33.0099983215332,32.0,32.0,6100,2.134,2022-12-20,51,2022,20,Tuesday,1.8041999999999998,1.0075421579269026
31.636823654174805,33.36000061035156,33.45000076293945,32.59000015258789,32.59000015258789,5400,2.488,2022-12-21,51,2022,21,Wednesday,1.8041999999999998,1.0075421579269026
31.66526985168457,33.38999938964844,33.38999938964844,32.86000061035156,33.310001373291016,23400,0.09,2022-12-22,51,2022,22,Thursday,1.8041999999999998,1.0075421579269026
32.22480010986328,33.97999954223633,33.97999954223633,33.279998779296875,33.400001525878906,3300,1.767,2022-12-23,51,2022,23,Friday,1.8041999999999998,1.0075421579269026
32.30066680908203,34.060001373291016,34.900001525878906,33.970001220703125,34.36000061035156,24100,0.235,2022-12-27,52,2022,27,Tuesday,0.32125,0.2633873889666448
32.44292068481445,34.209999084472656,34.59000015258789,33.90999984741211,34.119998931884766,21000,0.44,2022-12-28,52,2022,28,Wednesday,0.32125,0.2633873889666448
32.64085388183594,33.970001220703125,34.380001068115234,33.900001525878906,34.220001220703125,13800,0.61,2022-12-29,52,2022,29,Thursday,0.32125,0.2633873889666448
32.64085388183594,33.970001220703125,34.13999938964844,33.630001068115234,33.81999969482422,45900,0.0,2022-12-30,52,2022,30,Friday,0.32125,0.2633873889666448
31.881765365600586,33.18000030517578,34.689998626708984,33.18000030517578,34.5099983215332,10200,-2.326,2023-01-03,01,2023,3,Tuesday,1.22825,2.3940803906023427
32.51594161987305,33.84000015258789,33.84000015258789,33.099998474121094,33.61000061035156,5900,1.989,2023-01-04,01,2023,4,Wednesday,1.22825,2.3940803906023427
33.303855895996094,34.65999984741211,34.66999816894531,33.52000045776367,33.52000045776367,5300,2.423,2023-01-05,01,2023,5,Thursday,1.22825,2.3940803906023427
34.245513916015625,35.63999938964844,35.95000076293945,34.97999954223633,35.0,78700,2.827,2023-01-06,01,2023,6,Friday,1.22825,2.3940803906023427
34.793212890625,36.209999084472656,36.689998626708984,35.95000076293945,35.970001220703125,28100,1.599,2023-01-09,02,2023,9,Monday,1.967,0.8867603960484478
35.01421356201172,36.439998626708984,36.45000076293945,35.79999923706055,36.349998474121094,6200,0.635,2023-01-10,02,2023,10,Tuesday,1.967,0.8867603960484478
35.78291320800781,37.2400016784668,37.349998474121094,36.38999938964844,36.38999938964844,24800,2.195,2023-01-11,02,2023,11,Wednesday,1.967,0.8867603960484478
36.830257415771484,38.33000183105469,38.59000015258789,36.9900016784668,37.349998474121094,24000,2.927,2023-01-12,02,2023,12,Thursday,1.967,0.8867603960484478
37.74309539794922,39.279998779296875,39.439998626708984,38.189998626708984,38.189998626708984,82100,2.479,2023-01-13,02,2023,13,Friday,1.967,0.8867603960484478
38.31961441040039,39.880001068115234,40.04999923706055,39.0,39.59000015258789,53000,1.527,2023-01-17,03,2023,17,Tuesday,0.25875000000000015,3.3807453196989954
36.73417282104492,38.22999954223633,40.79999923706055,38.11000061035156,40.310001373291016,59900,-4.137,2023-01-18,03,2023,18,Wednesday,0.25875000000000015,3.3807453196989954
36.6476936340332,38.13999938964844,38.22999954223633,37.09000015258789,38.08000183105469,18700,-0.235,2023-01-19,03,2023,19,Thursday,0.25875000000000015,3.3807453196989954
38.069786071777344,39.619998931884766,39.630001068115234,38.150001525878906,38.31999969482422,29300,3.88,2023-01-20,03,2023,20,Friday,0.25875000000000015,3.3807453196989954
38.22352981567383,39.779998779296875,40.90999984741211,39.439998626708984,39.689998626708984,26200,0.404,2023-01-23,04,2023,23,Monday,0.5906,1.3085063240198729
38.5982666015625,40.16999816894531,40.33000183105469,39.0099983215332,39.65999984741211,21000,0.98,2023-01-24,04,2023,24,Tuesday,0.5906,1.3085063240198729
39.491878509521484,41.099998474121094,41.099998474121094,39.310001373291016,39.970001220703125,36100,2.315,2023-01-25,04,2023,25,Wednesday,0.5906,1.3085063240198729
39.72248458862305,41.34000015258789,41.59000015258789,40.900001525878906,41.459999084472656,31900,0.584,2023-01-26,04,2023,26,Thursday,0.5906,1.3085063240198729
39.19401168823242,40.790000915527344,41.310001373291016,40.5099983215332,41.209999084472656,21700,-1.33,2023-01-27,04,2023,27,Friday,0.5906,1.3085063240198729
37.89683151245117,39.439998626708984,40.56999969482422,39.400001525878906,40.36000061035156,34600,-3.31,2023-01-30,05,2023,30,Monday,-0.5606,2.732131731816751
39.0402717590332,40.630001068115234,40.75,38.880001068115234,39.41999816894531,31200,3.017,2023-01-31,05,2023,31,Tuesday,-0.5606,2.732131731816751
39.45344924926758,41.060001373291016,41.060001373291016,40.02000045776367,40.779998779296875,15700,1.058,2023-02-01,05,2023,1,Wednesday,-0.5606,2.732131731816751
39.299705505371094,40.900001525878906,41.470001220703125,40.56999969482422,41.290000915527344,17100,-0.39,2023-02-02,05,2023,2,Thursday,-0.5606,2.732131731816751
38.050567626953125,39.599998474121094,40.540000915527344,39.43000030517578,40.400001525878906,35200,-3.178,2023-02-03,05,2023,3,Friday,-0.5606,2.732131731816751
37.77191925048828,39.310001373291016,40.0,38.970001220703125,39.119998931884766,16500,-0.732,2023-02-06,06,2023,6,Monday,-0.4426,1.206932185336028
38.098609924316406,39.650001525878906,39.81999969482422,39.099998474121094,39.099998474121094,15900,0.865,2023-02-07,06,2023,7,Tuesday,-0.4426,1.206932185336028
38.14666748046875,39.70000076293945,39.91999816894531,39.2400016784668,39.47999954223633,8300,0.126,2023-02-08,06,2023,8,Wednesday,-0.4426,1.206932185336028
37.253047943115234,38.77000045776367,40.22999954223633,38.75,40.22999954223633,14100,-2.343,2023-02-09,06,2023,9,Thursday,-0.4426,1.206932185336028
37.20500564575195,38.720001220703125,38.7599983215332,38.2400016784668,38.70000076293945,32900,-0.129,2023-02-10,06,2023,10,Friday,-0.4426,1.206932185336028
37.9256591796875,39.470001220703125,39.869998931884766,38.720001220703125,38.720001220703125,44300,1.937,2023-02-13,07,2023,13,Monday,0.11260000000000003,1.9183848154111312
38.51179122924805,40.08000183105469,40.41999816894531,39.38999938964844,39.38999938964844,10800,1.545,2023-02-14,07,2023,14,Tuesday,0.11260000000000003,1.9183848154111312
38.67513656616211,40.25,40.2599983215332,39.54999923706055,39.75,12900,0.424,2023-02-15,07,2023,15,Wednesday,0.11260000000000003,1.9183848154111312
38.49257278442383,40.060001373291016,40.5,39.84000015258789,40.20000076293945,15100,-0.472,2023-02-16,07,2023,16,Thursday,0.11260000000000003,1.9183848154111312
37.3875732421875,38.90999984741211,39.65999984741211,38.779998779296875,39.65999984741211,9100,-2.871,2023-02-17,07,2023,17,Friday,0.11260000000000003,1.9183848154111312
37.089698791503906,38.599998474121094,39.16999816894531,38.5,39.16999816894531,11600,-0.797,2023-02-21,08,2023,21,Tuesday,0.32499999999999996,1.199282285369045
37.1473503112793,38.65999984741211,39.040000915527344,38.310001373291016,38.5,12600,0.155,2023-02-22,08,2023,22,Wednesday,0.32499999999999996,1.199282285369045
37.89683151245117,39.439998626708984,39.560001373291016,38.52000045776367,39.18000030517578,26900,2.018,2023-02-23,08,2023,23,Thursday,0.32499999999999996,1.199282285369045
37.86800765991211,39.40999984741211,39.459999084472656,38.7400016784668,38.970001220703125,59400,-0.076,2023-02-24,08,2023,24,Friday,0.32499999999999996,1.199282285369045
38.21392059326172,39.77000045776367,40.119998931884766,39.5099983215332,39.59000015258789,15700,0.913,2023-02-27,09,2023,27,Monday,0.10979999999999998,1.4609447970406002
38.16587829589844,39.720001220703125,40.41999816894531,39.4900016784668,40.0,17600,-0.126,2023-02-28,09,2023,28,Tuesday,0.10979999999999998,1.4609447970406002
38.521400451660156,40.09000015258789,40.310001373291016,39.66999816894531,40.0,12100,0.932,2023-03-01,09,2023,1,Wednesday,0.10979999999999998,1.4609447970406002
37.61817932128906,39.150001525878906,40.189998626708984,39.02000045776367,39.790000915527344,17200,-2.345,2023-03-02,09,2023,2,Thursday,0.10979999999999998,1.4609447970406002
38.060176849365234,39.61000061035156,39.63999938964844,39.31999969482422,39.63999938964844,3400,1.175,2023-03-03,09,2023,3,Friday,0.10979999999999998,1.4609447970406002
39.03065872192383,40.619998931884766,40.63999938964844,39.38999938964844,39.529998779296875,58700,2.55,2023-03-06,10,2023,6,Monday,-1.1905999999999999,2.7505690865709953
38.08900451660156,39.63999938964844,40.630001068115234,39.459999084472656,40.630001068115234,13900,-2.413,2023-03-07,10,2023,7,Tuesday,-1.1905999999999999,2.7505690865709953
38.386878967285156,39.95000076293945,40.0,39.0099983215332,39.77000045776367,8600,0.782,2023-03-08,10,2023,8,Wednesday,-1.1905999999999999,2.7505690865709953
37.31070327758789,38.83000183105469,40.27000045776367,38.66999816894531,39.720001220703125,32500,-2.803,2023-03-09,10,2023,9,Thursday,-1.1905999999999999,2.7505690865709953
35.792518615722656,37.25,38.810001373291016,37.220001220703125,38.810001373291016,56900,-4.069,2023-03-10,10,2023,10,Friday,-1.1905999999999999,2.7505690865709953
35.3024787902832,36.7400016784668,37.29999923706055,36.04999923706055,37.09000015258789,32600,-1.369,2023-03-13,11,2023,13,Monday,-0.6196,2.6359843133068908
35.619564056396484,37.06999969482422,37.650001525878906,36.7599983215332,36.7599983215332,14200,0.898,2023-03-14,11,2023,14,Tuesday,-0.6196,2.6359843133068908
34.245513916015625,35.63999938964844,36.33000183105469,35.02000045776367,36.20000076293945,62400,-3.858,2023-03-15,11,2023,15,Wednesday,-0.6196,2.6359843133068908
35.273651123046875,36.709999084472656,36.720001220703125,35.2599983215332,35.61000061035156,5800,3.002,2023-03-16,11,2023,16,Thursday,-0.6196,2.6359843133068908
34.64908218383789,36.060001373291016,36.31999969482422,35.45000076293945,36.31999969482422,46500,-1.771,2023-03-17,11,2023,17,Friday,-0.6196,2.6359843133068908
34.46651077270508,35.869998931884766,36.11000061035156,35.56999969482422,35.95000076293945,10200,-0.527,2023-03-20,12,2023,20,Monday,0.24719999999999995,1.578824467760745
35.45621871948242,36.900001525878906,37.02000045776367,36.150001525878906,36.150001525878906,4800,2.872,2023-03-21,12,2023,21,Tuesday,0.24719999999999995,1.578824467760745
35.02382278442383,36.45000076293945,37.189998626708984,36.45000076293945,37.189998626708984,9700,-1.22,2023-03-22,12,2023,22,Wednesday,0.24719999999999995,1.578824467760745
34.91812515258789,36.34000015258789,36.970001220703125,36.130001068115234,36.959999084472656,4800,-0.302,2023-03-23,12,2023,23,Thursday,0.24719999999999995,1.578824467760745
35.062259674072266,36.4900016784668,36.54999923706055,35.77000045776367,36.099998474121094,2900,0.413,2023-03-24,12,2023,24,Friday,0.24719999999999995,1.578824467760745
35.936649322509766,37.400001525878906,37.54999923706055,36.810001373291016,36.900001525878906,9000,2.494,2023-03-27,13,2023,27,Monday,1.4822000000000002,0.8438685916657879
36.5131721496582,38.0,38.130001068115234,37.470001220703125,37.61000061035156,9400,1.604,2023-03-28,13,2023,28,Tuesday,1.4822000000000002,0.8438685916657879
37.243431091308594,38.7599983215332,38.81999969482422,38.13999938964844,38.13999938964844,10200,2.0,2023-03-29,13,2023,29,Wednesday,1.4822000000000002,0.8438685916657879
37.598960876464844,39.130001068115234,39.130001068115234,38.790000915527344,39.060001373291016,6100,0.955,2023-03-30,13,2023,30,Thursday,1.4822000000000002,0.8438685916657879
37.733482360839844,39.27000045776367,39.79999923706055,38.84000015258789,39.75,19200,0.358,2023-03-31,13,2023,31,Friday,1.4822000000000002,0.8438685916657879
37.9256591796875,39.470001220703125,39.689998626708984,39.2599983215332,39.31999969482422,7600,0.509,2023-04-03,14,2023,3,Monday,-0.6465000000000001,0.8760412851762943
37.4163932800293,38.939998626708984,39.29999923706055,38.72999954223633,39.29999923706055,3900,-1.343,2023-04-04,14,2023,4,Tuesday,-0.6465000000000001,0.8760412851762943
36.926353454589844,38.43000030517578,38.59000015258789,37.93000030517578,38.22999954223633,6900,-1.31,2023-04-05,14,2023,5,Wednesday,-0.6465000000000001,0.8760412851762943
36.76300048828125,38.2599983215332,38.4900016784668,38.04999923706055,38.41999816894531,3900,-0.442,2023-04-06,14,2023,6,Thursday,-0.6465000000000001,0.8760412851762943
37.531700134277344,39.060001373291016,39.15999984741211,38.0099983215332,38.119998931884766,11600,2.091,2023-04-10,15,2023,10,Monday,1.5492000000000001,0.9030383159091311
38.57905197143555,40.150001525878906,40.150001525878906,39.400001525878906,39.400001525878906,8800,2.791,2023-04-11,15,2023,11,Tuesday,1.5492000000000001,0.9030383159091311
38.89613723754883,40.47999954223633,40.7400016784668,40.18000030517578,40.7400016784668,4400,0.822,2023-04-12,15,2023,12,Wednesday,1.5492000000000001,0.9030383159091311
39.45344924926758,41.060001373291016,41.459999084472656,40.529998779296875,40.529998779296875,10900,1.433,2023-04-13,15,2023,13,Thursday,1.5492000000000001,0.9030383159091311
39.69366455078125,41.310001373291016,41.61000061035156,40.790000915527344,41.220001220703125,15200,0.609,2023-04-14,15,2023,14,Friday,1.5492000000000001,0.9030383159091311
39.86662292480469,41.4900016784668,41.529998779296875,40.939998626708984,41.52000045776367,18800,0.436,2023-04-17,16,2023,17,Monday,-1.0676,1.1860087689389147
39.45344924926758,41.060001373291016,41.959999084472656,41.060001373291016,41.56999969482422,9000,-1.036,2023-04-18,16,2023,18,Tuesday,-1.0676,1.1860087689389147
38.31961441040039,39.880001068115234,40.66999816894531,39.709999084472656,40.66999816894531,6500,-2.874,2023-04-19,16,2023,19,Wednesday,-1.0676,1.1860087689389147
38.03135681152344,39.58000183105469,40.060001373291016,39.5099983215332,39.75,8600,-0.752,2023-04-20,16,2023,20,Thursday,-1.0676,1.1860087689389147
37.60857009887695,39.13999938964844,39.68000030517578,38.900001525878906,39.459999084472656,9300,-1.112,2023-04-21,16,2023,21,Friday,-1.0676,1.1860087689389147
37.75270080566406,39.290000915527344,39.470001220703125,38.939998626708984,38.939998626708984,2700,0.383,2023-04-24,17,2023,24,Monday,0.07880000000000001,0.7853105755050036
37.26265335083008,38.779998779296875,39.08000183105469,38.66999816894531,38.959999084472656,11500,-1.298,2023-04-25,17,2023,25,Tuesday,0.07880000000000001,0.7853105755050036
37.33953094482422,38.86000061035156,39.369998931884766,38.63999938964844,38.63999938964844,8600,0.206,2023-04-26,17,2023,26,Wednesday,0.07880000000000001,0.7853105755050036
37.512481689453125,39.040000915527344,39.09000015258789,38.900001525878906,39.0099983215332,2700,0.463,2023-04-27,17,2023,27,Thursday,0.07880000000000001,0.7853105755050036
37.75270080566406,39.290000915527344,39.630001068115234,38.709999084472656,38.95000076293945,14200,0.64,2023-04-28,17,2023,28,Friday,0.07880000000000001,0.7853105755050036
37.57012939453125,39.099998474121094,39.560001373291016,38.689998626708984,39.220001220703125,8700,-0.484,2023-05-01,18,2023,1,Monday,0.25999999999999995,2.081691019339806
37.27226257324219,38.790000915527344,39.0,37.93000030517578,39.0,13500,-0.793,2023-05-02,18,2023,2,Tuesday,0.25999999999999995,2.081691019339806
37.39717102050781,38.91999816894531,39.119998931884766,38.779998779296875,38.810001373291016,7000,0.335,2023-05-03,18,2023,3,Wednesday,0.25999999999999995,2.081691019339806
36.82065200805664,38.31999969482422,39.45000076293945,38.29999923706055,39.45000076293945,6100,-1.542,2023-05-04,18,2023,4,Thursday,0.25999999999999995,2.081691019339806
38.21392059326172,39.77000045776367,40.0,38.5,38.5,4200,3.784,2023-05-05,18,2023,5,Friday,0.25999999999999995,2.081691019339806
38.85770034790039,40.439998626708984,40.54999923706055,39.97999954223633,39.97999954223633,11200,1.685,2023-05-08,19,2023,8,Monday,0.6033999999999999,0.7581347505555988
38.87691879272461,40.459999084472656,40.83000183105469,40.029998779296875,40.130001068115234,13900,0.049,2023-05-09,19,2023,9,Tuesday,0.6033999999999999,0.7581347505555988
39.19401168823242,40.790000915527344,40.880001068115234,40.060001373291016,40.060001373291016,11500,0.816,2023-05-10,19,2023,10,Wednesday,0.6033999999999999,0.7581347505555988
39.482269287109375,41.09000015258789,41.33000183105469,40.189998626708984,40.2599983215332,12300,0.735,2023-05-11,19,2023,11,Thursday,0.6033999999999999,0.7581347505555988
39.3765754699707,40.97999954223633,41.29999923706055,40.630001068115234,40.9900016784668,9500,-0.268,2023-05-12,19,2023,12,Friday,0.6033999999999999,0.7581347505555988
39.280487060546875,40.880001068115234,41.380001068115234,40.619998931884766,41.380001068115234,10100,-0.244,2023-05-15,20,2023,15,Monday,-0.08639999999999994,2.313338777611269
38.21392059326172,39.77000045776367,41.0,39.77000045776367,40.68000030517578,25400,-2.715,2023-05-16,20,2023,16,Tuesday,-0.08639999999999994,2.313338777611269
39.56875228881836,41.18000030517578,41.77000045776367,39.86000061035156,39.86000061035156,15000,3.545,2023-05-17,20,2023,17,Wednesday,-0.08639999999999994,2.313338777611269
39.09791564941406,40.689998626708984,41.02000045776367,40.20000076293945,40.900001525878906,6500,-1.19,2023-05-18,20,2023,18,Thursday,-0.08639999999999994,2.313338777611269
39.165184020996094,40.7599983215332,40.81999969482422,40.560001373291016,40.7599983215332,3300,0.172,2023-05-19,20,2023,19,Friday,-0.08639999999999994,2.313338777611269
39.19401168823242,40.790000915527344,41.369998931884766,40.790000915527344,40.869998931884766,22500,0.074,2023-05-22,21,2023,22,Monday,-0.1508,0.6234891338267251
39.04988098144531,40.63999938964844,41.54999923706055,40.58000183105469,40.58000183105469,16500,-0.368,2023-05-23,21,2023,23,Tuesday,-0.1508,0.6234891338267251
39.05949020385742,40.650001525878906,40.709999084472656,40.279998779296875,40.279998779296875,2400,0.025,2023-05-24,21,2023,24,Wednesday,-0.1508,0.6234891338267251
38.6367073059082,40.209999084472656,40.75,39.970001220703125,40.75,7300,-1.082,2023-05-25,21,2023,25,Thursday,-0.1508,0.6234891338267251
38.867313385009766,40.45000076293945,40.7599983215332,40.45000076293945,40.7599983215332,4400,0.597,2023-05-26,21,2023,26,Friday,-0.1508,0.6234891338267251
38.76161575317383,40.34000015258789,40.630001068115234,39.84000015258789,40.45000076293945,13100,-0.272,2023-05-30,22,2023,30,Tuesday,0.5575,1.7969979595610748
38.24274444580078,39.79999923706055,40.41999816894531,39.779998779296875,40.349998474121094,5000,-1.339,2023-05-31,22,2023,31,Wednesday,0.5575,1.7969979595610748
39.32853317260742,40.93000030517578,41.279998779296875,39.9900016784668,39.9900016784668,13100,2.839,2023-06-01,22,2023,1,Thursday,0.5575,1.7969979595610748
39.72248458862305,41.34000015258789,41.5099983215332,41.209999084472656,41.5,6100,1.002,2023-06-02,22,2023,2,Friday,0.5575,1.7969979595610748
40.5488395690918,42.20000076293945,42.310001373291016,41.18000030517578,41.18000030517578,46300,2.08,2023-06-05,23,2023,5,Monday,0.8762000000000001,1.6609740214705349
41.81719970703125,43.52000045776367,43.97999954223633,42.20000076293945,42.20000076293945,95100,3.128,2023-06-06,23,2023,6,Tuesday,0.8762000000000001,1.6609740214705349
41.826805114746094,43.529998779296875,43.959999084472656,43.27000045776367,43.619998931884766,23000,0.023,2023-06-07,23,2023,7,Wednesday,0.8762000000000001,1.6609740214705349
41.461673736572266,43.150001525878906,43.7400016784668,42.70000076293945,43.43000030517578,23800,-0.873,2023-06-08,23,2023,8,Thursday,0.8762000000000001,1.6609740214705349
41.47127914428711,43.15999984741211,43.47999954223633,42.34000015258789,43.119998931884766,36400,0.023,2023-06-09,23,2023,9,Friday,0.8762000000000001,1.6609740214705349
41.39441680908203,43.08000183105469,43.59000015258789,42.47999954223633,43.59000015258789,17800,-0.185,2023-06-12,24,2023,12,Monday,0.826,1.1751010594838216
41.33675765991211,43.02000045776367,43.380001068115234,42.7599983215332,43.18000030517578,6000,-0.139,2023-06-13,24,2023,13,Tuesday,0.826,1.1751010594838216
41.461673736572266,43.150001525878906,43.310001373291016,42.29999923706055,42.88999938964844,30600,0.302,2023-06-14,24,2023,14,Wednesday,0.826,1.1751010594838216
42.201541900634766,43.91999816894531,43.97999954223633,42.90999984741211,43.16999816894531,23700,1.784,2023-06-15,24,2023,15,Thursday,0.826,1.1751010594838216
43.20085144042969,44.959999084472656,45.22999954223633,43.75,44.439998626708984,30600,2.368,2023-06-16,24,2023,16,Friday,0.826,1.1751010594838216
43.87346267700195,45.65999984741211,45.84000015258789,44.59000015258789,44.61000061035156,73700,1.557,2023-06-20,25,2023,20,Tuesday,0.47924999999999995,2.0318196073142585
44.940025329589844,46.77000045776367,46.95000076293945,45.25,45.58000183105469,47500,2.431,2023-06-21,25,2023,21,Wednesday,0.47924999999999995,2.0318196073142585
43.94071960449219,45.72999954223633,46.52000045776367,45.65999984741211,46.52000045776367,20400,-2.224,2023-06-22,25,2023,22,Thursday,0.47924999999999995,2.0318196073142585
44.00798416137695,45.79999923706055,45.9900016784668,44.81999969482422,45.16999816894531,31100,0.153,2023-06-23,25,2023,23,Friday,0.47924999999999995,2.0318196073142585
44.53645706176758,46.349998474121094,47.58000183105469,45.790000915527344,46.720001220703125,90900,1.201,2023-06-26,26,2023,26,Monday,0.12760000000000005,1.3232820183165794
43.59480285644531,45.369998931884766,46.59000015258789,45.040000915527344,46.59000015258789,66600,-2.114,2023-06-27,26,2023,27,Tuesday,0.12760000000000005,1.3232820183165794
43.623634338378906,45.400001525878906,46.22999954223633,44.66999816894531,44.9900016784668,31000,0.066,2023-06-28,26,2023,28,Wednesday,0.12760000000000005,1.3232820183165794
43.86734390258789,45.36000061035156,45.599998474121094,44.779998779296875,44.779998779296875,10200,0.559,2023-06-29,26,2023,29,Thursday,0.12760000000000005,1.3232820183165794
44.27351760864258,45.779998779296875,45.810001373291016,45.529998779296875,45.720001220703125,8400,0.926,2023-06-30,26,2023,30,Friday,0.12760000000000005,1.3232820183165794
44.48628234863281,46.0,46.2400016784668,45.93000030517578,46.2400016784668,27100,0.481,2023-07-03,27,2023,3,Monday,-0.36224999999999996,3.5890168918521406
45.201934814453125,46.7400016784668,46.91999816894531,45.79999923706055,45.83000183105469,29200,1.609,2023-07-05,27,2023,5,Wednesday,-0.36224999999999996,3.5890168918521406
42.6488037109375,44.099998474121094,46.08000183105469,43.790000915527344,46.08000183105469,41600,-5.648,2023-07-06,27,2023,6,Thursday,-0.36224999999999996,3.5890168918521406
43.54819869995117,45.029998779296875,45.41999816894531,44.279998779296875,44.279998779296875,19800,2.109,2023-07-07,27,2023,7,Friday,-0.36224999999999996,3.5890168918521406
43.08399200439453,44.54999923706055,45.380001068115234,44.20000076293945,45.380001068115234,20100,-1.066,2023-07-10,28,2023,10,Monday,-0.04920000000000009,2.08493062234694
43.36445236206055,44.84000015258789,44.849998474121094,44.16999816894531,44.209999084472656,24800,0.651,2023-07-11,28,2023,11,Tuesday,-0.04920000000000009,2.08493062234694
44.10911560058594,45.61000061035156,45.90999984741211,44.810001373291016,45.560001373291016,20200,1.717,2023-07-12,28,2023,12,Wednesday,-0.04920000000000009,2.08493062234694
44.83443832397461,46.36000061035156,46.560001373291016,45.7599983215332,45.880001068115234,14600,1.644,2023-07-13,28,2023,13,Thursday,-0.04920000000000009,2.08493062234694
43.403141021728516,44.880001068115234,46.15999984741211,44.70000076293945,46.15999984741211,82100,-3.192,2023-07-14,28,2023,14,Friday,-0.04920000000000009,2.08493062234694
45.09554672241211,46.630001068115234,46.84000015258789,44.790000915527344,44.790000915527344,30200,3.899,2023-07-17,29,2023,17,Monday,1.1234,1.7568999117764221
45.53074264526367,47.08000183105469,47.20000076293945,46.06999969482422,46.34000015258789,14700,0.965,2023-07-18,29,2023,18,Tuesday,1.1234,1.7568999117764221
45.34699249267578,46.88999938964844,47.470001220703125,46.45000076293945,47.43000030517578,17300,-0.404,2023-07-19,29,2023,19,Wednesday,1.1234,1.7568999117764221
45.1922607421875,46.72999954223633,47.15999984741211,46.63999938964844,46.959999084472656,22300,-0.341,2023-07-20,29,2023,20,Thursday,1.1234,1.7568999117764221
45.869224548339844,47.43000030517578,47.779998779296875,46.61000061035156,46.95000076293945,20700,1.498,2023-07-21,29,2023,21,Friday,1.1234,1.7568999117764221
45.7144889831543,47.27000045776367,48.20000076293945,47.060001373291016,47.58000183105469,32200,-0.337,2023-07-24,30,2023,24,Monday,-0.41979999999999995,1.8571154245226653
45.68547821044922,47.2400016784668,47.689998626708984,47.13999938964844,47.689998626708984,12500,-0.063,2023-07-25,30,2023,25,Tuesday,-0.41979999999999995,1.8571154245226653
45.50172805786133,47.04999923706055,47.38999938964844,46.849998474121094,47.02000045776367,8800,-0.402,2023-07-26,30,2023,26,Wednesday,-0.41979999999999995,1.8571154245226653
44.02207565307617,45.52000045776367,47.060001373291016,45.29999923706055,47.04999923706055,44500,-3.252,2023-07-27,30,2023,27,Thursday,-0.41979999999999995,1.8571154245226653
44.88278579711914,46.40999984741211,46.75,45.310001373291016,46.33000183105469,25100,1.955,2023-07-28,30,2023,28,Friday,-0.41979999999999995,1.8571154245226653
45.28897476196289,46.83000183105469,46.84000015258789,45.779998779296875,46.040000915527344,17000,0.905,2023-07-31,31,2023,31,Monday,-0.3118,2.0911437540255333
44.68937301635742,46.209999084472656,46.650001525878906,45.63999938964844,46.220001220703125,54500,-1.324,2023-08-01,31,2023,1,Tuesday,-0.3118,2.0911437540255333
43.132347106933594,44.599998474121094,45.619998931884766,44.47999954223633,45.369998931884766,78900,-3.484,2023-08-02,31,2023,2,Wednesday,-0.3118,2.0911437540255333
43.857669830322266,45.349998474121094,45.810001373291016,44.869998931884766,45.0099983215332,14100,1.682,2023-08-03,31,2023,3,Thursday,-0.3118,2.0911437540255333
44.14780044555664,45.650001525878906,46.34000015258789,45.380001068115234,45.59000015258789,27200,0.662,2023-08-04,31,2023,4,Friday,-0.3118,2.0911437540255333
44.11878204345703,45.619998931884766,45.88999938964844,45.08000183105469,45.68000030517578,22000,-0.066,2023-08-07,32,2023,7,Monday,0.38079999999999997,1.6809679354467173
44.621673583984375,46.13999938964844,46.349998474121094,45.150001525878906,45.150001525878906,22000,1.14,2023-08-08,32,2023,8,Tuesday,0.38079999999999997,1.6809679354467173
43.98339080810547,45.47999954223633,46.36000061035156,45.47999954223633,46.36000061035156,25600,-1.43,2023-08-09,32,2023,9,Wednesday,0.38079999999999997,1.6809679354467173
45.25028610229492,46.790000915527344,47.150001525878906,46.20000076293945,46.20000076293945,47500,2.88,2023-08-10,32,2023,10,Thursday,0.38079999999999997,1.6809679354467173
44.96982955932617,46.5,47.29999923706055,46.279998779296875,47.2400016784668,52500,-0.62,2023-08-11,32,2023,11,Friday,0.38079999999999997,1.6809679354467173
43.664249420166016,45.150001525878906,46.56999969482422,42.7599983215332,44.90999984741211,368700,-2.903,2023-08-14,33,2023,14,Monday,-0.8657999999999999,1.5318961126656077
43.509517669677734,44.9900016784668,45.86000061035156,44.650001525878906,45.16999816894531,73100,-0.354,2023-08-15,33,2023,15,Tuesday,-0.8657999999999999,1.5318961126656077
43.63523483276367,45.119998931884766,46.06999969482422,44.81999969482422,44.81999969482422,98900,0.289,2023-08-16,33,2023,16,Wednesday,-0.8657999999999999,1.5318961126656077
42.75518035888672,44.209999084472656,46.0,44.06999969482422,45.61000061035156,85200,-2.017,2023-08-17,33,2023,17,Thursday,-0.8657999999999999,1.5318961126656077
43.035640716552734,44.5,44.7400016784668,43.349998474121094,43.779998779296875,65400,0.656,2023-08-18,33,2023,18,Friday,-0.8657999999999999,1.5318961126656077
43.05498504638672,44.52000045776367,45.349998474121094,44.11000061035156,44.5,17100,0.045,2023-08-21,34,2023,21,Monday,0.5922,1.9169002843131928
43.847999572753906,45.34000015258789,45.5099983215332,44.380001068115234,44.7400016784668,23700,1.842,2023-08-22,34,2023,22,Tuesday,0.5922,1.9169002843131928
44.96982955932617,46.5,46.72999954223633,45.29999923706055,45.720001220703125,28100,2.558,2023-08-23,34,2023,23,Wednesday,0.5922,1.9169002843131928
43.8963508605957,45.38999938964844,46.83000183105469,45.380001068115234,46.83000183105469,20700,-2.387,2023-08-24,34,2023,24,Thursday,0.5922,1.9169002843131928
44.29286193847656,45.79999923706055,46.099998474121094,45.099998474121094,45.459999084472656,11300,0.903,2023-08-25,34,2023,25,Friday,0.5922,1.9169002843131928
45.56942367553711,47.119998931884766,47.20000076293945,45.810001373291016,46.130001068115234,23500,2.882,2023-08-28,35,2023,28,Monday,0.8560000000000001,1.2358100582209226
45.98527145385742,47.54999923706055,48.459999084472656,47.290000915527344,47.290000915527344,34000,0.913,2023-08-29,35,2023,29,Tuesday,0.8560000000000001,1.2358100582209226
45.82087326049805,47.380001068115234,48.36000061035156,47.34000015258789,47.54999923706055,31500,-0.358,2023-08-30,35,2023,30,Wednesday,0.8560000000000001,1.2358100582209226
45.88856506347656,47.45000076293945,48.11000061035156,47.04999923706055,47.36000061035156,27800,0.148,2023-08-31,35,2023,31,Thursday,0.8560000000000001,1.2358100582209226
46.20770263671875,47.779998779296875,48.310001373291016,47.2400016784668,48.209999084472656,37800,0.695,2023-09-01,35,2023,1,Friday,0.8560000000000001,1.2358100582209226
45.11489486694336,46.650001525878906,47.4900016784668,46.560001373291016,47.36000061035156,31600,-2.365,2023-09-05,36,2023,5,Tuesday,-1.65525,0.7607962385991842
44.708709716796875,46.22999954223633,47.279998779296875,45.84000015258789,47.279998779296875,15900,-0.9,2023-09-06,36,2023,6,Wednesday,-1.65525,0.7607962385991842
44.21549606323242,45.720001220703125,45.869998931884766,45.33000183105469,45.72999954223633,15600,-1.103,2023-09-07,36,2023,7,Thursday,-1.65525,0.7607962385991842
43.21938705444336,44.689998626708984,46.11000061035156,44.38999938964844,45.68000030517578,35500,-2.253,2023-09-08,36,2023,8,Friday,-1.65525,0.7607962385991842
43.1710319519043,44.63999938964844,45.279998779296875,44.25,45.279998779296875,17100,-0.112,2023-09-11,37,2023,11,Monday,0.34740000000000004,0.4373560334555818
43.44181823730469,44.91999816894531,45.22999954223633,44.029998779296875,44.25,15400,0.627,2023-09-12,37,2023,12,Tuesday,0.34740000000000004,0.4373560334555818
43.68359375,45.16999816894531,45.34000015258789,44.65999984741211,44.959999084472656,5800,0.557,2023-09-13,37,2023,13,Wednesday,0.34740000000000004,0.4373560334555818
44.03174591064453,45.529998779296875,45.72999954223633,44.88999938964844,45.4900016784668,14800,0.797,2023-09-14,37,2023,14,Thursday,0.34740000000000004,0.4373560334555818
43.973724365234375,45.470001220703125,45.619998931884766,45.130001068115234,45.560001373291016,9000,-0.132,2023-09-15,37,2023,15,Friday,0.34740000000000004,0.4373560334555818
44.34121322631836,45.849998474121094,46.040000915527344,45.18000030517578,45.290000915527344,25200,0.836,2023-09-18,38,2023,18,Monday,-1.1465999999999998,1.1782208197108044
43.52885818481445,45.0099983215332,45.709999084472656,44.650001525878906,45.709999084472656,10700,-1.832,2023-09-19,38,2023,19,Tuesday,-1.1465999999999998,1.1782208197108044
42.764854431152344,44.220001220703125,45.290000915527344,44.060001373291016,45.209999084472656,13100,-1.755,2023-09-20,38,2023,20,Wednesday,-1.1465999999999998,1.1782208197108044
41.90414810180664,43.33000183105469,43.849998474121094,43.099998474121094,43.290000915527344,65200,-2.013,2023-09-21,38,2023,21,Thursday,-1.1465999999999998,1.1782208197108044
41.497962951660156,42.90999984741211,43.97999954223633,42.90999984741211,43.880001068115234,13700,-0.969,2023-09-22,38,2023,22,Friday,-1.1465999999999998,1.1782208197108044
41.111122131347656,42.5099983215332,42.939998626708984,42.2400016784668,42.61000061035156,19600,-0.932,2023-09-25,39,2023,25,Monday,-0.7654,1.2224196497111781
40.26008605957031,41.630001068115234,42.36000061035156,41.18000030517578,42.0099983215332,50800,-2.07,2023-09-26,39,2023,26,Tuesday,-0.7654,1.2224196497111781
40.07633590698242,41.439998626708984,41.93000030517578,41.369998931884766,41.720001220703125,59600,-0.456,2023-09-27,39,2023,27,Wednesday,-0.7654,1.2224196497111781
40.53086853027344,41.90999984741211,42.279998779296875,41.439998626708984,41.75,15700,1.134,2023-09-28,39,2023,28,Thursday,-0.7654,1.2224196497111781
39.921600341796875,41.279998779296875,42.4900016784668,41.220001220703125,42.4900016784668,9600,-1.503,2023-09-29,39,2023,29,Friday,-0.7654,1.2224196497111781
39.176937103271484,40.5099983215332,41.130001068115234,40.33000183105469,41.130001068115234,50900,-1.865,2023-10-02,40,2023,2,Monday,-0.3992000000000001,1.9994846085929243
38.026100158691406,39.31999969482422,40.5,39.060001373291016,40.279998779296875,34600,-2.938,2023-10-03,40,2023,3,Tuesday,-0.3992000000000001,1.9994846085929243
38.20984649658203,39.5099983215332,39.939998626708984,38.5,39.939998626708984,39500,0.483,2023-10-04,40,2023,4,Wednesday,-0.3992000000000001,1.9994846085929243
38.29688262939453,39.599998474121094,39.65999984741211,38.97999954223633,39.59000015258789,20300,0.228,2023-10-05,40,2023,5,Thursday,-0.3992000000000001,1.9994846085929243
39.09957504272461,40.43000030517578,40.47999954223633,39.220001220703125,39.560001373291016,5700,2.096,2023-10-06,40,2023,6,Friday,-0.3992000000000001,1.9994846085929243
39.089900970458984,40.41999816894531,40.43000030517578,39.84000015258789,40.11000061035156,9300,-0.025,2023-10-09,41,2023,9,Monday,0.043400000000000015,0.9738425437410301
39.32200241088867,40.65999984741211,41.09000015258789,40.4900016784668,40.4900016784668,20900,0.594,2023-10-10,41,2023,10,Tuesday,0.043400000000000015,0.9738425437410301
39.853904724121094,41.209999084472656,41.209999084472656,40.689998626708984,40.97999954223633,11600,1.353,2023-10-11,41,2023,11,Wednesday,0.043400000000000015,0.9738425437410301
39.39937210083008,40.7400016784668,41.220001220703125,40.29999923706055,40.900001525878906,16000,-1.14,2023-10-12,41,2023,12,Thursday,0.043400000000000015,0.9738425437410301
39.176937103271484,40.5099983215332,40.88999938964844,40.220001220703125,40.86000061035156,12400,-0.565,2023-10-13,41,2023,13,Friday,0.043400000000000015,0.9738425437410301
39.69916915893555,41.04999923706055,41.13999938964844,40.54999923706055,40.56999969482422,13500,1.333,2023-10-16,42,2023,16,Monday,-0.3342,2.4384816382331036
40.89836502075195,42.290000915527344,42.290000915527344,40.709999084472656,40.709999084472656,23500,3.021,2023-10-17,42,2023,17,Tuesday,-0.3342,2.4384816382331036
40.34711837768555,41.720001220703125,42.220001220703125,41.380001068115234,42.02000045776367,32000,-1.348,2023-10-18,42,2023,18,Wednesday,-0.3342,2.4384816382331036
39.167266845703125,40.5,41.75,40.29999923706055,41.75,28900,-2.924,2023-10-19,42,2023,19,Thursday,-0.3342,2.4384816382331036
38.48063278198242,39.790000915527344,40.45000076293945,39.7400016784668,40.189998626708984,18600,-1.753,2023-10-20,42,2023,20,Friday,-0.3342,2.4384816382331036
37.61024856567383,38.88999938964844,39.36000061035156,37.7599983215332,38.810001373291016,55800,-2.262,2023-10-23,43,2023,23,Monday,-0.2762,1.3119592981491461
38.11314010620117,39.40999984741211,40.0099983215332,39.290000915527344,39.54999923706055,22800,1.337,2023-10-24,43,2023,24,Tuesday,-0.2762,1.3119592981491461
38.20984649658203,39.5099983215332,40.150001525878906,39.11000061035156,39.349998474121094,28200,0.254,2023-10-25,43,2023,25,Wednesday,-0.2762,1.3119592981491461
38.01642608642578,39.310001373291016,39.7400016784668,39.2400016784668,39.38999938964844,11700,-0.506,2023-10-26,43,2023,26,Thursday,-0.2762,1.3119592981491461
37.939056396484375,39.22999954223633,40.0,39.029998779296875,40.0,26400,-0.204,2023-10-27,43,2023,27,Friday,-0.2762,1.3119592981491461
37.39748764038086,38.66999816894531,39.79999923706055,38.47999954223633,39.650001525878906,25200,-1.427,2023-10-30,44,2023,30,Monday,1.0034,1.8715038872521748
37.17505645751953,38.439998626708984,38.75,38.08000183105469,38.5,42300,-0.595,2023-10-31,44,2023,31,Tuesday,1.0034,1.8715038872521748
38.07444763183594,39.369998931884766,39.720001220703125,38.0099983215332,38.279998779296875,23000,2.419,2023-11-01,44,2023,1,Wednesday,1.0034,1.8715038872521748
39.05121612548828,40.380001068115234,40.38999938964844,39.97999954223633,40.27000045776367,20600,2.565,2023-11-02,44,2023,2,Thursday,1.0034,1.8715038872521748
39.853904724121094,41.209999084472656,41.43000030517578,40.650001525878906,40.650001525878906,31700,2.055,2023-11-03,44,2023,3,Friday,1.0034,1.8715038872521748
39.29299545288086,40.630001068115234,41.650001525878906,40.349998474121094,41.650001525878906,13000,-1.407,2023-11-06,45,2023,6,Monday,-0.4661999999999999,1.4811697066845515
39.660484313964844,41.0099983215332,41.369998931884766,40.439998626708984,40.439998626708984,13000,0.935,2023-11-07,45,2023,7,Tuesday,-0.4661999999999999,1.4811697066845515
38.74175262451172,40.060001373291016,41.040000915527344,40.060001373291016,40.79999923706055,19100,-2.316,2023-11-08,45,2023,8,Wednesday,-0.4661999999999999,1.4811697066845515
38.49030303955078,39.79999923706055,40.849998474121094,39.790000915527344,40.16999816894531,13000,-0.649,2023-11-09,45,2023,9,Thursday,-0.4661999999999999,1.4811697066845515
38.91582489013672,40.2400016784668,40.47999954223633,39.810001373291016,39.810001373291016,5900,1.106,2023-11-10,45,2023,10,Friday,-0.4661999999999999,1.4811697066845515
38.96417999267578,40.290000915527344,40.45000076293945,39.9900016784668,40.11000061035156,5400,0.124,2023-11-13,46,2023,13,Monday,0.9186,1.2284935083263564
40.037654876708984,41.400001525878906,41.400001525878906,40.939998626708984,41.18000030517578,11000,2.755,2023-11-14,46,2023,14,Tuesday,0.9186,1.2284935083263564
39.87324905395508,41.22999954223633,41.72999954223633,41.150001525878906,41.47999954223633,15100,-0.411,2023-11-15,46,2023,15,Wednesday,0.9186,1.2284935083263564
40.16337203979492,41.529998779296875,41.619998931884766,41.18000030517578,41.18000030517578,7200,0.728,2023-11-16,46,2023,16,Thursday,0.9186,1.2284935083263564
40.72429275512695,42.11000061035156,42.33000183105469,41.70000076293945,41.75,16900,1.397,2023-11-17,46,2023,17,Friday,0.9186,1.2284935083263564
45.43403244018555,46.97999954223633,47.650001525878906,46.040000915527344,47.58000183105469,562200,11.565,2023-11-20,47,2023,20,Monday,3.9582499999999996,5.770046757465084
45.25028610229492,46.790000915527344,47.540000915527344,46.11000061035156,47.540000915527344,140500,-0.404,2023-11-21,47,2023,21,Tuesday,3.9582499999999996,5.770046757465084
44.96015548706055,46.4900016784668,47.18000030517578,46.0,47.16999816894531,82000,-0.641,2023-11-22,47,2023,22,Wednesday,3.9582499999999996,5.770046757465084
47.348873138427734,48.959999084472656,49.369998931884766,46.599998474121094,47.65999984741211,149900,5.313,2023-11-24,47,2023,24,Friday,3.9582499999999996,5.770046757465084
48.84786605834961,50.5099983215332,51.56999969482422,49.79999923706055,51.0,320400,3.166,2023-11-27,48,2023,27,Monday,0.6716,1.90313302215058
48.016170501708984,49.650001525878906,50.939998626708984,49.41999816894531,50.91999816894531,150700,-1.703,2023-11-28,48,2023,28,Tuesday,0.6716,1.90313302215058
48.944576263427734,50.61000061035156,51.0,49.27000045776367,49.790000915527344,111700,1.934,2023-11-29,48,2023,29,Wednesday,0.6716,1.90313302215058
48.83820343017578,50.5,50.880001068115234,49.7599983215332,50.869998931884766,94300,-0.217,2023-11-30,48,2023,30,Thursday,0.6716,1.90313302215058
48.925235748291016,50.59000015258789,51.06999969482422,50.040000915527344,50.25,127800,0.178,2023-12-01,48,2023,1,Friday,0.6716,1.90313302215058
48.112876892089844,49.75,50.31999969482422,49.41999816894531,50.2400016784668,119600,-1.66,2023-12-04,49,2023,4,Monday,0.08480000000000001,1.1687962611165386
48.74148941040039,50.400001525878906,50.58000183105469,49.56999969482422,49.56999969482422,78100,1.307,2023-12-05,49,2023,5,Tuesday,0.08480000000000001,1.1687962611165386
48.50939178466797,50.15999984741211,50.7400016784668,49.61000061035156,50.689998626708984,114700,-0.476,2023-12-06,49,2023,6,Wednesday,0.08480000000000001,1.1687962611165386
48.867210388183594,50.529998779296875,50.86000061035156,50.18000030517578,50.540000915527344,58100,0.738,2023-12-07,49,2023,7,Thursday,0.08480000000000001,1.1687962611165386
49.11865997314453,50.790000915527344,50.83000183105469,50.11000061035156,50.209999084472656,112400,0.515,2023-12-08,49,2023,8,Friday,0.08480000000000001,1.1687962611165386
49.17668151855469,50.849998474121094,50.970001220703125,49.93000030517578,50.689998626708984,88600,0.118,2023-12-11,50,2023,11,Monday,0.3768,1.1556343279774965
49.621543884277344,51.310001373291016,51.470001220703125,50.310001373291016,50.77000045776367,130500,0.905,2023-12-12,50,2023,12,Tuesday,0.3768,1.1556343279774965
50.6660041809082,52.38999938964844,52.599998474121094,50.40999984741211,51.54999923706055,149600,2.105,2023-12-13,50,2023,13,Wednesday,0.3768,1.1556343279774965
50.30818176269531,52.02000045776367,53.220001220703125,51.709999084472656,52.939998626708984,82000,-0.706,2023-12-14,50,2023,14,Thursday,0.3768,1.1556343279774965
50.03739547729492,51.7400016784668,52.20000076293945,51.58000183105469,52.0099983215332,40200,-0.538,2023-12-15,50,2023,15,Friday,0.3768,1.1556343279774965
50.58863830566406,52.310001373291016,52.66999816894531,51.68000030517578,51.81999969482422,178600,1.102,2023-12-18,51,2023,18,Monday,0.3588,0.66687082707223
50.74337387084961,52.470001220703125,53.02000045776367,52.25,52.650001525878906,29700,0.306,2023-12-19,51,2023,19,Tuesday,0.3588,0.66687082707223
50.53061294555664,52.25,53.27000045776367,52.16999816894531,52.290000915527344,105800,-0.419,2023-12-20,51,2023,20,Wednesday,0.3588,0.66687082707223
51.01416015625,52.75,54.099998474121094,51.70000076293945,53.47999954223633,63600,0.957,2023-12-21,51,2023,21,Thursday,0.3588,0.66687082707223
50.936790466308594,52.66999816894531,53.13999938964844,52.099998474121094,52.459999084472656,139300,-0.152,2023-12-22,51,2023,22,Friday,0.3588,0.66687082707223
50.985145568847656,52.720001220703125,53.31999969482422,52.529998779296875,53.029998779296875,61600,0.095,2023-12-26,52,2023,26,Tuesday,-0.38599999999999995,0.7832313408778618
51.04317092895508,52.779998779296875,53.209999084472656,52.36000061035156,52.91999816894531,92400,0.114,2023-12-27,52,2023,27,Wednesday,-0.38599999999999995,0.7832313408778618
50.25779724121094,51.45000076293945,52.650001525878906,51.099998474121094,52.650001525878906,83200,-1.539,2023-12-28,52,2023,28,Thursday,-0.38599999999999995,0.7832313408778618
50.150352478027344,51.34000015258789,51.810001373291016,51.220001220703125,51.66999816894531,86100,-0.214,2023-12-29,52,2023,29,Friday,-0.38599999999999995,0.7832313408778618
49.04653549194336,50.209999084472656,51.04999923706055,50.18000030517578,51.04999923706055,87700,-2.201,2024-01-02,00,2024,2,Tuesday,-0.8872500000000001,1.2500603652090834
48.72418212890625,49.880001068115234,50.4900016784668,49.79999923706055,49.810001373291016,87200,-0.657,2024-01-03,00,2024,3,Wednesday,-0.8872500000000001,1.2500603652090834
48.03063201904297,49.16999816894531,50.06999969482422,49.16999816894531,49.5,39400,-1.423,2024-01-04,00,2024,4,Thursday,-0.8872500000000001,1.2500603652090834
48.38228988647461,49.529998779296875,49.84000015258789,49.150001525878906,49.20000076293945,114500,0.732,2024-01-05,00,2024,5,Friday,-0.8872500000000001,1.2500603652090834
49.02699661254883,50.189998626708984,50.20000076293945,49.15999984741211,49.43000030517578,128800,1.333,2024-01-08,01,2024,8,Monday,0.26480000000000004,1.6895676074072916
47.70827865600586,48.84000015258789,49.91999816894531,48.709999084472656,49.70000076293945,51500,-2.69,2024-01-09,01,2024,9,Tuesday,0.26480000000000004,1.6895676074072916
48.23577117919922,49.380001068115234,49.529998779296875,48.70000076293945,48.83000183105469,39000,1.106,2024-01-10,01,2024,10,Wednesday,0.26480000000000004,1.6895676074072916
48.43113327026367,49.58000183105469,49.70000076293945,49.09000015258789,49.689998626708984,31800,0.405,2024-01-11,01,2024,11,Thursday,0.26480000000000004,1.6895676074072916
48.99769592285156,50.15999984741211,50.599998474121094,49.7599983215332,49.880001068115234,23200,1.17,2024-01-12,01,2024,12,Friday,0.26480000000000004,1.6895676074072916
48.21623229980469,49.36000061035156,50.11000061035156,49.13999938964844,50.11000061035156,89100,-1.595,2024-01-16,02,2024,16,Tuesday,0.20600000000000002,1.4056746897249495
48.167388916015625,49.310001373291016,49.560001373291016,48.470001220703125,48.88999938964844,39800,-0.101,2024-01-17,02,2024,17,Wednesday,0.20600000000000002,1.4056746897249495
48.567893981933594,49.720001220703125,49.72999954223633,48.869998931884766,49.70000076293945,59200,0.831,2024-01-18,02,2024,18,Thursday,0.20600000000000002,1.4056746897249495
49.388427734375,50.560001373291016,50.66999816894531,49.72999954223633,49.810001373291016,66500,1.689,2024-01-19,02,2024,19,Friday,0.20600000000000002,1.4056746897249495
50.208961486816406,51.400001525878906,51.849998474121094,50.86000061035156,50.86000061035156,316000,1.661,2024-01-22,03,2024,22,Monday,1.1994,0.7459800935681863
50.208961486816406,51.400001525878906,51.86000061035156,51.099998474121094,51.689998626708984,66400,0.0,2024-01-23,03,2024,23,Tuesday,1.1994,0.7459800935681863
50.7364501953125,51.939998626708984,52.540000915527344,51.59000015258789,52.18000030517578,49000,1.051,2024-01-24,03,2024,24,Wednesday,1.1994,0.7459800935681863
51.71327209472656,52.939998626708984,53.16999816894531,52.310001373291016,52.310001373291016,152200,1.925,2024-01-25,03,2024,25,Thursday,1.1994,0.7459800935681863
52.416587829589844,53.65999984741211,53.86000061035156,52.90999984741211,53.18000030517578,127400,1.36,2024-01-26,03,2024,26,Friday,1.1994,0.7459800935681863
51.85002899169922,53.08000183105469,54.0,52.34000015258789,53.9900016784668,146900,-1.081,2024-01-29,04,2024,29,Monday,-0.16360000000000002,1.1023313022862047
51.51791000366211,52.7400016784668,53.290000915527344,52.709999084472656,52.709999084472656,49000,-0.641,2024-01-30,04,2024,30,Tuesday,-0.16360000000000002,1.1023313022862047
51.17601776123047,52.38999938964844,53.7400016784668,52.369998931884766,52.61000061035156,85300,-0.664,2024-01-31,04,2024,31,Wednesday,-0.16360000000000002,1.1023313022862047
52.05516815185547,53.290000915527344,53.47999954223633,52.7400016784668,52.95000076293945,72300,1.718,2024-02-01,04,2024,1,Thursday,-0.16360000000000002,1.1023313022862047
51.97702407836914,53.209999084472656,53.56999969482422,53.0099983215332,53.38999938964844,104900,-0.15,2024-02-02,04,2024,2,Friday,-0.16360000000000002,1.1023313022862047
50.67783737182617,51.880001068115234,53.290000915527344,51.5,53.2400016784668,114600,-2.5,2024-02-05,05,2024,5,Monday,-1.0796,1.9686328504827915
50.44340133666992,51.63999938964844,52.349998474121094,51.369998931884766,52.349998474121094,189900,-0.463,2024-02-06,05,2024,6,Tuesday,-1.0796,1.9686328504827915
49.066070556640625,50.22999954223633,51.02000045776367,49.79999923706055,51.02000045776367,89900,-2.73,2024-02-07,05,2024,7,Wednesday,-1.0796,1.9686328504827915
48.196693420410156,49.34000015258789,50.470001220703125,49.2400016784668,50.060001373291016,44200,-1.772,2024-02-08,05,2024,8,Thursday,-1.0796,1.9686328504827915
49.19306182861328,50.36000061035156,50.59000015258789,49.41999816894531,49.41999816894531,18300,2.067,2024-02-09,05,2024,9,Friday,-1.0796,1.9686328504827915
49.290740966796875,50.459999084472656,50.77000045776367,50.25,50.380001068115234,78600,0.199,2024-02-12,06,2024,12,Monday,0.0019999999999998964,1.8384009355959325
47.757118225097656,48.88999938964844,49.61000061035156,48.54999923706055,49.58000183105469,62000,-3.111,2024-02-13,06,2024,13,Tuesday,0.0019999999999998964,1.8384009355959325
48.509281158447266,49.65999984741211,49.779998779296875,49.0099983215332,49.4900016784668,65600,1.575,2024-02-14,06,2024,14,Wednesday,0.0019999999999998964,1.8384009355959325
49.056304931640625,50.220001220703125,50.29999923706055,49.790000915527344,49.900001525878906,96200,1.128,2024-02-15,06,2024,15,Thursday,0.0019999999999998964,1.8384009355959325
49.16375732421875,50.33000183105469,50.72999954223633,50.2599983215332,50.33000183105469,17200,0.219,2024-02-16,06,2024,16,Friday,0.0019999999999998964,1.8384009355959325
48.9879264831543,50.150001525878906,50.939998626708984,49.66999816894531,50.279998779296875,29100,-0.358,2024-02-20,07,2024,20,Tuesday,0.13724999999999998,2.2290310862196008
48.9488525390625,50.11000061035156,50.40999984741211,49.63999938964844,50.209999084472656,35900,-0.08,2024-02-21,07,2024,21,Wednesday,0.13724999999999998,2.2290310862196008
50.502010345458984,51.70000076293945,52.209999084472656,50.439998626708984,50.70000076293945,47700,3.173,2024-02-22,07,2024,22,Thursday,0.13724999999999998,2.2290310862196008
49.398197174072266,50.56999969482422,50.900001525878906,49.439998626708984,50.40999984741211,45200,-2.186,2024-02-23,07,2024,23,Friday,0.13724999999999998,2.2290310862196008
49.07583999633789,50.2400016784668,51.08000183105469,50.04999923706055,50.369998931884766,47000,-0.653,2024-02-26,08,2024,26,Monday,-0.009200000000000009,1.2917187000272157
48.40182876586914,49.54999923706055,50.720001220703125,49.54999923706055,50.47999954223633,25800,-1.373,2024-02-27,08,2024,27,Tuesday,-0.009200000000000009,1.2917187000272157
48.03063201904297,49.16999816894531,49.61000061035156,49.16999816894531,49.560001373291016,23300,-0.767,2024-02-28,08,2024,28,Wednesday,-0.009200000000000009,1.2917187000272157
48.704647064208984,49.86000061035156,51.0099983215332,49.619998931884766,49.72999954223633,34600,1.403,2024-02-29,08,2024,29,Thursday,-0.009200000000000009,1.2917187000272157
49.3591194152832,50.529998779296875,50.58000183105469,49.560001373291016,50.0,83700,1.344,2024-03-01,08,2024,1,Friday,-0.009200000000000009,1.2917187000272157
48.79256057739258,49.95000076293945,51.5,49.95000076293945,51.06999969482422,55200,-1.148,2024-03-04,09,2024,4,Monday,-0.3683999999999999,1.911623472339676
47.78642654418945,48.91999816894531,50.25,48.79999923706055,49.869998931884766,138900,-2.062,2024-03-05,09,2024,5,Tuesday,-0.3683999999999999,1.911623472339676
49.173526763916016,50.34000015258789,50.58000183105469,49.40999984741211,49.7400016784668,45300,2.903,2024-03-06,09,2024,6,Wednesday,-0.3683999999999999,1.911623472339676
48.67534255981445,49.83000183105469,50.43000030517578,49.810001373291016,50.400001525878906,125800,-1.013,2024-03-07,09,2024,7,Thursday,-0.3683999999999999,1.911623472339676
48.421363830566406,49.56999969482422,50.52000045776367,49.400001525878906,50.18000030517578,28900,-0.522,2024-03-08,09,2024,8,Friday,-0.3683999999999999,1.911623472339676
48.38228988647461,49.529998779296875,50.0099983215332,49.0,49.619998931884766,56900,-0.081,2024-03-11,10,2024,11,Monday,0.504,1.0965356811339977
48.80232238769531,49.959999084472656,50.18000030517578,49.27000045776367,49.810001373291016,43900,0.868,2024-03-12,10,2024,12,Tuesday,0.504,1.0965356811339977
49.88660430908203,51.06999969482422,51.47999954223633,50.0,50.0,82400,2.222,2024-03-13,10,2024,13,Wednesday,0.504,1.0965356811339977
49.58378601074219,50.7599983215332,51.5,50.650001525878906,51.29999923706055,52000,-0.607,2024-03-14,10,2024,14,Thursday,0.504,1.0965356811339977
49.642398834228516,50.81999969482422,51.34000015258789,50.54999923706055,50.59000015258789,24600,0.118,2024-03-15,10,2024,15,Friday,0.504,1.0965356811339977
51.09787368774414,52.310001373291016,52.40999984741211,50.72999954223633,51.470001220703125,64200,2.932,2024-03-18,11,2024,18,Monday,1.3796,1.5027016669984763
50.77552032470703,51.97999954223633,52.91999816894531,51.279998779296875,52.099998474121094,46500,-0.631,2024-03-19,11,2024,19,Tuesday,1.3796,1.5027016669984763
52.084468841552734,53.31999969482422,53.59000015258789,51.529998779296875,52.0,62500,2.578,2024-03-20,11,2024,20,Wednesday,1.3796,1.5027016669984763
52.9538459777832,54.209999084472656,54.31999969482422,53.130001068115234,53.849998474121094,46400,1.669,2024-03-21,11,2024,21,Thursday,1.3796,1.5027016669984763
53.139442443847656,54.400001525878906,54.709999084472656,53.91999816894531,54.15999984741211,45900,0.35,2024-03-22,11,2024,22,Friday,1.3796,1.5027016669984763
53.002685546875,54.2599983215332,55.15999984741211,53.849998474121094,55.0,103600,-0.257,2024-03-25,12,2024,25,Monday,-0.27749999999999997,1.030396202115154
52.20168685913086,53.439998626708984,54.310001373291016,53.22999954223633,54.2599983215332,54000,-1.511,2024-03-26,12,2024,26,Tuesday,-0.27749999999999997,1.030396202115154
52.72917938232422,53.97999954223633,54.029998779296875,53.08000183105469,53.58000183105469,70700,1.01,2024-03-27,12,2024,27,Wednesday,-0.27749999999999997,1.030396202115154
52.5435791015625,53.790000915527344,54.47999954223633,53.61000061035156,54.22999954223633,38700,-0.352,2024-03-28,12,2024,28,Thursday,-0.27749999999999997,1.030396202115154
52.905006408691406,54.15999984741211,54.290000915527344,53.95000076293945,54.0,18400,0.688,2024-04-01,13,2024,1,Monday,0.8678000000000001,2.0058853905445346
52.34821701049805,53.59000015258789,54.06999969482422,53.33000183105469,54.06999969482422,29800,-1.052,2024-04-02,13,2024,2,Tuesday,0.8678000000000001,2.0058853905445346
53.95998001098633,55.2400016784668,55.41999816894531,53.459999084472656,53.459999084472656,78800,3.079,2024-04-03,13,2024,3,Wednesday,0.8678000000000001,2.0058853905445346
53.354347229003906,54.619998931884766,56.02000045776367,54.349998474121094,55.83000183105469,52500,-1.122,2024-04-04,13,2024,4,Thursday,0.8678000000000001,2.0058853905445346
54.81958770751953,56.119998931884766,56.41999816894531,54.61000061035156,54.61000061035156,54200,2.746,2024-04-05,13,2024,5,Friday,0.8678000000000001,2.0058853905445346
55.50336456298828,56.81999969482422,57.220001220703125,56.0,56.65999984741211,62000,1.247,2024-04-08,14,2024,8,Monday,-0.1628,1.7638124049909616
55.73780822753906,57.060001373291016,58.40999984741211,56.61000061035156,57.11000061035156,108000,0.422,2024-04-09,14,2024,9,Tuesday,-0.1628,1.7638124049909616
55.2298583984375,56.540000915527344,57.029998779296875,56.06999969482422,56.41999816894531,64600,-0.911,2024-04-10,14,2024,10,Wednesday,-0.1628,1.7638124049909616
55.952701568603516,57.279998779296875,57.459999084472656,56.22999954223633,57.099998474121094,43700,1.309,2024-04-11,14,2024,11,Thursday,-0.1628,1.7638124049909616
54.34095001220703,55.630001068115234,57.560001373291016,55.61000061035156,57.0,58500,-2.881,2024-04-12,14,2024,12,Friday,-0.1628,1.7638124049909616
52.309139251708984,53.54999923706055,56.47999954223633,53.5,56.18000030517578,86000,-3.739,2024-04-15,15,2024,15,Monday,-0.7758,1.7967867708773904
51.869564056396484,53.099998474121094,53.4900016784668,52.189998626708984,52.900001525878906,110900,-0.84,2024-04-16,15,2024,16,Tuesday,-0.7758,1.7967867708773904
51.80118942260742,53.029998779296875,53.75,52.5099983215332,53.52000045776367,67200,-0.132,2024-04-17,15,2024,17,Wednesday,-0.7758,1.7967867708773904
51.6742057800293,52.900001525878906,53.63999938964844,52.75,53.209999084472656,143700,-0.245,2024-04-18,15,2024,18,Thursday,-0.7758,1.7967867708773904
52.230995178222656,53.470001220703125,54.18000030517578,52.70000076293945,52.70000076293945,31300,1.077,2024-04-19,15,2024,19,Friday,-0.7758,1.7967867708773904
54.49723434448242,55.790000915527344,56.09000015258789,53.290000915527344,53.70000076293945,86900,4.339,2024-04-22,16,2024,22,Monday,1.0757999999999999,2.663756501634487
54.546077728271484,55.84000015258789,56.84000015258789,55.84000015258789,56.02000045776367,93700,0.09,2024-04-23,16,2024,23,Tuesday,1.0757999999999999,2.663756501634487
53.26643371582031,54.529998779296875,56.33000183105469,54.38999938964844,56.33000183105469,57200,-2.346,2024-04-24,16,2024,24,Wednesday,1.0757999999999999,2.663756501634487
53.354347229003906,54.619998931884766,54.970001220703125,53.65999984741211,54.130001068115234,48200,0.165,2024-04-25,16,2024,25,Thursday,1.0757999999999999,2.663756501634487
55.02472686767578,56.33000183105469,56.34000015258789,55.029998779296875,55.349998474121094,66900,3.131,2024-04-26,16,2024,26,Friday,1.0757999999999999,2.663756501634487
55.93317413330078,57.2599983215332,57.66999816894531,56.209999084472656,56.599998474121094,297700,1.651,2024-04-29,17,2024,29,Monday,1.7292,1.8866754357864526
56.08946228027344,57.41999816894531,58.43000030517578,56.88999938964844,57.13999938964844,236600,0.279,2024-04-30,17,2024,30,Tuesday,1.7292,1.8866754357864526
56.0797004699707,57.40999984741211,58.29999923706055,56.52000045776367,57.349998474121094,72200,-0.017,2024-05-01,17,2024,1,Wednesday,1.7292,1.8866754357864526
57.20304870605469,58.560001373291016,58.75,57.0,58.20000076293945,102500,2.003,2024-05-02,17,2024,2,Thursday,1.7292,1.8866754357864526
59.90885925292969,61.33000183105469,61.4900016784668,59.40999984741211,59.40999984741211,177200,4.73,2024-05-03,17,2024,3,Friday,1.7292,1.8866754357864526
61.86252212524414,63.33000183105469,63.720001220703125,61.65999984741211,62.47999954223633,231600,3.261,2024-05-06,18,2024,6,Monday,0.3244,1.8385741214321494
61.891822814941406,63.36000061035156,65.81999969482422,63.0,65.81999969482422,442500,0.047,2024-05-07,18,2024,7,Tuesday,0.3244,1.8385741214321494
62.28255081176758,63.7599983215332,64.69999694824219,63.0,63.54999923706055,567300,0.631,2024-05-08,18,2024,8,Wednesday,0.3244,1.8385741214321494
61.81367492675781,63.279998779296875,64.52999877929688,62.599998474121094,64.52999877929688,303700,-0.753,2024-05-09,18,2024,9,Thursday,0.3244,1.8385741214321494
60.84661865234375,62.290000915527344,64.05000305175781,62.0,64.0,272400,-1.564,2024-05-10,18,2024,10,Friday,0.3244,1.8385741214321494
60.04561996459961,61.470001220703125,62.79999923706055,61.0099983215332,62.7599983215332,260000,-1.316,2024-05-13,19,2024,13,Monday,0.5524000000000001,1.5438339612795153
60.973602294921875,62.41999816894531,62.720001220703125,61.0099983215332,61.70000076293945,326000,1.545,2024-05-14,19,2024,14,Tuesday,0.5524000000000001,1.5438339612795153
62.51699447631836,64.0,64.30000305175781,62.52000045776367,62.63999938964844,271700,2.531,2024-05-15,19,2024,15,Wednesday,0.5524000000000001,1.5438339612795153
62.194637298583984,63.66999816894531,64.2300033569336,63.15999984741211,64.16000366210938,112700,-0.516,2024-05-16,19,2024,16,Thursday,0.5524000000000001,1.5438339612795153
62.51699447631836,64.0,64.58999633789062,63.70000076293945,63.79999923706055,159900,0.518,2024-05-17,19,2024,17,Friday,0.5524000000000001,1.5438339612795153
63.26914978027344,64.7699966430664,64.94000244140625,63.52000045776367,64.5,302000,1.203,2024-05-20,20,2024,20,Monday,-1.4282,2.541707241206194
62.36069869995117,63.84000015258789,64.93000030517578,63.29999923706055,64.70999908447266,306700,-1.436,2024-05-21,20,2024,21,Tuesday,-1.4282,2.541707241206194
59.527896881103516,60.939998626708984,63.869998931884766,60.66999816894531,63.869998931884766,509400,-4.543,2024-05-22,20,2024,22,Wednesday,-1.4282,2.541707241206194
57.55470275878906,58.91999816894531,61.5,58.779998779296875,61.5,319000,-3.315,2024-05-23,20,2024,23,Thursday,-1.4282,2.541707241206194
58.10172653198242,59.47999954223633,60.560001373291016,58.5099983215332,58.91999816894531,290600,0.95,2024-05-24,20,2024,24,Friday,-1.4282,2.541707241206194
59.410682678222656,60.81999969482422,61.31999969482422,59.84000015258789,60.34000015258789,192700,2.253,2024-05-28,21,2024,28,Tuesday,1.365,1.9460207261657483
59.811180114746094,61.22999954223633,61.290000915527344,59.93000030517578,60.380001068115234,298200,0.674,2024-05-29,21,2024,29,Wednesday,1.365,1.9460207261657483
61.91136169433594,63.380001068115234,63.54999923706055,61.209999084472656,61.310001373291016,467900,3.511,2024-05-30,21,2024,30,Thursday,1.365,1.9460207261657483
61.30572509765625,62.7599983215332,63.779998779296875,61.720001220703125,63.779998779296875,190600,-0.978,2024-05-31,21,2024,31,Friday,1.365,1.9460207261657483
59.79164123535156,61.209999084472656,63.45000076293945,60.93000030517578,63.310001373291016,292100,-2.47,2024-06-03,22,2024,3,Monday,-1.8542,1.668955571607585
57.144439697265625,58.5,60.720001220703125,58.11000061035156,60.45000076293945,379200,-4.427,2024-06-04,22,2024,4,Tuesday,-1.8542,1.668955571607585
57.09559631347656,58.45000076293945,59.11000061035156,57.220001220703125,59.11000061035156,489600,-0.085,2024-06-05,22,2024,5,Wednesday,-1.8542,1.668955571607585
56.41181945800781,57.75,58.880001068115234,57.58000183105469,58.880001068115234,202600,-1.198,2024-06-06,22,2024,6,Thursday,-1.8542,1.668955571607585
55.79642105102539,57.119998931884766,57.849998474121094,56.7599983215332,57.4900016784668,158600,-1.091,2024-06-07,22,2024,7,Friday,-1.8542,1.668955571607585
56.83185577392578,58.18000030517578,58.38999938964844,56.349998474121094,57.189998626708984,391000,1.856,2024-06-10,23,2024,10,Monday,0.47620000000000007,1.6814262398333149
55.79642105102539,57.119998931884766,57.869998931884766,56.95000076293945,57.869998931884766,172000,-1.822,2024-06-11,23,2024,11,Tuesday,0.47620000000000007,1.6814262398333149
56.40205383300781,57.7400016784668,58.5099983215332,57.189998626708984,57.189998626708984,251200,1.085,2024-06-12,23,2024,12,Wednesday,0.47620000000000007,1.6814262398333149
57.52540588378906,58.88999938964844,60.439998626708984,58.0,60.439998626708984,464500,1.992,2024-06-13,23,2024,13,Thursday,0.47620000000000007,1.6814262398333149
57.10536575317383,58.459999084472656,58.84000015258789,58.040000915527344,58.790000915527344,162700,-0.73,2024-06-14,23,2024,14,Friday,0.47620000000000007,1.6814262398333149
56.09923553466797,57.43000030517578,58.56999969482422,57.16999816894531,58.4900016784668,189700,-1.762,2024-06-17,24,2024,17,Monday,-0.74925,1.4393020009713042
56.79277801513672,58.13999938964844,58.5,57.59000015258789,57.7400016784668,82200,1.236,2024-06-18,24,2024,18,Tuesday,-0.74925,1.4393020009713042
55.73780822753906,57.060001373291016,58.630001068115234,56.36000061035156,58.13999938964844,306100,-1.858,2024-06-20,24,2024,20,Thursday,-0.74925,1.4393020009713042
55.39591598510742,56.709999084472656,57.04999923706055,56.0,56.86000061035156,116800,-0.613,2024-06-21,24,2024,21,Friday,-0.74925,1.4393020009713042
55.42522430419922,56.7400016784668,57.20000076293945,56.119998931884766,56.86000061035156,51600,0.053,2024-06-24,25,2024,24,Monday,0.1142,1.0192284827260274
56.06993103027344,57.400001525878906,57.599998474121094,56.599998474121094,56.68000030517578,110200,1.163,2024-06-25,25,2024,25,Tuesday,0.1142,1.0192284827260274
55.80618667602539,57.130001068115234,57.66999816894531,56.84000015258789,57.66999816894531,56400,-0.47,2024-06-26,25,2024,26,Wednesday,0.1142,1.0192284827260274
56.39741516113281,57.52000045776367,57.58000183105469,56.5,57.0099983215332,60900,1.059,2024-06-27,25,2024,27,Thursday,0.1142,1.0192284827260274
55.701271057128906,56.810001373291016,58.09000015258789,56.650001525878906,57.93000030517578,46200,-1.234,2024-06-28,25,2024,28,Friday,0.1142,1.0192284827260274
53.730499267578125,54.79999923706055,57.349998474121094,54.65999984741211,57.349998474121094,295300,-3.538,2024-07-01,26,2024,1,Monday,-0.16574999999999993,2.260509879798508
54.08347702026367,55.15999984741211,55.349998474121094,54.470001220703125,54.52000045776367,283200,0.657,2024-07-02,26,2024,2,Tuesday,-0.16574999999999993,2.260509879798508
54.750205993652344,55.84000015258789,56.09000015258789,55.2599983215332,55.54999923706055,63500,1.233,2024-07-03,26,2024,3,Wednesday,-0.16574999999999993,2.260509879798508
55.28947067260742,56.38999938964844,56.83000183105469,55.63999938964844,56.29999923706055,53800,0.985,2024-07-05,26,2024,5,Friday,-0.16574999999999993,2.260509879798508
55.730690002441406,56.84000015258789,57.06999969482422,56.08000183105469,56.43000030517578,73600,0.798,2024-07-08,27,2024,8,Monday,0.8752000000000001,0.29535605631169987
56.45624923706055,57.58000183105469,57.88999938964844,56.79999923706055,56.79999923706055,93700,1.302,2024-07-09,27,2024,9,Tuesday,0.8752000000000001,0.29535605631169987
56.94648742675781,58.08000183105469,58.29999923706055,57.70000076293945,57.75,87000,0.868,2024-07-10,27,2024,10,Wednesday,0.8752000000000001,0.29535605631169987
57.475948333740234,58.619998931884766,59.0,58.16999816894531,58.81999969482422,52700,0.93,2024-07-11,27,2024,11,Thursday,0.8752000000000001,0.29535605631169987
57.75048828125,58.900001525878906,59.130001068115234,58.279998779296875,58.65999984741211,135000,0.478,2024-07-12,27,2024,12,Friday,0.8752000000000001,0.29535605631169987
57.024925231933594,58.15999984741211,59.75,58.029998779296875,58.75,159500,-1.256,2024-07-15,28,2024,15,Monday,-0.7370000000000001,1.656642236573727
57.348487854003906,58.4900016784668,58.68000030517578,57.5,58.15999984741211,109100,0.567,2024-07-16,28,2024,16,Tuesday,-0.7370000000000001,1.656642236573727
55.96600341796875,57.08000183105469,58.18000030517578,56.79999923706055,58.060001373291016,225100,-2.411,2024-07-17,28,2024,17,Wednesday,-0.7370000000000001,1.656642236573727
54.84825134277344,55.939998626708984,57.45000076293945,55.68000030517578,56.939998626708984,187100,-1.997,2024-07-18,28,2024,18,Thursday,-0.7370000000000001,1.656642236573727
55.62283706665039,56.72999954223633,57.220001220703125,55.72999954223633,55.72999954223633,42800,1.412,2024-07-19,28,2024,19,Friday,-0.7370000000000001,1.656642236573727
56.41702651977539,57.540000915527344,57.540000915527344,56.72999954223633,57.0,67000,1.428,2024-07-22,29,2024,22,Monday,-0.08120000000000002,1.6350846155474645
56.95629119873047,58.09000015258789,58.290000915527344,57.150001525878906,57.150001525878906,62200,0.956,2024-07-23,29,2024,23,Tuesday,-0.08120000000000002,1.6350846155474645
55.6424446105957,56.75,58.06999969482422,56.439998626708984,57.84000015258789,67600,-2.307,2024-07-24,29,2024,24,Wednesday,-0.08120000000000002,1.6350846155474645
54.907081604003906,56.0,57.099998474121094,55.279998779296875,56.380001068115234,65500,-1.322,2024-07-25,29,2024,25,Thursday,-0.08120000000000002,1.6350846155474645
55.36791229248047,56.470001220703125,56.810001373291016,56.0099983215332,56.31999969482422,49900,0.839,2024-07-26,29,2024,26,Friday,-0.08120000000000002,1.6350846155474645
54.72079086303711,55.810001373291016,56.720001220703125,55.47999954223633,56.34000015258789,35900,-1.169,2024-07-29,30,2024,29,Monday,-0.47479999999999994,2.1799160993029068
54.544307708740234,55.630001068115234,56.439998626708984,55.36000061035156,56.0,38200,-0.323,2024-07-30,30,2024,30,Tuesday,-0.47479999999999994,2.1799160993029068
56.12288284301758,57.2400016784668,57.90999984741211,56.220001220703125,56.650001525878906,78600,2.894,2024-07-31,30,2024,31,Wednesday,-0.47479999999999994,2.1799160993029068
54.358009338378906,55.439998626708984,57.40999984741211,55.04999923706055,57.16999816894531,69700,-3.145,2024-08-01,30,2024,1,Thursday,-0.47479999999999994,2.1799160993029068
54.01484298706055,55.09000015258789,56.06999969482422,54.81999969482422,55.54999923706055,135700,-0.631,2024-08-02,30,2024,2,Friday,-0.47479999999999994,2.1799160993029068
53.387332916259766,54.45000076293945,55.130001068115234,51.09000015258789,51.45000076293945,284100,-1.162,2024-08-05,31,2024,5,Monday,1.7768000000000002,2.104820111078379
54.387428283691406,55.470001220703125,56.20000076293945,54.34000015258789,54.34000015258789,42400,1.873,2024-08-06,31,2024,6,Tuesday,1.7768000000000002,2.104820111078379
54.86785888671875,55.959999084472656,56.72999954223633,55.68000030517578,56.72999954223633,55300,0.883,2024-08-07,31,2024,7,Wednesday,1.7768000000000002,2.104820111078379
57.30926513671875,58.45000076293945,58.599998474121094,56.779998779296875,56.779998779296875,171000,4.45,2024-08-08,31,2024,8,Thursday,1.7768000000000002,2.104820111078379
58.93687057495117,60.11000061035156,60.2400016784668,58.63999938964844,58.810001373291016,96100,2.84,2024-08-09,31,2024,9,Friday,1.7768000000000002,2.104820111078379
59.63301467895508,60.81999969482422,60.959999084472656,60.02000045776367,60.25,52300,1.181,2024-08-12,32,2024,12,Monday,0.8614,1.3683293828607204
60.554664611816406,61.7599983215332,61.91999816894531,61.040000915527344,61.099998474121094,97900,1.546,2024-08-13,32,2024,13,Tuesday,0.8614,1.3683293828607204
60.691932678222656,61.900001525878906,62.43000030517578,61.43000030517578,61.75,88900,0.227,2024-08-14,32,2024,14,Wednesday,0.8614,1.3683293828607204
62.192073822021484,63.43000030517578,63.560001373291016,62.189998626708984,62.279998779296875,54600,2.472,2024-08-15,32,2024,15,Thursday,0.8614,1.3683293828607204
61.495933532714844,62.720001220703125,63.560001373291016,62.52000045776367,63.52000045776367,76300,-1.119,2024-08-16,32,2024,16,Friday,0.8614,1.3683293828607204
62.53524398803711,63.779998779296875,63.81999969482422,62.75,62.79999923706055,67700,1.69,2024-08-19,33,2024,19,Monday,-0.043400000000000105,1.8624774629508942
62.15285110473633,63.38999938964844,64.16000366210938,62.95000076293945,63.720001220703125,43200,-0.611,2024-08-20,33,2024,20,Tuesday,-0.043400000000000105,1.8624774629508942
61.603782653808594,62.83000183105469,63.459999084472656,62.77000045776367,63.459999084472656,41300,-0.883,2024-08-21,33,2024,21,Wednesday,-0.043400000000000105,1.8624774629508942
60.11345291137695,61.310001373291016,62.77000045776367,61.310001373291016,62.77000045776367,100900,-2.419,2024-08-22,33,2024,22,Thursday,-0.043400000000000105,1.8624774629508942
61.31944274902344,62.540000915527344,62.61000061035156,61.68000030517578,61.849998474121094,38300,2.006,2024-08-23,33,2024,23,Friday,-0.043400000000000105,1.8624774629508942
61.06451416015625,62.279998779296875,63.189998626708984,62.029998779296875,63.189998626708984,44100,-0.416,2024-08-26,34,2024,26,Monday,0.8423999999999999,1.5105721763623212
61.56456756591797,62.790000915527344,63.02000045776367,62.029998779296875,62.06999969482422,62900,0.819,2024-08-27,34,2024,27,Tuesday,0.8423999999999999,1.5105721763623212
61.04490661621094,62.2599983215332,62.59000015258789,61.68000030517578,62.59000015258789,37400,-0.844,2024-08-28,34,2024,28,Wednesday,0.8423999999999999,1.5105721763623212
62.231292724609375,63.470001220703125,63.77000045776367,62.38999938964844,62.38999938964844,68300,1.943,2024-08-29,34,2024,29,Thursday,0.8423999999999999,1.5105721763623212
63.917724609375,65.19000244140625,66.19000244140625,63.72999954223633,63.72999954223633,269600,2.71,2024-08-30,34,2024,30,Friday,0.8423999999999999,1.5105721763623212
62.55485534667969,63.79999923706055,64.55999755859375,63.34000015258789,64.5199966430664,139800,-2.132,2024-09-03,35,2024,3,Tuesday,-0.16049999999999998,2.3163420156214696
64.32952880859375,65.61000061035156,65.87999725341797,63.529998779296875,63.560001373291016,246600,2.837,2024-09-04,35,2024,4,Wednesday,-0.16049999999999998,2.3163420156214696
64.6432876586914,65.93000030517578,66.62000274658203,65.5,65.7699966430664,560600,0.488,2024-09-05,35,2024,5,Thursday,-0.16049999999999998,2.3163420156214696
63.45689392089844,64.72000122070312,66.1500015258789,64.29000091552734,66.05999755859375,144700,-1.835,2024-09-06,35,2024,6,Friday,-0.16049999999999998,2.3163420156214696
64.40797424316406,65.69000244140625,66.08999633789062,64.9800033569336,65.22000122070312,119600,1.499,2024-09-09,36,2024,9,Monday,1.1608,1.6041443825292037
63.47650146484375,64.73999786376953,65.73999786376953,63.63999938964844,65.62000274658203,119800,-1.446,2024-09-10,36,2024,10,Tuesday,1.1608,1.6041443825292037
64.90800476074219,66.19999694824219,66.80000305175781,64.4000015258789,64.58999633789062,208700,2.255,2024-09-11,36,2024,11,Wednesday,1.1608,1.6041443825292037
66.60425567626953,67.93000030517578,67.93000030517578,66.41999816894531,66.54000091552734,259800,2.613,2024-09-12,36,2024,12,Thursday,1.1608,1.6041443825292037
67.19254302978516,68.52999877929688,68.5999984741211,67.63999938964844,68.13999938964844,88500,0.883,2024-09-13,36,2024,13,Friday,1.1608,1.6041443825292037
67.16312408447266,68.5,69.70999908447266,68.48999786376953,68.91000366210938,191100,-0.044,2024-09-16,37,2024,16,Monday,0.25540000000000007,1.1786896538105356
66.92781066894531,68.26000213623047,68.81999969482422,67.56999969482422,68.68000030517578,119900,-0.35,2024-09-17,37,2024,17,Tuesday,0.25540000000000007,1.1786896538105356
67.42784881591797,68.7699966430664,69.56999969482422,67.5999984741211,68.30000305175781,224800,0.747,2024-09-18,37,2024,18,Wednesday,0.25540000000000007,1.1786896538105356
68.78092956542969,70.1500015258789,70.58000183105469,69.47000122070312,69.66000366210938,387200,2.007,2024-09-19,37,2024,19,Thursday,0.25540000000000007,1.1786896538105356
68.03575897216797,69.38999938964844,70.16000366210938,68.94000244140625,70.0999984741211,193000,-1.083,2024-09-20,37,2024,20,Friday,0.25540000000000007,1.1786896538105356
67.29058074951172,68.62999725341797,69.81999969482422,68.22000122070312,69.81999969482422,133100,-1.095,2024-09-23,38,2024,23,Monday,-0.514,0.5901681963643924
67.43765258789062,68.77999877929688,69.58000183105469,68.4800033569336,69.58000183105469,75100,0.219,2024-09-24,38,2024,24,Tuesday,-0.514,0.5901681963643924
66.68268585205078,68.01000213623047,69.58000183105469,67.9000015258789,68.52999877929688,159000,-1.12,2024-09-25,38,2024,25,Wednesday,-0.514,0.5901681963643924
66.59444427490234,67.91999816894531,69.1500015258789,67.76000213623047,69.1500015258789,139700,-0.132,2024-09-26,38,2024,26,Thursday,-0.514,0.5901681963643924
66.30030059814453,67.62000274658203,68.45999908447266,67.2699966430664,68.19000244140625,147700,-0.442,2024-09-27,38,2024,27,Friday,-0.514,0.5901681963643924
65.00606536865234,66.30000305175781,67.48999786376953,65.80999755859375,67.31999969482422,141700,-1.952,2024-09-30,39,2024,30,Monday,-0.12499999999999996,1.4380728423831666
65.81985473632812,67.12999725341797,67.4800033569336,65.7300033569336,66.5,87800,1.252,2024-10-01,39,2024,1,Tuesday,-0.12499999999999996,1.4380728423831666
64.99625396728516,66.29000091552734,67.43000030517578,66.05000305175781,67.43000030517578,70900,-1.251,2024-10-02,39,2024,2,Wednesday,-0.12499999999999996,1.4380728423831666
65.76103210449219,67.06999969482422,67.06999969482422,65.44999694824219,65.5,92800,1.177,2024-10-03,39,2024,3,Thursday,-0.12499999999999996,1.4380728423831666
65.85908508300781,67.16999816894531,67.4800033569336,66.86000061035156,67.4800033569336,103100,0.149,2024-10-04,39,2024,4,Friday,-0.12499999999999996,1.4380728423831666
64.8687973022461,66.16000366210938,67.4800033569336,65.80000305175781,67.4800033569336,203500,-1.504,2024-10-07,40,2024,7,Monday,1.2512,1.6713155596714822
65.81005859375,67.12000274658203,67.12000274658203,65.9000015258789,66.29000091552734,89900,1.451,2024-10-08,40,2024,8,Tuesday,1.2512,1.6713155596714822
67.8200454711914,69.16999816894531,69.19999694824219,66.8499984741211,66.87000274658203,192100,3.054,2024-10-09,40,2024,9,Wednesday,1.2512,1.6713155596714822
68.87897491455078,70.25,70.41999816894531,68.55999755859375,69.2699966430664,94900,1.561,2024-10-10,40,2024,10,Thursday,1.2512,1.6713155596714822
70.0457534790039,71.44000244140625,71.56999969482422,69.88999938964844,70.12000274658203,143000,1.694,2024-10-11,40,2024,11,Friday,1.2512,1.6713155596714822
69.72218322753906,71.11000061035156,72.16999816894531,70.58000183105469,71.29000091552734,183800,-0.462,2024-10-14,41,2024,14,Monday,0.07919999999999998,0.9856587644819073
69.62413787841797,71.01000213623047,71.1500015258789,70.0,70.69000244140625,128300,-0.141,2024-10-15,41,2024,15,Tuesday,0.07919999999999998,0.9856587644819073
68.82994079589844,70.19999694824219,71.63999938964844,69.94999694824219,71.3499984741211,59400,-1.141,2024-10-16,41,2024,16,Wednesday,0.07919999999999998,0.9856587644819073
69.4182357788086,70.80000305175781,71.19999694824219,70.0,70.22000122070312,69800,0.855,2024-10-17,41,2024,17,Thursday,0.07919999999999998,0.9856587644819073
70.31047821044922,71.70999908447266,71.70999908447266,70.5,71.37000274658203,111600,1.285,2024-10-18,41,2024,18,Friday,0.07919999999999998,0.9856587644819073
70.44774627685547,71.8499984741211,71.9800033569336,71.0,71.30999755859375,87100,0.195,2024-10-21,42,2024,21,Monday,0.6204,1.7163942728872057
70.2712631225586,71.66999816894531,72.25,71.37999725341797,71.80000305175781,90400,-0.251,2024-10-22,42,2024,22,Tuesday,0.6204,1.7163942728872057
69.39862823486328,70.77999877929688,71.5,70.05999755859375,71.3499984741211,112900,-1.242,2024-10-23,42,2024,23,Wednesday,0.6204,1.7163942728872057
71.68315887451172,73.11000061035156,73.19999694824219,70.9000015258789,70.9000015258789,247300,3.292,2024-10-24,42,2024,24,Thursday,0.6204,1.7163942728872057
72.47734069824219,73.91999816894531,74.22000122070312,72.76000213623047,73.52999877929688,174600,1.108,2024-10-25,42,2024,25,Friday,0.6204,1.7163942728872057
72.72246551513672,74.16999816894531,75.0,73.83999633789062,74.13999938964844,150400,0.338,2024-10-28,43,2024,28,Monday,-0.2754,0.7199644435664861
71.90866088867188,73.33999633789062,74.7699966430664,73.11000061035156,74.16999816894531,109500,-1.119,2024-10-29,43,2024,29,Tuesday,-0.2754,0.7199644435664861
71.2125244140625,72.62999725341797,73.63999938964844,72.01000213623047,72.83000183105469,140700,-0.968,2024-10-30,43,2024,30,Wednesday,-0.2754,0.7199644435664861
71.48706817626953,72.91000366210938,73.20999908447266,71.76000213623047,72.4800033569336,168700,0.386,2024-10-31,43,2024,31,Thursday,-0.2754,0.7199644435664861
71.47725677490234,72.9000015258789,74.58999633789062,72.7300033569336,73.52999877929688,398500,-0.014,2024-11-01,43,2024,1,Friday,-0.2754,0.7199644435664861
72.1537857055664,73.58999633789062,74.58999633789062,72.9000015258789,73.31999969482422,90900,0.946,2024-11-04,44,2024,4,Monday,0.398,2.057013976617563
72.89895629882812,74.3499984741211,74.54000091552734,73.22000122070312,74.16000366210938,92700,1.033,2024-11-05,44,2024,5,Tuesday,0.398,2.057013976617563
75.05601501464844,76.55000305175781,77.20999908447266,73.80999755859375,74.8499984741211,539300,2.959,2024-11-06,44,2024,6,Wednesday,0.398,2.057013976617563
73.08524322509766,74.54000091552734,76.02999877929688,73.51000213623047,76.02999877929688,664200,-2.626,2024-11-07,44,2024,7,Thursday,0.398,2.057013976617563
72.84993743896484,74.30000305175781,75.5,73.19999694824219,74.75,209400,-0.322,2024-11-08,44,2024,8,Friday,0.398,2.057013976617563
73.34017944335938,74.80000305175781,75.20999908447266,73.0,74.30999755859375,275100,0.673,2024-11-11,45,2024,11,Monday,0.9843999999999999,0.2141501809478572
74.00689697265625,75.4800033569336,75.83999633789062,74.05000305175781,75.19000244140625,244300,0.909,2024-11-12,45,2024,12,Tuesday,0.9843999999999999,0.2141501809478572
74.88933563232422,76.37999725341797,76.66999816894531,75.43000030517578,76.0,222600,1.192,2024-11-13,45,2024,13,Wednesday,0.9843999999999999,0.2141501809478572
75.77177429199219,77.27999877929688,77.66000366210938,75.91999816894531,76.9000015258789,163600,1.178,2024-11-14,45,2024,14,Thursday,0.9843999999999999,0.2141501809478572
76.50713348388672,78.02999877929688,79.31999969482422,77.20999908447266,77.88999938964844,412000,0.97,2024-11-15,45,2024,15,Friday,0.9843999999999999,0.2141501809478572
79.4485855102539,81.02999877929688,81.80999755859375,78.04000091552734,78.56999969482422,596000,3.845,2024-11-18,46,2024,18,Monday,1.1760000000000002,1.7221083008916716
78.96815490722656,80.54000091552734,80.98999786376953,79.37999725341797,80.91000366210938,327900,-0.605,2024-11-19,46,2024,19,Tuesday,1.1760000000000002,1.7221083008916716
79.90941619873047,81.5,81.5,79.93000030517578,81.04000091552734,326500,1.192,2024-11-20,46,2024,20,Wednesday,1.1760000000000002,1.7221083008916716
79.8800048828125,81.47000122070312,82.16000366210938,80.5,82.16000366210938,393800,-0.037,2024-11-21,46,2024,21,Thursday,1.1760000000000002,1.7221083008916716
81.0663833618164,82.68000030517578,83.44000244140625,80.68000030517578,81.58000183105469,416100,1.485,2024-11-22,46,2024,22,Friday,1.1760000000000002,1.7221083008916716
81.54682159423828,83.16999816894531,84.43000030517578,82.26000213623047,83.7300033569336,674400,0.593,2024-11-25,47,2024,25,Monday,0.25699999999999995,1.004640234113685
82.23316192626953,83.87000274658203,84.86000061035156,82.63999938964844,83.25,459700,0.842,2024-11-26,47,2024,26,Tuesday,0.25699999999999995,1.004640234113685
81.21345520019531,82.83000183105469,84.62999725341797,82.5,84.47000122070312,333500,-1.24,2024-11-27,47,2024,27,Wednesday,0.25699999999999995,1.004640234113685
81.8899917602539,83.5199966430664,83.58999633789062,81.81999969482422,82.62999725341797,172300,0.833,2024-11-29,47,2024,29,Friday,0.25699999999999995,1.004640234113685
82.34101104736328,83.9800033569336,84.38999938964844,83.33000183105469,83.9000015258789,423600,0.551,2024-12-02,48,2024,2,Monday,0.13620000000000002,1.090203513111199
82.28218078613281,83.91999816894531,85.05000305175781,83.5199966430664,84.58000183105469,399500,-0.071,2024-12-03,48,2024,3,Tuesday,0.13620000000000002,1.090203513111199
81.05657196044922,82.66999816894531,84.33000183105469,82.0199966430664,84.33000183105469,442200,-1.49,2024-12-04,48,2024,4,Wednesday,0.13620000000000002,1.090203513111199
82.28218078613281,83.91999816894531,84.38999938964844,82.4000015258789,82.86000061035156,289500,1.512,2024-12-05,48,2024,5,Thursday,0.13620000000000002,1.090203513111199
82.42925262451172,84.06999969482422,84.25,83.04000091552734,84.25,200100,0.179,2024-12-06,48,2024,6,Friday,0.13620000000000002,1.090203513111199
82.48808288574219,84.12999725341797,86.75,83.93000030517578,84.79000091552734,877500,0.071,2024-12-09,49,2024,9,Monday,0.5706,1.9987894586474086
82.1155014038086,83.75,85.33999633789062,83.02999877929688,84.62000274658203,272400,-0.452,2024-12-10,49,2024,10,Tuesday,0.5706,1.9987894586474086
85.48836517333984,87.19000244140625,87.3499984741211,83.51000213623047,84.55999755859375,440700,4.107,2024-12-11,49,2024,11,Wednesday,0.5706,1.9987894586474086
84.88046264648438,86.56999969482422,87.9000015258789,86.37999725341797,87.30000305175781,458300,-0.711,2024-12-12,49,2024,12,Thursday,0.5706,1.9987894586474086
84.74320220947266,86.43000030517578,87.2300033569336,85.51000213623047,87.18000030517578,435000,-0.162,2024-12-13,49,2024,13,Friday,0.5706,1.9987894586474086
86.55709075927734,88.27999877929688,89.81999969482422,86.80000305175781,87.12000274658203,695500,2.14,2024-12-16,50,2024,16,Monday,-0.9468,3.300657161839139
86.05703735351562,87.7699966430664,88.4800033569336,86.86000061035156,88.4800033569336,437700,-0.578,2024-12-17,50,2024,17,Tuesday,-0.9468,3.300657161839139
80.7722396850586,82.37999725341797,88.3499984741211,81.91000366210938,88.20999908447266,727200,-6.141,2024-12-18,50,2024,18,Wednesday,-0.9468,3.300657161839139
79.37995147705078,80.95999908447266,84.26000213623047,80.87000274658203,83.95999908447266,451600,-1.724,2024-12-19,50,2024,19,Thursday,-0.9468,3.300657161839139
80.62516784667969,82.2300033569336,83.01000213623047,79.68000030517578,80.76000213623047,538300,1.569,2024-12-20,50,2024,20,Friday,-0.9468,3.300657161839139
82.22335815429688,83.86000061035156,84.12000274658203,82.30999755859375,84.12000274658203,421200,1.982,2024-12-23,51,2024,23,Monday,0.83825,0.9773468763272672
83.30189514160156,84.95999908447266,84.97000122070312,83.88999938964844,84.29000091552734,223200,1.312,2024-12-24,51,2024,24,Tuesday,0.83825,0.9773468763272672
83.41954803466797,85.08000183105469,85.77999877929688,84.2699966430664,84.97000122070312,238600,0.141,2024-12-26,51,2024,26,Thursday,0.83825,0.9773468763272672
83.35091400146484,85.01000213623047,85.2699966430664,83.94999694824219,85.2699966430664,377500,-0.082,2024-12-27,51,2024,27,Friday,0.83825,0.9773468763272672
82.32261657714844,83.0199966430664,83.94000244140625,82.4000015258789,83.94000244140625,406900,-1.234,2024-12-30,52,2024,30,Monday,-0.828,0.5741707063234766
81.97555541992188,82.66999816894531,83.63999938964844,82.48999786376953,83.27999877929688,201200,-0.422,2024-12-31,52,2024,31,Tuesday,-0.828,0.5741707063234766
86.73523712158203,87.47000122070312,87.58000183105469,83.11000061035156,83.29000091552734,995300,5.806,2025-01-02,00,2025,2,Thursday,3.326,3.5072496346852757
87.46902465820312,88.20999908447266,88.80999755859375,86.30000305175781,88.73999786376953,546700,0.846,2025-01-03,00,2025,3,Friday,3.326,3.5072496346852757
87.8359146118164,88.58000183105469,90.66000366210938,88.43000030517578,89.75,1202500,0.419,2025-01-06,01,2025,6,Monday,0.09250000000000003,1.1266121781695775
88.53995513916016,89.29000091552734,91.25,88.37000274658203,89.5999984741211,513700,0.802,2025-01-07,01,2025,7,Tuesday,0.09250000000000003,1.1266121781695775
87.14179229736328,87.87999725341797,89.26000213623047,86.81999969482422,89.19000244140625,638500,-1.579,2025-01-08,01,2025,8,Wednesday,0.09250000000000003,1.1266121781695775
87.77642059326172,88.5199966430664,89.45999908447266,87.0199966430664,89.0999984741211,482200,0.728,2025-01-10,01,2025,10,Friday,0.09250000000000003,1.1266121781695775
84.61322021484375,85.33000183105469,87.9000015258789,84.93000030517578,87.88999938964844,722100,-3.604,2025-01-13,02,2025,13,Monday,-0.8222000000000002,2.543354025691272
86.8244857788086,87.55999755859375,88.37000274658203,86.0,86.29000091552734,475400,2.613,2025-01-14,02,2025,14,Tuesday,-0.8222000000000002,2.543354025691272
87.67725372314453,88.41999816894531,89.30000305175781,87.33000183105469,89.1500015258789,487500,0.982,2025-01-15,02,2025,15,Wednesday,-0.8222000000000002,2.543354025691272
86.03120422363281,86.76000213623047,88.5999984741211,86.5,88.5199966430664,491700,-1.877,2025-01-16,02,2025,16,Thursday,-0.8222000000000002,2.543354025691272
84.11741638183594,84.83000183105469,87.0,84.13999938964844,87.0,466100,-2.225,2025-01-17,02,2025,17,Friday,-0.8222000000000002,2.543354025691272
86.52700805664062,87.26000213623047,87.37999725341797,84.41000366210938,85.0,648000,2.865,2025-01-21,03,2025,21,Tuesday,0.37775000000000003,1.7532604626808876
86.74515533447266,87.4800033569336,88.25,86.68000030517578,87.62000274658203,385300,0.252,2025-01-22,03,2025,22,Wednesday,0.37775000000000003,1.7532604626808876
85.7535629272461,86.4800033569336,87.5199966430664,86.20999908447266,87.5199966430664,284000,-1.143,2025-01-23,03,2025,23,Thursday,0.37775000000000003,1.7532604626808876
85.35691833496094,86.08000183105469,88.0,85.41000366210938,87.12000274658203,314000,-0.463,2025-01-24,03,2025,24,Friday,0.37775000000000003,1.7532604626808876
83.12582397460938,83.83000183105469,84.83000183105469,82.83000183105469,84.83000183105469,473800,-2.614,2025-01-27,04,2025,27,Monday,0.11580000000000004,2.4097699475261116
83.16548156738281,83.87000274658203,84.23999786376953,81.93000030517578,84.05999755859375,322600,0.048,2025-01-28,04,2025,28,Tuesday,0.11580000000000004,2.4097699475261116
85.74364471435547,86.47000122070312,86.4800033569336,83.5,84.16000366210938,332400,3.1,2025-01-29,04,2025,29,Wednesday,0.11580000000000004,2.4097699475261116
87.35002899169922,88.08999633789062,89.19999694824219,87.2699966430664,87.54000091552734,713700,1.873,2025-01-30,04,2025,30,Thursday,0.11580000000000004,2.4097699475261116
85.7535629272461,86.4800033569336,88.36000061035156,86.30999755859375,88.36000061035156,384000,-1.828,2025-01-31,04,2025,31,Friday,0.11580000000000004,2.4097699475261116
84.26615905761719,84.9800033569336,85.30999755859375,83.0999984741211,84.5,535100,-1.735,2025-02-03,05,2025,3,Monday,-0.2632000000000001,2.407117820132617
85.5750732421875,86.30000305175781,86.91999816894531,85.27999877929688,85.37999725341797,204100,1.553,2025-02-04,05,2025,4,Tuesday,-0.2632000000000001,2.407117820132617
84.87102508544922,85.58999633789062,86.7300033569336,85.30999755859375,86.2699966430664,142600,-0.823,2025-02-05,05,2025,5,Wednesday,-0.2632000000000001,2.407117820132617
87.24095916748047,87.9800033569336,88.0,85.87000274658203,86.0,674200,2.792,2025-02-06,05,2025,6,Thursday,-0.2632000000000001,2.407117820132617
84.53388977050781,85.25,88.0999984741211,84.63999938964844,88.08999633789062,471000,-3.103,2025-02-07,05,2025,7,Friday,-0.2632000000000001,2.407117820132617
85.25775909423828,85.9800033569336,87.06999969482422,85.52999877929688,85.55000305175781,214200,0.856,2025-02-10,06,2025,10,Monday,0.07699999999999993,2.0064053678157863
82.48127746582031,83.18000030517578,85.4000015258789,82.80000305175781,85.33999633789062,540800,-3.257,2025-02-11,06,2025,11,Tuesday,0.07699999999999993,2.0064053678157863
83.01673889160156,83.72000122070312,84.7699966430664,81.83000183105469,82.25,565900,0.649,2025-02-12,06,2025,12,Wednesday,0.07699999999999993,2.0064053678157863
84.75203704833984,85.47000122070312,85.63999938964844,83.5,83.80999755859375,245200,2.09,2025-02-13,06,2025,13,Thursday,0.07699999999999993,2.0064053678157863
84.79170989990234,85.51000213623047,85.91000366210938,84.73999786376953,85.58000183105469,247200,0.047,2025-02-14,06,2025,14,Friday,0.07699999999999993,2.0064053678157863
84.57354736328125,85.29000091552734,85.69999694824219,83.02999877929688,83.55999755859375,710200,-0.257,2025-02-18,07,2025,18,Tuesday,0.38449999999999995,0.9907951352323042
84.86112213134766,85.58000183105469,86.80000305175781,84.91000366210938,84.91000366210938,307800,0.34,2025-02-19,07,2025,19,Wednesday,0.38449999999999995,0.9907951352323042
86.38818359375,87.12000274658203,87.4800033569336,84.79000091552734,86.08999633789062,295100,1.799,2025-02-20,07,2025,20,Thursday,0.38449999999999995,0.9907951352323042
86.09070587158203,86.81999969482422,90.44999694824219,86.5999984741211,89.66999816894531,892500,-0.344,2025-02-21,07,2025,21,Friday,0.38449999999999995,0.9907951352323042
84.99994659423828,85.72000122070312,88.19999694824219,84.94999694824219,86.94999694824219,459400,-1.267,2025-02-24,08,2025,24,Monday,-0.933,1.949520453855255
83.4827880859375,84.19000244140625,86.22000122070312,82.80000305175781,86.04000091552734,624400,-1.785,2025-02-25,08,2025,25,Tuesday,-0.933,1.949520453855255
84.2165756225586,84.93000030517578,85.69000244140625,84.30000305175781,84.5,209900,0.879,2025-02-26,08,2025,26,Wednesday,-0.933,1.949520453855255
81.20211029052734,81.88999938964844,85.06999969482422,81.66000366210938,84.76000213623047,358500,-3.579,2025-02-27,08,2025,27,Thursday,-0.933,1.949520453855255
82.08463287353516,82.77999877929688,82.98999786376953,80.33000183105469,80.87999725341797,246600,1.087,2025-02-28,08,2025,28,Friday,-0.933,1.949520453855255
81.01370239257812,81.69999694824219,85.0999984741211,81.22000122070312,84.08999633789062,323500,-1.305,2025-03-03,09,2025,3,Monday,-0.13499999999999995,1.9527740524699726
80.18077087402344,80.86000061035156,82.19999694824219,78.97000122070312,81.0,398500,-1.028,2025-03-04,09,2025,4,Tuesday,-0.13499999999999995,1.9527740524699726
82.58043670654297,83.27999877929688,83.4000015258789,81.02999877929688,81.30999755859375,299900,2.993,2025-03-05,09,2025,5,Wednesday,-0.13499999999999995,1.9527740524699726
81.06328582763672,81.75,83.76000213623047,81.30999755859375,82.80999755859375,294700,-1.837,2025-03-06,09,2025,6,Thursday,-0.13499999999999995,1.9527740524699726
81.4698486328125,82.16000366210938,82.61000061035156,79.19000244140625,82.23999786376953,637600,0.502,2025-03-07,09,2025,7,Friday,-0.13499999999999995,1.9527740524699726
77.79100799560547,78.44999694824219,80.94999694824219,77.44999694824219,80.94999694824219,930600,-4.516,2025-03-10,10,2025,10,Monday,0.4922000000000001,3.374781504038447
78.9115219116211,79.58000183105469,80.33999633789062,78.16000366210938,78.55000305175781,586100,1.44,2025-03-11,10,2025,11,Tuesday,0.4922000000000001,3.374781504038447
81.79706573486328,82.48999786376953,82.70999908447266,80.31999969482422,80.55000305175781,242700,3.657,2025-03-12,10,2025,12,Wednesday,0.4922000000000001,3.374781504038447
80.81539154052734,81.5,82.66000366210938,81.20999908447266,82.19000244140625,202900,-1.2,2025-03-13,10,2025,13,Thursday,0.4922000000000001,3.374781504038447
83.30431365966797,84.01000213623047,84.08000183105469,82.26000213623047,82.52999877929688,323800,3.08,2025-03-14,10,2025,14,Friday,0.4922000000000001,3.374781504038447
83.93892669677734,84.6500015258789,85.08000183105469,83.91999816894531,84.0,205700,0.762,2025-03-17,11,2025,17,Monday,0.17419999999999997,2.9024390088337775
80.43858337402344,81.12000274658203,84.4800033569336,80.77999877929688,84.37000274658203,496300,-4.17,2025-03-18,11,2025,18,Tuesday,0.17419999999999997,2.9024390088337775
83.2745590209961,83.9800033569336,84.13999938964844,81.33999633789062,81.58000183105469,322400,3.526,2025-03-19,11,2025,19,Wednesday,0.17419999999999997,2.9024390088337775
82.540771484375,83.23999786376953,84.1500015258789,82.98999786376953,83.19999694824219,193800,-0.881,2025-03-20,11,2025,20,Thursday,0.17419999999999997,2.9024390088337775
83.88935089111328,84.5999984741211,84.91999816894531,82.26000213623047,82.58999633789062,245200,1.634,2025-03-21,11,2025,21,Friday,0.17419999999999997,2.9024390088337775
83.85960388183594,84.56999969482422,86.08000183105469,84.56999969482422,85.58999633789062,193400,-0.035,2025-03-24,12,2025,24,Monday,-0.31079999999999997,2.237704001873349
86.42784881591797,87.16000366210938,87.5199966430664,85.08999633789062,85.08999633789062,502800,3.063,2025-03-25,12,2025,25,Tuesday,-0.31079999999999997,2.237704001873349
84.31573486328125,85.02999877929688,87.37999725341797,84.72000122070312,87.37999725341797,283800,-2.444,2025-03-26,12,2025,26,Wednesday,-0.31079999999999997,2.237704001873349
84.42481231689453,85.13999938964844,86.87999725341797,84.69000244140625,85.5,204500,0.129,2025-03-27,12,2025,27,Thursday,-0.31079999999999997,2.237704001873349
82.51102447509766,83.20999908447266,85.04000091552734,82.66000366210938,85.04000091552734,220400,-2.267,2025-03-28,12,2025,28,Friday,-0.31079999999999997,2.237704001873349
80.09151458740234,80.7699966430664,81.91999816894531,79.41000366210938,81.91000366210938,456700,-2.932,2025-03-31,13,2025,31,Monday,-2.362,3.2507516053983574
80.68648529052734,81.37000274658203,82.01000213623047,80.20999908447266,80.7699966430664,233000,0.743,2025-04-01,13,2025,1,Tuesday,-2.362,3.2507516053983574
80.64682006835938,81.33000183105469,81.72000122070312,80.6500015258789,80.97000122070312,112700,-0.049,2025-04-02,13,2025,2,Wednesday,-2.362,3.2507516053983574
79.01067352294922,79.68000030517578,80.5,78.5,79.05000305175781,257400,-2.029,2025-04-03,13,2025,3,Thursday,-2.362,3.2507516053983574
73.05116271972656,73.66999816894531,77.38999938964844,71.87000274658203,76.93000030517578,563800,-7.543,2025-04-04,13,2025,4,Friday,-2.362,3.2507516053983574
70.32426452636719,70.91999816894531,75.0999984741211,68.94000244140625,70.0,517200,-3.733,2025-04-07,14,2025,7,Monday,1.6150000000000002,5.75451049177947
69.70948028564453,70.30000305175781,74.88999938964844,69.76000213623047,73.58999633789062,308100,-0.874,2025-04-08,14,2025,8,Tuesday,1.6150000000000002,5.75451049177947
75.9962158203125,76.63999938964844,77.33999633789062,68.27999877929688,69.43000030517578,400800,9.018,2025-04-09,14,2025,9,Wednesday,1.6150000000000002,5.75451049177947
73.87419128417969,74.5,75.81999969482422,71.94000244140625,75.52999877929688,261600,-2.792,2025-04-10,14,2025,10,Thursday,1.6150000000000002,5.75451049177947
78.64378356933594,79.30999755859375,79.62000274658203,74.7699966430664,74.7699966430664,500100,6.456,2025-04-11,14,2025,11,Friday,1.6150000000000002,5.75451049177947
83.45304870605469,84.16000366210938,86.47000122070312,82.9000015258789,84.66999816894531,536200,6.115,2025-04-14,15,2025,14,Monday,1.999,2.9277613746114395
83.19522857666016,83.9000015258789,85.06999969482422,83.13999938964844,84.73999786376953,363500,-0.309,2025-04-15,15,2025,15,Tuesday,1.999,2.9277613746114395
83.31422424316406,84.0199966430664,85.19999694824219,83.02999877929688,83.02999877929688,180100,0.143,2025-04-16,15,2025,16,Wednesday,1.999,2.9277613746114395
85.01976776123047,85.73999786376953,86.69000244140625,84.61000061035156,84.61000061035156,182500,2.047,2025-04-17,15,2025,17,Thursday,1.999,2.9277613746114395
82.79859161376953,83.5,85.73999786376953,82.4000015258789,85.7300033569336,200900,-2.613,2025-04-21,16,2025,21,Monday,0.2222,2.1168379012101988
85.46599578857422,86.19000244140625,86.9800033569336,84.33000183105469,84.33000183105469,263700,3.222,2025-04-22,16,2025,22,Tuesday,0.2222,2.1168379012101988
85.91221618652344,86.63999938964844,88.43000030517578,86.06999969482422,87.98999786376953,244300,0.522,2025-04-23,16,2025,23,Wednesday,0.2222,2.1168379012101988
86.40801239013672,87.13999938964844,88.5,86.68000030517578,87.20999908447266,145400,0.577,2025-04-24,16,2025,24,Thursday,0.2222,2.1168379012101988
85.89238739013672,86.62000274658203,87.5199966430664,86.11000061035156,86.94000244140625,151300,-0.597,2025-04-25,16,2025,25,Friday,0.2222,2.1168379012101988
85.20817565917969,85.93000030517578,87.25,84.94999694824219,86.72000122070312,193800,-0.797,2025-04-28,17,2025,28,Monday,-0.5953999999999999,0.8838349959126985
85.41641235351562,86.13999938964844,86.4800033569336,85.36000061035156,86.05000305175781,301400,0.244,2025-04-29,17,2025,29,Tuesday,-0.5953999999999999,0.8838349959126985
84.98011016845703,85.69999694824219,85.98999786376953,83.9000015258789,85.5,161400,-0.511,2025-04-30,17,2025,30,Wednesday,-0.5953999999999999,0.8838349959126985
83.29438781738281,84.0,86.37000274658203,83.56999969482422,85.7300033569336,570400,-1.984,2025-05-01,17,2025,1,Thursday,-0.5953999999999999,0.8838349959126985
83.3538818359375,84.05999755859375,85.62000274658203,83.45999908447266,85.01000213623047,401900,0.071,2025-05-02,17,2025,2,Friday,-0.5953999999999999,0.8838349959126985
82.282958984375,82.9800033569336,84.6500015258789,82.94000244140625,83.9000015258789,220100,-1.285,2025-05-05,18,2025,5,Monday,1.2718,1.57359245041402
83.95875549316406,84.66999816894531,84.81999969482422,82.3499984741211,82.68000030517578,297800,2.037,2025-05-06,18,2025,6,Tuesday,1.2718,1.57359245041402
84.7222900390625,85.44000244140625,85.93000030517578,84.33000183105469,84.66000366210938,170900,0.909,2025-05-07,18,2025,7,Wednesday,1.2718,1.57359245041402
86.36834716796875,87.0999984741211,87.97000122070312,85.69999694824219,87.5999984741211,773800,1.943,2025-05-08,18,2025,8,Thursday,1.2718,1.57359245041402
88.74818420410156,89.5,89.69999694824219,87.69000244140625,87.87999725341797,1050300,2.755,2025-05-09,18,2025,9,Friday,1.2718,1.57359245041402
90.6718978881836,91.44000244140625,91.58000183105469,89.73999786376953,91.26000213623047,521200,2.168,2025-05-12,19,2025,12,Monday,0.7364,1.1464348215227937
92.23861694335938,93.0199966430664,93.91000366210938,91.47000122070312,92.04000091552734,338500,1.728,2025-05-13,19,2025,13,Tuesday,0.7364,1.1464348215227937
92.5559310913086,93.33999633789062,93.37999725341797,91.76000213623047,93.22000122070312,192200,0.344,2025-05-14,19,2025,14,Wednesday,0.7364,1.1464348215227937
92.35761260986328,93.13999938964844,93.55999755859375,91.62999725341797,93.0,120100,-0.214,2025-05-15,19,2025,15,Thursday,0.7364,1.1464348215227937
92.04029846191406,92.81999969482422,92.94999694824219,91.76000213623047,92.94000244140625,207500,-0.344,2025-05-16,19,2025,16,Friday,0.7364,1.1464348215227937
93.70618438720703,94.5,95.87000274658203,92.62999725341797,92.80999755859375,987600,1.81,2025-05-19,20,2025,19,Monday,0.03940000000000003,1.12233007622535
93.68635559082031,94.4800033569336,95.19999694824219,93.69000244140625,94.94999694824219,212800,-0.021,2025-05-20,20,2025,20,Tuesday,0.03940000000000003,1.12233007622535
92.50635528564453,93.29000091552734,95.19999694824219,93.19999694824219,94.55999755859375,276000,-1.26,2025-05-21,20,2025,21,Wednesday,0.03940000000000003,1.12233007622535
92.58568572998047,93.37000274658203,94.1500015258789,92.12999725341797,92.8499984741211,146800,0.086,2025-05-22,20,2025,22,Thursday,0.03940000000000003,1.12233007622535
92.19895935058594,92.9800033569336,93.43000030517578,91.30999755859375,92.2699966430664,163100,-0.418,2025-05-23,20,2025,23,Friday,0.03940000000000003,1.12233007622535
92.33778381347656,93.12000274658203,94.0999984741211,92.72000122070312,94.0999984741211,185100,0.151,2025-05-27,21,2025,27,Tuesday,-0.7445,0.9094238102593679
92.0006332397461,92.77999877929688,93.30000305175781,90.45999908447266,92.86000061035156,444700,-0.365,2025-05-28,21,2025,28,Wednesday,-0.7445,0.9094238102593679
90.17609405517578,90.94000244140625,93.55999755859375,90.72000122070312,93.36000061035156,283600,-1.983,2025-05-29,21,2025,29,Thursday,-0.7445,0.9094238102593679
89.47206115722656,90.2300033569336,90.87999725341797,89.06999969482422,90.87999725341797,426700,-0.781,2025-05-30,21,2025,30,Friday,-0.7445,0.9094238102593679
88.88700866699219,89.63999938964844,90.9800033569336,89.41000366210938,90.25,293200,-0.654,2025-06-02,22,2025,2,Monday,-0.6158,1.6053137388062184
89.50180053710938,90.26000213623047,90.94000244140625,88.69000244140625,89.33000183105469,205600,0.692,2025-06-03,22,2025,3,Tuesday,-0.6158,1.6053137388062184
86.50717163085938,87.23999786376953,90.76000213623047,87.1500015258789,90.76000213623047,481600,-3.346,2025-06-04,22,2025,4,Wednesday,-0.6158,1.6053137388062184
86.77490234375,87.51000213623047,88.20999908447266,87.16000366210938,87.58000183105469,305900,0.309,2025-06-05,22,2025,5,Thursday,-0.6158,1.6053137388062184
86.70549774169922,87.44000244140625,88.19000244140625,85.69000244140625,88.0199966430664,482800,-0.08,2025-06-06,22,2025,6,Friday,-0.6158,1.6053137388062184
85.23792266845703,85.95999908447266,87.98999786376953,85.88999938964844,87.58999633789062,1413000,-1.693,2025-06-09,23,2025,9,Monday,-0.2314,1.5756352052426348
87.02281188964844,87.76000213623047,88.31999969482422,86.2300033569336,86.37999725341797,843900,2.094,2025-06-10,23,2025,10,Tuesday,-0.2314,1.5756352052426348
86.52700805664062,87.26000213623047,88.13999938964844,86.45999908447266,88.13999938964844,642600,-0.57,2025-06-11,23,2025,11,Wednesday,-0.2314,1.5756352052426348
86.9930648803711,87.7300033569336,88.30000305175781,86.7300033569336,87.44000244140625,256200,0.539,2025-06-12,23,2025,12,Thursday,-0.2314,1.5756352052426348
85.664306640625,86.38999938964844,87.94000244140625,85.75,87.30000305175781,384200,-1.527,2025-06-13,23,2025,13,Friday,-0.2314,1.5756352052426348
86.2196044921875,86.94999694824219,87.63999938964844,86.66999816894531,87.0,136200,0.648,2025-06-16,24,2025,16,Monday,-0.47925,1.133031736831174
85.17842864990234,85.9000015258789,86.95999908447266,85.3499984741211,86.55999755859375,259400,-1.208,2025-06-17,24,2025,17,Tuesday,-0.47925,1.133031736831174
85.44615936279297,86.16999816894531,87.19999694824219,85.86000061035156,85.94000244140625,261500,0.314,2025-06-18,24,2025,18,Wednesday,-0.47925,1.133031736831174
84.01825714111328,84.7300033569336,86.79000091552734,84.5,86.79000091552734,441400,-1.671,2025-06-20,24,2025,20,Friday,-0.47925,1.133031736831174
83.42329406738281,84.12999725341797,85.44999694824219,83.44999694824219,84.41000366210938,384800,-0.708,2025-06-23,25,2025,23,Monday,0.172,1.5590460224124238
85.46599578857422,86.19000244140625,86.66999816894531,84.38999938964844,84.5999984741211,319400,2.449,2025-06-24,25,2025,24,Tuesday,0.172,1.5590460224124238
84.09757995605469,84.80999755859375,86.69999694824219,84.58000183105469,86.37000274658203,165300,-1.601,2025-06-25,25,2025,25,Wednesday,0.172,1.5590460224124238
84.8412857055664,85.55999755859375,86.36000061035156,84.93000030517578,84.93000030517578,162900,0.884,2025-06-26,25,2025,26,Thursday,0.172,1.5590460224124238
84.70234680175781,85.3499984741211,85.79000091552734,84.69999694824219,85.48999786376953,154300,-0.164,2025-06-27,25,2025,27,Friday,0.172,1.5590460224124238
84.08705139160156,84.7300033569336,86.16999816894531,83.5,85.45999908447266,239900,-0.726,2025-06-30,26,2025,30,Monday,-0.10449999999999998,1.0281262892595766
83.07479095458984,83.70999908447266,85.20999908447266,83.37999725341797,84.75,246800,-1.204,2025-07-01,26,2025,1,Tuesday,-0.10449999999999998,1.0281262892595766
83.52137756347656,84.16000366210938,85.0,83.6500015258789,83.6500015258789,299800,0.538,2025-07-02,26,2025,2,Wednesday,-0.10449999999999998,1.0281262892595766
84.33515930175781,84.9800033569336,85.38999938964844,84.58999633789062,84.70999908447266,127000,0.974,2025-07-03,26,2025,3,Thursday,-0.10449999999999998,1.0281262892595766
82.3801040649414,83.01000213623047,84.87000274658203,82.3499984741211,84.7300033569336,396500,-2.318,2025-07-07,27,2025,7,Monday,-1.076,1.8578768796666802
84.14659881591797,84.79000091552734,84.80999755859375,82.0199966430664,82.80000305175781,310000,2.144,2025-07-08,27,2025,8,Tuesday,-1.076,1.8578768796666802
82.82669067382812,83.45999908447266,85.33000183105469,83.3499984741211,85.20999908447266,379500,-1.569,2025-07-09,27,2025,9,Wednesday,-1.076,1.8578768796666802
81.7548828125,82.37999725341797,83.30999755859375,81.44000244140625,83.30999755859375,746700,-1.294,2025-07-10,27,2025,10,Thursday,-1.076,1.8578768796666802
79.83952331542969,80.44999694824219,82.22000122070312,80.2300033569336,82.22000122070312,453800,-2.343,2025-07-11,27,2025,11,Friday,-1.076,1.8578768796666802
79.57157897949219,80.18000030517578,80.54000091552734,79.51000213623047,80.37999725341797,402100,-0.336,2025-07-14,28,2025,14,Monday,0.03059999999999997,0.9015399602901691
80.3853530883789,81.0,81.2300033569336,79.47000122070312,80.45999908447266,288600,1.023,2025-07-15,28,2025,15,Tuesday,0.03059999999999997,0.9015399602901691
79.31354522705078,79.91999816894531,81.5999984741211,79.51000213623047,81.5999984741211,268600,-1.333,2025-07-16,28,2025,16,Wednesday,0.03059999999999997,0.9015399602901691
79.62120056152344,80.2300033569336,81.2300033569336,79.80000305175781,79.8499984741211,209200,0.388,2025-07-17,28,2025,17,Thursday,0.03059999999999997,0.9015399602901691
79.94869232177734,80.55999755859375,81.69000244140625,80.43000030517578,80.63999938964844,194600,0.411,2025-07-18,28,2025,18,Friday,0.03059999999999997,0.9015399602901691
79.30362701416016,79.91000366210938,81.18000030517578,79.83000183105469,80.6500015258789,157800,-0.807,2025-07-21,29,2025,21,Monday,0.5676,1.1527867539141834
79.51203918457031,80.12000274658203,81.31999969482422,79.80000305175781,79.97000122070312,169800,0.263,2025-07-22,29,2025,22,Tuesday,0.5676,1.1527867539141834
81.40753936767578,82.02999877929688,82.33000183105469,80.38999938964844,80.45999908447266,288800,2.384,2025-07-23,29,2025,23,Wednesday,0.5676,1.1527867539141834
81.90374755859375,82.52999877929688,82.69999694824219,81.23999786376953,82.0199966430664,139200,0.61,2025-07-24,29,2025,24,Thursday,0.5676,1.1527867539141834
82.2213134765625,82.8499984741211,83.69999694824219,82.47000122070312,82.9000015258789,270100,0.388,2025-07-25,29,2025,25,Friday,0.5676,1.1527867539141834
81.96328735351562,82.58999633789062,83.37999725341797,82.30000305175781,83.0199966430664,234700,-0.314,2025-07-28,30,2025,28,Monday,-0.2546,1.943593012953072
84.5137939453125,85.16000366210938,85.33999633789062,82.52999877929688,82.52999877929688,401800,3.112,2025-07-29,30,2025,29,Tuesday,-0.2546,1.943593012953072
83.1244125366211,83.76000213623047,85.38999938964844,83.33999633789062,85.38999938964844,379100,-1.644,2025-07-30,30,2025,30,Wednesday,-0.2546,1.943593012953072
82.08238220214844,82.70999908447266,84.19000244140625,81.94999694824219,84.19000244140625,427500,-1.254,2025-07-31,30,2025,31,Thursday,-0.2546,1.943593012953072
81.11973571777344,81.73999786376953,82.61000061035156,80.95999908447266,82.31999969482422,548900,-1.173,2025-08-01,30,2025,1,Friday,-0.2546,1.943593012953072
82.20146942138672,82.83000183105469,83.11000061035156,82.19000244140625,82.19000244140625,202700,1.334,2025-08-04,31,2025,4,Monday,0.6938000000000001,1.7933204398545173
84.3550033569336,85.0,85.5,82.11000061035156,82.11000061035156,436900,2.62,2025-08-05,31,2025,5,Tuesday,0.6938000000000001,1.7933204398545173
85.9726333618164,86.62999725341797,86.94999694824219,85.05999755859375,85.05999755859375,339300,1.918,2025-08-06,31,2025,6,Wednesday,0.6938000000000001,1.7933204398545173
85.08938598632812,85.73999786376953,87.25,85.38999938964844,87.0,295800,-1.027,2025-08-07,31,2025,7,Thursday,0.6938000000000001,1.7933204398545173
83.9183349609375,84.55999755859375,85.56999969482422,83.44999694824219,85.56999969482422,271600,-1.376,2025-08-08,31,2025,8,Friday,0.6938000000000001,1.7933204398545173
84.15652465820312,84.80000305175781,85.13999938964844,83.80000305175781,84.52999877929688,131600,0.284,2025-08-11,32,2025,11,Monday,-0.08419999999999997,1.4135654211956374
85.5062026977539,86.16000366210938,87.25,84.8499984741211,85.02999877929688,225500,1.604,2025-08-12,32,2025,12,Tuesday,-0.08419999999999997,1.4135654211956374
85.20848083496094,85.86000061035156,87.25,85.55000305175781,86.83000183105469,106100,-0.348,2025-08-13,32,2025,13,Wednesday,-0.08419999999999997,1.4135654211956374
83.27327728271484,83.91000366210938,85.2699966430664,83.18000030517578,85.20999908447266,162400,-2.271,2025-08-14,32,2025,14,Thursday,-0.08419999999999997,1.4135654211956374
83.53129577636719,84.16999816894531,84.69999694824219,83.83999633789062,84.05000305175781,88400,0.31,2025-08-15,32,2025,15,Friday,-0.08419999999999997,1.4135654211956374
84.33515930175781,84.9800033569336,85.69999694824219,83.91999816894531,84.70999908447266,97000,0.962,2025-08-18,33,2025,18,Monday,-0.4184,2.0849275287165256
80.98080444335938,81.5999984741211,85.02999877929688,81.54000091552734,84.7699966430664,242500,-3.977,2025-08-19,33,2025,19,Tuesday,-0.4184,2.0849275287165256
80.53421783447266,81.1500015258789,82.80000305175781,81.1500015258789,81.69000244140625,202500,-0.551,2025-08-20,33,2025,20,Wednesday,-0.4184,2.0849275287165256
80.92125701904297,81.54000091552734,82.72000122070312,80.97000122070312,81.13999938964844,95600,0.481,2025-08-21,33,2025,21,Thursday,-0.4184,2.0849275287165256
81.72511291503906,82.3499984741211,83.30000305175781,81.5,81.94999694824219,151000,0.993,2025-08-22,33,2025,22,Friday,-0.4184,2.0849275287165256
78.90666198730469,79.51000213623047,82.29000091552734,79.30999755859375,82.29000091552734,333200,-3.449,2025-08-25,34,2025,25,Monday,-0.5242,2.001101871469816
79.34332275390625,79.94999694824219,80.2699966430664,79.19999694824219,79.44000244140625,88400,0.553,2025-08-26,34,2025,26,Tuesday,-0.5242,2.001101871469816
78.44023132324219,79.04000091552734,79.98999786376953,78.52999877929688,79.98999786376953,145100,-1.138,2025-08-27,34,2025,27,Wednesday,-0.5242,2.001101871469816
79.93877410888672,80.55000305175781,81.66000366210938,79.02999877929688,79.02999877929688,135400,1.91,2025-08-28,34,2025,28,Thursday,-0.5242,2.001101871469816
79.54180908203125,80.1500015258789,80.58000183105469,79.75,80.5,153200,-0.497,2025-08-29,34,2025,29,Friday,-0.5242,2.001101871469816
78.32113647460938,78.91999816894531,79.0,77.08000183105469,78.63999938964844,284000,-1.535,2025-09-02,35,2025,2,Tuesday,-0.09274999999999996,1.8985823439257687
77.20964050292969,77.80000305175781,79.30999755859375,77.58999633789062,78.86000061035156,303400,-1.419,2025-09-03,35,2025,3,Wednesday,-0.09274999999999996,1.8985823439257687
79.17461395263672,79.77999877929688,80.25,77.80000305175781,77.80000305175781,273200,2.545,2025-09-04,35,2025,4,Thursday,-0.09274999999999996,1.8985823439257687
79.20438385009766,79.80999755859375,80.69999694824219,77.83000183105469,80.13999938964844,177000,0.038,2025-09-05,35,2025,5,Friday,-0.09274999999999996,1.8985823439257687
70.83834838867188,71.37999725341797,73.25,71.0,72.8499984741211,1668300,-10.563,2025-09-08,36,2025,8,Monday,-2.0958,5.225749726115861
71.10630798339844,71.6500015258789,73.25,71.5,71.98999786376953,452700,0.378,2025-09-09,36,2025,9,Tuesday,-2.0958,5.225749726115861
73.49801635742188,74.05999755859375,74.31999969482422,71.94999694824219,71.94999694824219,697900,3.364,2025-09-10,36,2025,10,Wednesday,-2.0958,5.225749726115861
72.78347778320312,73.33999633789062,74.62000274658203,73.16000366210938,74.08999633789062,266900,-0.972,2025-09-11,36,2025,11,Thursday,-2.0958,5.225749726115861
70.82843017578125,71.37000274658203,73.5,71.04000091552734,73.43000030517578,323600,-2.686,2025-09-12,36,2025,12,Friday,-2.0958,5.225749726115861
70.4810791015625,71.0199966430664,72.1500015258789,70.94000244140625,71.68000030517578,498100,-0.49,2025-09-15,37,2025,15,Monday,-0.4798,1.9506714741339712
71.92008209228516,72.47000122070312,73.0,71.5,71.5,471300,2.042,2025-09-16,37,2025,16,Tuesday,-0.4798,1.9506714741339712
71.89031219482422,72.44000244140625,73.44999694824219,71.9000015258789,72.4800033569336,259500,-0.041,2025-09-17,37,2025,17,Wednesday,-0.4798,1.9506714741339712
69.42913055419922,69.95999908447266,72.2699966430664,69.52999877929688,72.2699966430664,593800,-3.424,2025-09-18,37,2025,18,Thursday,-0.4798,1.9506714741339712
69.09171295166016,69.62000274658203,70.58999633789062,68.7699966430664,69.83999633789062,614400,-0.486,2025-09-19,37,2025,19,Friday,-0.4798,1.9506714741339712
73.82551574707031,74.38999938964844,74.83000183105469,72.41000366210938,73.3499984741211,1237800,6.851,2025-09-22,38,2025,22,Monday,0.9808,3.6005685245527546
74.39118957519531,74.95999908447266,76.44000244140625,74.69999694824219,75.75,1043000,0.766,2025-09-23,38,2025,23,Tuesday,0.9808,3.6005685245527546
75.2645034790039,75.83999633789062,78.73999786376953,75.58000183105469,77.69999694824219,831200,1.174,2025-09-24,38,2025,24,Wednesday,0.9808,3.6005685245527546
73.55756378173828,74.12000274658203,75.66000366210938,73.76000213623047,75.66000366210938,423700,-2.268,2025-09-25,38,2025,25,Thursday,0.9808,3.6005685245527546
72.36666870117188,72.91999816894531,75.62999725341797,72.69999694824219,74.27999877929688,392900,-1.619,2025-09-26,38,2025,26,Friday,0.9808,3.6005685245527546
71.93992614746094,72.48999786376953,73.80000305175781,72.45999908447266,73.20999908447266,423700,-0.59,2025-09-29,39,2025,29,Monday,-1.2192,2.276808116640487
69.23065185546875,69.76000213623047,72.44999694824219,69.45999908447266,72.44999694824219,1060000,-3.766,2025-09-30,39,2025,30,Tuesday,-1.2192,2.276808116640487
67.03742218017578,67.55000305175781,70.41999816894531,67.37000274658203,69.87000274658203,908700,-3.168,2025-10-01,39,2025,1,Wednesday,-1.2192,2.276808116640487
68.2779312133789,68.80000305175781,68.94999694824219,66.48999786376953,68.02999877929688,1350500,1.85,2025-10-02,39,2025,2,Thursday,-1.2192,2.276808116640487
67.9901351928711,68.51000213623047,69.0999984741211,67.73999786376953,68.87000274658203,463200,-0.422,2025-10-03,39,2025,3,Friday,-1.2192,2.276808116640487
68.19853973388672,68.72000122070312,69.0,67.83000183105469,68.9800033569336,329900,0.307,2025-10-06,40,2025,6,Monday,0.884,3.5198621421868217
67.87104034423828,68.38999938964844,68.87000274658203,67.87999725341797,68.73999786376953,397300,-0.48,2025-10-07,40,2025,7,Tuesday,0.884,3.5198621421868217
68.71459197998047,69.23999786376953,69.27999877929688,67.58999633789062,68.54000091552734,812900,1.243,2025-10-08,40,2025,8,Wednesday,0.884,3.5198621421868217
73.16059875488281,73.72000122070312,73.83000183105469,69.11000061035156,69.3499984741211,1324300,6.47,2025-10-09,40,2025,9,Thursday,0.884,3.5198621421868217
70.8780517578125,71.41999816894531,74.55999755859375,70.5,74.29000091552734,894800,-3.12,2025-10-10,40,2025,10,Friday,0.884,3.5198621421868217
73.53771209716797,74.0999984741211,74.47000122070312,72.25,72.52999877929688,449900,3.752,2025-10-13,41,2025,13,Monday,0.014399999999999991,2.529150114168789
71.32463836669922,71.87000274658203,75.16000366210938,71.41999816894531,73.11000061035156,798200,-3.009,2025-10-14,41,2025,14,Tuesday,0.014399999999999991,2.529150114168789
72.0490951538086,72.5999984741211,75.0999984741211,72.26000213623047,73.20999908447266,1093000,1.016,2025-10-15,41,2025,15,Wednesday,0.014399999999999991,2.529150114168789
71.45365142822266,72.0,73.08999633789062,71.3499984741211,72.73999786376953,775600,-0.826,2025-10-16,41,2025,16,Thursday,0.014399999999999991,2.529150114168789
70.83834838867188,71.37999725341797,72.36000061035156,70.91000366210938,71.87999725341797,263200,-0.861,2025-10-17,41,2025,17,Friday,0.014399999999999991,2.529150114168789
70.58032989501953,71.12000274658203,73.01000213623047,70.72000122070312,71.87999725341797,223800,-0.364,2025-10-20,42,2025,20,Monday,0.8110000000000002,2.2226812636993185
69.95510864257812,70.48999786376953,72.51000213623047,70.41000366210938,70.87000274658203,178600,-0.886,2025-10-21,42,2025,21,Tuesday,0.8110000000000002,2.2226812636993185
70.04442596435547,70.58000183105469,71.16999816894531,69.5999984741211,70.4800033569336,318000,0.128,2025-10-22,42,2025,22,Wednesday,0.8110000000000002,2.2226812636993185
73.31938171386719,73.87999725341797,74.5999984741211,71.01000213623047,71.31999969482422,1016300,4.676,2025-10-23,42,2025,23,Thursday,0.8110000000000002,2.2226812636993185
73.68657684326172,74.25,75.5,73.91000366210938,74.48999786376953,491000,0.501,2025-10-24,42,2025,24,Friday,0.8110000000000002,2.2226812636993185
87.5704116821289,88.23999786376953,91.1500015258789,86.55000305175781,88.19999694824219,2944800,18.842,2025-10-27,43,2025,27,Monday,5.135199999999999,7.792887988416104
89.18804931640625,89.87000274658203,91.0,86.88999938964844,88.5199966430664,918200,1.847,2025-10-28,43,2025,28,Tuesday,5.135199999999999,7.792887988416104
91.11332702636719,91.80999755859375,92.93000030517578,89.3499984741211,90.75,782900,2.159,2025-10-29,43,2025,29,Wednesday,5.135199999999999,7.792887988416104
90.61711883544922,91.30999755859375,92.25,90.12000274658203,90.86000061035156,445900,-0.545,2025-10-30,43,2025,30,Thursday,5.135199999999999,7.792887988416104
93.67375183105469,94.38999938964844,95.12000274658203,91.41000366210938,91.5999984741211,604200,3.373,2025-10-31,43,2025,31,Friday,5.135199999999999,7.792887988416104
94.70585632324219,95.43000030517578,96.58000183105469,94.20999908447266,96.31999969482422,580300,1.102,2025-11-03,44,2025,3,Monday,-1.01,1.6239074788915777
92.75080871582031,93.45999908447266,95.30000305175781,92.29000091552734,93.0,302300,-2.064,2025-11-04,44,2025,4,Tuesday,-1.01,1.6239074788915777
92.57217407226562,93.27999877929688,94.5,92.54000091552734,94.37999725341797,166500,-0.193,2025-11-05,44,2025,5,Wednesday,-1.01,1.6239074788915777
89.72395324707031,90.41000366210938,93.0999984741211,90.22000122070312,93.0999984741211,259300,-3.077,2025-11-06,44,2025,6,Thursday,-1.01,1.6239074788915777
88.98956298828125,89.66999816894531,90.58999633789062,88.2300033569336,89.66999816894531,177200,-0.818,2025-11-07,44,2025,7,Friday,-1.01,1.6239074788915777
90.20030975341797,90.88999938964844,92.12999725341797,89.5999984741211,91.62999725341797,168400,1.361,2025-11-10,45,2025,10,Monday,0.3076,1.6265093913039668
90.6072006225586,91.30000305175781,92.2699966430664,90.19999694824219,90.77999877929688,168800,0.451,2025-11-11,45,2025,11,Tuesday,0.3076,1.6265093913039668
91.76831817626953,92.47000122070312,93.5,92.04000091552734,92.2300033569336,407200,1.281,2025-11-12,45,2025,12,Wednesday,0.3076,1.6265093913039668
89.44607543945312,90.12999725341797,92.77999877929688,88.80000305175781,92.77999877929688,207100,-2.531,2025-11-13,45,2025,13,Thursday,0.3076,1.6265093913039668
90.31939697265625,91.01000213623047,92.30000305175781,87.94999694824219,88.66999816894531,349400,0.976,2025-11-14,45,2025,14,Friday,0.3076,1.6265093913039668
89.50562286376953,90.19000244140625,92.0199966430664,89.7300033569336,91.81999969482422,121900,-0.901,2025-11-17,46,2025,17,Monday,-1.2109999999999999,1.692669932384929
89.5651626586914,90.25,91.4800033569336,88.12000274658203,89.38999938964844,211800,0.067,2025-11-18,46,2025,18,Tuesday,-1.2109999999999999,1.692669932384929
89.79341888427734,90.4800033569336,92.30000305175781,89.80999755859375,90.77999877929688,118600,0.255,2025-11-19,46,2025,19,Wednesday,-1.2109999999999999,1.692669932384929
86.2505111694336,86.91000366210938,92.06999969482422,86.77999877929688,92.06999969482422,404400,-3.946,2025-11-20,46,2025,20,Thursday,-1.2109999999999999,1.692669932384929
84.93060302734375,85.58000183105469,86.8499984741211,84.04000091552734,86.19000244140625,373100,-1.53,2025-11-21,46,2025,21,Friday,-1.2109999999999999,1.692669932384929
85.59552001953125,86.25,86.26000213623047,84.38999938964844,85.94999694824219,392100,0.783,2025-11-24,47,2025,24,Monday,2.15325,0.9684889863424706
87.47117614746094,88.13999938964844,88.29000091552734,85.31999969482422,86.4000015258789,475200,2.191,2025-11-25,47,2025,25,Tuesday,2.15325,0.9684889863424706
89.8033447265625,90.48999786376953,90.98999786376953,88.56999969482422,88.91999816894531,201500,2.666,2025-11-26,47,2025,26,Wednesday,2.15325,0.9684889863424706
92.47293090820312,93.18000030517578,93.37000274658203,91.4000015258789,92.12000274658203,211200,2.973,2025-11-28,47,2025,28,Friday,2.15325,0.9684889863424706
91.71869659423828,92.41999816894531,93.29000091552734,91.81999969482422,92.08000183105469,127500,-0.816,2025-12-01,48,2025,1,Monday,-0.4039999999999999,1.856921242271734
91.5599136352539,92.26000213623047,93.68000030517578,92.1500015258789,92.80000305175781,144200,-0.173,2025-12-02,48,2025,2,Tuesday,-0.4039999999999999,1.856921242271734
93.99131774902344,94.70999908447266,94.9000015258789,92.19999694824219,92.38999938964844,161800,2.656,2025-12-03,48,2025,3,Wednesday,-0.4039999999999999,1.856921242271734
92.42330932617188,93.12999725341797,95.0,93.08999633789062,94.87000274658203,291400,-1.668,2025-12-04,48,2025,4,Thursday,-0.4039999999999999,1.856921242271734
90.55757904052734,91.25,95.66999816894531,91.08999633789062,94.94000244140625,164900,-2.019,2025-12-05,48,2025,5,Friday,-0.4039999999999999,1.856921242271734
90.85530090332031,91.55000305175781,92.05999755859375,90.93000030517578,91.95999908447266,67000,0.329,2025-12-08,49,2025,8,Monday,-0.176,0.7020348994174007
90.3094711303711,91.0,91.9000015258789,90.68000030517578,91.5199966430664,69200,-0.601,2025-12-09,49,2025,9,Tuesday,-0.176,0.7020348994174007
89.69417572021484,90.37999725341797,91.47000122070312,90.04000091552734,91.26000213623047,150900,-0.681,2025-12-10,49,2025,10,Wednesday,-0.176,0.7020348994174007
90.41864013671875,91.11000061035156,92.13999938964844,90.30999755859375,90.37999725341797,128200,0.808,2025-12-11,49,2025,11,Thursday,-0.176,0.7020348994174007
89.75372314453125,90.44000244140625,92.22000122070312,89.79000091552734,91.2699966430664,219700,-0.735,2025-12-12,49,2025,12,Friday,-0.176,0.7020348994174007
89.2773666381836,89.95999908447266,91.38999938964844,88.97000122070312,91.38999938964844,326700,-0.531,2025-12-15,50,2025,15,Monday,0.20740000000000003,1.9993848553992801
88.0467758178711,88.72000122070312,89.94999694824219,87.48999786376953,89.5999984741211,437700,-1.378,2025-12-16,50,2025,16,Tuesday,0.20740000000000003,1.9993848553992801
87.25284576416016,87.91999816894531,89.81999969482422,87.66000366210938,89.08999633789062,96900,-0.902,2025-12-17,50,2025,17,Wednesday,0.20740000000000003,1.9993848553992801
90.41864013671875,91.11000061035156,91.68000030517578,88.51000213623047,88.83999633789062,197500,3.628,2025-12-18,50,2025,18,Thursday,0.20740000000000003,1.9993848553992801
90.61711883544922,91.30999755859375,92.45999908447266,91.0,91.30999755859375,138000,0.22,2025-12-19,50,2025,19,Friday,0.20740000000000003,1.9993848553992801
90.96446990966797,91.66000366210938,92.69000244140625,91.37999725341797,91.61000061035156,161900,0.383,2025-12-22,51,2025,22,Monday,0.42475,0.24209140835643053
91.33165740966797,92.02999877929688,92.69000244140625,91.56999969482422,91.56999969482422,184900,0.404,2025-12-23,51,2025,23,Tuesday,0.42475,0.24209140835643053
91.48052215576172,92.18000030517578,92.63999938964844,91.58999633789062,91.94000244140625,131400,0.163,2025-12-24,51,2025,24,Wednesday,0.42475,0.24209140835643053
92.165283203125,92.87000274658203,93.0,92.06999969482422,92.5,44700,0.749,2025-12-26,51,2025,26,Friday,0.42475,0.24209140835643053
91.67900085449219,92.37999725341797,93.62000274658203,91.9800033569336,92.62000274658203,118300,-0.528,2025-12-29,52,2025,29,Monday,-0.274,0.23843447737271556
91.45999908447266,91.45999908447266,92.26000213623047,91.19999694824219,91.9000015258789,52700,-0.239,2025-12-30,52,2025,30,Tuesday,-0.274,0.23843447737271556
91.41000366210938,91.41000366210938,92.11000061035156,91.05000305175781,91.2300033569336,37100,-0.055,2025-12-31,52,2025,31,Wednesday,-0.274,0.23843447737271556
