Adj Close,Close,High,Low,Open,Volume,Return,Date,Week_Number,Year,Day,Weekday,mean_return,volatility
23.198488235473633,26.719999313354492,26.719999313354492,26.719999313354492,26.719999313354492,100,0.0,2012-02-03,05,2012,3,Friday,0.0,0.0
23.01616859436035,26.510000228881836,27.639999389648438,26.43000030517578,27.639999389648438,4100,-0.786,2012-02-06,06,2012,6,Monday,-0.5326000000000001,1.0712566452536012
22.807798385620117,26.270000457763672,26.270000457763672,26.260000228881836,26.260000228881836,2300,-0.905,2012-02-07,06,2012,7,Tuesday,-0.5326000000000001,1.0712566452536012
23.0595760345459,26.559999465942383,27.6299991607666,26.399999618530273,27.6299991607666,3700,1.104,2012-02-08,06,2012,8,Wednesday,-0.5326000000000001,1.0712566452536012
22.998802185058594,26.489999771118164,26.6299991607666,26.489999771118164,26.6299991607666,2500,-0.264,2012-02-09,06,2012,9,Thursday,-0.5326000000000001,1.0712566452536012
22.58206558227539,26.010000228881836,26.299999237060547,25.889999389648438,26.299999237060547,6200,-1.812,2012-02-10,06,2012,10,Friday,-0.5326000000000001,1.0712566452536012
22.75570297241211,26.209999084472656,26.93000030517578,26.079999923706055,26.93000030517578,3500,0.769,2012-02-13,07,2012,13,Monday,0.8932,0.6806237580337612
22.75570297241211,26.209999084472656,26.3799991607666,26.110000610351562,26.3799991607666,25600,0.0,2012-02-14,07,2012,14,Tuesday,0.8932,0.6806237580337612
23.189809799194336,26.709999084472656,26.850000381469727,26.700000762939453,26.809999465942383,8900,1.908,2012-02-15,07,2012,15,Wednesday,0.8932,0.6806237580337612
23.380813598632812,26.93000030517578,26.979999542236328,26.579999923706055,26.579999923706055,16600,0.824,2012-02-16,07,2012,16,Thursday,0.8932,0.6806237580337612
23.606548309326172,27.190000534057617,27.200000762939453,27.190000534057617,27.200000762939453,1600,0.965,2012-02-17,07,2012,17,Friday,0.8932,0.6806237580337612
23.788875579833984,27.399999618530273,28.360000610351562,27.299999237060547,28.360000610351562,5000,0.772,2012-02-21,08,2012,21,Tuesday,-0.40225,1.1436676017678098
23.320039749145508,26.860000610351562,27.190000534057617,26.790000915527344,27.190000534057617,7600,-1.971,2012-02-22,08,2012,22,Wednesday,-0.40225,1.1436676017678098
23.259265899658203,26.790000915527344,26.829999923706055,26.59000015258789,26.829999923706055,34000,-0.261,2012-02-23,08,2012,23,Thursday,-0.40225,1.1436676017678098
23.224536895751953,26.75,27.559999465942383,26.639999389648438,27.559999465942383,15700,-0.149,2012-02-24,08,2012,24,Friday,-0.40225,1.1436676017678098
22.4952449798584,25.90999984741211,26.110000610351562,25.670000076293945,26.110000610351562,47000,-3.14,2012-02-27,09,2012,27,Monday,-0.5786,1.6870298752541402
22.816478729248047,26.280000686645508,26.290000915527344,26.280000686645508,26.280000686645508,1000,1.428,2012-02-28,09,2012,28,Tuesday,-0.5786,1.6870298752541402
22.573383331298828,26.0,26.309999465942383,25.93000030517578,26.309999465942383,31500,-1.065,2012-02-29,09,2012,29,Wednesday,-0.5786,1.6870298752541402
22.58206558227539,26.010000228881836,26.219999313354492,25.920000076293945,25.920000076293945,56000,0.038,2012-03-01,09,2012,1,Thursday,-0.5786,1.6870298752541402
22.547334671020508,25.969999313354492,26.0,25.889999389648438,25.889999389648438,9600,-0.154,2012-03-02,09,2012,2,Friday,-0.5786,1.6870298752541402
21.974321365356445,25.309999465942383,25.56999969482422,25.299999237060547,25.56999969482422,41100,-2.541,2012-03-05,10,2012,5,Monday,-0.06999999999999992,2.7435636497081672
21.210298538208008,24.43000030517578,24.940000534057617,24.299999237060547,24.940000534057617,19100,-3.477,2012-03-06,10,2012,6,Tuesday,-0.06999999999999992,2.7435636497081672
21.453393936157227,24.709999084472656,24.709999084472656,24.670000076293945,24.690000534057617,8100,1.146,2012-03-07,10,2012,7,Wednesday,-0.06999999999999992,2.7435636497081672
21.904861450195312,25.229999542236328,25.229999542236328,25.229999542236328,25.229999542236328,200,2.104,2012-03-08,10,2012,8,Thursday,-0.06999999999999992,2.7435636497081672
22.434467315673828,25.84000015258789,25.84000015258789,25.760000228881836,25.780000686645508,11600,2.418,2012-03-09,10,2012,9,Friday,-0.06999999999999992,2.7435636497081672
22.139280319213867,25.5,26.100000381469727,25.5,26.100000381469727,1500,-1.316,2012-03-12,11,2012,12,Monday,-0.28040000000000004,1.9793906385552094
22.825162887573242,26.290000915527344,26.290000915527344,26.0,26.0,2700,3.098,2012-03-13,11,2012,13,Tuesday,-0.28040000000000004,1.9793906385552094
22.4952449798584,25.90999984741211,26.1299991607666,25.90999984741211,26.1299991607666,155300,-1.445,2012-03-14,11,2012,14,Wednesday,-0.28040000000000004,1.9793906385552094
22.46919059753418,25.8799991607666,25.8799991607666,25.8799991607666,25.8799991607666,300,-0.116,2012-03-15,11,2012,15,Thursday,-0.28040000000000004,1.9793906385552094
22.10455322265625,25.459999084472656,25.479999542236328,25.420000076293945,25.420000076293945,6200,-1.623,2012-03-16,11,2012,16,Friday,-0.28040000000000004,1.9793906385552094
21.8614501953125,25.18000030517578,25.18000030517578,25.0,25.149999618530273,6000,-1.1,2012-03-19,12,2012,19,Monday,-0.6532,3.1373557656089943
21.48811912536621,24.75,25.31999969482422,24.75,25.31999969482422,2500,-1.708,2012-03-20,12,2012,20,Tuesday,-0.6532,3.1373557656089943
21.965633392333984,25.299999237060547,25.389999389648438,25.15999984741211,25.209999084472656,4000,2.222,2012-03-21,12,2012,21,Wednesday,-0.6532,3.1373557656089943
20.83696937561035,24.0,24.540000915527344,24.0,24.540000915527344,1300,-5.138,2012-03-22,12,2012,22,Thursday,-0.6532,3.1373557656089943
21.34920883178711,24.59000015258789,24.59000015258789,24.450000762939453,24.450000762939453,1400,2.458,2012-03-23,12,2012,23,Friday,-0.6532,3.1373557656089943
21.184247970581055,24.399999618530273,24.450000762939453,24.360000610351562,24.3799991607666,12600,-0.773,2012-03-26,13,2012,26,Monday,0.22719999999999993,2.0426518792980852
21.34920883178711,24.59000015258789,24.59000015258789,24.59000015258789,24.59000015258789,12100,0.779,2012-03-27,13,2012,27,Tuesday,0.22719999999999993,2.0426518792980852
21.01061248779297,24.200000762939453,24.3700008392334,24.200000762939453,24.360000610351562,11000,-1.586,2012-03-28,13,2012,28,Wednesday,0.22719999999999993,2.0426518792980852
20.83696937561035,24.0,24.0,24.0,24.0,1100,-0.826,2012-03-29,13,2012,29,Thursday,0.22719999999999993,2.0426518792980852
21.57494354248047,24.850000381469727,24.850000381469727,24.68000030517578,24.68000030517578,4700,3.542,2012-03-30,13,2012,30,Friday,0.22719999999999993,2.0426518792980852
21.896175384521484,25.219999313354492,25.420000076293945,25.1200008392334,25.420000076293945,900,1.489,2012-04-02,14,2012,2,Monday,0.006250000000000033,1.3110096300180254
21.8614501953125,25.18000030517578,25.5,25.18000030517578,25.5,400,-0.159,2012-04-03,14,2012,3,Tuesday,0.006250000000000033,1.3110096300180254
21.496803283691406,24.760000228881836,24.770000457763672,24.760000228881836,24.770000457763672,300,-1.668,2012-04-04,14,2012,4,Wednesday,0.006250000000000033,1.3110096300180254
21.57494354248047,24.850000381469727,24.850000381469727,24.639999389648438,24.639999389648438,1700,0.363,2012-04-05,14,2012,5,Thursday,0.006250000000000033,1.3110096300180254
21.453393936157227,24.709999084472656,24.719999313354492,24.649999618530273,24.719999313354492,600,-0.563,2012-04-09,15,2012,9,Monday,-0.7668,2.5567106210910926
20.81092071533203,23.969999313354492,24.200000762939453,23.969999313354492,24.040000915527344,4100,-2.995,2012-04-10,15,2012,10,Tuesday,-0.7668,2.5567106210910926
21.054018020629883,24.25,24.299999237060547,24.25,24.299999237060547,5500,1.168,2012-04-11,15,2012,11,Wednesday,-0.7668,2.5567106210910926
21.522855758666992,24.790000915527344,24.790000915527344,24.709999084472656,24.75,19400,2.227,2012-04-12,15,2012,12,Thursday,-0.7668,2.5567106210910926
20.7327823638916,23.8799991607666,24.389999389648438,23.8799991607666,24.389999389648438,5400,-3.671,2012-04-13,15,2012,13,Friday,-0.7668,2.5567106210910926
20.88037872314453,24.049999237060547,24.049999237060547,24.049999237060547,24.049999237060547,200,0.712,2012-04-16,16,2012,16,Monday,0.31759999999999994,1.560772340862049
21.436031341552734,24.690000534057617,24.760000228881836,24.440000534057617,24.440000534057617,17300,2.661,2012-04-17,16,2012,17,Tuesday,0.31759999999999994,1.560772340862049
21.097431182861328,24.299999237060547,24.299999237060547,24.299999237060547,24.299999237060547,1100,-1.58,2012-04-18,16,2012,18,Wednesday,0.31759999999999994,1.560772340862049
21.019289016723633,24.209999084472656,24.420000076293945,24.079999923706055,24.299999237060547,22400,-0.37,2012-04-19,16,2012,19,Thursday,0.31759999999999994,1.560772340862049
21.054018020629883,24.25,24.270000457763672,24.25,24.270000457763672,5600,0.165,2012-04-20,16,2012,20,Friday,0.31759999999999994,1.560772340862049
20.185810089111328,23.25,23.600000381469727,23.1200008392334,23.600000381469727,22600,-4.124,2012-04-23,17,2012,23,Monday,-0.5241999999999999,2.082743071048371
20.437593460083008,23.540000915527344,23.559999465942383,23.540000915527344,23.559999465942383,4800,1.247,2012-04-24,17,2012,24,Tuesday,-0.5241999999999999,2.082743071048371
20.411548614501953,23.510000228881836,23.549999237060547,23.510000228881836,23.540000915527344,16500,-0.127,2012-04-25,17,2012,25,Wednesday,-0.5241999999999999,2.082743071048371
20.489683151245117,23.600000381469727,23.6200008392334,23.450000762939453,23.450000762939453,3000,0.383,2012-04-26,17,2012,26,Thursday,-0.5241999999999999,2.082743071048371
20.489683151245117,23.600000381469727,23.600000381469727,23.450000762939453,23.450000762939453,1300,0.0,2012-04-27,17,2012,27,Friday,-0.5241999999999999,2.082743071048371
20.5244140625,23.639999389648438,23.639999389648438,23.579999923706055,23.579999923706055,7100,0.17,2012-04-30,18,2012,30,Monday,-1.0238,1.1900448310883083
20.593870162963867,23.719999313354492,23.860000610351562,23.719999313354492,23.860000610351562,3300,0.338,2012-05-01,18,2012,1,Tuesday,-1.0238,1.1900448310883083
20.220539093017578,23.290000915527344,23.290000915527344,23.290000915527344,23.290000915527344,600,-1.813,2012-05-02,18,2012,2,Wednesday,-1.0238,1.1900448310883083
19.89929962158203,22.920000076293945,23.010000228881836,22.920000076293945,23.0,700,-1.589,2012-05-03,18,2012,3,Thursday,-1.0238,1.1900448310883083
19.456520080566406,22.40999984741211,22.40999984741211,22.399999618530273,22.40999984741211,6700,-2.225,2012-05-04,18,2012,4,Friday,-1.0238,1.1900448310883083
19.456520080566406,22.40999984741211,22.40999984741211,22.40999984741211,22.40999984741211,0,0.0,2012-05-07,19,2012,7,Monday,-0.43979999999999997,0.5498274274715659
19.2568302154541,22.18000030517578,22.389999389648438,22.06999969482422,22.389999389648438,6400,-1.026,2012-05-08,19,2012,8,Tuesday,-0.43979999999999997,0.5498274274715659
19.109233856201172,22.010000228881836,22.010000228881836,21.81999969482422,21.81999969482422,3600,-0.766,2012-05-09,19,2012,9,Wednesday,-0.43979999999999997,0.5498274274715659
19.16132926940918,22.06999969482422,22.280000686645508,22.010000228881836,22.280000686645508,97100,0.273,2012-05-10,19,2012,10,Thursday,-0.43979999999999997,0.5498274274715659
19.031099319458008,21.920000076293945,21.959999084472656,21.639999389648438,21.639999389648438,900,-0.68,2012-05-11,19,2012,11,Friday,-0.43979999999999997,0.5498274274715659
18.66644859313965,21.5,21.5,21.5,21.5,300,-1.916,2012-05-14,20,2012,14,Monday,-0.6754,1.48621963383613
18.72722625732422,21.56999969482422,21.56999969482422,21.56999969482422,21.56999969482422,300,0.326,2012-05-15,20,2012,15,Tuesday,-0.6754,1.48621963383613
18.38862419128418,21.18000030517578,21.18000030517578,21.18000030517578,21.18000030517578,10800,-1.808,2012-05-16,20,2012,16,Wednesday,-0.6754,1.48621963383613
18.128162384033203,20.8799991607666,20.8799991607666,20.860000610351562,20.860000610351562,500,-1.416,2012-05-17,20,2012,17,Thursday,-0.6754,1.48621963383613
18.38862419128418,21.18000030517578,21.299999237060547,21.18000030517578,21.299999237060547,1300,1.437,2012-05-18,20,2012,18,Friday,-0.6754,1.48621963383613
18.38862419128418,21.18000030517578,21.18000030517578,21.18000030517578,21.18000030517578,0,0.0,2012-05-21,21,2012,21,Monday,-0.3478,2.407226869241867
18.10211753845215,20.850000381469727,21.010000228881836,20.399999618530273,20.6200008392334,10500,-1.558,2012-05-22,21,2012,22,Tuesday,-0.3478,2.407226869241867
17.494369506835938,20.149999618530273,20.149999618530273,20.149999618530273,20.149999618530273,3200,-3.357,2012-05-23,21,2012,23,Wednesday,-0.3478,2.407226869241867
18.050024032592773,20.790000915527344,20.989999771118164,20.670000076293945,20.770000457763672,20000,3.176,2012-05-24,21,2012,24,Thursday,-0.3478,2.407226869241867
18.050024032592773,20.790000915527344,20.790000915527344,20.790000915527344,20.790000915527344,0,0.0,2012-05-25,21,2012,25,Friday,-0.3478,2.407226869241867
18.414669036865234,21.209999084472656,21.209999084472656,21.06999969482422,21.1200008392334,7000,2.02,2012-05-29,22,2012,29,Tuesday,-0.26025,2.159824124784238
17.89374542236328,20.610000610351562,20.719999313354492,20.540000915527344,20.649999618530273,12400,-2.829,2012-05-30,22,2012,30,Wednesday,-0.26025,2.159824124784238
18.058704376220703,20.799999237060547,20.799999237060547,20.649999618530273,20.709999084472656,2600,0.922,2012-05-31,22,2012,31,Thursday,-0.26025,2.159824124784238
17.85033416748047,20.559999465942383,20.700000762939453,20.559999465942383,20.700000762939453,7900,-1.154,2012-06-01,22,2012,1,Friday,-0.26025,2.159824124784238
17.937156677246094,20.65999984741211,20.65999984741211,20.5,20.5,9900,0.486,2012-06-04,23,2012,4,Monday,1.142,1.6372873907778072
17.937156677246094,20.65999984741211,20.65999984741211,20.65999984741211,20.65999984741211,0,0.0,2012-06-05,23,2012,5,Tuesday,1.142,1.6372873907778072
18.623037338256836,21.450000762939453,21.450000762939453,21.329999923706055,21.329999923706055,6300,3.824,2012-06-06,23,2012,6,Wednesday,1.142,1.6372873907778072
18.9095516204834,21.780000686645508,22.139999389648438,21.760000228881836,21.790000915527344,9700,1.538,2012-06-07,23,2012,7,Thursday,1.142,1.6372873907778072
18.883499145507812,21.75,21.75,21.709999084472656,21.709999084472656,900,-0.138,2012-06-08,23,2012,8,Friday,1.142,1.6372873907778072
18.40598487854004,21.200000762939453,21.479999542236328,21.200000762939453,21.479999542236328,3300,-2.529,2012-06-11,24,2012,11,Monday,0.11480000000000004,1.8575691642574172
18.74458885192871,21.59000015258789,21.59000015258789,21.59000015258789,21.59000015258789,200,1.84,2012-06-12,24,2012,12,Tuesday,0.11480000000000004,1.8575691642574172
18.892183303833008,21.760000228881836,21.809999465942383,21.760000228881836,21.809999465942383,3700,0.787,2012-06-13,24,2012,13,Wednesday,0.11480000000000004,1.8575691642574172
18.69249725341797,21.530000686645508,21.56999969482422,21.3799991607666,21.450000762939453,3100,-1.057,2012-06-14,24,2012,14,Thursday,0.11480000000000004,1.8575691642574172
18.9789981842041,21.860000610351562,21.860000610351562,21.81999969482422,21.81999969482422,2900,1.533,2012-06-15,24,2012,15,Friday,0.11480000000000004,1.8575691642574172
18.709863662719727,21.549999237060547,21.549999237060547,21.329999923706055,21.34000015258789,9300,-1.418,2012-06-18,25,2012,18,Monday,-0.5776,0.9513531415830822
18.874818801879883,21.739999771118164,21.739999771118164,21.649999618530273,21.649999618530273,400,0.882,2012-06-19,25,2012,19,Tuesday,-0.5776,0.9513531415830822
18.640403747558594,21.469999313354492,21.530000686645508,21.43000030517578,21.489999771118164,3600,-1.242,2012-06-20,25,2012,20,Wednesday,-0.5776,0.9513531415830822
18.45998764038086,21.18000030517578,21.40999984741211,21.18000030517578,21.40999984741211,7600,-0.968,2012-06-21,25,2012,21,Thursday,-0.5776,0.9513531415830822
18.4338436126709,21.149999618530273,21.149999618530273,21.1200008392334,21.149999618530273,2400,-0.142,2012-06-22,25,2012,22,Friday,-0.5776,0.9513531415830822
18.29438591003418,20.989999771118164,20.989999771118164,20.90999984741211,20.90999984741211,1100,-0.757,2012-06-25,26,2012,25,Monday,1.3344,3.022625563975796
18.45127296447754,21.170000076293945,21.219999313354492,21.040000915527344,21.040000915527344,5700,0.858,2012-06-26,26,2012,26,Tuesday,1.3344,3.022625563975796
18.66044807434082,21.40999984741211,21.40999984741211,21.280000686645508,21.290000915527344,9500,1.134,2012-06-27,26,2012,27,Wednesday,1.3344,3.022625563975796
18.468706130981445,21.190000534057617,21.270000457763672,21.190000534057617,21.270000457763672,11000,-1.028,2012-06-28,26,2012,28,Thursday,1.3344,3.022625563975796
19.662761688232422,22.559999465942383,22.559999465942383,22.450000762939453,22.479999542236328,9200,6.465,2012-06-29,26,2012,29,Friday,1.3344,3.022625563975796
19.636613845825195,22.530000686645508,22.540000915527344,21.799999237060547,21.799999237060547,2200,-0.133,2012-07-02,27,2012,2,Monday,-0.25300000000000006,1.929047433320394
20.10726547241211,23.06999969482422,23.06999969482422,23.06999969482422,23.06999969482422,300,2.397,2012-07-03,27,2012,3,Tuesday,-0.25300000000000006,1.929047433320394
19.854509353637695,22.780000686645508,22.780000686645508,22.770000457763672,22.770000457763672,2800,-1.257,2012-07-05,27,2012,5,Thursday,-0.25300000000000006,1.929047433320394
19.453584671020508,22.31999969482422,22.31999969482422,22.31999969482422,22.31999969482422,100,-2.019,2012-07-06,27,2012,6,Friday,-0.25300000000000006,1.929047433320394
19.453584671020508,22.31999969482422,22.31999969482422,22.31999969482422,22.31999969482422,0,0.0,2012-07-09,28,2012,9,Monday,0.22240000000000001,1.4513990836430894
19.505878448486328,22.3799991607666,22.530000686645508,22.3799991607666,22.530000686645508,10500,0.269,2012-07-10,28,2012,10,Tuesday,0.22240000000000001,1.4513990836430894
19.505878448486328,22.3799991607666,22.3799991607666,22.3799991607666,22.3799991607666,0,0.0,2012-07-11,28,2012,11,Wednesday,0.22240000000000001,1.4513990836430894
19.192113876342773,22.020000457763672,22.020000457763672,21.989999771118164,21.989999771118164,600,-1.609,2012-07-12,28,2012,12,Thursday,0.22240000000000001,1.4513990836430894
19.662761688232422,22.559999465942383,22.559999465942383,22.399999618530273,22.399999618530273,2100,2.452,2012-07-13,28,2012,13,Friday,0.22240000000000001,1.4513990836430894
19.36642837524414,22.219999313354492,22.219999313354492,22.219999313354492,22.219999313354492,300,-1.507,2012-07-16,29,2012,16,Monday,-0.4042,1.3231701326737995
19.340274810791016,22.190000534057617,22.31999969482422,22.079999923706055,22.31999969482422,15900,-0.135,2012-07-17,29,2012,17,Tuesday,-0.4042,1.3231701326737995
19.218257904052734,22.049999237060547,22.190000534057617,22.049999237060547,22.190000534057617,1300,-0.631,2012-07-18,29,2012,18,Wednesday,-0.4042,1.3231701326737995
19.54945945739746,22.43000030517578,22.440000534057617,22.399999618530273,22.420000076293945,4100,1.723,2012-07-19,29,2012,19,Thursday,-0.4042,1.3231701326737995
19.26183319091797,22.100000381469727,22.100000381469727,22.100000381469727,22.100000381469727,300,-1.471,2012-07-20,29,2012,20,Friday,-0.4042,1.3231701326737995
18.669164657592773,21.420000076293945,21.420000076293945,21.309999465942383,21.309999465942383,3700,-3.077,2012-07-23,30,2012,23,Monday,-0.522,1.442532321994901
18.669164657592773,21.420000076293945,21.420000076293945,21.420000076293945,21.420000076293945,0,0.0,2012-07-24,30,2012,24,Tuesday,-0.522,1.442532321994901
18.75632667541504,21.520000457763672,21.520000457763672,21.520000457763672,21.520000457763672,300,0.467,2012-07-25,30,2012,25,Wednesday,-0.522,1.442532321994901
18.75632667541504,21.520000457763672,21.520000457763672,21.520000457763672,21.520000457763672,0,0.0,2012-07-26,30,2012,26,Thursday,-0.522,1.442532321994901
18.75632667541504,21.520000457763672,21.520000457763672,21.520000457763672,21.520000457763672,0,0.0,2012-07-27,30,2012,27,Friday,-0.522,1.442532321994901
19.305418014526367,22.149999618530273,22.149999618530273,22.149999618530273,22.149999618530273,1700,2.927,2012-07-30,31,2012,30,Monday,0.1598,1.7192184852426409
19.244407653808594,22.079999923706055,22.079999923706055,22.079999923706055,22.079999923706055,2400,-0.316,2012-07-31,31,2012,31,Tuesday,0.1598,1.7192184852426409
19.244407653808594,22.079999923706055,22.079999923706055,22.079999923706055,22.079999923706055,0,0.0,2012-08-01,31,2012,1,Wednesday,0.1598,1.7192184852426409
18.895774841308594,21.68000030517578,21.969999313354492,21.68000030517578,21.969999313354492,7400,-1.812,2012-08-02,31,2012,2,Thursday,0.1598,1.7192184852426409
18.895774841308594,21.68000030517578,21.68000030517578,21.68000030517578,21.68000030517578,0,0.0,2012-08-03,31,2012,3,Friday,0.1598,1.7192184852426409
19.70634651184082,22.610000610351562,22.610000610351562,22.610000610351562,22.610000610351562,100,4.29,2012-08-06,32,2012,6,Monday,1.0282,2.0000147999452405
20.011394500732422,22.959999084472656,23.079999923706055,22.959999084472656,23.040000915527344,11000,1.548,2012-08-07,32,2012,7,Tuesday,1.0282,2.0000147999452405
20.011394500732422,22.959999084472656,22.959999084472656,22.959999084472656,22.959999084472656,0,0.0,2012-08-08,32,2012,8,Wednesday,1.0282,2.0000147999452405
19.871938705444336,22.799999237060547,22.799999237060547,22.799999237060547,22.799999237060547,200,-0.697,2012-08-09,32,2012,9,Thursday,1.0282,2.0000147999452405
19.871938705444336,22.799999237060547,22.799999237060547,22.799999237060547,22.799999237060547,0,0.0,2012-08-10,32,2012,10,Friday,1.0282,2.0000147999452405
19.767356872558594,22.68000030517578,22.81999969482422,22.639999389648438,22.760000228881836,26000,-0.526,2012-08-13,33,2012,13,Monday,-0.04180000000000002,0.7441919779196763
19.845794677734375,22.770000457763672,22.770000457763672,22.770000457763672,22.770000457763672,200,0.397,2012-08-14,33,2012,14,Tuesday,-0.04180000000000002,0.7441919779196763
19.819644927978516,22.739999771118164,22.739999771118164,22.700000762939453,22.700000762939453,500,-0.132,2012-08-15,33,2012,15,Wednesday,-0.04180000000000002,0.7441919779196763
20.011394500732422,22.959999084472656,22.979999542236328,22.780000686645508,22.979999542236328,2700,0.967,2012-08-16,33,2012,16,Thursday,-0.04180000000000002,0.7441919779196763
19.828367233276367,22.75,23.030000686645508,22.75,23.030000686645508,1400,-0.915,2012-08-17,33,2012,17,Friday,-0.04180000000000002,0.7441919779196763
19.924232482910156,22.860000610351562,22.860000610351562,22.860000610351562,22.860000610351562,200,0.483,2012-08-20,34,2012,20,Monday,0.2514,1.2793206400273545
20.377450942993164,23.3799991607666,23.3799991607666,23.3799991607666,23.3799991607666,300,2.275,2012-08-21,34,2012,21,Tuesday,0.2514,1.2793206400273545
20.14212989807129,23.110000610351562,23.18000030517578,23.010000228881836,23.010000228881836,4800,-1.155,2012-08-22,34,2012,22,Wednesday,0.2514,1.2793206400273545
20.14212989807129,23.110000610351562,23.110000610351562,23.110000610351562,23.110000610351562,0,0.0,2012-08-23,34,2012,23,Thursday,0.2514,1.2793206400273545
20.07240867614746,23.030000686645508,23.040000915527344,23.030000686645508,23.040000915527344,2900,-0.346,2012-08-24,34,2012,24,Friday,0.2514,1.2793206400273545
19.828367233276367,22.75,23.0,22.75,23.0,600,-1.216,2012-08-27,35,2012,27,Monday,-0.5522,0.4762763903449341
19.828367233276367,22.75,22.75,22.75,22.75,0,0.0,2012-08-28,35,2012,28,Tuesday,-0.5522,0.4762763903449341
19.662761688232422,22.559999465942383,22.559999465942383,22.559999465942383,22.559999465942383,200,-0.835,2012-08-29,35,2012,29,Wednesday,-0.5522,0.4762763903449341
19.60175132751465,22.489999771118164,22.5,22.489999771118164,22.5,10200,-0.31,2012-08-30,35,2012,30,Thursday,-0.5522,0.4762763903449341
19.5233097076416,22.399999618530273,22.459999084472656,22.360000610351562,22.360000610351562,2200,-0.4,2012-08-31,35,2012,31,Friday,-0.5522,0.4762763903449341
19.5233097076416,22.399999618530273,22.399999618530273,22.399999618530273,22.399999618530273,0,0.0,2012-09-04,36,2012,4,Tuesday,0.63725,1.3762348091804681
19.331562042236328,22.18000030517578,22.18000030517578,22.18000030517578,22.18000030517578,100,-0.982,2012-09-05,36,2012,5,Wednesday,0.63725,1.3762348091804681
19.627897262573242,22.520000457763672,22.6200008392334,22.520000457763672,22.6200008392334,3200,1.533,2012-09-06,36,2012,6,Thursday,0.63725,1.3762348091804681
20.020112991333008,22.969999313354492,23.0,22.969999313354492,22.969999313354492,600,1.998,2012-09-07,36,2012,7,Friday,0.63725,1.3762348091804681
20.020112991333008,22.969999313354492,22.969999313354492,22.969999313354492,22.969999313354492,0,0.0,2012-09-10,37,2012,10,Monday,1.364,1.4396886816253018
20.020112991333008,22.969999313354492,22.969999313354492,22.969999313354492,22.969999313354492,0,0.0,2012-09-11,37,2012,11,Tuesday,1.364,1.4396886816253018
20.351308822631836,23.350000381469727,23.360000610351562,23.329999923706055,23.360000610351562,1400,1.654,2012-09-12,37,2012,12,Wednesday,1.364,1.4396886816253018
20.699935913085938,23.75,23.75,23.190000534057617,23.200000762939453,55600,1.713,2012-09-13,37,2012,13,Thursday,1.364,1.4396886816253018
21.41463279724121,24.56999969482422,24.600000381469727,24.520000457763672,24.579999923706055,13500,3.453,2012-09-14,37,2012,14,Friday,1.364,1.4396886816253018
21.257747650146484,24.389999389648438,24.639999389648438,24.389999389648438,24.510000228881836,21300,-0.733,2012-09-17,38,2012,17,Monday,-0.118,1.05168365015341
21.057287216186523,24.15999984741211,24.5,24.15999984741211,24.5,37300,-0.943,2012-09-18,38,2012,18,Tuesday,-0.118,1.05168365015341
21.405920028686523,24.559999465942383,24.559999465942383,24.350000381469727,24.489999771118164,22400,1.656,2012-09-19,38,2012,19,Wednesday,-0.118,1.05168365015341
21.28389549255371,24.420000076293945,24.450000762939453,24.3700008392334,24.43000030517578,4000,-0.57,2012-09-20,38,2012,20,Thursday,-0.118,1.05168365015341
21.28389549255371,24.420000076293945,24.420000076293945,24.420000076293945,24.420000076293945,0,0.0,2012-09-21,38,2012,21,Friday,-0.118,1.05168365015341
21.28389549255371,24.420000076293945,24.420000076293945,24.420000076293945,24.420000076293945,0,0.0,2012-09-24,39,2012,24,Monday,0.8078,2.1155489122211284
22.059598922729492,25.309999465942383,25.440000534057617,25.06999969482422,25.06999969482422,2700,3.645,2012-09-25,39,2012,25,Tuesday,0.8078,2.1155489122211284
21.667390823364258,24.860000610351562,25.100000381469727,24.780000686645508,24.950000762939453,5200,-1.778,2012-09-26,39,2012,26,Wednesday,0.8078,2.1155489122211284
22.13804054260254,25.399999618530273,25.399999618530273,25.190000534057617,25.190000534057617,2200,2.172,2012-09-27,39,2012,27,Thursday,0.8078,2.1155489122211284
22.13804054260254,25.399999618530273,25.399999618530273,25.399999618530273,25.399999618530273,0,0.0,2012-09-28,39,2012,28,Friday,0.8078,2.1155489122211284
22.765575408935547,26.1200008392334,26.1200008392334,25.780000686645508,25.780000686645508,1700,2.835,2012-10-01,40,2012,1,Monday,1.0224,1.6865063889591405
22.844013214111328,26.209999084472656,26.209999084472656,26.059999465942383,26.059999465942383,70900,0.345,2012-10-02,40,2012,2,Tuesday,1.0224,1.6865063889591405
23.009618759155273,26.399999618530273,26.489999771118164,26.209999084472656,26.489999771118164,78200,0.725,2012-10-03,40,2012,3,Wednesday,1.0224,1.6865063889591405
23.584857940673828,27.059999465942383,27.059999465942383,26.850000381469727,26.850000381469727,3400,2.5,2012-10-04,40,2012,4,Thursday,1.0224,1.6865063889591405
23.279804229736328,26.709999084472656,26.829999923706055,26.709999084472656,26.829999923706055,5700,-1.293,2012-10-05,40,2012,5,Friday,1.0224,1.6865063889591405
22.70456314086914,26.049999237060547,26.06999969482422,25.90999984741211,25.93000030517578,3000,-2.471,2012-10-08,41,2012,8,Monday,-1.0390000000000001,1.4564200973620214
22.477956771850586,25.790000915527344,26.270000457763672,25.729999542236328,26.270000457763672,42100,-0.998,2012-10-09,41,2012,9,Tuesday,-1.0390000000000001,1.4564200973620214
22.094459533691406,25.350000381469727,25.459999084472656,25.309999465942383,25.459999084472656,1200,-1.706,2012-10-10,41,2012,10,Wednesday,-1.0390000000000001,1.4564200973620214
22.399511337280273,25.700000762939453,25.850000381469727,25.700000762939453,25.850000381469727,44300,1.381,2012-10-11,41,2012,11,Thursday,-1.0390000000000001,1.4564200973620214
22.085744857788086,25.34000015258789,25.530000686645508,25.290000915527344,25.530000686645508,7000,-1.401,2012-10-12,41,2012,12,Friday,-1.0390000000000001,1.4564200973620214
22.321067810058594,25.610000610351562,25.610000610351562,25.43000030517578,25.43000030517578,20600,1.065,2012-10-15,42,2012,15,Monday,-0.20299999999999999,0.8768252391440383
22.103174209594727,25.360000610351562,25.530000686645508,25.31999969482422,25.530000686645508,21700,-0.976,2012-10-16,42,2012,16,Tuesday,-0.20299999999999999,0.8768252391440383
22.13804054260254,25.399999618530273,26.299999237060547,25.399999618530273,26.299999237060547,6900,0.158,2012-10-17,42,2012,17,Wednesday,-0.20299999999999999,0.8768252391440383
21.902711868286133,25.1299991607666,26.15999984741211,25.1299991607666,25.15999984741211,349500,-1.063,2012-10-18,42,2012,18,Thursday,-0.20299999999999999,0.8768252391440383
21.8591365814209,25.079999923706055,25.110000610351562,24.84000015258789,25.059999465942383,31600,-0.199,2012-10-19,42,2012,19,Friday,-0.20299999999999999,0.8768252391440383
22.033447265625,25.280000686645508,25.43000030517578,25.270000457763672,25.299999237060547,37600,0.797,2012-10-22,43,2012,22,Monday,-0.035799999999999985,1.0273508164205643
21.876567840576172,25.100000381469727,25.110000610351562,24.829999923706055,24.829999923706055,1000,-0.712,2012-10-23,43,2012,23,Tuesday,-0.035799999999999985,1.0273508164205643
21.745832443237305,24.950000762939453,25.290000915527344,24.920000076293945,25.170000076293945,198200,-0.598,2012-10-24,43,2012,24,Wednesday,-0.035799999999999985,1.0273508164205643
22.033447265625,25.280000686645508,25.489999771118164,25.149999618530273,25.489999771118164,33900,1.323,2012-10-25,43,2012,25,Thursday,-0.035799999999999985,1.0273508164205643
21.815561294555664,25.030000686645508,25.280000686645508,24.989999771118164,25.280000686645508,3700,-0.989,2012-10-26,43,2012,26,Friday,-0.035799999999999985,1.0273508164205643
21.54537010192871,24.719999313354492,25.31999969482422,24.709999084472656,25.31999969482422,2400,-1.239,2012-10-31,44,2012,31,Wednesday,0.5013333333333333,1.8173635666352876
22.059598922729492,25.309999465942383,25.360000610351562,25.0,25.360000610351562,5100,2.387,2012-11-01,44,2012,1,Thursday,0.5013333333333333,1.8173635666352876
22.13804054260254,25.399999618530273,25.75,25.399999618530273,25.75,1000,0.356,2012-11-02,44,2012,2,Friday,0.5013333333333333,1.8173635666352876
21.824275970458984,25.040000915527344,25.040000915527344,24.729999542236328,24.729999542236328,600,-1.417,2012-11-05,45,2012,5,Monday,-0.43360000000000004,0.8831881453008753
21.83298683166504,25.049999237060547,25.25,25.020000457763672,25.25,2300,0.04,2012-11-06,45,2012,6,Tuesday,-0.43360000000000004,0.8831881453008753
21.798124313354492,25.010000228881836,25.010000228881836,25.010000228881836,25.010000228881836,100,-0.16,2012-11-07,45,2012,7,Wednesday,-0.43360000000000004,0.8831881453008753
21.937572479248047,25.170000076293945,25.170000076293945,25.170000076293945,25.170000076293945,200,0.64,2012-11-08,45,2012,8,Thursday,-0.43360000000000004,0.8831881453008753
21.658674240112305,24.850000381469727,24.860000610351562,24.850000381469727,24.860000610351562,600,-1.271,2012-11-09,45,2012,9,Friday,-0.43360000000000004,0.8831881453008753
21.51050567626953,24.68000030517578,24.8700008392334,24.68000030517578,24.8700008392334,500,-0.684,2012-11-12,46,2012,12,Monday,-0.5312000000000001,1.8691122759213796
21.423349380493164,24.579999923706055,24.700000762939453,24.56999969482422,24.56999969482422,9600,-0.405,2012-11-13,46,2012,13,Tuesday,-0.5312000000000001,1.8691122759213796
21.196731567382812,24.31999969482422,24.690000534057617,24.31999969482422,24.670000076293945,93400,-1.058,2012-11-14,46,2012,14,Wednesday,-0.5312000000000001,1.8691122759213796
21.69353675842285,24.889999389648438,24.889999389648438,24.889999389648438,24.889999389648438,200,2.344,2012-11-15,46,2012,15,Thursday,-0.5312000000000001,1.8691122759213796
21.074716567993164,24.18000030517578,24.18000030517578,24.040000915527344,24.040000915527344,800,-2.853,2012-11-16,46,2012,16,Friday,-0.5312000000000001,1.8691122759213796
21.257747650146484,24.389999389648438,24.399999618530273,24.18000030517578,24.350000381469727,900,0.868,2012-11-19,47,2012,19,Monday,0.251,1.0136699002469525
21.031137466430664,24.1299991607666,24.170000076293945,24.1299991607666,24.170000076293945,400,-1.066,2012-11-20,47,2012,20,Tuesday,0.251,1.0136699002469525
21.031137466430664,24.1299991607666,24.1299991607666,24.1299991607666,24.1299991607666,0,0.0,2012-11-21,47,2012,21,Wednesday,0.251,1.0136699002469525
21.28389549255371,24.420000076293945,24.420000076293945,24.40999984741211,24.40999984741211,1000,1.202,2012-11-23,47,2012,23,Friday,0.251,1.0136699002469525
21.28389549255371,24.420000076293945,24.43000030517578,24.360000610351562,24.360000610351562,10400,0.0,2012-11-26,48,2012,26,Monday,1.0732,1.313906275196218
21.536649703979492,24.709999084472656,24.93000030517578,24.65999984741211,24.93000030517578,13600,1.188,2012-11-27,48,2012,27,Tuesday,1.0732,1.313906275196218
21.501785278320312,24.670000076293945,24.700000762939453,24.639999389648438,24.700000762939453,6000,-0.162,2012-11-28,48,2012,28,Wednesday,1.0732,1.313906275196218
22.172903060913086,25.440000534057617,25.6200008392334,25.440000534057617,25.6200008392334,1700,3.121,2012-11-29,48,2012,29,Thursday,1.0732,1.313906275196218
22.44309425354004,25.75,25.8700008392334,25.479999542236328,25.479999542236328,9800,1.219,2012-11-30,48,2012,30,Friday,1.0732,1.313906275196218
22.390796661376953,25.690000534057617,25.809999465942383,25.65999984741211,25.809999465942383,8800,-0.233,2012-12-03,49,2012,3,Monday,0.20379999999999998,0.8501015821653315
22.390796661376953,25.690000534057617,25.690000534057617,25.690000534057617,25.690000534057617,0,0.0,2012-12-04,49,2012,4,Tuesday,0.20379999999999998,0.8501015821653315
22.687129974365234,26.030000686645508,26.030000686645508,25.780000686645508,25.950000762939453,9800,1.323,2012-12-05,49,2012,5,Wednesday,0.20379999999999998,0.8501015821653315
22.8614444732666,26.229999542236328,26.229999542236328,26.040000915527344,26.18000030517578,3000,0.768,2012-12-06,49,2012,6,Thursday,0.20379999999999998,0.8501015821653315
22.669700622558594,26.010000228881836,26.239999771118164,25.889999389648438,26.239999771118164,4100,-0.839,2012-12-07,49,2012,7,Friday,0.20379999999999998,0.8501015821653315
22.878881454467773,26.25,26.25,26.25,26.25,1000,0.923,2012-12-10,50,2012,10,Monday,-0.1754,0.7193328853875652
22.660987854003906,26.0,26.170000076293945,26.0,26.059999465942383,10700,-0.952,2012-12-11,50,2012,11,Tuesday,-0.1754,0.7193328853875652
22.660987854003906,26.0,26.0,26.0,26.0,0,0.0,2012-12-12,50,2012,12,Wednesday,-0.1754,0.7193328853875652
22.5128173828125,25.829999923706055,25.829999923706055,25.81999969482422,25.81999969482422,2800,-0.654,2012-12-13,50,2012,13,Thursday,-0.1754,0.7193328853875652
22.469240188598633,25.780000686645508,25.889999389648438,25.780000686645508,25.889999389648438,2100,-0.194,2012-12-14,50,2012,14,Friday,-0.1754,0.7193328853875652
22.469240188598633,25.780000686645508,25.780000686645508,25.780000686645508,25.780000686645508,0,0.0,2012-12-17,51,2012,17,Monday,-0.11239999999999997,1.0551181450434828
22.660987854003906,26.0,26.540000915527344,25.8700008392334,25.8700008392334,138300,0.853,2012-12-18,51,2012,18,Tuesday,-0.11239999999999997,1.0551181450434828
22.721994400024414,26.06999969482422,26.149999618530273,26.049999237060547,26.100000381469727,43200,0.269,2012-12-19,51,2012,19,Wednesday,-0.11239999999999997,1.0551181450434828
22.774288177490234,26.1299991607666,26.139999389648438,26.06999969482422,26.110000610351562,306400,0.23,2012-12-20,51,2012,20,Thursday,-0.11239999999999997,1.0551181450434828
22.338499069213867,25.6299991607666,25.6299991607666,25.510000228881836,25.6200008392334,267700,-1.914,2012-12-21,51,2012,21,Friday,-0.11239999999999997,1.0551181450434828
22.390796661376953,25.690000534057617,25.81999969482422,25.59000015258789,25.81999969482422,3300,0.234,2012-12-24,52,2012,24,Monday,0.12275000000000003,2.0408423710157857
22.70456314086914,26.049999237060547,26.049999237060547,25.989999771118164,25.989999771118164,9400,1.401,2012-12-26,52,2012,26,Wednesday,0.12275000000000003,2.0408423710157857
23.079345703125,26.479999542236328,26.479999542236328,25.649999618530273,25.90999984741211,323500,1.651,2012-12-27,52,2012,27,Thursday,0.12275000000000003,2.0408423710157857
22.43437385559082,25.739999771118164,26.010000228881836,25.739999771118164,25.860000610351562,310300,-2.795,2012-12-28,52,2012,28,Friday,0.12275000000000003,2.0408423710157857
22.8614444732666,26.229999542236328,26.229999542236328,25.639999389648438,26.010000228881836,106000,1.904,2012-12-31,53,2012,31,Monday,1.904,0.0
23.28851890563965,26.719999313354492,26.770000457763672,26.530000686645508,26.770000457763672,26700,1.868,2013-01-02,00,2013,2,Wednesday,0.32233333333333336,1.3391401470097644
23.19264793395996,26.610000610351562,26.739999771118164,26.520000457763672,26.579999923706055,60000,-0.412,2013-01-03,00,2013,3,Thursday,0.32233333333333336,1.3391401470097644
23.079345703125,26.479999542236328,26.479999542236328,26.290000915527344,26.399999618530273,7100,-0.489,2013-01-04,00,2013,4,Friday,0.32233333333333336,1.3391401470097644
22.765575408935547,26.1200008392334,26.219999313354492,25.940000534057617,26.219999313354492,30400,-1.36,2013-01-07,01,2013,7,Monday,-0.1796,0.7987479577438681
22.826587677001953,26.190000534057617,26.3700008392334,26.1200008392334,26.3700008392334,176100,0.268,2013-01-08,01,2013,8,Tuesday,-0.1796,0.7987479577438681
22.896310806274414,26.270000457763672,26.290000915527344,26.18000030517578,26.229999542236328,40900,0.305,2013-01-09,01,2013,9,Wednesday,-0.1796,0.7987479577438681
23.018333435058594,26.40999984741211,26.43000030517578,26.219999313354492,26.309999465942383,26000,0.533,2013-01-10,01,2013,10,Thursday,-0.1796,0.7987479577438681
22.870162963867188,26.239999771118164,26.450000762939453,26.110000610351562,26.450000762939453,170000,-0.644,2013-01-11,01,2013,11,Friday,-0.1796,0.7987479577438681
23.253652572631836,26.68000030517578,26.81999969482422,26.639999389648438,26.81999969482422,1800,1.677,2013-01-14,02,2013,14,Monday,0.791,0.90185475549004
23.3408145904541,26.780000686645508,26.780000686645508,26.639999389648438,26.709999084472656,101400,0.375,2013-01-15,02,2013,15,Tuesday,0.791,0.90185475549004
23.218791961669922,26.639999389648438,26.639999389648438,26.309999465942383,26.6299991607666,85700,-0.523,2013-01-16,02,2013,16,Wednesday,0.791,0.90185475549004
23.576141357421875,27.049999237060547,27.06999969482422,26.850000381469727,26.850000381469727,94000,1.539,2013-01-17,02,2013,17,Thursday,0.791,0.90185475549004
23.78531837463379,27.290000915527344,27.290000915527344,26.969999313354492,26.979999542236328,53600,0.887,2013-01-18,02,2013,18,Friday,0.791,0.90185475549004
23.706876754760742,27.200000762939453,27.219999313354492,27.110000610351562,27.200000762939453,20200,-0.33,2013-01-22,03,2013,22,Tuesday,-0.36825,0.29667308045501306
23.567428588867188,27.040000915527344,27.239999771118164,26.950000762939453,27.239999771118164,181900,-0.588,2013-01-23,03,2013,23,Wednesday,-0.36825,0.29667308045501306
23.427976608276367,26.8799991607666,27.059999465942383,26.700000762939453,27.059999465942383,24700,-0.592,2013-01-24,03,2013,24,Thursday,-0.36825,0.29667308045501306
23.436687469482422,26.889999389648438,27.040000915527344,26.770000457763672,27.0,14600,0.037,2013-01-25,03,2013,25,Friday,-0.36825,0.29667308045501306
23.488985061645508,26.950000762939453,27.100000381469727,26.889999389648438,27.100000381469727,2000,0.223,2013-01-28,04,2013,28,Monday,0.3774,0.5033510703276591
23.63715171813965,27.1200008392334,27.15999984741211,26.959999084472656,27.110000610351562,1400,0.631,2013-01-29,04,2013,29,Tuesday,0.3774,0.5033510703276591
23.759174346923828,27.260000228881836,27.299999237060547,27.100000381469727,27.299999237060547,23700,0.516,2013-01-30,04,2013,30,Wednesday,0.3774,0.5033510703276591
23.663297653198242,27.149999618530273,27.15999984741211,27.010000228881836,27.149999618530273,43900,-0.404,2013-01-31,04,2013,31,Thursday,0.3774,0.5033510703276591
23.881195068359375,27.399999618530273,27.399999618530273,26.940000534057617,27.209999084472656,69500,0.921,2013-02-01,04,2013,1,Friday,0.3774,0.5033510703276591
23.349531173706055,26.790000915527344,26.989999771118164,26.709999084472656,26.989999771118164,9200,-2.226,2013-02-04,05,2013,4,Monday,-0.8413999999999999,1.1102633921732268
23.427976608276367,26.8799991607666,26.920000076293945,26.84000015258789,26.90999984741211,10500,0.336,2013-02-05,05,2013,5,Tuesday,-0.8413999999999999,1.1102633921732268
23.480274200439453,26.940000534057617,26.940000534057617,26.790000915527344,26.790000915527344,30000,0.223,2013-02-06,05,2013,6,Wednesday,-0.8413999999999999,1.1102633921732268
23.122922897338867,26.530000686645508,26.770000457763672,26.43000030517578,26.770000457763672,6600,-1.522,2013-02-07,05,2013,7,Thursday,-0.8413999999999999,1.1102633921732268
22.887596130371094,26.260000228881836,26.600000381469727,26.25,26.579999923706055,424500,-1.018,2013-02-08,05,2013,8,Friday,-0.8413999999999999,1.1102633921732268
22.8614444732666,26.229999542236328,26.25,26.110000610351562,26.25,36100,-0.114,2013-02-11,06,2013,11,Monday,-0.40440000000000004,0.8054509916810582
23.02704620361328,26.420000076293945,26.510000228881836,26.18000030517578,26.190000534057617,30900,0.724,2013-02-12,06,2013,12,Tuesday,-0.40440000000000004,0.8054509916810582
22.966035842895508,26.350000381469727,26.389999389648438,26.309999465942383,26.389999389648438,30000,-0.265,2013-02-13,06,2013,13,Wednesday,-0.40440000000000004,0.8054509916810582
22.70456314086914,26.049999237060547,26.1200008392334,25.989999771118164,25.989999771118164,24900,-1.139,2013-02-14,06,2013,14,Thursday,-0.40440000000000004,0.8054509916810582
22.425657272338867,25.729999542236328,25.899999618530273,25.65999984741211,25.81999969482422,63600,-1.228,2013-02-15,06,2013,15,Friday,-0.40440000000000004,0.8054509916810582
22.98346710205078,26.3700008392334,26.389999389648438,25.959999084472656,25.959999084472656,343100,2.487,2013-02-19,07,2013,19,Tuesday,5.551115123125783e-17,2.2743504567238535
22.800432205200195,26.15999984741211,26.309999465942383,26.059999465942383,26.299999237060547,6700,-0.796,2013-02-20,07,2013,20,Wednesday,5.551115123125783e-17,2.2743504567238535
22.172903060913086,25.440000534057617,25.65999984741211,25.389999389648438,25.65999984741211,22000,-2.752,2013-02-21,07,2013,21,Thursday,5.551115123125783e-17,2.2743504567238535
22.408231735229492,25.709999084472656,25.760000228881836,25.65999984741211,25.670000076293945,98200,1.061,2013-02-22,07,2013,22,Friday,5.551115123125783e-17,2.2743504567238535
22.44309425354004,25.75,26.079999923706055,25.709999084472656,25.790000915527344,21500,0.156,2013-02-25,08,2013,25,Monday,-0.7285999999999999,1.8157427681254852
22.338499069213867,25.6299991607666,25.65999984741211,25.43000030517578,25.43000030517578,103500,-0.466,2013-02-26,08,2013,26,Tuesday,-0.7285999999999999,1.8157427681254852
22.61740493774414,25.950000762939453,26.0,25.809999465942383,25.8700008392334,9300,1.249,2013-02-27,08,2013,27,Wednesday,-0.7285999999999999,1.8157427681254852
21.798124313354492,25.010000228881836,25.329999923706055,24.959999084472656,25.329999923706055,32100,-3.622,2013-02-28,08,2013,28,Thursday,-0.7285999999999999,1.8157427681254852
21.588945388793945,24.770000457763672,24.899999618530273,24.770000457763672,24.889999389648438,3000,-0.96,2013-03-01,08,2013,1,Friday,-0.7285999999999999,1.8157427681254852
21.815561294555664,25.030000686645508,25.030000686645508,24.68000030517578,24.790000915527344,279600,1.05,2013-03-04,09,2013,4,Monday,1.254,0.7293548519068067
22.085744857788086,25.34000015258789,25.43000030517578,25.290000915527344,25.290000915527344,62700,1.238,2013-03-05,09,2013,5,Tuesday,1.254,0.7293548519068067
22.120607376098633,25.3799991607666,25.479999542236328,25.360000610351562,25.420000076293945,20900,0.158,2013-03-06,09,2013,6,Wednesday,1.254,0.7293548519068067
22.565114974975586,25.889999389648438,25.90999984741211,25.84000015258789,25.8700008392334,4000,2.009,2013-03-07,09,2013,7,Thursday,1.254,0.7293548519068067
22.974754333496094,26.360000610351562,26.43000030517578,26.149999618530273,26.3700008392334,96400,1.815,2013-03-08,09,2013,8,Friday,1.254,0.7293548519068067
22.93117332458496,26.309999465942383,26.450000762939453,26.219999313354492,26.450000762939453,11200,-0.19,2013-03-11,10,2013,11,Monday,-0.16440000000000002,0.8651747222382309
22.75686264038086,26.110000610351562,26.3700008392334,26.030000686645508,26.3700008392334,78000,-0.76,2013-03-12,10,2013,12,Tuesday,-0.16440000000000002,0.8651747222382309
22.573829650878906,25.899999618530273,25.920000076293945,25.65999984741211,25.889999389648438,449000,-0.804,2013-03-13,10,2013,13,Wednesday,-0.16440000000000002,0.8651747222382309
22.870162963867188,26.239999771118164,26.239999771118164,25.899999618530273,25.899999618530273,38300,1.313,2013-03-14,10,2013,14,Thursday,-0.16440000000000002,0.8651747222382309
22.78300666809082,26.139999389648438,26.149999618530273,26.06999969482422,26.079999923706055,28600,-0.381,2013-03-15,10,2013,15,Friday,-0.16440000000000002,0.8651747222382309
22.573829650878906,25.899999618530273,26.06999969482422,25.84000015258789,26.06999969482422,3900,-0.918,2013-03-18,11,2013,18,Monday,-0.9450000000000001,1.2478902195305484
21.972440719604492,25.209999084472656,25.479999542236328,25.030000686645508,25.479999542236328,11700,-2.664,2013-03-19,11,2013,19,Tuesday,-0.9450000000000001,1.2478902195305484
21.96372413635254,25.200000762939453,25.290000915527344,25.110000610351562,25.290000915527344,3600,-0.04,2013-03-20,11,2013,20,Wednesday,-0.9450000000000001,1.2478902195305484
21.615089416503906,24.799999237060547,25.079999923706055,24.799999237060547,25.079999923706055,14700,-1.587,2013-03-21,11,2013,21,Thursday,-0.9450000000000001,1.2478902195305484
21.719684600830078,24.920000076293945,25.0,24.860000610351562,24.860000610351562,498400,0.484,2013-03-22,11,2013,22,Friday,-0.9450000000000001,1.2478902195305484
21.676103591918945,24.8700008392334,25.100000381469727,24.670000076293945,25.100000381469727,45200,-0.201,2013-03-25,12,2013,25,Monday,0.22125,0.5832383017829562
21.623804092407227,24.809999465942383,25.030000686645508,24.809999465942383,24.989999771118164,425900,-0.241,2013-03-26,12,2013,26,Tuesday,0.22125,0.5832383017829562
21.84170150756836,25.059999465942383,25.059999465942383,24.739999771118164,24.770000457763672,140200,1.008,2013-03-27,12,2013,27,Wednesday,0.22125,0.5832383017829562
21.911426544189453,25.139999389648438,25.139999389648438,25.049999237060547,25.049999237060547,3000,0.319,2013-03-28,12,2013,28,Thursday,0.22125,0.5832383017829562
21.885282516479492,25.110000610351562,25.149999618530273,25.030000686645508,25.149999618530273,16600,-0.119,2013-04-01,13,2013,1,Monday,-0.6232,1.1192732910241359
22.085744857788086,25.34000015258789,25.389999389648438,25.239999771118164,25.3799991607666,154000,0.916,2013-04-02,13,2013,2,Tuesday,-0.6232,1.1192732910241359
21.70224952697754,24.899999618530273,25.170000076293945,24.809999465942383,25.15999984741211,222600,-1.736,2013-04-03,13,2013,3,Wednesday,-0.6232,1.1192732910241359
21.336191177368164,24.479999542236328,24.610000610351562,24.299999237060547,24.610000610351562,98400,-1.687,2013-04-04,13,2013,4,Thursday,-0.6232,1.1192732910241359
21.231599807739258,24.360000610351562,24.360000610351562,24.0,24.0,59300,-0.49,2013-04-05,13,2013,5,Friday,-0.6232,1.1192732910241359
21.440776824951172,24.600000381469727,24.610000610351562,24.489999771118164,24.510000228881836,59600,0.985,2013-04-08,14,2013,8,Monday,-0.025999999999999978,1.3262299951365903
21.405920028686523,24.559999465942383,24.610000610351562,24.40999984741211,24.510000228881836,306100,-0.163,2013-04-09,14,2013,9,Tuesday,-0.025999999999999978,1.3262299951365903
21.667390823364258,24.860000610351562,24.860000610351562,24.739999771118164,24.739999771118164,18900,1.221,2013-04-10,14,2013,10,Wednesday,-0.025999999999999978,1.3262299951365903
21.658674240112305,24.850000381469727,24.950000762939453,24.790000915527344,24.920000076293945,189600,-0.04,2013-04-11,14,2013,11,Thursday,-0.025999999999999978,1.3262299951365903
21.196731567382812,24.31999969482422,24.469999313354492,24.18000030517578,24.25,182500,-2.133,2013-04-12,14,2013,12,Friday,-0.025999999999999978,1.3262299951365903
21.013700485229492,24.110000610351562,24.690000534057617,24.100000381469727,24.690000534057617,80600,-0.863,2013-04-15,15,2013,15,Monday,1.1751999999999998,2.149195942672515
21.946292877197266,25.18000030517578,25.25,24.989999771118164,25.100000381469727,115200,4.438,2013-04-16,15,2013,16,Tuesday,1.1751999999999998,2.149195942672515
21.798124313354492,25.010000228881836,25.079999923706055,24.829999923706055,25.079999923706055,310200,-0.675,2013-04-17,15,2013,17,Wednesday,1.1751999999999998,2.149195942672515
22.085744857788086,25.34000015258789,25.420000076293945,25.239999771118164,25.299999237060547,8500,1.319,2013-04-18,15,2013,18,Thursday,1.1751999999999998,2.149195942672515
22.451805114746094,25.760000228881836,25.760000228881836,25.520000457763672,25.670000076293945,180200,1.657,2013-04-19,15,2013,19,Friday,1.1751999999999998,2.149195942672515
22.425657272338867,25.729999542236328,25.770000457763672,25.56999969482422,25.700000762939453,34600,-0.116,2013-04-22,16,2013,22,Monday,-0.16799999999999998,0.9087197037590855
22.55638885498047,25.8799991607666,25.920000076293945,25.729999542236328,25.75,769700,0.583,2013-04-23,16,2013,23,Tuesday,-0.16799999999999998,0.9087197037590855
22.660987854003906,26.0,26.049999237060547,25.950000762939453,26.0,212300,0.464,2013-04-24,16,2013,24,Wednesday,-0.16799999999999998,0.9087197037590855
22.6435546875,25.979999542236328,26.149999618530273,25.8799991607666,26.149999618530273,124200,-0.077,2013-04-25,16,2013,25,Thursday,-0.16799999999999998,0.9087197037590855
22.26006317138672,25.540000915527344,25.860000610351562,25.510000228881836,25.860000610351562,21900,-1.694,2013-04-26,16,2013,26,Friday,-0.16799999999999998,0.9087197037590855
22.6435546875,25.979999542236328,26.010000228881836,25.809999465942383,25.829999923706055,35500,1.723,2013-04-29,17,2013,29,Monday,0.841,1.534149927484273
23.122922897338867,26.530000686645508,26.559999465942383,26.1299991607666,26.200000762939453,130300,2.117,2013-04-30,17,2013,30,Tuesday,0.841,1.534149927484273
22.85272979736328,26.219999313354492,26.34000015258789,26.200000762939453,26.34000015258789,18100,-1.169,2013-05-01,17,2013,1,Wednesday,0.841,1.534149927484273
23.305953979492188,26.739999771118164,26.75,26.479999542236328,26.479999542236328,132700,1.983,2013-05-02,17,2013,2,Thursday,0.841,1.534149927484273
23.20136260986328,26.6200008392334,26.809999465942383,26.610000610351562,26.610000610351562,781300,-0.449,2013-05-03,17,2013,3,Friday,0.841,1.534149927484273
23.13163948059082,26.540000915527344,26.6200008392334,26.469999313354492,26.6200008392334,389900,-0.301,2013-05-06,18,2013,6,Monday,-0.0258,1.0232759647328769
23.305953979492188,26.739999771118164,26.84000015258789,26.639999389648438,26.719999313354492,107400,0.754,2013-05-07,18,2013,7,Tuesday,-0.0258,1.0232759647328769
23.497699737548828,26.959999084472656,26.959999084472656,26.790000915527344,26.790000915527344,11600,0.823,2013-05-08,18,2013,8,Wednesday,-0.0258,1.0232759647328769
23.10548973083496,26.510000228881836,26.709999084472656,26.440000534057617,26.59000015258789,27400,-1.669,2013-05-09,18,2013,9,Thursday,-0.0258,1.0232759647328769
23.166500091552734,26.579999923706055,26.579999923706055,26.350000381469727,26.350000381469727,42500,0.264,2013-05-10,18,2013,10,Friday,-0.0258,1.0232759647328769
22.748144149780273,26.100000381469727,26.170000076293945,26.06999969482422,26.139999389648438,276200,-1.806,2013-05-13,19,2013,13,Monday,0.23899999999999996,1.3043197460745581
22.93117332458496,26.309999465942383,26.350000381469727,26.200000762939453,26.270000457763672,648700,0.805,2013-05-14,19,2013,14,Tuesday,0.23899999999999996,1.3043197460745581
23.33209800720215,26.770000457763672,26.829999923706055,26.670000076293945,26.770000457763672,30000,1.748,2013-05-15,19,2013,15,Wednesday,0.23899999999999996,1.3043197460745581
23.358243942260742,26.799999237060547,26.969999313354492,26.780000686645508,26.969999313354492,32700,0.112,2013-05-16,19,2013,16,Thursday,0.23899999999999996,1.3043197460745581
23.436687469482422,26.889999389648438,26.899999618530273,26.770000457763672,26.770000457763672,5000,0.336,2013-05-17,19,2013,17,Friday,0.23899999999999996,1.3043197460745581
23.323379516601562,26.760000228881836,26.84000015258789,26.719999313354492,26.729999542236328,17900,-0.483,2013-05-20,20,2013,20,Monday,-0.9301999999999999,0.6668929449319433
23.10548973083496,26.510000228881836,26.579999923706055,26.40999984741211,26.579999923706055,48000,-0.934,2013-05-21,20,2013,21,Tuesday,-0.9301999999999999,0.6668929449319433
22.721994400024414,26.06999969482422,26.559999465942383,26.0,26.329999923706055,35500,-1.66,2013-05-22,20,2013,22,Wednesday,-0.9301999999999999,0.6668929449319433
22.382081985473633,25.68000030517578,25.700000762939453,25.530000686645508,25.530000686645508,18200,-1.496,2013-05-23,20,2013,23,Thursday,-0.9301999999999999,0.6668929449319433
22.364648818969727,25.65999984741211,25.719999313354492,25.56999969482422,25.65999984741211,450000,-0.078,2013-05-24,20,2013,24,Friday,-0.9301999999999999,0.6668929449319433
22.69584846496582,26.040000915527344,26.299999237060547,26.0,26.299999237060547,48600,1.481,2013-05-28,21,2013,28,Tuesday,-0.5467500000000001,1.865069502726373
22.451805114746094,25.760000228881836,25.889999389648438,25.75,25.889999389648438,25800,-1.075,2013-05-29,21,2013,29,Wednesday,-0.5467500000000001,1.865069502726373
22.5128173828125,25.829999923706055,25.940000534057617,25.770000457763672,25.770000457763672,14800,0.272,2013-05-30,21,2013,30,Thursday,-0.5467500000000001,1.865069502726373
21.867849349975586,25.09000015258789,25.520000457763672,25.030000686645508,25.489999771118164,265700,-2.865,2013-05-31,21,2013,31,Friday,-0.5467500000000001,1.865069502726373
22.077028274536133,25.329999923706055,25.3799991607666,25.030000686645508,25.030000686645508,58100,0.957,2013-06-03,22,2013,3,Monday,-0.23500000000000001,1.123852970810684
21.806840896606445,25.020000457763672,25.139999389648438,25.010000228881836,25.110000610351562,67200,-1.224,2013-06-04,22,2013,4,Tuesday,-0.23500000000000001,1.123852970810684
21.56279945373535,24.739999771118164,25.09000015258789,24.719999313354492,25.09000015258789,46200,-1.119,2013-06-05,22,2013,5,Wednesday,-0.23500000000000001,1.123852970810684
21.78069305419922,24.989999771118164,24.989999771118164,24.780000686645508,24.950000762939453,74900,1.011,2013-06-06,22,2013,6,Thursday,-0.23500000000000001,1.123852970810684
21.606382369995117,24.790000915527344,24.899999618530273,24.6299991607666,24.6299991607666,1106300,-0.8,2013-06-07,22,2013,7,Friday,-0.23500000000000001,1.123852970810684
21.092151641845703,24.200000762939453,24.299999237060547,24.170000076293945,24.260000228881836,49000,-2.38,2013-06-10,23,2013,10,Monday,-0.6603999999999999,1.5826497717435781
20.630212783813477,23.670000076293945,23.799999237060547,23.600000381469727,23.770000457763672,24700,-2.19,2013-06-11,23,2013,11,Tuesday,-0.6603999999999999,1.5826497717435781
20.543054580688477,23.56999969482422,24.06999969482422,23.559999465942383,24.06999969482422,67100,-0.422,2013-06-12,23,2013,12,Wednesday,-0.6603999999999999,1.5826497717435781
20.76966667175293,23.829999923706055,23.84000015258789,23.489999771118164,23.5,29700,1.103,2013-06-13,23,2013,13,Thursday,-0.6603999999999999,1.5826497717435781
20.89168357849121,23.969999313354492,24.190000534057617,23.899999618530273,24.15999984741211,283400,0.587,2013-06-14,23,2013,14,Friday,-0.6603999999999999,1.5826497717435781
20.926546096801758,24.010000228881836,24.290000915527344,24.010000228881836,24.290000915527344,137700,0.167,2013-06-17,24,2013,17,Monday,-0.9673999999999999,2.6479841955721715
20.848108291625977,23.920000076293945,23.959999084472656,23.739999771118164,23.760000228881836,1787600,-0.375,2013-06-18,24,2013,18,Tuesday,-0.9673999999999999,2.6479841955721715
20.342592239379883,23.34000015258789,23.979999542236328,23.270000457763672,23.979999542236328,1256300,-2.425,2013-06-19,24,2013,19,Wednesday,-0.9673999999999999,2.6479841955721715
19.410005569458008,22.270000457763672,23.40999984741211,22.110000610351562,23.40999984741211,2243700,-4.584,2013-06-20,24,2013,20,Thursday,-0.9673999999999999,2.6479841955721715
19.871938705444336,22.799999237060547,23.100000381469727,22.479999542236328,23.100000381469727,888500,2.38,2013-06-21,24,2013,21,Friday,-0.9673999999999999,2.6479841955721715
19.55817413330078,22.440000534057617,23.649999618530273,22.260000228881836,23.649999618530273,246500,-1.579,2013-06-24,25,2013,24,Monday,0.5993999999999999,1.573130414174235
19.88065528869629,22.809999465942383,22.84000015258789,22.43000030517578,22.5,1414000,1.649,2013-06-25,25,2013,25,Tuesday,0.5993999999999999,1.573130414174235
19.767356872558594,22.68000030517578,22.68000030517578,22.219999313354492,22.219999313354492,112900,-0.57,2013-06-26,25,2013,26,Wednesday,0.5993999999999999,1.573130414174235
20.14212989807129,23.110000610351562,23.200000762939453,22.920000076293945,23.079999923706055,88400,1.896,2013-06-27,25,2013,27,Thursday,0.5993999999999999,1.573130414174235
20.464611053466797,23.479999542236328,23.540000915527344,23.3700008392334,23.459999084472656,98800,1.601,2013-06-28,25,2013,28,Friday,0.5993999999999999,1.573130414174235
20.55177116394043,23.579999923706055,23.989999771118164,23.549999237060547,23.989999771118164,717500,0.426,2013-07-01,26,2013,1,Monday,-0.64275,0.7258105239431752
20.307729721069336,23.299999237060547,23.709999084472656,23.260000228881836,23.549999237060547,104600,-1.187,2013-07-02,26,2013,2,Tuesday,-0.64275,0.7258105239431752
20.133420944213867,23.100000381469727,23.229999542236328,22.860000610351562,22.979999542236328,705300,-0.858,2013-07-03,26,2013,3,Wednesday,-0.64275,0.7258105239431752
19.94166374206543,22.8799991607666,23.68000030517578,22.719999313354492,23.68000030517578,1289600,-0.952,2013-07-05,26,2013,5,Friday,-0.64275,0.7258105239431752
20.011394500732422,22.959999084472656,23.219999313354492,22.84000015258789,23.219999313354492,1116000,0.35,2013-07-08,27,2013,8,Monday,0.9054,1.779087912386569
20.24671745300293,23.229999542236328,23.389999389648438,23.209999084472656,23.270000457763672,493200,1.176,2013-07-09,27,2013,9,Tuesday,0.9054,1.779087912386569
20.08112144470215,23.040000915527344,23.280000686645508,23.020000457763672,23.190000534057617,831300,-0.818,2013-07-10,27,2013,10,Wednesday,0.9054,1.779087912386569
20.848108291625977,23.920000076293945,23.989999771118164,23.68000030517578,23.950000762939453,638400,3.819,2013-07-11,27,2013,11,Thursday,0.9054,1.779087912386569
20.848108291625977,23.920000076293945,24.049999237060547,23.8700008392334,24.0,898500,0.0,2013-07-12,27,2013,12,Friday,0.9054,1.779087912386569
21.22288703918457,24.350000381469727,24.450000762939453,24.1200008392334,24.1299991607666,177800,1.798,2013-07-15,28,2013,15,Monday,0.3106,0.8507965679291377
21.22288703918457,24.350000381469727,24.540000915527344,24.100000381469727,24.1299991607666,135500,0.0,2013-07-16,28,2013,16,Tuesday,0.3106,0.8507965679291377
21.17930793762207,24.299999237060547,24.389999389648438,24.209999084472656,24.209999084472656,178600,-0.205,2013-07-17,28,2013,17,Wednesday,0.3106,0.8507965679291377
21.22288703918457,24.350000381469727,24.530000686645508,24.299999237060547,24.399999618530273,123900,0.206,2013-07-18,28,2013,18,Thursday,0.3106,0.8507965679291377
21.170589447021484,24.290000915527344,24.360000610351562,24.209999084472656,24.34000015258789,80100,-0.246,2013-07-19,28,2013,19,Friday,0.3106,0.8507965679291377
21.29261016845703,24.43000030517578,24.459999084472656,24.260000228881836,24.290000915527344,389600,0.576,2013-07-22,29,2013,22,Monday,-0.2554,0.5475425097652237
21.10957908630371,24.219999313354492,24.459999084472656,24.18000030517578,24.299999237060547,165200,-0.86,2013-07-23,29,2013,23,Tuesday,-0.2554,0.5475425097652237
20.978837966918945,24.06999969482422,24.350000381469727,23.940000534057617,24.260000228881836,355500,-0.619,2013-07-24,29,2013,24,Wednesday,-0.2554,0.5475425097652237
20.94398307800293,24.030000686645508,24.09000015258789,23.90999984741211,24.059999465942383,3535500,-0.166,2013-07-25,29,2013,25,Thursday,-0.2554,0.5475425097652237
20.900402069091797,23.979999542236328,24.0,23.770000457763672,23.8799991607666,983600,-0.208,2013-07-26,29,2013,26,Friday,-0.2554,0.5475425097652237
20.534337997436523,23.559999465942383,23.639999389648438,23.510000228881836,23.610000610351562,115200,-1.751,2013-07-29,30,2013,29,Monday,-1.0344,1.80527236172274
19.837080001831055,22.760000228881836,22.940000534057617,22.75,22.8700008392334,201100,-3.396,2013-07-30,30,2013,30,Tuesday,-1.0344,1.80527236172274
19.854509353637695,22.780000686645508,22.959999084472656,22.56999969482422,22.6299991607666,61000,0.088,2013-07-31,30,2013,31,Wednesday,-1.0344,1.80527236172274
20.115983963012695,23.079999923706055,23.170000076293945,22.920000076293945,22.989999771118164,34500,1.317,2013-08-01,30,2013,1,Thursday,-1.0344,1.80527236172274
19.828367233276367,22.75,22.8799991607666,22.649999618530273,22.649999618530273,837500,-1.43,2013-08-02,30,2013,2,Friday,-1.0344,1.80527236172274
19.593034744262695,22.479999542236328,22.579999923706055,22.43000030517578,22.530000686645508,66700,-1.187,2013-08-05,31,2013,5,Monday,-0.32299999999999995,1.8389552740618789
19.1746768951416,22.0,22.06999969482422,21.860000610351562,22.06999969482422,34600,-2.135,2013-08-06,31,2013,6,Tuesday,-0.32299999999999995,1.8389552740618789
19.009078979492188,21.809999465942383,21.950000762939453,21.799999237060547,21.84000015258789,72000,-0.864,2013-08-07,31,2013,7,Wednesday,-0.32299999999999995,1.8389552740618789
19.5233097076416,22.399999618530273,22.469999313354492,22.139999389648438,22.350000381469727,221000,2.705,2013-08-08,31,2013,8,Thursday,-0.32299999999999995,1.8389552740618789
19.497161865234375,22.3700008392334,22.489999771118164,22.360000610351562,22.389999389648438,93300,-0.134,2013-08-09,31,2013,9,Friday,-0.32299999999999995,1.8389552740618789
19.42744255065918,22.290000915527344,22.420000076293945,22.260000228881836,22.3700008392334,12800,-0.358,2013-08-12,32,2013,12,Monday,-0.8400000000000001,2.429512296737763
19.70634651184082,22.610000610351562,22.65999984741211,22.510000228881836,22.6299991607666,75300,1.436,2013-08-13,32,2013,13,Tuesday,-0.8400000000000001,2.429512296737763
19.845794677734375,22.770000457763672,22.84000015258789,22.75,22.790000915527344,14400,0.708,2013-08-14,32,2013,14,Wednesday,-0.8400000000000001,2.429512296737763
19.61046600341797,22.5,22.540000915527344,22.3799991607666,22.5,52800,-1.186,2013-08-15,32,2013,15,Thursday,-0.8400000000000001,2.429512296737763
18.669164657592773,21.420000076293945,21.700000762939453,21.3799991607666,21.649999618530273,506000,-4.8,2013-08-16,32,2013,16,Friday,-0.8400000000000001,2.429512296737763
17.945758819580078,20.59000015258789,20.850000381469727,20.540000915527344,20.850000381469727,620800,-3.875,2013-08-19,33,2013,19,Monday,-0.38859999999999995,3.665304257493503
18.242095947265625,20.93000030517578,21.0,20.739999771118164,20.739999771118164,60600,1.651,2013-08-20,33,2013,20,Tuesday,-0.38859999999999995,3.665304257493503
17.36180305480957,19.920000076293945,20.170000076293945,19.850000381469727,20.170000076293945,72700,-4.826,2013-08-21,33,2013,21,Wednesday,-0.38859999999999995,3.665304257493503
17.884746551513672,20.520000457763672,20.530000686645508,20.3700008392334,20.389999389648438,97300,3.012,2013-08-22,33,2013,22,Thursday,-0.38859999999999995,3.665304257493503
18.259519577026367,20.950000762939453,21.030000686645508,20.860000610351562,20.860000610351562,84100,2.095,2013-08-23,33,2013,23,Friday,-0.38859999999999995,3.665304257493503
17.980623245239258,20.6299991607666,20.889999389648438,20.559999465942383,20.8700008392334,49300,-1.527,2013-08-26,34,2013,26,Monday,-0.49960000000000004,3.8461776870030326
16.85628890991211,19.34000015258789,19.5,19.309999465942383,19.350000381469727,161800,-6.253,2013-08-27,34,2013,27,Tuesday,-0.49960000000000004,3.8461776870030326
16.769126892089844,19.239999771118164,19.610000610351562,18.760000228881836,18.760000228881836,204500,-0.517,2013-08-28,34,2013,28,Wednesday,-0.49960000000000004,3.8461776870030326
17.091609954833984,19.610000610351562,19.8700008392334,19.59000015258789,19.68000030517578,43900,1.923,2013-08-29,34,2013,29,Thursday,-0.49960000000000004,3.8461776870030326
17.754011154174805,20.3700008392334,20.3700008392334,19.950000762939453,20.040000915527344,1598600,3.876,2013-08-30,34,2013,30,Friday,-0.49960000000000004,3.8461776870030326
16.978307723999023,19.479999542236328,19.639999389648438,19.3799991607666,19.549999237060547,978500,-4.369,2013-09-03,35,2013,3,Tuesday,1.4837500000000001,4.186626038152122
17.919607162475586,20.559999465942383,20.610000610351562,20.09000015258789,20.149999618530273,78400,5.544,2013-09-04,35,2013,4,Wednesday,1.4837500000000001,4.186626038152122
18.40769386291504,21.1200008392334,21.149999618530273,20.670000076293945,20.690000534057617,240500,2.724,2013-09-05,35,2013,5,Thursday,1.4837500000000001,4.186626038152122
18.782472610473633,21.549999237060547,21.719999313354492,21.399999618530273,21.489999771118164,50100,2.036,2013-09-06,35,2013,6,Friday,1.4837500000000001,4.186626038152122
19.375144958496094,22.229999542236328,22.299999237060547,21.860000610351562,21.8700008392334,85600,3.155,2013-09-09,36,2013,9,Monday,1.1042,1.9167919031548524
19.767356872558594,22.68000030517578,22.860000610351562,22.649999618530273,22.860000610351562,91000,2.024,2013-09-10,36,2013,10,Tuesday,1.1042,1.9167919031548524
19.93294906616211,22.8700008392334,22.90999984741211,22.709999084472656,22.799999237060547,56700,0.838,2013-09-11,36,2013,11,Wednesday,1.1042,1.9167919031548524
19.540739059448242,22.420000076293945,22.719999313354492,22.420000076293945,22.719999313354492,488700,-1.968,2013-09-12,36,2013,12,Thursday,1.1042,1.9167919031548524
19.828367233276367,22.75,22.780000686645508,22.40999984741211,22.5,70000,1.472,2013-09-13,36,2013,13,Friday,1.1042,1.9167919031548524
19.688907623291016,22.59000015258789,22.8799991607666,22.56999969482422,22.8799991607666,75100,-0.703,2013-09-16,37,2013,16,Monday,0.32220000000000015,2.9256171485688283
19.79349708557129,22.709999084472656,22.729999542236328,22.59000015258789,22.59000015258789,45700,0.531,2013-09-17,37,2013,17,Tuesday,0.32220000000000015,2.9256171485688283
20.76966667175293,23.829999923706055,23.829999923706055,22.479999542236328,22.549999237060547,290800,4.932,2013-09-18,37,2013,18,Wednesday,0.32220000000000015,2.9256171485688283
20.760948181152344,23.81999969482422,24.06999969482422,23.719999313354492,24.020000457763672,1119700,-0.042,2013-09-19,37,2013,19,Thursday,0.32220000000000015,2.9256171485688283
20.115983963012695,23.079999923706055,23.290000915527344,23.020000457763672,23.290000915527344,264800,-3.107,2013-09-20,37,2013,20,Friday,0.32220000000000015,2.9256171485688283
20.020112991333008,22.969999313354492,23.030000686645508,22.829999923706055,22.829999923706055,89200,-0.477,2013-09-23,38,2013,23,Monday,-0.5586,1.6640716030267448
19.96781349182129,22.90999984741211,23.030000686645508,22.799999237060547,22.84000015258789,202900,-0.261,2013-09-24,38,2013,24,Tuesday,-0.5586,1.6640716030267448
19.93294906616211,22.8700008392334,23.0,22.799999237060547,22.940000534057617,257700,-0.175,2013-09-25,38,2013,25,Wednesday,-0.5586,1.6640716030267448
20.203140258789062,23.18000030517578,23.290000915527344,23.059999465942383,23.190000534057617,64800,1.356,2013-09-26,38,2013,26,Thursday,-0.5586,1.6640716030267448
19.54945945739746,22.43000030517578,22.75,22.34000015258789,22.709999084472656,146400,-3.236,2013-09-27,38,2013,27,Friday,-0.5586,1.6640716030267448
19.42744255065918,22.290000915527344,22.43000030517578,22.100000381469727,22.110000610351562,85700,-0.624,2013-09-30,39,2013,30,Monday,0.8884000000000001,0.9526784872138134
19.802213668823242,22.719999313354492,22.790000915527344,22.350000381469727,22.399999618530273,508700,1.929,2013-10-01,39,2013,1,Tuesday,0.8884000000000001,0.9526784872138134
19.959096908569336,22.899999618530273,22.899999618530273,22.610000610351562,22.81999969482422,162000,0.792,2013-10-02,39,2013,2,Wednesday,0.8884000000000001,0.9526784872138134
20.15084457397461,23.1200008392334,23.329999923706055,22.969999313354492,23.329999923706055,511800,0.961,2013-10-03,39,2013,3,Thursday,0.8884000000000001,0.9526784872138134
20.429752349853516,23.440000534057617,23.639999389648438,23.389999389648438,23.43000030517578,338300,1.384,2013-10-04,39,2013,4,Friday,0.8884000000000001,0.9526784872138134
20.47333335876465,23.489999771118164,23.639999389648438,23.440000534057617,23.510000228881836,61300,0.213,2013-10-07,40,2013,7,Monday,0.8402,2.1147526332883473
20.011394500732422,22.959999084472656,23.309999465942383,22.90999984741211,23.290000915527344,70000,-2.256,2013-10-08,40,2013,8,Tuesday,0.8402,2.1147526332883473
20.47333335876465,23.489999771118164,23.59000015258789,23.3700008392334,23.59000015258789,260500,2.308,2013-10-09,40,2013,9,Wednesday,0.8402,2.1147526332883473
21.135723114013672,24.25,24.450000762939453,24.059999465942383,24.06999969482422,365100,3.235,2013-10-10,40,2013,10,Thursday,0.8402,2.1147526332883473
21.28389549255371,24.420000076293945,24.420000076293945,24.030000686645508,24.030000686645508,732200,0.701,2013-10-11,40,2013,11,Friday,0.8402,2.1147526332883473
21.55408477783203,24.729999542236328,24.780000686645508,24.290000915527344,24.389999389648438,305200,1.269,2013-10-14,41,2013,14,Monday,0.15259999999999999,1.8555857026825788
20.89168357849121,23.969999313354492,24.709999084472656,23.950000762939453,24.700000762939453,120800,-3.073,2013-10-15,41,2013,15,Tuesday,0.15259999999999999,1.8555857026825788
21.12700843811035,24.239999771118164,24.299999237060547,23.989999771118164,24.020000457763672,35600,1.126,2013-10-16,41,2013,16,Wednesday,0.15259999999999999,1.8555857026825788
21.170589447021484,24.290000915527344,24.31999969482422,24.06999969482422,24.100000381469727,38200,0.206,2013-10-17,41,2013,17,Thursday,0.15259999999999999,1.8555857026825788
21.43206214904785,24.59000015258789,24.8799991607666,24.520000457763672,24.8799991607666,586800,1.235,2013-10-18,41,2013,18,Friday,0.15259999999999999,1.8555857026825788
21.327470779418945,24.469999313354492,24.790000915527344,24.420000076293945,24.790000915527344,128300,-0.488,2013-10-21,42,2013,21,Monday,-0.22979999999999995,1.3330966581609902
21.597665786743164,24.780000686645508,24.90999984741211,24.489999771118164,24.489999771118164,46400,1.267,2013-10-22,42,2013,22,Tuesday,-0.22979999999999995,1.3330966581609902
21.135723114013672,24.25,24.510000228881836,24.170000076293945,24.510000228881836,76800,-2.139,2013-10-23,42,2013,23,Wednesday,-0.22979999999999995,1.3330966581609902
21.013700485229492,24.110000610351562,24.31999969482422,24.059999465942383,24.31999969482422,99300,-0.577,2013-10-24,42,2013,24,Thursday,-0.22979999999999995,1.3330966581609902
21.17930793762207,24.299999237060547,24.479999542236328,24.1200008392334,24.479999542236328,20800,0.788,2013-10-25,42,2013,25,Friday,-0.22979999999999995,1.3330966581609902
21.004993438720703,24.100000381469727,24.440000534057617,24.030000686645508,24.440000534057617,21000,-0.823,2013-10-28,43,2013,28,Monday,0.20179999999999998,1.127605737835703
21.38848304748535,24.540000915527344,24.6299991607666,24.40999984741211,24.40999984741211,35200,1.826,2013-10-29,43,2013,29,Tuesday,0.20179999999999998,1.127605737835703
21.3797664642334,24.530000686645508,24.65999984741211,24.34000015258789,24.65999984741211,111200,-0.041,2013-10-30,43,2013,30,Wednesday,0.20179999999999998,1.127605737835703
21.21416664123535,24.34000015258789,24.719999313354492,24.329999923706055,24.68000030517578,1007000,-0.775,2013-10-31,43,2013,31,Thursday,0.20179999999999998,1.127605737835703
21.38848304748535,24.540000915527344,24.6200008392334,24.31999969482422,24.549999237060547,181600,0.822,2013-11-01,43,2013,1,Friday,0.20179999999999998,1.127605737835703
21.623804092407227,24.809999465942383,24.809999465942383,24.530000686645508,24.559999465942383,125100,1.1,2013-11-04,44,2013,4,Monday,-0.9736,1.3264246303503264
21.188020706176758,24.309999465942383,24.520000457763672,24.190000534057617,24.190000534057617,504600,-2.015,2013-11-05,44,2013,5,Tuesday,-0.9736,1.3264246303503264
21.031137466430664,24.1299991607666,24.229999542236328,24.059999465942383,24.139999389648438,158000,-0.74,2013-11-06,44,2013,6,Wednesday,-0.9736,1.3264246303503264
20.560482025146484,23.59000015258789,24.06999969482422,23.549999237060547,24.030000686645508,83400,-2.238,2013-11-07,44,2013,7,Thursday,-0.9736,1.3264246303503264
20.360023498535156,23.360000610351562,23.530000686645508,23.149999618530273,23.530000686645508,494100,-0.975,2013-11-08,44,2013,8,Friday,-0.9736,1.3264246303503264
20.194419860839844,23.170000076293945,23.3700008392334,23.110000610351562,23.350000381469727,348700,-0.813,2013-11-11,45,2013,11,Monday,0.4112,1.7150303787396888
19.79349708557129,22.709999084472656,23.040000915527344,22.579999923706055,23.040000915527344,443200,-1.985,2013-11-12,45,2013,12,Tuesday,0.4112,1.7150303787396888
20.1769962310791,23.149999618530273,23.149999618530273,22.709999084472656,22.84000015258789,124100,1.938,2013-11-13,45,2013,13,Wednesday,0.4112,1.7150303787396888
20.464611053466797,23.479999542236328,23.5,23.059999465942383,23.06999969482422,305500,1.425,2013-11-14,45,2013,14,Thursday,0.4112,1.7150303787396888
20.76966667175293,23.829999923706055,23.889999389648438,23.579999923706055,23.579999923706055,540900,1.491,2013-11-15,45,2013,15,Friday,0.4112,1.7150303787396888
21.066001892089844,24.170000076293945,24.43000030517578,24.15999984741211,24.239999771118164,89200,1.427,2013-11-18,46,2013,18,Monday,-0.2598,1.5844013696030435
20.900402069091797,23.979999542236328,24.229999542236328,23.979999542236328,24.200000762939453,129000,-0.786,2013-11-19,46,2013,19,Tuesday,-0.2598,1.5844013696030435
20.577919006347656,23.610000610351562,23.8799991607666,23.43000030517578,23.829999923706055,122400,-1.543,2013-11-20,46,2013,20,Wednesday,-0.2598,1.5844013696030435
20.203140258789062,23.18000030517578,23.299999237060547,23.1200008392334,23.299999237060547,273400,-1.821,2013-11-21,46,2013,21,Thursday,-0.2598,1.5844013696030435
20.49076271057129,23.510000228881836,23.549999237060547,23.200000762939453,23.219999313354492,134900,1.424,2013-11-22,46,2013,22,Friday,-0.2598,1.5844013696030435
20.447181701660156,23.459999084472656,23.739999771118164,23.459999084472656,23.739999771118164,143500,-0.213,2013-11-25,47,2013,25,Monday,0.403,0.6168689758233376
20.47333335876465,23.489999771118164,23.770000457763672,23.229999542236328,23.770000457763672,311600,0.128,2013-11-26,47,2013,26,Tuesday,0.403,0.6168689758233376
20.56920051574707,23.600000381469727,23.649999618530273,23.489999771118164,23.559999465942383,160900,0.468,2013-11-27,47,2013,27,Wednesday,0.403,0.6168689758233376
20.821956634521484,23.889999389648438,24.06999969482422,23.889999389648438,24.06999969482422,153000,1.229,2013-11-29,47,2013,29,Friday,0.403,0.6168689758233376
20.717369079589844,23.770000457763672,24.209999084472656,23.75,24.139999389648438,1992900,-0.502,2013-12-02,48,2013,2,Monday,0.9204000000000001,1.420030563051373
20.76966667175293,23.829999923706055,23.989999771118164,23.709999084472656,23.93000030517578,321100,0.252,2013-12-03,48,2013,3,Tuesday,0.9204000000000001,1.420030563051373
21.20545196533203,24.329999923706055,24.459999084472656,23.950000762939453,23.950000762939453,343000,2.098,2013-12-04,48,2013,4,Wednesday,0.9204000000000001,1.420030563051373
21.20545196533203,24.329999923706055,24.469999313354492,24.280000686645508,24.31999969482422,260400,0.0,2013-12-05,48,2013,5,Thursday,0.9204000000000001,1.420030563051373
21.789411544799805,25.0,25.06999969482422,24.65999984741211,24.690000534057617,811100,2.754,2013-12-06,48,2013,6,Friday,0.9204000000000001,1.420030563051373
21.902711868286133,25.1299991607666,25.229999542236328,25.030000686645508,25.100000381469727,99700,0.52,2013-12-09,49,2013,9,Monday,-0.7928,0.9665374798733881
21.72840118408203,24.93000030517578,25.030000686645508,24.8799991607666,25.030000686645508,499500,-0.796,2013-12-10,49,2013,10,Tuesday,-0.7928,0.9665374798733881
21.353622436523438,24.5,24.81999969482422,24.420000076293945,24.760000228881836,55900,-1.725,2013-12-11,49,2013,11,Wednesday,-0.7928,0.9665374798733881
20.987558364868164,24.079999923706055,24.15999984741211,23.8799991607666,23.979999542236328,89500,-1.714,2013-12-12,49,2013,12,Thursday,-0.7928,0.9665374798733881
20.93526840209961,24.020000457763672,24.200000762939453,23.81999969482422,24.200000762939453,128500,-0.249,2013-12-13,49,2013,13,Friday,-0.7928,0.9665374798733881
21.144441604614258,24.260000228881836,24.360000610351562,24.209999084472656,24.260000228881836,187300,0.999,2013-12-16,50,2013,16,Monday,0.5095999999999999,2.442548730322488
20.970123291015625,24.059999465942383,24.15999984741211,23.950000762939453,24.06999969482422,105800,-0.824,2013-12-17,50,2013,17,Tuesday,0.5095999999999999,2.442548730322488
21.40505027770996,24.459999084472656,24.770000457763672,23.889999389648438,24.15999984741211,350300,2.074,2013-12-18,50,2013,18,Wednesday,0.5095999999999999,2.442548730322488
20.77497673034668,23.739999771118164,24.049999237060547,23.649999618530273,24.049999237060547,1353600,-2.944,2013-12-19,50,2013,19,Thursday,0.5095999999999999,2.442548730322488
21.44881248474121,24.510000228881836,24.579999923706055,24.25,24.25,301400,3.243,2013-12-20,50,2013,20,Friday,0.5095999999999999,2.442548730322488
21.38755226135254,24.440000534057617,24.559999465942383,24.18000030517578,24.18000030517578,856600,-0.286,2013-12-23,51,2013,23,Monday,0.022499999999999992,0.7681555831991328
21.39630126953125,24.450000762939453,24.479999542236328,24.209999084472656,24.479999542236328,72800,0.041,2013-12-24,51,2013,24,Tuesday,0.022499999999999992,0.7681555831991328
21.238788604736328,24.270000457763672,24.520000457763672,24.260000228881836,24.520000457763672,65600,-0.736,2013-12-26,51,2013,26,Thursday,0.022499999999999992,0.7681555831991328
21.4663143157959,24.530000686645508,24.559999465942383,24.440000534057617,24.510000228881836,77700,1.071,2013-12-27,51,2013,27,Friday,0.022499999999999992,0.7681555831991328
21.47506332397461,24.540000915527344,24.6299991607666,24.5,24.540000915527344,554000,0.041,2013-12-30,52,2013,30,Monday,0.46900000000000003,0.6052834046956848
21.66758918762207,24.760000228881836,24.780000686645508,24.459999084472656,24.6299991607666,107400,0.897,2013-12-31,52,2013,31,Tuesday,0.46900000000000003,0.6052834046956848
20.643709182739258,23.59000015258789,24.3799991607666,23.59000015258789,24.3799991607666,338700,-4.725,2014-01-02,00,2014,2,Thursday,-1.2814999999999999,4.869844402031752
21.09001922607422,24.100000381469727,24.100000381469727,23.959999084472656,24.079999923706055,125900,2.162,2014-01-03,00,2014,3,Friday,-1.2814999999999999,4.869844402031752
20.985002517700195,23.979999542236328,24.18000030517578,23.8700008392334,24.18000030517578,26600,-0.498,2014-01-06,01,2014,6,Monday,0.30979999999999996,1.0790740011695212
20.9324951171875,23.920000076293945,23.959999084472656,23.799999237060547,23.920000076293945,80700,-0.25,2014-01-07,01,2014,7,Tuesday,0.30979999999999996,1.0790740011695212
20.993751525878906,23.989999771118164,23.989999771118164,23.799999237060547,23.799999237060547,103800,0.293,2014-01-08,01,2014,8,Wednesday,0.30979999999999996,1.0790740011695212
20.958749771118164,23.950000762939453,24.110000610351562,23.709999084472656,24.079999923706055,259300,-0.167,2014-01-09,01,2014,9,Thursday,0.30979999999999996,1.0790740011695212
21.413806915283203,24.469999313354492,24.59000015258789,24.18000030517578,24.280000686645508,156800,2.171,2014-01-10,01,2014,10,Friday,0.30979999999999996,1.0790740011695212
21.378799438476562,24.43000030517578,24.84000015258789,24.3700008392334,24.649999618530273,175100,-0.163,2014-01-13,02,2014,13,Monday,0.029000000000000005,1.039713422054366
21.66758918762207,24.760000228881836,24.760000228881836,24.450000762939453,24.540000915527344,204800,1.351,2014-01-14,02,2014,14,Tuesday,0.029000000000000005,1.039713422054366
21.816356658935547,24.93000030517578,24.979999542236328,24.8799991607666,24.90999984741211,90400,0.687,2014-01-15,02,2014,15,Wednesday,0.029000000000000005,1.039713422054366
21.737592697143555,24.84000015258789,25.030000686645508,24.760000228881836,24.780000686645508,91200,-0.361,2014-01-16,02,2014,16,Thursday,0.029000000000000005,1.039713422054366
21.440059661865234,24.5,24.610000610351562,24.40999984741211,24.59000015258789,331700,-1.369,2014-01-17,02,2014,17,Friday,0.029000000000000005,1.039713422054366
21.413806915283203,24.469999313354492,24.610000610351562,24.350000381469727,24.3799991607666,101300,-0.122,2014-01-21,03,2014,21,Tuesday,-0.8859999999999999,1.9008568243470276
21.676334381103516,24.770000457763672,24.790000915527344,24.610000610351562,24.700000762939453,39100,1.226,2014-01-22,03,2014,22,Wednesday,-0.8859999999999999,1.9008568243470276
21.37004852294922,24.420000076293945,24.670000076293945,24.290000915527344,24.639999389648438,178900,-1.413,2014-01-23,03,2014,23,Thursday,-0.8859999999999999,1.9008568243470276
20.6787166595459,23.6299991607666,23.989999771118164,23.600000381469727,23.940000534057617,233400,-3.235,2014-01-24,03,2014,24,Friday,-0.8859999999999999,1.9008568243470276
20.38993263244629,23.299999237060547,23.440000534057617,23.06999969482422,23.440000534057617,125400,-1.397,2014-01-27,04,2014,27,Monday,-0.21000000000000005,1.6715006730480249
20.56495475769043,23.5,23.610000610351562,23.459999084472656,23.5,162500,0.858,2014-01-28,04,2014,28,Tuesday,-0.21000000000000005,1.6715006730480249
20.17115592956543,23.049999237060547,24.989999771118164,22.940000534057617,23.3700008392334,144600,-1.915,2014-01-29,04,2014,29,Wednesday,-0.21000000000000005,1.6715006730480249
20.599958419799805,23.540000915527344,23.6299991607666,23.25,23.25,72200,2.126,2014-01-30,04,2014,30,Thursday,-0.21000000000000005,1.6715006730480249
20.451190948486328,23.3700008392334,23.540000915527344,23.229999542236328,23.299999237060547,144600,-0.722,2014-01-31,04,2014,31,Friday,-0.21000000000000005,1.6715006730480249
19.961132049560547,22.809999465942383,23.25,22.790000915527344,23.25,130500,-2.396,2014-02-03,05,2014,3,Monday,0.3156,2.113401831171725
20.512449264526367,23.440000534057617,23.469999313354492,23.25,23.299999237060547,461900,2.762,2014-02-04,05,2014,4,Tuesday,0.3156,2.113401831171725
20.31992530822754,23.219999313354492,23.389999389648438,23.15999984741211,23.229999542236328,109400,-0.939,2014-02-05,05,2014,5,Wednesday,0.3156,2.113401831171725
20.73122215270996,23.690000534057617,23.760000228881836,23.329999923706055,23.389999389648438,145700,2.024,2014-02-06,05,2014,6,Thursday,0.3156,2.113401831171725
20.757474899291992,23.719999313354492,23.850000381469727,23.510000228881836,23.549999237060547,83100,0.127,2014-02-07,05,2014,7,Friday,0.3156,2.113401831171725
20.398685455322266,23.309999465942383,23.549999237060547,23.209999084472656,23.549999237060547,110200,-1.728,2014-02-10,06,2014,10,Monday,0.05039999999999996,1.4282850905894102
20.757474899291992,23.719999313354492,23.780000686645508,23.1299991607666,23.1299991607666,348200,1.759,2014-02-11,06,2014,11,Tuesday,0.05039999999999996,1.4282850905894102
20.722471237182617,23.68000030517578,23.93000030517578,23.65999984741211,23.8799991607666,93000,-0.169,2014-02-12,06,2014,12,Wednesday,0.05039999999999996,1.4282850905894102
20.55620574951172,23.489999771118164,23.489999771118164,23.049999237060547,23.290000915527344,73000,-0.802,2014-02-13,06,2014,13,Thursday,0.05039999999999996,1.4282850905894102
20.801231384277344,23.770000457763672,23.860000610351562,23.549999237060547,23.549999237060547,27700,1.192,2014-02-14,06,2014,14,Friday,0.05039999999999996,1.4282850905894102
20.73122215270996,23.690000534057617,23.969999313354492,23.649999618530273,23.780000686645508,112700,-0.337,2014-02-18,07,2014,18,Tuesday,0.24375000000000002,0.8853840503796455
20.617462158203125,23.559999465942383,23.889999389648438,23.559999465942383,23.829999923706055,101200,-0.549,2014-02-19,07,2014,19,Wednesday,0.24375000000000002,0.8853840503796455
20.90624237060547,23.889999389648438,23.920000076293945,23.520000457763672,23.6200008392334,51500,1.401,2014-02-20,07,2014,20,Thursday,0.24375000000000002,0.8853840503796455
21.002506256103516,24.0,24.09000015258789,23.850000381469727,23.8799991607666,39500,0.46,2014-02-21,07,2014,21,Friday,0.24375000000000002,0.8853840503796455
21.151277542114258,24.170000076293945,24.309999465942383,24.030000686645508,24.030000686645508,43100,0.708,2014-02-24,08,2014,24,Monday,0.21900000000000003,0.9041493239504191
20.976253509521484,23.969999313354492,24.290000915527344,23.920000076293945,24.280000686645508,206600,-0.827,2014-02-25,08,2014,25,Tuesday,0.21900000000000003,0.9041493239504191
21.09001922607422,24.100000381469727,24.190000534057617,24.0,24.15999984741211,675300,0.542,2014-02-26,08,2014,26,Wednesday,0.21900000000000003,0.9041493239504191
21.361295700073242,24.40999984741211,24.469999313354492,24.239999771118164,24.25,83200,1.286,2014-02-27,08,2014,27,Thursday,0.21900000000000003,0.9041493239504191
21.23003387451172,24.260000228881836,24.5,24.229999542236328,24.299999237060547,555000,-0.614,2014-02-28,08,2014,28,Friday,0.21900000000000003,0.9041493239504191
20.90624237060547,23.889999389648438,24.190000534057617,23.860000610351562,24.190000534057617,160900,-1.525,2014-03-03,09,2014,3,Monday,0.7516,1.7703251961151092
21.45755958557129,24.520000457763672,24.59000015258789,24.5,24.59000015258789,23700,2.637,2014-03-04,09,2014,4,Tuesday,0.7516,1.7703251961151092
21.65883445739746,24.75,24.81999969482422,24.6299991607666,24.729999542236328,134300,0.938,2014-03-05,09,2014,5,Wednesday,0.7516,1.7703251961151092
22.140140533447266,25.299999237060547,25.440000534057617,25.0,25.1200008392334,790100,2.222,2014-03-06,09,2014,6,Thursday,0.7516,1.7703251961151092
22.026376724243164,25.170000076293945,25.5,25.110000610351562,25.489999771118164,1525200,-0.514,2014-03-07,09,2014,7,Friday,0.7516,1.7703251961151092
22.236404418945312,25.40999984741211,25.459999084472656,25.299999237060547,25.420000076293945,391600,0.954,2014-03-10,10,2014,10,Monday,-0.10500000000000002,1.258418650529306
22.00887680053711,25.149999618530273,25.469999313354492,25.100000381469727,25.440000534057617,463800,-1.023,2014-03-11,10,2014,11,Tuesday,-0.10500000000000002,1.258418650529306
22.18389892578125,25.350000381469727,25.389999389648438,25.209999084472656,25.290000915527344,818800,0.795,2014-03-12,10,2014,12,Wednesday,-0.10500000000000002,1.258418650529306
21.772598266601562,24.8799991607666,25.309999465942383,24.829999923706055,25.309999465942383,1618200,-1.854,2014-03-13,10,2014,13,Thursday,-0.10500000000000002,1.258418650529306
21.903867721557617,25.030000686645508,25.270000457763672,25.0,25.079999923706055,173900,0.603,2014-03-14,10,2014,14,Friday,-0.10500000000000002,1.258418650529306
22.455181121826172,25.65999984741211,25.65999984741211,25.299999237060547,25.299999237060547,360800,2.517,2014-03-17,11,2014,17,Monday,0.1412,1.8502038266093819
22.323911666870117,25.510000228881836,25.59000015258789,25.299999237060547,25.489999771118164,1287500,-0.585,2014-03-18,11,2014,18,Tuesday,0.1412,1.8502038266093819
21.825105667114258,24.940000534057617,25.43000030517578,24.75,25.389999389648438,273900,-2.234,2014-03-19,11,2014,19,Wednesday,0.1412,1.8502038266093819
22.131393432617188,25.290000915527344,25.329999923706055,24.940000534057617,24.979999542236328,175500,1.403,2014-03-20,11,2014,20,Thursday,0.1412,1.8502038266093819
22.043880462646484,25.190000534057617,25.510000228881836,25.170000076293945,25.5,304400,-0.395,2014-03-21,11,2014,21,Friday,0.1412,1.8502038266093819
22.542688369750977,25.760000228881836,25.84000015258789,25.520000457763672,25.84000015258789,1153800,2.263,2014-03-24,12,2014,24,Monday,0.9236000000000001,0.9828968918457315
22.761465072631836,26.010000228881836,26.18000030517578,25.8799991607666,26.18000030517578,811800,0.97,2014-03-25,12,2014,25,Tuesday,0.9236000000000001,0.9828968918457315
22.67395782470703,25.90999984741211,26.09000015258789,25.889999389648438,26.09000015258789,1006500,-0.384,2014-03-26,12,2014,26,Wednesday,0.9236000000000001,0.9828968918457315
22.778966903686523,26.030000686645508,26.06999969482422,25.809999465942383,25.889999389648438,342800,0.463,2014-03-27,12,2014,27,Thursday,0.9236000000000001,0.9828968918457315
23.076505661010742,26.3700008392334,26.56999969482422,26.06999969482422,26.450000762939453,151900,1.306,2014-03-28,12,2014,28,Friday,0.9236000000000001,0.9828968918457315
23.129009246826172,26.43000030517578,26.549999237060547,26.3799991607666,26.40999984741211,130100,0.228,2014-03-31,13,2014,31,Monday,0.019600000000000024,1.0365400619368266
23.444046020507812,26.790000915527344,26.790000915527344,26.549999237060547,26.729999542236328,365200,1.362,2014-04-01,13,2014,1,Tuesday,0.019600000000000024,1.0365400619368266
23.48780059814453,26.84000015258789,26.860000610351562,26.729999542236328,26.829999923706055,142700,0.187,2014-04-02,13,2014,2,Wednesday,0.019600000000000024,1.0365400619368266
23.129009246826172,26.43000030517578,26.489999771118164,26.25,26.440000534057617,378700,-1.528,2014-04-03,13,2014,3,Thursday,0.019600000000000024,1.0365400619368266
23.09400177001953,26.389999389648438,26.860000610351562,26.329999923706055,26.610000610351562,384500,-0.151,2014-04-04,13,2014,4,Friday,0.019600000000000024,1.0365400619368266
23.120258331298828,26.420000076293945,26.579999923706055,26.329999923706055,26.360000610351562,464000,0.114,2014-04-07,14,2014,7,Monday,0.21399999999999997,1.5740938663243689
23.321533203125,26.649999618530273,26.75,26.579999923706055,26.600000381469727,244900,0.871,2014-04-08,14,2014,8,Tuesday,0.21399999999999997,1.5740938663243689
23.69782829284668,27.079999923706055,27.100000381469727,26.6299991607666,26.8700008392334,286100,1.614,2014-04-09,14,2014,9,Wednesday,0.21399999999999997,1.5740938663243689
23.120258331298828,26.420000076293945,26.969999313354492,26.299999237060547,26.809999465942383,1399400,-2.437,2014-04-10,14,2014,10,Thursday,0.21399999999999997,1.5740938663243689
23.330286026000977,26.65999984741211,26.65999984741211,26.3700008392334,26.440000534057617,1094600,0.908,2014-04-11,14,2014,11,Friday,0.21399999999999997,1.5740938663243689
23.400291442871094,26.739999771118164,26.799999237060547,26.540000915527344,26.690000534057617,430900,0.3,2014-04-14,15,2014,14,Monday,0.04225000000000001,1.1106680797309938
23.09400177001953,26.389999389648438,26.670000076293945,26.229999542236328,26.65999984741211,244900,-1.309,2014-04-15,15,2014,15,Tuesday,0.04225000000000001,1.1106680797309938
23.050251007080078,26.34000015258789,26.389999389648438,26.06999969482422,26.280000686645508,46700,-0.189,2014-04-16,15,2014,16,Wednesday,0.04225000000000001,1.1106680797309938
23.365291595458984,26.700000762939453,26.770000457763672,26.3799991607666,26.579999923706055,86200,1.367,2014-04-17,15,2014,17,Thursday,0.04225000000000001,1.1106680797309938
23.234020233154297,26.549999237060547,26.700000762939453,26.549999237060547,26.579999923706055,24500,-0.562,2014-04-21,16,2014,21,Monday,-0.2706,0.4536119486962397
23.146512985229492,26.450000762939453,26.579999923706055,26.3700008392334,26.5,968000,-0.377,2014-04-22,16,2014,22,Tuesday,-0.2706,0.4536119486962397
23.032745361328125,26.31999969482422,26.59000015258789,26.209999084472656,26.59000015258789,125300,-0.492,2014-04-23,16,2014,23,Wednesday,-0.2706,0.4536119486962397
23.155263900756836,26.459999084472656,26.540000915527344,26.229999542236328,26.510000228881836,193500,0.532,2014-04-24,16,2014,24,Thursday,-0.2706,0.4536119486962397
23.050251007080078,26.34000015258789,26.459999084472656,26.18000030517578,26.450000762939453,488600,-0.454,2014-04-25,16,2014,25,Friday,-0.2706,0.4536119486962397
23.09400177001953,26.389999389648438,26.399999618530273,26.229999542236328,26.3799991607666,171000,0.19,2014-04-28,17,2014,28,Monday,0.14420000000000002,0.2795857650167476
23.155263900756836,26.459999084472656,26.610000610351562,26.40999984741211,26.510000228881836,68500,0.265,2014-04-29,17,2014,29,Tuesday,0.14420000000000002,0.2795857650167476
23.085250854492188,26.3799991607666,26.399999618530273,26.190000534057617,26.25,133700,-0.302,2014-04-30,17,2014,30,Wednesday,0.14420000000000002,0.2795857650167476
23.111507415771484,26.40999984741211,26.479999542236328,26.260000228881836,26.440000534057617,23300,0.114,2014-05-01,17,2014,1,Thursday,0.14420000000000002,0.2795857650167476
23.216522216796875,26.530000686645508,26.549999237060547,26.200000762939453,26.420000076293945,100000,0.454,2014-05-02,17,2014,2,Friday,0.14420000000000002,0.2795857650167476
23.085250854492188,26.3799991607666,26.530000686645508,26.229999542236328,26.530000686645508,141800,-0.565,2014-05-05,18,2014,5,Monday,0.40099999999999997,1.745056875863936
23.146512985229492,26.450000762939453,26.579999923706055,26.299999237060547,26.440000534057617,95100,0.265,2014-05-06,18,2014,6,Tuesday,0.40099999999999997,1.745056875863936
22.96274185180664,26.239999771118164,26.31999969482422,26.110000610351562,26.309999465942383,117200,-0.794,2014-05-07,18,2014,7,Wednesday,0.40099999999999997,1.745056875863936
22.883975982666016,26.149999618530273,26.31999969482422,26.09000015258789,26.31999969482422,230700,-0.343,2014-05-08,18,2014,8,Thursday,0.40099999999999997,1.745056875863936
23.671571731567383,27.049999237060547,27.100000381469727,26.68000030517578,26.84000015258789,823300,3.442,2014-05-09,18,2014,9,Friday,0.40099999999999997,1.745056875863936
24.511676788330078,28.010000228881836,28.139999389648438,27.799999237060547,27.799999237060547,387000,3.549,2014-05-12,19,2014,12,Monday,1.5556,2.3245530323053507
24.660444259643555,28.18000030517578,28.25,28.059999465942383,28.229999542236328,336500,0.607,2014-05-13,19,2014,13,Tuesday,1.5556,2.3245530323053507
24.53792953491211,28.040000915527344,28.139999389648438,27.959999084472656,28.0,2046900,-0.497,2014-05-14,19,2014,14,Wednesday,1.5556,2.3245530323053507
24.441669464111328,27.93000030517578,28.420000076293945,27.8700008392334,28.420000076293945,740700,-0.392,2014-05-15,19,2014,15,Thursday,1.5556,2.3245530323053507
25.544296264648438,29.190000534057617,29.25,28.709999084472656,28.790000915527344,1057800,4.511,2014-05-16,19,2014,16,Friday,1.5556,2.3245530323053507
25.526796340942383,29.170000076293945,29.25,28.93000030517578,29.229999542236328,365900,-0.069,2014-05-19,20,2014,19,Monday,0.3342,0.4485841058263211
25.491790771484375,29.1299991607666,29.209999084472656,29.049999237060547,29.06999969482422,228000,-0.137,2014-05-20,20,2014,20,Tuesday,0.3342,0.4485841058263211
25.579303741455078,29.229999542236328,29.280000686645508,29.1299991607666,29.18000030517578,397500,0.343,2014-05-21,20,2014,21,Wednesday,0.3342,0.4485841058263211
25.73682403564453,29.40999984741211,29.579999923706055,29.3799991607666,29.579999923706055,1887900,0.616,2014-05-22,20,2014,22,Thursday,0.3342,0.4485841058263211
25.973098754882812,29.68000030517578,29.760000228881836,29.43000030517578,29.43000030517578,239200,0.918,2014-05-23,20,2014,23,Friday,0.3342,0.4485841058263211
25.3430233001709,28.959999084472656,29.700000762939453,28.920000076293945,29.700000762939453,1412400,-2.426,2014-05-27,21,2014,27,Tuesday,-1.03075,1.080832819326529
25.39552879333496,29.020000457763672,29.31999969482422,28.920000076293945,29.299999237060547,446400,0.207,2014-05-28,21,2014,28,Wednesday,-1.03075,1.080832819326529
25.13300132751465,28.719999313354492,28.899999618530273,28.65999984741211,28.899999618530273,605500,-1.034,2014-05-29,21,2014,29,Thursday,-1.03075,1.080832819326529
24.91421890258789,28.469999313354492,28.829999923706055,28.450000762939453,28.829999923706055,1595500,-0.87,2014-05-30,21,2014,30,Friday,-1.03075,1.080832819326529
25.491790771484375,29.1299991607666,29.229999542236328,28.940000534057617,29.09000015258789,330400,2.318,2014-06-02,22,2014,2,Monday,1.2730000000000001,1.2158661521730096
25.658063888549805,29.31999969482422,29.389999389648438,29.079999923706055,29.299999237060547,493700,0.652,2014-06-03,22,2014,3,Tuesday,1.2730000000000001,1.2158661521730096
25.535547256469727,29.18000030517578,29.25,29.059999465942383,29.25,216700,-0.477,2014-06-04,22,2014,4,Wednesday,1.2730000000000001,1.2158661521730096
26.156871795654297,29.889999389648438,29.920000076293945,29.6200008392334,29.670000076293945,135900,2.433,2014-06-05,22,2014,5,Thursday,1.2730000000000001,1.2158661521730096
26.533164978027344,30.31999969482422,30.440000534057617,30.200000762939453,30.440000534057617,1276000,1.439,2014-06-06,22,2014,6,Friday,1.2730000000000001,1.2158661521730096
26.638179779052734,30.440000534057617,30.469999313354492,30.280000686645508,30.469999313354492,219000,0.396,2014-06-09,23,2014,9,Monday,-0.3694,0.8109465457106282
26.568172454833984,30.360000610351562,30.559999465942383,30.31999969482422,30.5,670700,-0.263,2014-06-10,23,2014,10,Tuesday,-0.3694,0.8109465457106282
26.384397506713867,30.149999618530273,30.270000457763672,30.1200008392334,30.170000076293945,774000,-0.692,2014-06-11,23,2014,11,Wednesday,-0.3694,0.8109465457106282
26.463159561157227,30.239999771118164,30.610000610351562,30.209999084472656,30.469999313354492,1118100,0.299,2014-06-12,23,2014,12,Thursday,-0.3694,0.8109465457106282
26.043109893798828,29.760000228881836,29.8799991607666,29.639999389648438,29.84000015258789,838600,-1.587,2014-06-13,23,2014,13,Friday,-0.3694,0.8109465457106282
25.789325714111328,29.469999313354492,29.639999389648438,29.40999984741211,29.59000015258789,183300,-0.974,2014-06-16,24,2014,16,Monday,-0.1426,1.1749956595664512
26.121868133544922,29.850000381469727,29.889999389648438,29.670000076293945,29.670000076293945,392700,1.289,2014-06-17,24,2014,17,Tuesday,-0.1426,1.1749956595664512
26.235631942749023,29.979999542236328,29.979999542236328,29.43000030517578,29.520000457763672,244100,0.436,2014-06-18,24,2014,18,Wednesday,-0.1426,1.1749956595664512
25.798078536987305,29.479999542236328,29.68000030517578,29.40999984741211,29.68000030517578,220700,-1.668,2014-06-19,24,2014,19,Thursday,-0.1426,1.1749956595664512
25.850584030151367,29.540000915527344,29.549999237060547,29.360000610351562,29.420000076293945,175100,0.204,2014-06-20,24,2014,20,Friday,-0.1426,1.1749956595664512
25.710567474365234,29.3799991607666,29.540000915527344,29.280000686645508,29.469999313354492,665600,-0.542,2014-06-23,25,2014,23,Monday,0.09559999999999995,0.9294222936857067
25.859333038330078,29.549999237060547,29.81999969482422,29.520000457763672,29.729999542236328,542300,0.579,2014-06-24,25,2014,24,Tuesday,0.09559999999999995,0.9294222936857067
26.040071487426758,29.68000030517578,29.700000762939453,29.530000686645508,29.6200008392334,294000,0.699,2014-06-25,25,2014,25,Wednesday,0.09559999999999995,0.9294222936857067
25.724224090576172,29.31999969482422,29.420000076293945,29.209999084472656,29.31999969482422,151100,-1.213,2014-06-26,25,2014,26,Thursday,0.09559999999999995,0.9294222936857067
25.96988296508789,29.600000381469727,29.610000610351562,29.399999618530273,29.399999618530273,216600,0.955,2014-06-27,25,2014,27,Friday,0.09559999999999995,0.9294222936857067
26.092714309692383,29.739999771118164,29.889999389648438,29.700000762939453,29.850000381469727,421400,0.473,2014-06-30,26,2014,30,Monday,0.8049999999999999,1.0166536611190002
26.443660736083984,30.139999389648438,30.139999389648438,29.829999923706055,29.920000076293945,121400,1.345,2014-07-01,26,2014,1,Tuesday,0.8049999999999999,1.0166536611190002
26.934982299804688,30.700000762939453,30.709999084472656,30.43000030517578,30.510000228881836,744000,1.858,2014-07-02,26,2014,2,Wednesday,0.8049999999999999,1.0166536611190002
26.812150955200195,30.559999465942383,30.579999923706055,30.459999084472656,30.520000457763672,762900,-0.456,2014-07-03,26,2014,3,Thursday,0.8049999999999999,1.0166536611190002
26.961299896240234,30.729999542236328,30.729999542236328,30.190000534057617,30.700000762939453,269500,0.556,2014-07-07,27,2014,7,Monday,-0.7704,1.3431015598233813
26.259416580200195,29.93000030517578,30.25,29.8700008392334,30.25,340800,-2.603,2014-07-08,27,2014,8,Tuesday,-0.7704,1.3431015598233813
26.399791717529297,30.09000015258789,30.09000015258789,29.920000076293945,30.0,403900,0.535,2014-07-09,27,2014,9,Wednesday,-0.7704,1.3431015598233813
26.040071487426758,29.68000030517578,29.709999084472656,29.31999969482422,29.6200008392334,378000,-1.363,2014-07-10,27,2014,10,Thursday,-0.7704,1.3431015598233813
25.7856388092041,29.389999389648438,29.459999084472656,29.31999969482422,29.440000534057617,339000,-0.977,2014-07-11,27,2014,11,Friday,-0.7704,1.3431015598233813
25.75054168701172,29.350000381469727,29.420000076293945,29.329999923706055,29.3799991607666,252200,-0.136,2014-07-14,28,2014,14,Monday,0.3246,1.3095603460703902
25.820730209350586,29.43000030517578,29.520000457763672,29.350000381469727,29.479999542236328,359700,0.273,2014-07-15,28,2014,15,Tuesday,0.3246,1.3095603460703902
26.15412712097168,29.809999465942383,29.899999618530273,29.739999771118164,29.739999771118164,202500,1.291,2014-07-16,28,2014,16,Wednesday,0.3246,1.3095603460703902
25.741769790649414,29.34000015258789,29.889999389648438,29.280000686645508,29.81999969482422,306600,-1.577,2014-07-17,28,2014,17,Thursday,0.3246,1.3095603460703902
26.197999954223633,29.860000610351562,29.920000076293945,29.709999084472656,29.729999542236328,193100,1.772,2014-07-18,28,2014,18,Friday,0.3246,1.3095603460703902
26.364694595336914,30.049999237060547,30.059999465942383,29.770000457763672,29.81999969482422,135400,0.636,2014-07-21,29,2014,21,Monday,0.4612,0.919874556665201
26.83846664428711,30.59000015258789,30.6299991607666,30.3700008392334,30.469999313354492,211600,1.797,2014-07-22,29,2014,22,Tuesday,0.4612,0.919874556665201
26.82969856262207,30.579999923706055,30.670000076293945,30.489999771118164,30.579999923706055,217600,-0.033,2014-07-23,29,2014,23,Wednesday,0.4612,0.919874556665201
26.98762321472168,30.760000228881836,30.780000686645508,30.639999389648438,30.65999984741211,400000,0.589,2014-07-24,29,2014,24,Thursday,0.4612,0.919874556665201
26.803373336791992,30.549999237060547,30.6200008392334,30.459999084472656,30.59000015258789,409100,-0.683,2014-07-25,29,2014,25,Friday,0.4612,0.919874556665201
26.882341384887695,30.639999389648438,30.65999984741211,30.43000030517578,30.540000915527344,322900,0.295,2014-07-28,30,2014,28,Monday,-0.5522,0.9738838226400519
26.724416732788086,30.459999084472656,30.6299991607666,30.399999618530273,30.540000915527344,243300,-0.587,2014-07-29,30,2014,29,Tuesday,-0.5522,0.9738838226400519
26.698091506958008,30.43000030517578,30.68000030517578,30.290000915527344,30.59000015258789,453000,-0.099,2014-07-30,30,2014,30,Wednesday,-0.5522,0.9738838226400519
26.110261917114258,29.760000228881836,30.010000228881836,29.579999923706055,30.0,663200,-2.202,2014-07-31,30,2014,31,Thursday,-0.5522,0.9738838226400519
26.066394805908203,29.709999084472656,29.760000228881836,29.420000076293945,29.6299991607666,279600,-0.168,2014-08-01,30,2014,1,Friday,-0.5522,0.9738838226400519
26.285734176635742,29.959999084472656,30.030000686645508,29.700000762939453,29.719999313354492,221200,0.841,2014-08-04,31,2014,4,Monday,-0.04359999999999999,0.9641526331447733
26.224321365356445,29.889999389648438,30.06999969482422,29.799999237060547,30.030000686645508,132800,-0.234,2014-08-05,31,2014,5,Tuesday,-0.04359999999999999,0.9641526331447733
25.926015853881836,29.549999237060547,29.690000534057617,29.5,29.600000381469727,369100,-1.138,2014-08-06,31,2014,6,Wednesday,-0.04359999999999999,0.9641526331447733
25.73299789428711,29.329999923706055,29.6299991607666,29.299999237060547,29.56999969482422,269300,-0.744,2014-08-07,31,2014,7,Thursday,-0.04359999999999999,0.9641526331447733
26.00497817993164,29.639999389648438,29.65999984741211,29.229999542236328,29.3700008392334,588100,1.057,2014-08-08,31,2014,8,Friday,-0.04359999999999999,0.9641526331447733
26.259416580200195,29.93000030517578,29.969999313354492,29.649999618530273,29.690000534057617,218200,0.978,2014-08-11,32,2014,11,Monday,0.5032,0.7595085252977745
26.259416580200195,29.93000030517578,29.959999084472656,29.75,29.75,374300,0.0,2014-08-12,32,2014,12,Tuesday,0.5032,0.7595085252977745
26.443660736083984,30.139999389648438,30.329999923706055,30.1299991607666,30.209999084472656,258500,0.702,2014-08-13,32,2014,13,Wednesday,0.5032,0.7595085252977745
26.803373336791992,30.549999237060547,30.549999237060547,30.420000076293945,30.5,115600,1.36,2014-08-14,32,2014,14,Thursday,0.5032,0.7595085252977745
26.662992477416992,30.389999389648438,30.549999237060547,30.229999542236328,30.3799991607666,128900,-0.524,2014-08-15,32,2014,15,Friday,0.5032,0.7595085252977745
27.040266036987305,30.81999969482422,30.829999923706055,30.56999969482422,30.639999389648438,278800,1.415,2014-08-18,33,2014,18,Monday,0.3544,0.6053171069778219
27.057811737060547,30.84000015258789,30.8799991607666,30.709999084472656,30.829999923706055,206500,0.065,2014-08-19,33,2014,19,Tuesday,0.3544,0.6053171069778219
27.1016788482666,30.889999389648438,30.989999771118164,30.65999984741211,30.709999084472656,224300,0.162,2014-08-20,33,2014,20,Wednesday,0.3544,0.6053171069778219
27.16309356689453,30.959999084472656,30.979999542236328,30.850000381469727,30.8799991607666,815700,0.227,2014-08-21,33,2014,21,Thursday,0.3544,0.6053171069778219
27.13677406311035,30.93000030517578,31.059999465942383,30.84000015258789,30.989999771118164,376600,-0.097,2014-08-22,33,2014,22,Friday,0.3544,0.6053171069778219
27.171865463256836,30.969999313354492,30.969999313354492,30.770000457763672,30.889999389648438,136500,0.129,2014-08-25,34,2014,25,Monday,0.0722,0.553349527875465
27.259601593017578,31.06999969482422,31.110000610351562,30.989999771118164,30.989999771118164,461900,0.323,2014-08-26,34,2014,26,Tuesday,0.0722,0.553349527875465
27.37366485595703,31.200000762939453,31.209999084472656,31.09000015258789,31.149999618530273,391900,0.418,2014-08-27,34,2014,27,Wednesday,0.0722,0.553349527875465
27.12799835205078,30.920000076293945,31.0,30.850000381469727,30.969999313354492,390400,-0.897,2014-08-28,34,2014,28,Thursday,0.0722,0.553349527875465
27.23328399658203,31.040000915527344,31.299999237060547,30.950000762939453,31.299999237060547,319500,0.388,2014-08-29,34,2014,29,Friday,0.0722,0.553349527875465
27.487716674804688,31.329999923706055,31.510000228881836,31.270000457763672,31.510000228881836,383600,0.934,2014-09-02,35,2014,2,Tuesday,0.7115,0.7990688330801046
27.81234359741211,31.700000762939453,31.899999618530273,31.6200008392334,31.899999618530273,479400,1.181,2014-09-03,35,2014,3,Wednesday,0.7115,0.7990688330801046
27.680740356445312,31.549999237060547,31.850000381469727,31.5,31.760000228881836,213600,-0.473,2014-09-04,35,2014,4,Thursday,0.7115,0.7990688330801046
28.014131546020508,31.93000030517578,31.93000030517578,31.6299991607666,31.709999084472656,468500,1.204,2014-09-05,35,2014,5,Friday,0.7115,0.7990688330801046
27.961496353149414,31.8700008392334,32.04999923706055,31.799999237060547,32.029998779296875,454400,-0.188,2014-09-08,36,2014,8,Monday,-0.4984,0.5998235573900045
27.575456619262695,31.43000030517578,31.729999542236328,31.350000381469727,31.700000762939453,580800,-1.381,2014-09-09,36,2014,9,Tuesday,-0.4984,0.5998235573900045
27.61932373046875,31.479999542236328,31.479999542236328,31.209999084472656,31.209999084472656,186200,0.159,2014-09-10,36,2014,10,Wednesday,-0.4984,0.5998235573900045
27.399982452392578,31.229999542236328,31.350000381469727,31.15999984741211,31.31999969482422,569700,-0.794,2014-09-11,36,2014,11,Thursday,-0.4984,0.5998235573900045
27.321020126342773,31.139999389648438,31.350000381469727,31.0,31.290000915527344,745500,-0.288,2014-09-12,36,2014,12,Friday,-0.4984,0.5998235573900045
27.013940811157227,30.790000915527344,31.040000915527344,30.760000228881836,31.040000915527344,958800,-1.124,2014-09-15,37,2014,15,Monday,0.031400000000000025,1.7464189932544825
26.89111328125,30.649999618530273,30.799999237060547,30.329999923706055,30.479999542236328,384500,-0.455,2014-09-16,37,2014,16,Tuesday,0.031400000000000025,1.7464189932544825
26.759511947631836,30.5,30.889999389648438,30.489999771118164,30.889999389648438,371800,-0.489,2014-09-17,37,2014,17,Wednesday,0.031400000000000025,1.7464189932544825
27.593000411987305,31.450000762939453,31.459999084472656,31.1200008392334,31.18000030517578,277200,3.115,2014-09-18,37,2014,18,Thursday,0.031400000000000025,1.7464189932544825
27.347339630126953,31.170000076293945,31.43000030517578,31.110000610351562,31.3700008392334,644800,-0.89,2014-09-19,37,2014,19,Friday,0.031400000000000025,1.7464189932544825
27.268375396728516,31.079999923706055,31.420000076293945,31.0,31.3799991607666,526100,-0.289,2014-09-22,38,2014,22,Monday,-0.3676,1.8588732608760608
26.899879455566406,30.65999984741211,30.850000381469727,30.6299991607666,30.790000915527344,398800,-1.351,2014-09-23,38,2014,23,Tuesday,-0.3676,1.8588732608760608
27.259601593017578,31.06999969482422,31.1299991607666,30.799999237060547,30.850000381469727,690100,1.337,2014-09-24,38,2014,24,Wednesday,-0.3676,1.8588732608760608
26.452430725097656,30.149999618530273,30.510000228881836,30.100000381469727,30.350000381469727,583900,-2.961,2014-09-25,38,2014,25,Thursday,-0.3676,1.8588732608760608
26.82969856262207,30.579999923706055,30.68000030517578,30.40999984741211,30.40999984741211,1258400,1.426,2014-09-26,38,2014,26,Friday,-0.3676,1.8588732608760608
26.57526397705078,30.290000915527344,30.450000762939453,30.260000228881836,30.420000076293945,1363100,-0.948,2014-09-29,39,2014,29,Monday,-0.1484,0.7728197073056561
26.56648826599121,30.280000686645508,30.40999984741211,30.209999084472656,30.270000457763672,343900,-0.033,2014-09-30,39,2014,30,Tuesday,-0.1484,0.7728197073056561
26.320825576782227,30.0,30.559999465942383,29.979999542236328,30.540000915527344,324600,-0.925,2014-10-01,39,2014,1,Wednesday,-0.1484,0.7728197073056561
26.42611312866211,30.1200008392334,30.280000686645508,29.739999771118164,30.010000228881836,576800,0.4,2014-10-02,39,2014,2,Thursday,-0.1484,0.7728197073056561
26.627904891967773,30.350000381469727,30.40999984741211,30.010000228881836,30.049999237060547,265500,0.764,2014-10-03,39,2014,3,Friday,-0.1484,0.7728197073056561
26.864795684814453,30.6200008392334,30.670000076293945,30.399999618530273,30.649999618530273,385900,0.89,2014-10-06,40,2014,6,Monday,-0.2992,1.7600098579269376
26.224321365356445,29.889999389648438,30.270000457763672,29.889999389648438,30.209999084472656,630000,-2.384,2014-10-07,40,2014,7,Tuesday,-0.2992,1.7600098579269376
26.759511947631836,30.5,30.530000686645508,29.739999771118164,29.850000381469727,1525600,2.041,2014-10-08,40,2014,8,Wednesday,-0.2992,1.7600098579269376
26.548940658569336,30.260000228881836,30.549999237060547,30.190000534057617,30.510000228881836,1039200,-0.787,2014-10-09,40,2014,9,Thursday,-0.2992,1.7600098579269376
26.21554183959961,29.8799991607666,30.219999313354492,29.850000381469727,30.1299991607666,265600,-1.256,2014-10-10,40,2014,10,Friday,-0.2992,1.7600098579269376
26.452430725097656,30.149999618530273,30.6200008392334,30.100000381469727,30.3700008392334,355300,0.904,2014-10-13,41,2014,13,Monday,-0.09620000000000002,1.045478215937568
26.487524032592773,30.190000534057617,30.329999923706055,30.049999237060547,30.149999618530273,317900,0.133,2014-10-14,41,2014,14,Tuesday,-0.09620000000000002,1.045478215937568
26.478757858276367,30.18000030517578,30.31999969482422,29.6200008392334,30.049999237060547,852300,-0.033,2014-10-15,41,2014,15,Wednesday,-0.09620000000000002,1.045478215937568
25.98743438720703,29.6200008392334,29.729999542236328,29.06999969482422,29.06999969482422,945900,-1.856,2014-10-16,41,2014,16,Thursday,-0.09620000000000002,1.045478215937568
26.08394432067871,29.729999542236328,29.850000381469727,29.399999618530273,29.399999618530273,389600,0.371,2014-10-17,41,2014,17,Friday,-0.09620000000000002,1.045478215937568
26.452430725097656,30.149999618530273,30.170000076293945,29.799999237060547,29.899999618530273,1153100,1.413,2014-10-20,42,2014,20,Monday,0.6726,0.7415762266955435
26.73318862915039,30.469999313354492,30.530000686645508,30.149999618530273,30.209999084472656,203400,1.061,2014-10-21,42,2014,21,Tuesday,0.6726,0.7415762266955435
26.592811584472656,30.309999465942383,30.459999084472656,30.229999542236328,30.389999389648438,853000,-0.525,2014-10-22,42,2014,22,Wednesday,0.6726,0.7415762266955435
26.73318862915039,30.469999313354492,30.610000610351562,30.3700008392334,30.489999771118164,410000,0.528,2014-10-23,42,2014,23,Thursday,0.6726,0.7415762266955435
26.970073699951172,30.739999771118164,30.760000228881836,30.489999771118164,30.549999237060547,312500,0.886,2014-10-24,42,2014,24,Friday,0.6726,0.7415762266955435
26.63667869567871,30.360000610351562,30.3799991607666,30.18000030517578,30.280000686645508,449400,-1.236,2014-10-27,43,2014,27,Monday,0.7454,1.4232609739608544
27.00517463684082,30.780000686645508,30.790000915527344,30.420000076293945,30.479999542236328,697600,1.383,2014-10-28,43,2014,28,Tuesday,0.7454,1.4232609739608544
26.934982299804688,30.700000762939453,30.93000030517578,30.479999542236328,30.8700008392334,715700,-0.26,2014-10-29,43,2014,29,Wednesday,0.7454,1.4232609739608544
27.45262908935547,31.290000915527344,31.290000915527344,30.950000762939453,30.989999771118164,523300,1.922,2014-10-30,43,2014,30,Thursday,0.7454,1.4232609739608544
27.979042053222656,31.889999389648438,31.93000030517578,31.670000076293945,31.799999237060547,1309600,1.918,2014-10-31,43,2014,31,Friday,0.7454,1.4232609739608544
27.864986419677734,31.760000228881836,31.889999389648438,31.729999542236328,31.860000610351562,1088400,-0.408,2014-11-03,44,2014,3,Monday,-0.0624,0.3296836362332835
27.961496353149414,31.8700008392334,31.899999618530273,31.709999084472656,31.899999618530273,660600,0.346,2014-11-04,44,2014,4,Tuesday,-0.0624,0.3296836362332835
27.8562068939209,31.75,31.770000457763672,31.59000015258789,31.75,574600,-0.377,2014-11-05,44,2014,5,Wednesday,-0.0624,0.3296836362332835
27.847434997558594,31.739999771118164,31.8700008392334,31.690000534057617,31.84000015258789,1796000,-0.031,2014-11-06,44,2014,6,Thursday,-0.0624,0.3296836362332835
27.891305923461914,31.790000915527344,31.809999465942383,31.649999618530273,31.709999084472656,632300,0.158,2014-11-07,44,2014,7,Friday,-0.0624,0.3296836362332835
27.8562068939209,31.75,31.8799991607666,31.700000762939453,31.8799991607666,655000,-0.126,2014-11-10,45,2014,10,Monday,0.06319999999999999,0.38944280709752493
27.90007781982422,31.799999237060547,31.940000534057617,31.719999313354492,31.829999923706055,1759700,0.157,2014-11-11,45,2014,11,Tuesday,0.06319999999999999,0.38944280709752493
27.979042053222656,31.889999389648438,31.959999084472656,31.790000915527344,31.790000915527344,706700,0.283,2014-11-12,45,2014,12,Wednesday,0.06319999999999999,0.38944280709752493
27.838659286499023,31.729999542236328,31.81999969482422,31.65999984741211,31.809999465942383,430500,-0.502,2014-11-13,45,2014,13,Thursday,0.06319999999999999,0.38944280709752493
27.979042053222656,31.889999389648438,31.899999618530273,31.68000030517578,31.729999542236328,1337700,0.504,2014-11-14,45,2014,14,Friday,0.06319999999999999,0.38944280709752493
27.95271873474121,31.860000610351562,31.90999984741211,31.739999771118164,31.81999969482422,365100,-0.094,2014-11-17,46,2014,17,Monday,0.3102,1.0743664179412906
28.040454864501953,31.959999084472656,32.0099983215332,31.8700008392334,31.950000762939453,1173700,0.314,2014-11-18,46,2014,18,Tuesday,0.3102,1.0743664179412906
27.79479217529297,31.68000030517578,31.739999771118164,31.510000228881836,31.670000076293945,503400,-0.876,2014-11-19,46,2014,19,Wednesday,0.3102,1.0743664179412906
27.838659286499023,31.729999542236328,31.780000686645508,31.600000381469727,31.649999618530273,331800,0.158,2014-11-20,46,2014,20,Thursday,0.3102,1.0743664179412906
28.408946990966797,32.380001068115234,32.380001068115234,32.08000183105469,32.13999938964844,955400,2.049,2014-11-21,46,2014,21,Friday,0.3102,1.0743664179412906
28.16329002380371,32.099998474121094,32.13999938964844,32.02000045776367,32.13999938964844,469200,-0.865,2014-11-24,47,2014,24,Monday,-0.29825,1.059688436915933
27.81234359741211,31.700000762939453,31.979999542236328,31.68000030517578,31.860000610351562,962900,-1.246,2014-11-25,47,2014,25,Tuesday,-0.29825,1.059688436915933
28.1369686126709,32.06999969482422,32.08000183105469,31.920000076293945,32.04999923706055,211900,1.167,2014-11-26,47,2014,26,Wednesday,-0.29825,1.059688436915933
28.0667781829834,31.989999771118164,32.150001525878906,31.940000534057617,32.08000183105469,287300,-0.249,2014-11-28,47,2014,28,Friday,-0.29825,1.059688436915933
27.87375831604004,31.770000457763672,32.189998626708984,31.760000228881836,32.18000030517578,377800,-0.688,2014-12-01,48,2014,1,Monday,-0.04879999999999999,0.5692119113300423
28.058000564575195,31.979999542236328,32.0,31.899999618530273,32.0,245700,0.661,2014-12-02,48,2014,2,Tuesday,-0.04879999999999999,0.5692119113300423
28.075546264648438,32.0,32.13999938964844,32.0,32.13999938964844,574000,0.063,2014-12-03,48,2014,3,Wednesday,-0.04879999999999999,0.5692119113300423
28.154512405395508,32.09000015258789,32.150001525878906,31.979999542236328,32.09000015258789,697900,0.281,2014-12-04,48,2014,4,Thursday,-0.04879999999999999,0.5692119113300423
27.9965877532959,31.90999984741211,31.950000762939453,31.799999237060547,31.8700008392334,579700,-0.561,2014-12-05,48,2014,5,Friday,-0.04879999999999999,0.5692119113300423
27.487716674804688,31.329999923706055,31.540000915527344,31.260000228881836,31.540000915527344,3333700,-1.818,2014-12-08,49,2014,8,Monday,-1.331,0.6055708051087008
27.066585540771484,30.850000381469727,30.969999313354492,30.780000686645508,30.899999618530273,643500,-1.532,2014-12-09,49,2014,9,Tuesday,-1.331,0.6055708051087008
26.943750381469727,30.709999084472656,30.959999084472656,30.649999618530273,30.93000030517578,438500,-0.454,2014-12-10,49,2014,10,Wednesday,-1.331,0.6055708051087008
26.680545806884766,30.40999984741211,30.59000015258789,30.34000015258789,30.469999313354492,700800,-0.977,2014-12-11,49,2014,11,Thursday,-1.331,0.6055708051087008
26.180448532104492,29.84000015258789,30.200000762939453,29.829999923706055,30.040000915527344,925000,-1.874,2014-12-12,49,2014,12,Friday,-1.331,0.6055708051087008
25.61016845703125,29.190000534057617,29.670000076293945,29.139999389648438,29.670000076293945,1015200,-2.178,2014-12-15,50,2014,15,Monday,0.10239999999999998,2.4047741681912673
25.10129165649414,28.610000610351562,29.010000228881836,28.540000915527344,28.719999313354492,1193500,-1.987,2014-12-16,50,2014,16,Tuesday,0.10239999999999998,2.4047741681912673
25.89669418334961,29.399999618530273,29.549999237060547,28.649999618530273,28.649999618530273,1172900,3.169,2014-12-17,50,2014,17,Wednesday,0.10239999999999998,2.4047741681912673
26.42519760131836,30.0,30.0,29.670000076293945,29.850000381469727,924700,2.041,2014-12-18,50,2014,18,Thursday,0.10239999999999998,2.4047741681912673
26.284263610839844,29.84000015258789,29.950000762939453,29.729999542236328,29.780000686645508,1435700,-0.533,2014-12-19,50,2014,19,Friday,0.10239999999999998,2.4047741681912673
26.58375358581543,30.18000030517578,30.209999084472656,29.950000762939453,30.110000610351562,414300,1.139,2014-12-22,51,2014,22,Monday,-0.38325000000000004,1.1101958911231238
26.187374114990234,29.729999542236328,29.93000030517578,29.709999084472656,29.93000030517578,309400,-1.491,2014-12-23,51,2014,23,Tuesday,-0.38325000000000004,1.1101958911231238
25.98478126525879,29.5,29.670000076293945,29.399999618530273,29.670000076293945,166500,-0.774,2014-12-24,51,2014,24,Wednesday,-0.38325000000000004,1.1101958911231238
25.87907600402832,29.3799991607666,29.850000381469727,29.3700008392334,29.850000381469727,156400,-0.407,2014-12-26,51,2014,26,Friday,-0.38325000000000004,1.1101958911231238
26.160947799682617,29.700000762939453,29.889999389648438,29.670000076293945,29.790000915527344,464800,1.089,2014-12-29,52,2014,29,Monday,0.643,0.4286991952406722
26.319496154785156,29.8799991607666,29.989999771118164,29.729999542236328,29.729999542236328,573400,0.606,2014-12-30,52,2014,30,Tuesday,0.643,0.4286991952406722
26.38115692138672,29.950000762939453,30.239999771118164,29.90999984741211,30.09000015258789,418600,0.234,2014-12-31,52,2014,31,Wednesday,0.643,0.4286991952406722
26.768720626831055,30.389999389648438,30.5,30.31999969482422,30.5,654400,1.469,2015-01-02,00,2015,2,Friday,1.469,0.0
26.337112426757812,29.899999618530273,30.25,29.84000015258789,30.25,431300,-1.612,2015-01-05,01,2015,5,Monday,0.09559999999999999,2.401396322975448
25.535551071166992,28.989999771118164,29.34000015258789,28.84000015258789,29.229999542236328,812600,-3.043,2015-01-06,01,2015,6,Tuesday,0.09559999999999999,2.401396322975448
26.037626266479492,29.559999465942383,29.579999923706055,29.260000228881836,29.3700008392334,537300,1.966,2015-01-07,01,2015,7,Wednesday,0.09559999999999999,2.401396322975448
26.733491897583008,30.350000381469727,30.420000076293945,30.190000534057617,30.239999771118164,478300,2.673,2015-01-08,01,2015,8,Thursday,0.09559999999999999,2.401396322975448
26.865619659423828,30.5,30.709999084472656,30.3700008392334,30.700000762939453,459600,0.494,2015-01-09,01,2015,9,Friday,0.09559999999999999,2.401396322975448
27.032978057861328,30.690000534057617,30.850000381469727,30.600000381469727,30.84000015258789,635100,0.623,2015-01-12,02,2015,12,Monday,1.1126,1.5520153994081374
26.997743606567383,30.649999618530273,31.010000228881836,30.489999771118164,30.940000534057617,1642700,-0.13,2015-01-13,02,2015,13,Tuesday,1.1126,1.5520153994081374
26.91847038269043,30.559999465942383,30.610000610351562,30.34000015258789,30.479999542236328,844200,-0.294,2015-01-14,02,2015,14,Wednesday,1.1126,1.5520153994081374
27.825735092163086,31.59000015258789,31.760000228881836,31.450000762939453,31.540000915527344,5702600,3.37,2015-01-15,02,2015,15,Thursday,1.1126,1.5520153994081374
28.38066864013672,32.220001220703125,32.22999954223633,31.65999984741211,31.700000762939453,1333000,1.994,2015-01-16,02,2015,16,Friday,1.1126,1.5520153994081374
28.503978729248047,32.36000061035156,32.599998474121094,32.25,32.400001525878906,2566400,0.434,2015-01-20,03,2015,20,Tuesday,0.6415,1.0042285596416785
28.935588836669922,32.849998474121094,32.869998931884766,32.529998779296875,32.619998931884766,2297900,1.514,2015-01-21,03,2015,21,Wednesday,0.6415,1.0042285596416785
29.314350128173828,33.279998779296875,33.40999984741211,32.7599983215332,32.86000061035156,4687300,1.309,2015-01-22,03,2015,22,Thursday,0.6415,1.0042285596416785
29.111757278442383,33.04999923706055,33.279998779296875,32.95000076293945,33.279998779296875,1982200,-0.691,2015-01-23,03,2015,23,Friday,0.6415,1.0042285596416785
29.261507034301758,33.220001220703125,33.25,33.02000045776367,33.119998931884766,2269600,0.514,2015-01-26,04,2015,26,Monday,-0.5716,1.5717039479494856
29.138187408447266,33.08000183105469,33.150001525878906,32.900001525878906,32.970001220703125,1823800,-0.421,2015-01-27,04,2015,27,Tuesday,-0.5716,1.5717039479494856
29.014863967895508,32.939998626708984,33.310001373291016,32.900001525878906,33.2599983215332,1502300,-0.423,2015-01-28,04,2015,28,Wednesday,-0.5716,1.5717039479494856
29.217456817626953,33.16999816894531,33.2400016784668,32.869998931884766,33.22999954223633,833900,0.698,2015-01-29,04,2015,29,Thursday,-0.5716,1.5717039479494856
28.27496337890625,32.099998474121094,32.689998626708984,32.08000183105469,32.689998626708984,1191500,-3.226,2015-01-30,04,2015,30,Friday,-0.5716,1.5717039479494856
28.865123748779297,32.77000045776367,32.79999923706055,32.459999084472656,32.689998626708984,703000,2.087,2015-02-02,05,2015,2,Monday,0.05560000000000005,1.2348075963485161
28.821083068847656,32.720001220703125,32.79999923706055,32.529998779296875,32.540000915527344,905800,-0.153,2015-02-03,05,2015,3,Tuesday,0.05560000000000005,1.2348075963485161
28.539213180541992,32.400001525878906,32.56999969482422,32.369998931884766,32.529998779296875,905200,-0.978,2015-02-04,05,2015,4,Wednesday,0.05560000000000005,1.2348075963485161
28.59206771850586,32.459999084472656,32.470001220703125,32.349998474121094,32.459999084472656,1267100,0.185,2015-02-05,05,2015,5,Thursday,0.05560000000000005,1.2348075963485161
28.345430374145508,32.18000030517578,32.380001068115234,32.15999984741211,32.33000183105469,604600,-0.863,2015-02-06,05,2015,6,Friday,0.05560000000000005,1.2348075963485161
27.931434631347656,31.709999084472656,31.8799991607666,31.6299991607666,31.8799991607666,1341900,-1.461,2015-02-09,06,2015,9,Monday,0.47939999999999994,1.1881840345670363
28.151643753051758,31.959999084472656,31.979999542236328,31.68000030517578,31.760000228881836,431800,0.788,2015-02-10,06,2015,10,Tuesday,0.47939999999999994,1.1881840345670363
28.257347106933594,32.08000183105469,32.130001068115234,31.829999923706055,31.940000534057617,1531400,0.375,2015-02-11,06,2015,11,Wednesday,0.47939999999999994,1.1881840345670363
28.74180793762207,32.630001068115234,32.63999938964844,32.34000015258789,32.400001525878906,1151900,1.714,2015-02-12,06,2015,12,Thursday,0.47939999999999994,1.1881840345670363
29.02367401123047,32.95000076293945,32.959999084472656,32.7599983215332,32.79999923706055,831900,0.981,2015-02-13,06,2015,13,Friday,0.47939999999999994,1.1881840345670363
28.91797637939453,32.83000183105469,32.88999938964844,32.66999816894531,32.83000183105469,458600,-0.364,2015-02-17,07,2015,17,Tuesday,0.14525000000000002,0.5818266494412232
29.182233810424805,33.130001068115234,33.18000030517578,32.86000061035156,32.97999954223633,533700,0.914,2015-02-18,07,2015,18,Wednesday,0.14525000000000002,0.5818266494412232
29.261507034301758,33.220001220703125,33.290000915527344,33.119998931884766,33.25,363100,0.272,2015-02-19,07,2015,19,Thursday,0.14525000000000002,0.5818266494412232
29.191038131713867,33.13999938964844,33.209999084472656,32.779998779296875,32.869998931884766,372900,-0.241,2015-02-20,07,2015,20,Friday,0.14525000000000002,0.5818266494412232
28.715381622314453,32.599998474121094,32.66999816894531,32.529998779296875,32.66999816894531,918100,-1.629,2015-02-23,08,2015,23,Monday,0.20699999999999993,1.4649696242584689
28.988445281982422,32.90999984741211,32.95000076293945,32.56999969482422,32.68000030517578,949600,0.951,2015-02-24,08,2015,24,Tuesday,0.20699999999999993,1.4649696242584689
29.058910369873047,32.9900016784668,33.029998779296875,32.79999923706055,32.84000015258789,1759100,0.243,2015-02-25,08,2015,25,Wednesday,0.20699999999999993,1.4649696242584689
28.856311798095703,32.7599983215332,32.86000061035156,32.68000030517578,32.79999923706055,1870300,-0.697,2015-02-26,08,2015,26,Thursday,0.20699999999999993,1.4649696242584689
29.48171043395996,33.470001220703125,33.54999923706055,33.15999984741211,33.279998779296875,3431900,2.167,2015-02-27,08,2015,27,Friday,0.20699999999999993,1.4649696242584689
29.5257625579834,33.52000045776367,33.54999923706055,33.220001220703125,33.25,3075000,0.149,2015-03-02,09,2015,2,Monday,-0.40120000000000006,0.8025438928806324
29.613834381103516,33.619998931884766,33.63999938964844,33.5,33.58000183105469,3269200,0.298,2015-03-03,09,2015,3,Tuesday,-0.40120000000000006,0.8025438928806324
29.376012802124023,33.349998474121094,33.439998626708984,33.09000015258789,33.33000183105469,2320800,-0.803,2015-03-04,09,2015,4,Wednesday,-0.40120000000000006,0.8025438928806324
29.367202758789062,33.34000015258789,33.45000076293945,33.22999954223633,33.38999938964844,1208200,-0.03,2015-03-05,09,2015,5,Thursday,-0.40120000000000006,0.8025438928806324
28.891550064086914,32.79999923706055,33.040000915527344,32.7400016784668,33.029998779296875,1132900,-1.62,2015-03-06,09,2015,6,Friday,-0.40120000000000006,0.8025438928806324
28.62729835510254,32.5,32.630001068115234,32.47999954223633,32.619998931884766,1014800,-0.915,2015-03-09,10,2015,9,Monday,-0.5178,1.7497776144413322
28.27496337890625,32.099998474121094,32.2599983215332,32.09000015258789,32.25,1098600,-1.231,2015-03-10,10,2015,10,Tuesday,-0.5178,1.7497776144413322
28.45113182067871,32.29999923706055,32.29999923706055,32.13999938964844,32.209999084472656,1235600,0.623,2015-03-11,10,2015,11,Wednesday,-0.5178,1.7497776144413322
28.944408416748047,32.86000061035156,32.90999984741211,32.70000076293945,32.779998779296875,1386200,1.734,2015-03-12,10,2015,12,Thursday,-0.5178,1.7497776144413322
28.134029388427734,31.940000534057617,32.11000061035156,31.760000228881836,32.11000061035156,2812000,-2.8,2015-03-13,10,2015,13,Friday,-0.5178,1.7497776144413322
28.38066864013672,32.220001220703125,32.27000045776367,31.950000762939453,31.989999771118164,1616100,0.877,2015-03-16,11,2015,16,Monday,0.12579999999999997,1.8131507659320558
28.82988929748535,32.72999954223633,32.790000915527344,32.279998779296875,32.279998779296875,6162700,1.583,2015-03-17,11,2015,17,Tuesday,0.12579999999999997,1.8131507659320558
29.217456817626953,33.16999816894531,33.2400016784668,32.2400016784668,32.2400016784668,4581000,1.344,2015-03-18,11,2015,18,Wednesday,0.12579999999999997,1.8131507659320558
28.389476776123047,32.22999954223633,32.40999984741211,32.130001068115234,32.34000015258789,1643400,-2.834,2015-03-19,11,2015,19,Thursday,0.12579999999999997,1.8131507659320558
28.292579650878906,32.119998931884766,32.470001220703125,32.119998931884766,32.209999084472656,4321200,-0.341,2015-03-20,11,2015,20,Friday,0.12579999999999997,1.8131507659320558
28.319007873535156,32.150001525878906,32.2599983215332,32.08000183105469,32.25,1485300,0.093,2015-03-23,12,2015,23,Monday,-0.5690000000000001,1.0175831661343462
28.424705505371094,32.27000045776367,32.27000045776367,32.11000061035156,32.150001525878906,2816700,0.373,2015-03-24,12,2015,24,Tuesday,-0.5690000000000001,1.0175831661343462
27.86096954345703,31.6299991607666,32.130001068115234,31.610000610351562,32.08000183105469,1581000,-1.983,2015-03-25,12,2015,25,Wednesday,-0.5690000000000001,1.0175831661343462
27.499820709228516,31.219999313354492,31.309999465942383,31.079999923706055,31.260000228881836,1250600,-1.296,2015-03-26,12,2015,26,Thursday,-0.5690000000000001,1.0175831661343462
27.49101448059082,31.209999084472656,31.270000457763672,31.1200008392334,31.239999771118164,970700,-0.032,2015-03-27,12,2015,27,Friday,-0.5690000000000001,1.0175831661343462
28.116409301757812,31.920000076293945,31.979999542236328,31.700000762939453,31.790000915527344,1551400,2.275,2015-03-30,13,2015,30,Monday,1.021,0.9447087734676048
28.178071975708008,31.989999771118164,32.09000015258789,31.65999984741211,31.65999984741211,2417800,0.219,2015-03-31,13,2015,31,Tuesday,1.021,0.9447087734676048
28.52159881591797,32.380001068115234,32.40999984741211,32.150001525878906,32.22999954223633,2110200,1.219,2015-04-01,13,2015,1,Wednesday,1.021,0.9447087734676048
28.62729835510254,32.5,32.58000183105469,32.33000183105469,32.349998474121094,1261800,0.371,2015-04-02,13,2015,2,Thursday,1.021,0.9447087734676048
28.821083068847656,32.720001220703125,32.779998779296875,32.34000015258789,32.36000061035156,2113900,0.677,2015-04-06,14,2015,6,Monday,0.506,0.34913321239893524
28.794652938842773,32.689998626708984,32.88999938964844,32.65999984741211,32.720001220703125,2033100,-0.092,2015-04-07,14,2015,7,Tuesday,0.506,0.34913321239893524
29.02367401123047,32.95000076293945,33.08000183105469,32.77000045776367,32.970001220703125,1303200,0.795,2015-04-08,14,2015,8,Wednesday,0.506,0.34913321239893524
29.208650588989258,33.15999984741211,33.189998626708984,32.9900016784668,33.099998474121094,2118800,0.637,2015-04-09,14,2015,9,Thursday,0.506,0.34913321239893524
29.358400344848633,33.33000183105469,33.33000183105469,33.029998779296875,33.189998626708984,2101700,0.513,2015-04-10,14,2015,10,Friday,0.506,0.34913321239893524
29.252689361572266,33.209999084472656,33.400001525878906,33.16999816894531,33.36000061035156,1108600,-0.36,2015-04-13,15,2015,13,Monday,-0.6672,0.6293915315604429
29.270309448242188,33.22999954223633,33.34000015258789,33.16999816894531,33.16999816894531,812900,0.06,2015-04-14,15,2015,14,Tuesday,-0.6672,0.6293915315604429
29.155805587768555,33.099998474121094,33.130001068115234,33.0,33.040000915527344,952200,-0.391,2015-04-15,15,2015,15,Wednesday,-0.6672,0.6293915315604429
28.803466796875,32.70000076293945,32.86000061035156,32.65999984741211,32.7400016784668,1805500,-1.208,2015-04-16,15,2015,16,Thursday,-0.6672,0.6293915315604429
28.389476776123047,32.22999954223633,32.380001068115234,32.150001525878906,32.29999923706055,1375300,-1.437,2015-04-17,15,2015,17,Friday,-0.6672,0.6293915315604429
27.631946563720703,31.3700008392334,31.559999465942383,31.309999465942383,31.549999237060547,3155200,-2.668,2015-04-20,16,2015,20,Monday,-1.2508000000000001,1.4898656650852788
27.42935562133789,31.139999389648438,31.229999542236328,31.079999923706055,31.15999984741211,1379000,-0.733,2015-04-21,16,2015,21,Tuesday,-1.2508000000000001,1.4898656650852788
27.71122169494629,31.459999084472656,31.469999313354492,31.190000534057617,31.31999969482422,1720500,1.028,2015-04-22,16,2015,22,Wednesday,-1.2508000000000001,1.4898656650852788
27.306039810180664,31.0,31.059999465942383,30.799999237060547,30.90999984741211,1542400,-1.462,2015-04-23,16,2015,23,Thursday,-1.2508000000000001,1.4898656650852788
26.64541244506836,30.25,30.5,30.200000762939453,30.440000534057617,1561700,-2.419,2015-04-24,16,2015,24,Friday,-1.2508000000000001,1.4898656650852788
26.41638946533203,29.989999771118164,30.020000457763672,29.8799991607666,29.989999771118164,2352800,-0.86,2015-04-27,17,2015,27,Monday,-0.4346,1.2029573142884165
26.68064308166504,30.290000915527344,30.3700008392334,30.1200008392334,30.239999771118164,1440900,1.0,2015-04-28,17,2015,28,Tuesday,-0.4346,1.2029573142884165
26.24022102355957,29.790000915527344,30.0,29.75,29.93000030517578,1533100,-1.651,2015-04-29,17,2015,29,Wednesday,-0.4346,1.2029573142884165
25.88788414001465,29.389999389648438,29.700000762939453,29.31999969482422,29.610000610351562,2322700,-1.343,2015-04-30,17,2015,30,Thursday,-0.4346,1.2029573142884165
26.06405258178711,29.59000015258789,29.649999618530273,29.3799991607666,29.3799991607666,1120900,0.681,2015-05-01,17,2015,1,Friday,-0.4346,1.2029573142884165
26.654216766357422,30.260000228881836,30.299999237060547,30.15999984741211,30.229999542236328,3731400,2.264,2015-05-04,18,2015,4,Monday,0.43579999999999997,2.2398828540796503
26.689449310302734,30.299999237060547,30.350000381469727,30.190000534057617,30.350000381469727,2109100,0.132,2015-05-05,18,2015,5,Tuesday,0.43579999999999997,2.2398828540796503
25.843843460083008,29.34000015258789,29.600000381469727,29.200000762939453,29.579999923706055,3048400,-3.168,2015-05-06,18,2015,6,Wednesday,0.43579999999999997,2.2398828540796503
26.002397537231445,29.520000457763672,29.520000457763672,29.209999084472656,29.229999542236328,3369300,0.614,2015-05-07,18,2015,7,Thursday,0.43579999999999997,2.2398828540796503
26.61017608642578,30.209999084472656,30.229999542236328,29.889999389648438,29.90999984741211,3850500,2.337,2015-05-08,18,2015,8,Friday,0.43579999999999997,2.2398828540796503
26.64541244506836,30.25,30.459999084472656,30.229999542236328,30.43000030517578,2928400,0.132,2015-05-11,19,2015,11,Monday,0.1618,1.5717993510623423
25.99358558654785,29.510000228881836,29.6299991607666,29.450000762939453,29.530000686645508,2616300,-2.446,2015-05-12,19,2015,12,Tuesday,0.1618,1.5717993510623423
26.345918655395508,29.90999984741211,30.020000457763672,29.860000610351562,30.010000228881836,2029200,1.355,2015-05-13,19,2015,13,Wednesday,0.1618,1.5717993510623423
26.724681854248047,30.34000015258789,30.3700008392334,30.15999984741211,30.219999313354492,1901100,1.438,2015-05-14,19,2015,14,Thursday,0.1618,1.5717993510623423
26.812767028808594,30.440000534057617,30.440000534057617,30.239999771118164,30.31999969482422,1858700,0.33,2015-05-15,19,2015,15,Friday,0.1618,1.5717993510623423
26.927276611328125,30.56999969482422,30.670000076293945,30.540000915527344,30.65999984741211,1090300,0.427,2015-05-18,20,2015,18,Monday,0.387,0.786009223864453
26.91847038269043,30.559999465942383,30.600000381469727,30.440000534057617,30.530000686645508,1797500,-0.033,2015-05-19,20,2015,19,Tuesday,0.387,0.786009223864453
27.34127426147461,31.040000915527344,31.040000915527344,30.799999237060547,30.8799991607666,1728600,1.571,2015-05-20,20,2015,20,Wednesday,0.387,0.786009223864453
27.191530227661133,30.8700008392334,30.899999618530273,30.81999969482422,30.860000610351562,1317800,-0.548,2015-05-21,20,2015,21,Thursday,0.387,0.786009223864453
27.332468032836914,31.030000686645508,31.06999969482422,30.969999313354492,31.010000228881836,1184800,0.518,2015-05-22,20,2015,22,Friday,0.387,0.786009223864453
26.64541244506836,30.25,30.459999084472656,30.170000076293945,30.420000076293945,1648300,-2.514,2015-05-26,21,2015,26,Tuesday,-0.37949999999999995,1.5930190415267063
26.724681854248047,30.34000015258789,30.420000076293945,30.200000762939453,30.200000762939453,1684100,0.297,2015-05-27,21,2015,27,Wednesday,-0.37949999999999995,1.5930190415267063
26.58375358581543,30.18000030517578,30.299999237060547,30.06999969482422,30.200000762939453,1078400,-0.527,2015-05-28,21,2015,28,Thursday,-0.37949999999999995,1.5930190415267063
26.909656524658203,30.549999237060547,30.739999771118164,30.540000915527344,30.68000030517578,4130000,1.226,2015-05-29,21,2015,29,Friday,-0.37949999999999995,1.5930190415267063
26.795150756835938,30.420000076293945,30.780000686645508,30.420000076293945,30.6299991607666,1829200,-0.426,2015-06-01,22,2015,1,Monday,-0.8417999999999999,0.9922168109843734
26.301881790161133,29.860000610351562,29.93000030517578,29.760000228881836,29.760000228881836,1298300,-1.841,2015-06-02,22,2015,2,Tuesday,-0.8417999999999999,0.9922168109843734
25.782184600830078,29.270000457763672,29.610000610351562,29.270000457763672,29.559999465942383,4938900,-1.976,2015-06-03,22,2015,3,Wednesday,-0.8417999999999999,0.9922168109843734
25.77337646484375,29.260000228881836,29.479999542236328,29.229999542236328,29.299999237060547,3392000,-0.034,2015-06-04,22,2015,4,Thursday,-0.8417999999999999,0.9922168109843734
25.790990829467773,29.280000686645508,29.360000610351562,29.18000030517578,29.309999465942383,2609300,0.068,2015-06-05,22,2015,5,Friday,-0.8417999999999999,0.9922168109843734
25.456275939941406,28.899999618530273,29.1200008392334,28.860000610351562,29.1200008392334,742500,-1.298,2015-06-08,23,2015,8,Monday,-0.47220000000000006,2.100281457328993
25.236066818237305,28.649999618530273,28.969999313354492,28.649999618530273,28.889999389648438,1717600,-0.865,2015-06-09,23,2015,9,Tuesday,-0.47220000000000006,2.100281457328993
25.940738677978516,29.450000762939453,29.479999542236328,29.18000030517578,29.229999542236328,2325000,2.792,2015-06-10,23,2015,10,Wednesday,-0.47220000000000006,2.100281457328993
25.183216094970703,28.59000015258789,28.780000686645508,28.530000686645508,28.780000686645508,12267400,-2.92,2015-06-11,23,2015,11,Thursday,-0.47220000000000006,2.100281457328993
25.16559410095215,28.56999969482422,28.719999313354492,28.5,28.719999313354492,3150700,-0.07,2015-06-12,23,2015,12,Friday,-0.47220000000000006,2.100281457328993
25.403425216674805,28.84000015258789,28.8700008392334,28.760000228881836,28.8700008392334,1750000,0.945,2015-06-15,24,2015,15,Monday,1.0522,0.9371711156453767
25.56197738647461,29.020000457763672,29.06999969482422,28.940000534057617,28.969999313354492,1614200,0.624,2015-06-16,24,2015,16,Tuesday,1.0522,0.9371711156453767
25.931930541992188,29.440000534057617,29.559999465942383,29.059999465942383,29.190000534057617,1752300,1.447,2015-06-17,24,2015,17,Wednesday,1.0522,0.9371711156453767
26.54851722717285,30.139999389648438,30.15999984741211,29.780000686645508,29.8700008392334,4324200,2.378,2015-06-18,24,2015,18,Thursday,1.0522,0.9371711156453767
26.513282775878906,30.100000381469727,30.299999237060547,30.100000381469727,30.190000534057617,1651800,-0.133,2015-06-19,24,2015,19,Friday,1.0522,0.9371711156453767
26.909656524658203,30.549999237060547,30.639999389648438,30.5,30.610000610351562,1292600,1.495,2015-06-22,25,2015,22,Monday,0.33180000000000004,0.8633045233288194
26.980125427246094,30.6299991607666,30.670000076293945,30.420000076293945,30.420000076293945,967900,0.262,2015-06-23,25,2015,23,Tuesday,0.33180000000000004,0.8633045233288194
26.74230194091797,30.360000610351562,30.530000686645508,30.31999969482422,30.43000030517578,1339300,-0.881,2015-06-24,25,2015,24,Wednesday,0.33180000000000004,0.8633045233288194
26.775028228759766,30.270000457763672,30.520000457763672,30.25,30.510000228881836,2255900,0.122,2015-06-25,25,2015,25,Thursday,0.33180000000000004,0.8633045233288194
26.95193862915039,30.469999313354492,30.520000457763672,30.360000610351562,30.40999984741211,1455000,0.661,2015-06-26,25,2015,26,Friday,0.33180000000000004,0.8633045233288194
26.368139266967773,29.809999465942383,30.079999923706055,29.799999237060547,29.8799991607666,1580500,-2.166,2015-06-29,26,2015,29,Monday,0.28850000000000003,1.6736970056335365
26.76618194580078,30.260000228881836,30.450000762939453,30.15999984741211,30.280000686645508,3887400,1.51,2015-06-30,26,2015,30,Tuesday,0.28850000000000003,1.6736970056335365
27.075775146484375,30.610000610351562,30.639999389648438,30.440000534057617,30.549999237060547,1193600,1.157,2015-07-01,26,2015,1,Wednesday,0.28850000000000003,1.6736970056335365
27.252681732177734,30.809999465942383,30.829999923706055,30.690000534057617,30.739999771118164,1382600,0.653,2015-07-02,26,2015,2,Thursday,0.28850000000000003,1.6736970056335365
27.464967727661133,31.049999237060547,31.1200008392334,30.860000610351562,31.010000228881836,3139600,0.779,2015-07-06,27,2015,6,Monday,-0.21380000000000005,1.3823384896616315
27.24383544921875,30.799999237060547,30.90999984741211,30.56999969482422,30.760000228881836,2061000,-0.805,2015-07-07,27,2015,7,Tuesday,-0.21380000000000005,1.3823384896616315
26.633501052856445,30.110000610351562,30.40999984741211,29.969999313354492,30.399999618530273,3618100,-2.24,2015-07-08,27,2015,8,Wednesday,-0.21380000000000005,1.3823384896616315
26.61581039428711,30.09000015258789,31.0,30.059999465942383,30.440000534057617,1192800,-0.066,2015-07-09,27,2015,9,Thursday,-0.21380000000000005,1.3823384896616315
26.95193862915039,30.469999313354492,30.479999542236328,30.219999313354492,30.350000381469727,1420200,1.263,2015-07-10,27,2015,10,Friday,-0.21380000000000005,1.3823384896616315
27.226146697998047,30.780000686645508,30.809999465942383,30.649999618530273,30.690000534057617,1306300,1.017,2015-07-13,28,2015,13,Monday,0.6060000000000001,0.8627902410203769
27.35882568359375,30.93000030517578,30.989999771118164,30.770000457763672,30.829999923706055,1209100,0.487,2015-07-14,28,2015,14,Tuesday,0.6060000000000001,0.8627902410203769
27.376514434814453,30.950000762939453,31.1200008392334,30.950000762939453,31.06999969482422,953700,0.065,2015-07-15,28,2015,15,Wednesday,0.6060000000000001,0.8627902410203769
27.880706787109375,31.520000457763672,31.530000686645508,31.350000381469727,31.399999618530273,1322200,1.842,2015-07-16,28,2015,16,Thursday,0.6060000000000001,0.8627902410203769
27.774559020996094,31.399999618530273,31.510000228881836,31.350000381469727,31.459999084472656,2287000,-0.381,2015-07-17,28,2015,17,Friday,0.6060000000000001,0.8627902410203769
27.686107635498047,31.299999237060547,31.3700008392334,31.149999618530273,31.200000762939453,1415200,-0.318,2015-07-20,29,2015,20,Monday,-0.493,0.75585944460594
27.518043518066406,31.110000610351562,31.25,31.06999969482422,31.219999313354492,1405500,-0.607,2015-07-21,29,2015,21,Tuesday,-0.493,0.75585944460594
27.71263885498047,31.329999923706055,31.440000534057617,31.299999237060547,31.43000030517578,960200,0.707,2015-07-22,29,2015,22,Wednesday,-0.493,0.75585944460594
27.385360717773438,30.959999084472656,31.25,30.920000076293945,31.209999084472656,1284800,-1.181,2015-07-23,29,2015,23,Thursday,-0.493,0.75585944460594
27.093460083007812,30.6299991607666,30.889999389648438,30.549999237060547,30.860000610351562,2120700,-1.066,2015-07-24,29,2015,24,Friday,-0.493,0.75585944460594
26.580429077148438,30.049999237060547,30.229999542236328,30.020000457763672,30.209999084472656,2561800,-1.894,2015-07-27,30,2015,27,Monday,0.2938,1.433503993716097
26.633501052856445,30.110000610351562,30.209999084472656,29.989999771118164,30.1200008392334,2488800,0.2,2015-07-28,30,2015,28,Tuesday,0.2938,1.433503993716097
26.916553497314453,30.43000030517578,30.510000228881836,30.260000228881836,30.34000015258789,1919700,1.063,2015-07-29,30,2015,29,Wednesday,0.2938,1.433503993716097
26.95193862915039,30.469999313354492,30.56999969482422,30.389999389648438,30.510000228881836,1183600,0.131,2015-07-30,30,2015,30,Thursday,0.2938,1.433503993716097
27.4826602935791,31.06999969482422,31.100000381469727,30.920000076293945,30.969999313354492,3040200,1.969,2015-07-31,30,2015,31,Friday,0.2938,1.433503993716097
27.19076156616211,30.739999771118164,30.93000030517578,30.690000534057617,30.920000076293945,1844400,-1.062,2015-08-03,31,2015,3,Monday,0.0556,1.0119853259805696
27.376514434814453,30.950000762939453,31.079999923706055,30.8799991607666,30.940000534057617,2199500,0.683,2015-08-04,31,2015,4,Tuesday,0.0556,1.0119853259805696
27.765708923339844,31.389999389648438,31.479999542236328,31.290000915527344,31.43000030517578,2236500,1.422,2015-08-05,31,2015,5,Wednesday,0.0556,1.0119853259805696
27.57111358642578,31.170000076293945,31.43000030517578,31.1200008392334,31.34000015258789,1064800,-0.701,2015-08-06,31,2015,6,Thursday,0.0556,1.0119853259805696
27.553424835205078,31.149999618530273,31.219999313354492,31.010000228881836,31.190000534057617,1949000,-0.064,2015-08-07,31,2015,7,Friday,0.0556,1.0119853259805696
27.57111358642578,31.170000076293945,31.18000030517578,30.940000534057617,30.940000534057617,1303900,0.064,2015-08-10,32,2015,10,Monday,-0.362,1.817732791143957
27.03154754638672,30.559999465942383,30.65999984741211,30.440000534057617,30.65999984741211,2007800,-1.957,2015-08-11,32,2015,11,Tuesday,-0.362,1.817732791143957
26.368139266967773,29.809999465942383,30.170000076293945,29.690000534057617,30.040000915527344,4006500,-2.454,2015-08-12,32,2015,12,Wednesday,-0.362,1.817732791143957
26.53620147705078,30.0,30.110000610351562,29.780000686645508,29.899999618530273,1961600,0.637,2015-08-13,32,2015,13,Thursday,-0.362,1.817732791143957
27.040386199951172,30.56999969482422,30.6200008392334,30.399999618530273,30.399999618530273,2838500,1.9,2015-08-14,32,2015,14,Friday,-0.362,1.817732791143957
26.69542121887207,30.18000030517578,30.239999771118164,30.079999923706055,30.1299991607666,546300,-1.276,2015-08-17,33,2015,17,Monday,-1.3085999999999998,1.3926748723230413
26.61581039428711,30.09000015258789,30.200000762939453,30.040000915527344,30.139999389648438,1721300,-0.298,2015-08-18,33,2015,18,Tuesday,-1.3085999999999998,1.3926748723230413
26.721956253051758,30.209999084472656,30.469999313354492,30.079999923706055,30.200000762939453,2669800,0.399,2015-08-19,33,2015,19,Wednesday,-1.3085999999999998,1.3926748723230413
26.04085922241211,29.440000534057617,29.780000686645508,29.40999984741211,29.780000686645508,3145500,-2.549,2015-08-20,33,2015,20,Thursday,-1.3085999999999998,1.3926748723230413
25.30668830871582,28.610000610351562,29.170000076293945,28.510000228881836,29.1299991607666,5130300,-2.819,2015-08-21,33,2015,21,Friday,-1.3085999999999998,1.3926748723230413
23.705671310424805,26.799999237060547,27.170000076293945,25.290000915527344,25.799999237060547,3709100,-6.326,2015-08-24,34,2015,24,Monday,-0.12959999999999988,3.8134124219653973
23.97987937927246,27.110000610351562,28.200000762939453,27.110000610351562,27.8700008392334,1932300,1.157,2015-08-25,34,2015,25,Tuesday,-0.12959999999999988,3.8134124219653973
24.554832458496094,27.760000228881836,28.0,27.270000457763672,27.579999923706055,2124800,2.398,2015-08-26,34,2015,26,Wednesday,-0.12959999999999988,3.8134124219653973
25.333227157592773,28.639999389648438,28.670000076293945,28.229999542236328,28.229999542236328,4243800,3.17,2015-08-27,34,2015,27,Thursday,-0.12959999999999988,3.8134124219653973
25.067869186401367,28.34000015258789,28.479999542236328,28.149999618530273,28.40999984741211,2727500,-1.047,2015-08-28,34,2015,28,Friday,-0.12959999999999988,3.8134124219653973
24.846729278564453,28.09000015258789,28.18000030517578,27.899999618530273,28.149999618530273,3814700,-0.882,2015-08-31,35,2015,31,Monday,-1.133,2.3604430728149324
23.97987937927246,27.110000610351562,27.579999923706055,27.049999237060547,27.489999771118164,3482800,-3.489,2015-09-01,35,2015,1,Tuesday,-1.133,2.3604430728149324
24.307161331176758,27.479999542236328,27.610000610351562,27.329999923706055,27.56999969482422,3617200,1.365,2015-09-02,35,2015,2,Wednesday,-1.133,2.3604430728149324
24.537139892578125,27.739999771118164,28.010000228881836,27.700000762939453,27.860000610351562,1580700,0.946,2015-09-03,35,2015,3,Thursday,-1.133,2.3604430728149324
23.65260124206543,26.739999771118164,26.940000534057617,26.600000381469727,26.850000381469727,2103800,-3.605,2015-09-04,35,2015,4,Friday,-1.133,2.3604430728149324
24.086027145385742,27.229999542236328,27.290000915527344,26.899999618530273,27.06999969482422,2693700,1.832,2015-09-08,36,2015,8,Tuesday,0.881,1.0894851995323296
23.93565559387207,27.059999465942383,27.549999237060547,26.979999542236328,27.549999237060547,2215600,-0.624,2015-09-09,36,2015,9,Wednesday,0.881,1.0894851995323296
24.1302547454834,27.280000686645508,27.469999313354492,27.170000076293945,27.239999771118164,789400,0.813,2015-09-10,36,2015,10,Thursday,0.881,1.0894851995323296
24.4929141998291,27.690000534057617,27.700000762939453,27.299999237060547,27.3700008392334,1567000,1.503,2015-09-11,36,2015,11,Friday,0.881,1.0894851995323296
24.4752254486084,27.670000076293945,27.739999771118164,27.56999969482422,27.739999771118164,712600,-0.072,2015-09-14,37,2015,14,Monday,0.1702,1.0921150122583243
24.599056243896484,27.809999465942383,27.899999618530273,27.579999923706055,27.6299991607666,1329100,0.506,2015-09-15,37,2015,15,Tuesday,0.1702,1.0921150122583243
25.00594711303711,28.270000457763672,28.299999237060547,27.81999969482422,27.8799991607666,2053700,1.654,2015-09-16,37,2015,16,Wednesday,0.1702,1.0921150122583243
25.04132843017578,28.309999465942383,28.850000381469727,27.940000534057617,27.979999542236328,2077700,0.141,2015-09-17,37,2015,17,Thursday,0.1702,1.0921150122583243
24.696361541748047,27.920000076293945,28.270000457763672,27.8700008392334,28.06999969482422,1142800,-1.378,2015-09-18,37,2015,18,Friday,0.1702,1.0921150122583243
24.87327003479004,28.1200008392334,28.280000686645508,28.059999465942383,28.170000076293945,1764100,0.716,2015-09-21,38,2015,21,Monday,-0.19579999999999997,1.179170131914814
24.351388931274414,27.530000686645508,27.559999465942383,27.360000610351562,27.549999237060547,1320500,-2.098,2015-09-22,38,2015,22,Tuesday,-0.19579999999999997,1.179170131914814
24.262935638427734,27.43000030517578,27.68000030517578,27.399999618530273,27.549999237060547,2599300,-0.363,2015-09-23,38,2015,23,Wednesday,-0.19579999999999997,1.179170131914814
24.46637725830078,27.65999984741211,27.75,27.260000228881836,27.389999389648438,3603700,0.838,2015-09-24,38,2015,24,Thursday,-0.19579999999999997,1.179170131914814
24.448688507080078,27.639999389648438,27.899999618530273,27.540000915527344,27.850000381469727,849100,-0.072,2015-09-25,38,2015,25,Friday,-0.19579999999999997,1.179170131914814
24.06833267211914,27.209999084472656,27.420000076293945,27.079999923706055,27.3799991607666,1478900,-1.556,2015-09-28,39,2015,28,Monday,0.8771999999999999,2.0350927988669216
24.43099594116211,27.6200008392334,27.670000076293945,27.420000076293945,27.420000076293945,932000,1.507,2015-09-29,39,2015,29,Tuesday,0.8771999999999999,2.0350927988669216
25.27130889892578,28.56999969482422,28.610000610351562,28.170000076293945,28.25,3377700,3.44,2015-09-30,39,2015,30,Wednesday,0.8771999999999999,2.0350927988669216
25.067869186401367,28.34000015258789,28.40999984741211,28.139999389648438,28.399999618530273,2068900,-0.805,2015-10-01,39,2015,1,Thursday,0.8771999999999999,2.0350927988669216
25.51898193359375,28.850000381469727,28.860000610351562,28.1200008392334,28.139999389648438,1058800,1.8,2015-10-02,39,2015,2,Friday,0.8771999999999999,2.0350927988669216
26.182384490966797,29.600000381469727,29.639999389648438,29.25,29.270000457763672,4316100,2.6,2015-10-05,40,2015,5,Monday,0.516,1.4196339316880249
25.8727970123291,29.25,29.350000381469727,29.170000076293945,29.229999542236328,1373600,-1.182,2015-10-06,40,2015,6,Tuesday,0.516,1.4196339316880249
26.155853271484375,29.56999969482422,29.6299991607666,29.40999984741211,29.479999542236328,1906600,1.094,2015-10-07,40,2015,7,Wednesday,0.516,1.4196339316880249
26.20008087158203,29.6200008392334,29.6200008392334,29.149999618530273,29.149999618530273,957200,0.169,2015-10-08,40,2015,8,Thursday,0.516,1.4196339316880249
26.173538208007812,29.59000015258789,29.700000762939453,29.520000457763672,29.59000015258789,1510700,-0.101,2015-10-09,40,2015,9,Friday,0.516,1.4196339316880249
25.837417602539062,29.209999084472656,29.399999618530273,29.190000534057617,29.3700008392334,559900,-1.284,2015-10-12,41,2015,12,Monday,0.018800000000000018,1.1450889485101146
25.56321144104004,28.899999618530273,29.1200008392334,28.8700008392334,28.940000534057617,748200,-1.061,2015-10-13,41,2015,13,Tuesday,0.018800000000000018,1.1450889485101146
25.6428165435791,28.989999771118164,29.15999984741211,28.899999618530273,29.09000015258789,1201000,0.311,2015-10-14,41,2015,14,Wednesday,0.018800000000000018,1.1450889485101146
25.8551082611084,29.229999542236328,29.290000915527344,29.030000686645508,29.170000076293945,3690600,0.828,2015-10-15,41,2015,15,Thursday,0.018800000000000018,1.1450889485101146
26.19123077392578,29.610000610351562,29.68000030517578,29.3700008392334,29.440000534057617,1255600,1.3,2015-10-16,41,2015,16,Friday,0.018800000000000018,1.1450889485101146
26.1027774810791,29.510000228881836,29.579999923706055,29.440000534057617,29.520000457763672,1130300,-0.338,2015-10-19,42,2015,19,Monday,0.18719999999999995,1.1857928571213439
26.12047004699707,29.530000686645508,29.559999465942383,29.420000076293945,29.420000076293945,429000,0.068,2015-10-20,42,2015,20,Tuesday,0.18719999999999995,1.1857928571213439
25.8551082611084,29.229999542236328,29.479999542236328,29.229999542236328,29.389999389648438,766500,-1.016,2015-10-21,42,2015,21,Wednesday,0.18719999999999995,1.1857928571213439
26.412364959716797,29.860000610351562,29.8799991607666,29.450000762939453,29.469999313354492,864400,2.155,2015-10-22,42,2015,22,Thursday,0.18719999999999995,1.1857928571213439
26.430057525634766,29.8799991607666,29.940000534057617,29.729999542236328,29.829999923706055,1002200,0.067,2015-10-23,42,2015,23,Friday,0.18719999999999995,1.1857928571213439
26.11162567138672,29.520000457763672,29.639999389648438,29.440000534057617,29.549999237060547,866300,-1.205,2015-10-26,43,2015,26,Monday,-0.9548,0.31253111845062725
25.802038192749023,29.170000076293945,29.290000915527344,29.1299991607666,29.200000762939453,537700,-1.186,2015-10-27,43,2015,27,Tuesday,-0.9548,0.31253111845062725
25.61627960205078,28.959999084472656,29.329999923706055,28.75,29.200000762939453,2653300,-0.72,2015-10-28,43,2015,28,Wednesday,-0.9548,0.31253111845062725
25.324384689331055,28.6299991607666,28.799999237060547,28.6299991607666,28.75,1372500,-1.139,2015-10-29,43,2015,29,Thursday,-0.9548,0.31253111845062725
25.191701889038086,28.479999542236328,28.649999618530273,28.440000534057617,28.530000686645508,774700,-0.524,2015-10-30,43,2015,30,Friday,-0.9548,0.31253111845062725
25.359764099121094,28.670000076293945,28.690000534057617,28.420000076293945,28.549999237060547,1350300,0.667,2015-11-02,44,2015,2,Monday,-0.2724,0.8743527892103965
25.44821548461914,28.770000457763672,28.860000610351562,28.440000534057617,28.579999923706055,1187000,0.349,2015-11-03,44,2015,3,Tuesday,-0.2724,0.8743527892103965
25.112092971801758,28.389999389648438,28.760000228881836,28.3700008392334,28.670000076293945,1465800,-1.321,2015-11-04,44,2015,4,Wednesday,-0.2724,0.8743527892103965
24.846729278564453,28.09000015258789,28.209999084472656,28.049999237060547,28.209999084472656,1966100,-1.057,2015-11-05,44,2015,5,Thursday,-0.2724,0.8743527892103965
24.846729278564453,28.09000015258789,28.100000381469727,27.68000030517578,27.809999465942383,2395200,0.0,2015-11-06,44,2015,6,Friday,-0.2724,0.8743527892103965
24.121410369873047,27.270000457763672,27.59000015258789,27.219999313354492,27.530000686645508,4678200,-2.919,2015-11-09,45,2015,9,Monday,-0.8564,1.171277208862189
23.962190628051758,27.09000015258789,27.18000030517578,27.040000915527344,27.15999984741211,1448900,-0.66,2015-11-10,45,2015,10,Tuesday,-0.8564,1.171277208862189
23.93565559387207,27.059999465942383,27.360000610351562,27.059999465942383,27.290000915527344,951700,-0.111,2015-11-11,45,2015,11,Wednesday,-0.8564,1.171277208862189
23.882577896118164,27.0,27.170000076293945,26.950000762939453,27.100000381469727,889500,-0.222,2015-11-12,45,2015,12,Thursday,-0.8564,1.171277208862189
23.794126510620117,26.899999618530273,27.030000686645508,26.760000228881836,26.940000534057617,4246000,-0.37,2015-11-13,45,2015,13,Friday,-0.8564,1.171277208862189
24.307161331176758,27.479999542236328,27.479999542236328,26.989999771118164,26.989999771118164,2355700,2.156,2015-11-16,46,2015,16,Monday,0.40380000000000005,1.184367848263368
24.050643920898438,27.190000534057617,27.34000015258789,27.1200008392334,27.290000915527344,1849300,-1.055,2015-11-17,46,2015,17,Tuesday,0.40380000000000005,1.184367848263368
24.006418228149414,27.139999389648438,27.200000762939453,26.8700008392334,26.8700008392334,1352900,-0.184,2015-11-18,46,2015,18,Wednesday,0.40380000000000005,1.184367848263368
24.11256217956543,27.260000228881836,27.360000610351562,27.239999771118164,27.270000457763672,1367900,0.442,2015-11-19,46,2015,19,Thursday,0.40380000000000005,1.184367848263368
24.271780014038086,27.440000534057617,27.579999923706055,27.350000381469727,27.40999984741211,2183100,0.66,2015-11-20,46,2015,20,Friday,0.40380000000000005,1.184367848263368
23.997570037841797,27.1299991607666,27.329999923706055,27.06999969482422,27.31999969482422,1638600,-1.13,2015-11-23,47,2015,23,Monday,-0.19899999999999998,0.7196790951528326
24.139101028442383,27.290000915527344,27.329999923706055,27.06999969482422,27.1200008392334,1855200,0.59,2015-11-24,47,2015,24,Tuesday,-0.19899999999999998,0.7196790951528326
24.06833267211914,27.209999084472656,27.270000457763672,27.110000610351562,27.260000228881836,1234900,-0.293,2015-11-25,47,2015,25,Wednesday,-0.19899999999999998,0.7196790951528326
24.077178955078125,27.219999313354492,27.309999465942383,27.139999389648438,27.299999237060547,1712700,0.037,2015-11-27,47,2015,27,Friday,-0.19899999999999998,0.7196790951528326
24.28946876525879,27.459999084472656,27.5,27.280000686645508,27.360000610351562,2550500,0.882,2015-11-30,48,2015,30,Monday,-0.11839999999999998,1.3203549901446958
24.395614624023438,27.579999923706055,27.600000381469727,27.43000030517578,27.440000534057617,2129600,0.437,2015-12-01,48,2015,1,Tuesday,-0.11839999999999998,1.3203549901446958
23.997570037841797,27.1299991607666,27.360000610351562,27.09000015258789,27.350000381469727,2708700,-1.632,2015-12-02,48,2015,2,Wednesday,-0.11839999999999998,1.3203549901446958
23.65260124206543,26.739999771118164,27.059999465942383,26.690000534057617,27.030000686645508,1942000,-1.438,2015-12-03,48,2015,3,Thursday,-0.11839999999999998,1.3203549901446958
23.926809310913086,27.049999237060547,27.110000610351562,26.700000762939453,26.719999313354492,2817100,1.159,2015-12-04,48,2015,4,Friday,-0.11839999999999998,1.3203549901446958
23.59068489074707,26.670000076293945,26.850000381469727,26.6299991607666,26.75,1790800,-1.405,2015-12-07,49,2015,7,Monday,-0.8676,1.124143585134924
23.360702514648438,26.40999984741211,26.479999542236328,26.290000915527344,26.420000076293945,1668900,-0.975,2015-12-08,49,2015,8,Tuesday,-0.8676,1.124143585134924
23.183795928955078,26.209999084472656,26.3799991607666,26.110000610351562,26.239999771118164,3318500,-0.757,2015-12-09,49,2015,9,Wednesday,-0.8676,1.124143585134924
23.396085739135742,26.450000762939453,26.579999923706055,26.389999389648438,26.459999084472656,1389100,0.916,2015-12-10,49,2015,10,Thursday,-0.8676,1.124143585134924
22.900745391845703,25.889999389648438,26.110000610351562,25.809999465942383,26.059999465942383,2724400,-2.117,2015-12-11,49,2015,11,Friday,-0.8676,1.124143585134924
23.334165573120117,26.3799991607666,26.43000030517578,26.1299991607666,26.170000076293945,2248700,1.893,2015-12-14,50,2015,14,Monday,1.0182,0.9693197098996802
23.608373641967773,26.690000534057617,26.850000381469727,26.65999984741211,26.75,2420200,1.175,2015-12-15,50,2015,15,Tuesday,1.0182,0.9693197098996802
24.077178955078125,27.219999313354492,27.260000228881836,26.790000915527344,26.860000610351562,1590600,1.986,2015-12-16,50,2015,16,Wednesday,1.0182,0.9693197098996802
24.11256217956543,27.260000228881836,27.510000228881836,27.239999771118164,27.489999771118164,2915400,0.147,2015-12-17,50,2015,17,Thursday,1.0182,0.9693197098996802
24.086027145385742,27.229999542236328,27.309999465942383,27.110000610351562,27.1299991607666,4469800,-0.11,2015-12-18,50,2015,18,Friday,1.0182,0.9693197098996802
24.353351593017578,27.329999923706055,27.329999923706055,27.209999084472656,27.299999237060547,3401300,1.11,2015-12-21,51,2015,21,Monday,0.49875,0.9008723087467317
24.282066345214844,27.25,27.299999237060547,27.040000915527344,27.100000381469727,3500400,-0.293,2015-12-22,51,2015,22,Tuesday,0.49875,0.9008723087467317
24.629587173461914,27.639999389648438,27.68000030517578,27.489999771118164,27.579999923706055,3142800,1.431,2015-12-23,51,2015,23,Wednesday,0.49875,0.9008723087467317
24.56721305847168,27.56999969482422,27.700000762939453,27.5,27.540000915527344,1258200,-0.253,2015-12-24,51,2015,24,Thursday,0.49875,0.9008723087467317
24.585037231445312,27.59000015258789,27.6200008392334,27.459999084472656,27.459999084472656,1276500,0.073,2015-12-28,52,2015,28,Monday,-0.062,0.5630281224474197
24.53156852722168,27.530000686645508,27.700000762939453,27.5,27.639999389648438,2690400,-0.217,2015-12-29,52,2015,29,Tuesday,-0.062,0.5630281224474197
24.353351593017578,27.329999923706055,27.5,27.299999237060547,27.5,800500,-0.726,2015-12-30,52,2015,30,Wednesday,-0.062,0.5630281224474197
24.504837036132812,27.5,27.649999618530273,27.489999771118164,27.489999771118164,548800,0.622,2015-12-31,52,2015,31,Thursday,-0.062,0.5630281224474197
23.988008499145508,26.920000076293945,27.020000457763672,26.809999465942383,26.8700008392334,1826600,-2.109,2016-01-04,01,2016,4,Monday,-1.2426,1.5875767068082096
24.21969223022461,27.18000030517578,27.239999771118164,27.040000915527344,27.079999923706055,2235300,0.966,2016-01-05,01,2016,5,Tuesday,-1.2426,1.5875767068082096
23.86325454711914,26.780000686645508,26.8700008392334,26.649999618530273,26.81999969482422,1450700,-1.472,2016-01-06,01,2016,6,Wednesday,-1.2426,1.5875767068082096
23.105831146240234,25.93000030517578,26.34000015258789,25.8799991607666,26.139999389648438,2467500,-3.174,2016-01-07,01,2016,7,Thursday,-1.2426,1.5875767068082096
23.0078125,25.81999969482422,26.219999313354492,25.81999969482422,26.219999313354492,3325500,-0.424,2016-01-08,01,2016,8,Friday,-1.2426,1.5875767068082096
23.2484073638916,26.09000015258789,26.209999084472656,25.8799991607666,26.149999618530273,1798200,1.046,2016-01-11,02,2016,11,Monday,-0.4902,1.6092060775425876
23.1414737701416,25.969999313354492,26.149999618530273,25.84000015258789,26.1299991607666,1603800,-0.46,2016-01-12,02,2016,12,Tuesday,-0.4902,1.6092060775425876
22.9365291595459,25.739999771118164,26.200000762939453,25.65999984741211,26.149999618530273,3080100,-0.886,2016-01-13,02,2016,13,Wednesday,-0.4902,1.6092060775425876
23.123653411865234,25.950000762939453,26.049999237060547,25.649999618530273,25.729999542236328,4845300,0.816,2016-01-14,02,2016,14,Thursday,-0.4902,1.6092060775425876
22.437519073486328,25.18000030517578,25.309999465942383,25.020000457763672,25.229999542236328,3126100,-2.967,2016-01-15,02,2016,15,Friday,-0.4902,1.6092060775425876
22.42860221862793,25.170000076293945,25.3799991607666,24.959999084472656,25.3799991607666,1596700,-0.04,2016-01-19,03,2016,19,Tuesday,0.18924999999999992,1.7100437372574226
22.13454818725586,24.84000015258789,25.030000686645508,24.489999771118164,24.790000915527344,3341100,-1.311,2016-01-20,03,2016,20,Wednesday,0.18924999999999992,1.7100437372574226
22.018705368041992,24.709999084472656,24.93000030517578,24.59000015258789,24.81999969482422,2845100,-0.523,2016-01-21,03,2016,21,Thursday,0.18924999999999992,1.7100437372574226
22.597915649414062,25.360000610351562,25.360000610351562,25.18000030517578,25.31999969482422,1790300,2.631,2016-01-22,03,2016,22,Friday,0.18924999999999992,1.7100437372574226
22.268213272094727,24.989999771118164,25.360000610351562,24.940000534057617,25.360000610351562,1991800,-1.459,2016-01-25,04,2016,25,Monday,0.4968,1.7920307475040713
22.517717361450195,25.270000457763672,25.309999465942383,25.1200008392334,25.149999618530273,1270900,1.12,2016-01-26,04,2016,26,Tuesday,0.4968,1.7920307475040713
22.321680068969727,25.049999237060547,25.3799991607666,24.8700008392334,25.239999771118164,2251100,-0.871,2016-01-27,04,2016,27,Wednesday,0.4968,1.7920307475040713
22.45534324645996,25.200000762939453,25.260000228881836,25.010000228881836,25.219999313354492,2353300,0.599,2016-01-28,04,2016,28,Thursday,0.4968,1.7920307475040713
23.150388717651367,25.979999542236328,26.040000915527344,25.65999984741211,25.65999984741211,3074900,3.095,2016-01-29,04,2016,29,Friday,0.4968,1.7920307475040713
23.061283111572266,25.8799991607666,25.959999084472656,25.709999084472656,25.729999542236328,2236100,-0.385,2016-02-01,05,2016,1,Monday,-0.4104,1.4923370262779114
22.410783767700195,25.149999618530273,25.459999084472656,25.06999969482422,25.459999084472656,1477600,-2.821,2016-02-02,05,2016,2,Tuesday,-0.4104,1.4923370262779114
22.695932388305664,25.469999313354492,25.559999465942383,24.8700008392334,25.1200008392334,2939100,1.272,2016-02-03,05,2016,3,Wednesday,-0.4104,1.4923370262779114
22.70484161376953,25.479999542236328,25.6200008392334,25.31999969482422,25.469999313354492,2390100,0.039,2016-02-04,05,2016,4,Thursday,-0.4104,1.4923370262779114
22.669198989868164,25.440000534057617,25.670000076293945,25.31999969482422,25.600000381469727,1527000,-0.157,2016-02-05,05,2016,5,Friday,-0.4104,1.4923370262779114
22.446428298950195,25.190000534057617,25.290000915527344,24.920000076293945,25.229999542236328,1558600,-0.983,2016-02-08,06,2016,8,Monday,-1.115,1.6351385262417373
22.054349899291992,24.75,24.90999984741211,24.540000915527344,24.559999465942383,1426100,-1.747,2016-02-09,06,2016,9,Tuesday,-1.115,1.6351385262417373
21.760295867919922,24.420000076293945,24.799999237060547,24.420000076293945,24.68000030517578,1909900,-1.333,2016-02-10,06,2016,10,Wednesday,-1.115,1.6351385262417373
21.109804153442383,23.690000534057617,23.809999465942383,23.520000457763672,23.65999984741211,1822900,-2.989,2016-02-11,06,2016,11,Thursday,-1.115,1.6351385262417373
21.421682357788086,24.040000915527344,24.040000915527344,23.780000686645508,23.829999923706055,1023600,1.477,2016-02-12,06,2016,12,Friday,-1.115,1.6351385262417373
21.350399017333984,23.959999084472656,24.0,23.8700008392334,24.0,1641100,-0.333,2016-02-16,07,2016,16,Tuesday,0.3162500000000001,1.2371826529121182
21.79593849182129,24.459999084472656,24.5,24.31999969482422,24.360000610351562,1286100,2.087,2016-02-17,07,2016,17,Wednesday,0.3162500000000001,1.2371826529121182
21.64445686340332,24.290000915527344,24.479999542236328,24.270000457763672,24.479999542236328,949300,-0.695,2016-02-18,07,2016,18,Thursday,0.3162500000000001,1.2371826529121182
21.689010620117188,24.34000015258789,24.399999618530273,24.229999542236328,24.280000686645508,2647000,0.206,2016-02-19,07,2016,19,Friday,0.3162500000000001,1.2371826529121182
22.098907470703125,24.799999237060547,24.809999465942383,24.530000686645508,24.579999923706055,1038800,1.89,2016-02-22,08,2016,22,Monday,-0.4612,1.7163958459516264
21.475147247314453,24.100000381469727,24.389999389648438,24.100000381469727,24.31999969482422,4277700,-2.823,2016-02-23,08,2016,23,Tuesday,-0.4612,1.7163958459516264
21.46623420715332,24.09000015258789,24.200000762939453,23.780000686645508,23.899999618530273,1615500,-0.042,2016-02-24,08,2016,24,Wednesday,-0.4612,1.7163958459516264
21.421682357788086,24.040000915527344,24.040000915527344,23.829999923706055,23.950000762939453,1720100,-0.208,2016-02-25,08,2016,25,Thursday,-0.4612,1.7163958459516264
21.18109130859375,23.770000457763672,24.049999237060547,23.760000228881836,24.049999237060547,1075300,-1.123,2016-02-26,08,2016,26,Friday,-0.4612,1.7163958459516264
21.40386199951172,24.020000457763672,24.18000030517578,23.959999084472656,24.049999237060547,1795800,1.052,2016-02-29,09,2016,29,Monday,2.0153999999999996,1.677853926895902
22.46425437927246,25.209999084472656,25.209999084472656,24.850000381469727,24.8700008392334,3423900,4.954,2016-03-01,09,2016,1,Tuesday,2.0153999999999996,1.677853926895902
22.86524200439453,25.65999984741211,25.700000762939453,25.290000915527344,25.360000610351562,3968000,1.785,2016-03-02,09,2016,2,Wednesday,2.0153999999999996,1.677853926895902
23.070192337036133,25.889999389648438,25.889999389648438,25.709999084472656,25.760000228881836,4002300,0.896,2016-03-03,09,2016,3,Thursday,2.0153999999999996,1.677853926895902
23.390981674194336,26.25,26.31999969482422,25.940000534057617,26.020000457763672,3271400,1.39,2016-03-04,09,2016,4,Friday,2.0153999999999996,1.677853926895902
23.2484073638916,26.09000015258789,26.260000228881836,25.959999084472656,26.010000228881836,1891200,-0.61,2016-03-07,10,2016,7,Monday,0.053000000000000026,1.3689539802345438
22.972169876098633,25.780000686645508,25.90999984741211,25.68000030517578,25.829999923706055,2530500,-1.188,2016-03-08,10,2016,8,Tuesday,0.053000000000000026,1.3689539802345438
23.2394962310791,26.079999923706055,26.15999984741211,26.010000228881836,26.049999237060547,1865200,1.164,2016-03-09,10,2016,9,Wednesday,0.053000000000000026,1.3689539802345438
23.016721725463867,25.829999923706055,26.09000015258789,25.670000076293945,26.059999465942383,4484600,-0.959,2016-03-10,10,2016,10,Thursday,0.053000000000000026,1.3689539802345438
23.44444465637207,26.309999465942383,26.34000015258789,26.040000915527344,26.040000915527344,2089800,1.858,2016-03-11,10,2016,11,Friday,0.053000000000000026,1.3689539802345438
23.30186653137207,26.149999618530273,26.219999313354492,26.059999465942383,26.1299991607666,1156900,-0.608,2016-03-14,11,2016,14,Monday,0.15899999999999995,1.3660763155841622
22.954347610473633,25.760000228881836,25.760000228881836,25.610000610351562,25.68000030517578,1584900,-1.491,2016-03-15,11,2016,15,Tuesday,0.15899999999999995,1.3660763155841622
23.426626205444336,26.290000915527344,26.3700008392334,25.75,25.780000686645508,2012500,2.057,2016-03-16,11,2016,16,Wednesday,0.15899999999999995,1.3660763155841622
23.4177188873291,26.280000686645508,26.34000015258789,26.079999923706055,26.1200008392334,1543400,-0.038,2016-03-17,11,2016,17,Thursday,0.15899999999999995,1.3660763155841622
23.622665405273438,26.510000228881836,26.670000076293945,26.510000228881836,26.520000457763672,3660000,0.875,2016-03-18,11,2016,18,Friday,0.15899999999999995,1.3660763155841622
23.970184326171875,26.899999618530273,26.950000762939453,26.770000457763672,26.790000915527344,1147800,1.471,2016-03-21,12,2016,21,Monday,0.14425000000000002,0.9230916801705018
23.809791564941406,26.719999313354492,26.889999389648438,26.719999313354492,26.719999313354492,1056400,-0.669,2016-03-22,12,2016,22,Tuesday,0.14425000000000002,0.9230916801705018
23.774145126342773,26.68000030517578,26.829999923706055,26.59000015258789,26.790000915527344,1935900,-0.15,2016-03-23,12,2016,23,Wednesday,0.14425000000000002,0.9230916801705018
23.756324768066406,26.65999984741211,26.670000076293945,26.450000762939453,26.479999542236328,1224400,-0.075,2016-03-24,12,2016,24,Thursday,0.14425000000000002,0.9230916801705018
23.676130294799805,26.56999969482422,26.670000076293945,26.510000228881836,26.540000915527344,1687100,-0.338,2016-03-28,13,2016,28,Monday,0.2698,0.5945743855902305
23.86325454711914,26.780000686645508,26.790000915527344,26.389999389648438,26.450000762939453,870000,0.79,2016-03-29,13,2016,29,Tuesday,0.2698,0.5945743855902305
24.068204879760742,27.010000228881836,27.139999389648438,27.0,27.0,2089500,0.859,2016-03-30,13,2016,30,Wednesday,0.2698,0.5945743855902305
24.166221618652344,27.1200008392334,27.200000762939453,27.049999237060547,27.06999969482422,1506500,0.407,2016-03-31,13,2016,31,Thursday,0.2698,0.5945743855902305
24.07711410522461,27.020000457763672,27.1200008392334,26.540000915527344,26.65999984741211,1214100,-0.369,2016-04-01,13,2016,1,Friday,0.2698,0.5945743855902305
24.032562255859375,26.969999313354492,27.1299991607666,26.93000030517578,27.059999465942383,746400,-0.185,2016-04-04,14,2016,4,Monday,-0.6436,1.472738537555122
23.542463302612305,26.420000076293945,26.530000686645508,26.329999923706055,26.440000534057617,1607200,-2.039,2016-04-05,14,2016,5,Tuesday,-0.6436,1.472738537555122
23.72068214416504,26.6200008392334,26.65999984741211,26.270000457763672,26.3799991607666,1627500,0.757,2016-04-06,14,2016,6,Wednesday,-0.6436,1.472738537555122
23.159299850463867,25.989999771118164,26.260000228881836,25.899999618530273,26.239999771118164,2068000,-2.367,2016-04-07,14,2016,7,Thursday,-0.6436,1.472738537555122
23.30186653137207,26.149999618530273,26.3700008392334,26.06999969482422,26.3700008392334,2283200,0.616,2016-04-08,14,2016,8,Friday,-0.6436,1.472738537555122
23.756324768066406,26.65999984741211,26.739999771118164,26.59000015258789,26.600000381469727,866000,1.95,2016-04-11,15,2016,11,Monday,0.9698,0.7793784061673764
24.094938278198242,27.040000915527344,27.100000381469727,26.760000228881836,26.860000610351562,1207300,1.425,2016-04-12,15,2016,12,Tuesday,0.9698,0.7793784061673764
24.362266540527344,27.34000015258789,27.399999618530273,27.170000076293945,27.170000076293945,1450400,1.109,2016-04-13,15,2016,13,Wednesday,0.9698,0.7793784061673764
24.397905349731445,27.3799991607666,27.479999542236328,27.350000381469727,27.3700008392334,2131000,0.146,2016-04-14,15,2016,14,Thursday,0.9698,0.7793784061673764
24.451372146606445,27.440000534057617,27.510000228881836,27.3700008392334,27.43000030517578,2453600,0.219,2016-04-15,15,2016,15,Friday,0.9698,0.7793784061673764
24.56721305847168,27.56999969482422,27.600000381469727,27.389999389648438,27.399999618530273,1883800,0.474,2016-04-18,16,2016,18,Monday,-0.17059999999999995,1.1100611694857179
24.89691734313965,27.940000534057617,28.020000457763672,27.799999237060547,27.809999465942383,2024400,1.342,2016-04-19,16,2016,19,Tuesday,-0.17059999999999995,1.1100611694857179
24.585037231445312,27.59000015258789,27.760000228881836,27.530000686645508,27.549999237060547,3737600,-1.253,2016-04-20,16,2016,20,Wednesday,-0.17059999999999995,1.1100611694857179
24.290977478027344,27.260000228881836,27.450000762939453,27.260000228881836,27.440000534057617,1686000,-1.196,2016-04-21,16,2016,21,Thursday,-0.17059999999999995,1.1100611694857179
24.237510681152344,27.200000762939453,27.3799991607666,27.18000030517578,27.299999237060547,1891700,-0.22,2016-04-22,16,2016,22,Friday,-0.17059999999999995,1.1100611694857179
24.07711410522461,27.020000457763672,27.1200008392334,26.979999542236328,27.09000015258789,1582700,-0.662,2016-04-25,17,2016,25,Monday,-0.09240000000000001,1.6436910597797871
24.59394645690918,27.600000381469727,27.600000381469727,27.420000076293945,27.489999771118164,1503100,2.147,2016-04-26,17,2016,26,Tuesday,-0.09240000000000001,1.6436910597797871
24.72760581970215,27.75,27.84000015258789,27.489999771118164,27.579999923706055,1917000,0.543,2016-04-27,17,2016,27,Wednesday,-0.09240000000000001,1.6436910597797871
24.148399353027344,27.100000381469727,27.299999237060547,27.079999923706055,27.170000076293945,1730100,-2.342,2016-04-28,17,2016,28,Thursday,-0.09240000000000001,1.6436910597797871
24.11275863647461,27.059999465942383,27.149999618530273,26.93000030517578,27.06999969482422,2549300,-0.148,2016-04-29,17,2016,29,Friday,-0.09240000000000001,1.6436910597797871
24.192956924438477,27.149999618530273,27.149999618530273,27.010000228881836,27.06999969482422,1815400,0.333,2016-05-02,18,2016,2,Monday,-0.22440000000000007,1.1717268453014125
23.685039520263672,26.579999923706055,26.8799991607666,26.56999969482422,26.8799991607666,1979800,-2.099,2016-05-03,18,2016,3,Tuesday,-0.22440000000000007,1.1717268453014125
23.542463302612305,26.420000076293945,26.670000076293945,26.350000381469727,26.6200008392334,2826900,-0.602,2016-05-04,18,2016,4,Wednesday,-0.22440000000000007,1.1717268453014125
23.738502502441406,26.639999389648438,26.709999084472656,26.559999465942383,26.639999389648438,2103400,0.833,2016-05-05,18,2016,5,Thursday,-0.22440000000000007,1.1717268453014125
23.83652114868164,26.75,26.81999969482422,26.649999618530273,26.670000076293945,1388200,0.413,2016-05-06,18,2016,6,Friday,-0.22440000000000007,1.1717268453014125
23.961271286010742,26.889999389648438,27.059999465942383,26.860000610351562,27.030000686645508,2633400,0.523,2016-05-09,19,2016,9,Monday,-0.15199999999999997,1.176480769073596
24.237510681152344,27.200000762939453,27.200000762939453,27.020000457763672,27.020000457763672,1748000,1.153,2016-05-10,19,2016,10,Tuesday,-0.15199999999999997,1.176480769073596
24.050378799438477,26.989999771118164,27.170000076293945,26.989999771118164,27.1200008392334,1423600,-0.772,2016-05-11,19,2016,11,Wednesday,-0.15199999999999997,1.176480769073596
24.094938278198242,27.040000915527344,27.239999771118164,26.979999542236328,27.139999389648438,1592300,0.185,2016-05-12,19,2016,12,Thursday,-0.15199999999999997,1.176480769073596
23.649394989013672,26.540000915527344,26.93000030517578,26.510000228881836,26.850000381469727,893700,-1.849,2016-05-13,19,2016,13,Friday,-0.15199999999999997,1.176480769073596
24.014739990234375,26.950000762939453,27.049999237060547,26.90999984741211,26.969999313354492,1490200,1.545,2016-05-16,20,2016,16,Monday,-0.1684,1.152667471563243
23.988008499145508,26.920000076293945,27.06999969482422,26.829999923706055,26.969999313354492,877300,-0.111,2016-05-17,20,2016,17,Tuesday,-0.1684,1.152667471563243
23.845434188842773,26.760000228881836,27.049999237060547,26.6200008392334,26.809999465942383,1708400,-0.594,2016-05-18,20,2016,18,Wednesday,-0.1684,1.152667471563243
23.45335578918457,26.31999969482422,26.31999969482422,26.149999618530273,26.260000228881836,1324100,-1.644,2016-05-19,20,2016,19,Thursday,-0.1684,1.152667471563243
23.44444465637207,26.309999465942383,26.40999984741211,26.25,26.3700008392334,1225300,-0.038,2016-05-20,20,2016,20,Friday,-0.1684,1.152667471563243
23.33751678466797,26.190000534057617,26.239999771118164,26.110000610351562,26.1200008392334,989500,-0.456,2016-05-23,21,2016,23,Monday,1.113,1.1500465207981807
23.45335578918457,26.31999969482422,26.350000381469727,26.170000076293945,26.190000534057617,1574100,0.496,2016-05-24,21,2016,24,Tuesday,1.113,1.1500465207981807
24.04146957397461,26.979999542236328,27.040000915527344,26.81999969482422,26.850000381469727,1053100,2.508,2016-05-25,21,2016,25,Wednesday,1.113,1.1500465207981807
24.478103637695312,27.469999313354492,27.5,27.34000015258789,27.40999984741211,652500,1.816,2016-05-26,21,2016,26,Thursday,1.113,1.1500465207981807
24.77216148376465,27.799999237060547,27.8799991607666,27.75,27.75,2166200,1.201,2016-05-27,21,2016,27,Friday,1.113,1.1500465207981807
24.62067985534668,27.6299991607666,27.799999237060547,27.6299991607666,27.739999771118164,2119700,-0.611,2016-05-31,22,2016,31,Tuesday,0.32399999999999995,0.7169016668972112
24.67414093017578,27.690000534057617,27.719999313354492,27.530000686645508,27.600000381469727,2735500,0.217,2016-06-01,22,2016,1,Wednesday,0.32399999999999995,0.7169016668972112
24.941465377807617,27.989999771118164,28.030000686645508,27.709999084472656,27.709999084472656,2465800,1.083,2016-06-02,22,2016,2,Thursday,0.32399999999999995,0.7169016668972112
25.09295082092285,28.15999984741211,28.18000030517578,27.90999984741211,27.940000534057617,3299800,0.607,2016-06-03,22,2016,3,Friday,0.32399999999999995,0.7169016668972112
25.05731201171875,28.1200008392334,28.200000762939453,27.950000762939453,27.969999313354492,2639700,-0.142,2016-06-06,23,2016,6,Monday,-0.37540000000000007,0.9962533814246253
25.19097137451172,28.270000457763672,28.31999969482422,28.110000610351562,28.1200008392334,1943900,0.533,2016-06-07,23,2016,7,Tuesday,-0.37540000000000007,0.9962533814246253
25.333545684814453,28.43000030517578,28.459999084472656,28.270000457763672,28.280000686645508,2112000,0.566,2016-06-08,23,2016,8,Wednesday,-0.37540000000000007,0.9962533814246253
24.941465377807617,27.989999771118164,28.030000686645508,27.8700008392334,27.899999618530273,1373200,-1.548,2016-06-09,23,2016,9,Thursday,-0.37540000000000007,0.9962533814246253
24.62067985534668,27.6299991607666,27.84000015258789,27.56999969482422,27.719999313354492,1053300,-1.286,2016-06-10,23,2016,10,Friday,-0.37540000000000007,0.9962533814246253
24.362266540527344,27.34000015258789,27.549999237060547,27.31999969482422,27.420000076293945,956600,-1.05,2016-06-13,24,2016,13,Monday,0.026200000000000008,1.0750449758033382
24.353351593017578,27.329999923706055,27.440000534057617,27.200000762939453,27.3799991607666,3304600,-0.037,2016-06-14,24,2016,14,Tuesday,0.026200000000000008,1.0750449758033382
24.77216148376465,27.799999237060547,27.969999313354492,27.690000534057617,27.799999237060547,4406700,1.72,2016-06-15,24,2016,15,Wednesday,0.026200000000000008,1.0750449758033382
24.59394645690918,27.600000381469727,27.68000030517578,27.280000686645508,27.43000030517578,2051500,-0.719,2016-06-16,24,2016,16,Thursday,0.026200000000000008,1.0750449758033382
24.647409439086914,27.65999984741211,27.690000534057617,27.540000915527344,27.65999984741211,893900,0.217,2016-06-17,24,2016,17,Friday,0.026200000000000008,1.0750449758033382
24.745424270629883,27.770000457763672,27.93000030517578,27.700000762939453,27.850000381469727,1442900,0.398,2016-06-20,25,2016,20,Monday,-0.5218,2.4153424601906868
24.745424270629883,27.770000457763672,27.84000015258789,27.56999969482422,27.739999771118164,2153100,0.0,2016-06-21,25,2016,21,Tuesday,-0.5218,2.4153424601906868
24.663846969604492,27.510000228881836,27.68000030517578,27.459999084472656,27.649999618530273,1326300,-0.33,2016-06-22,25,2016,22,Wednesday,-0.5218,2.4153424601906868
25.130048751831055,28.030000686645508,28.09000015258789,27.739999771118164,27.799999237060547,2070100,1.89,2016-06-23,25,2016,23,Thursday,-0.5218,2.4153424601906868
23.98247528076172,26.75,27.239999771118164,26.65999984741211,26.8799991607666,3290800,-4.567,2016-06-24,25,2016,24,Friday,-0.5218,2.4153424601906868
23.946609497070312,26.709999084472656,26.8799991607666,26.5,26.799999237060547,2105100,-0.15,2016-06-27,26,2016,27,Monday,1.1216000000000002,0.9122638324519943
24.439708709716797,27.260000228881836,27.260000228881836,27.010000228881836,27.110000610351562,1994900,2.059,2016-06-28,26,2016,28,Tuesday,1.1216000000000002,0.9122638324519943
24.887981414794922,27.760000228881836,27.790000915527344,27.510000228881836,27.610000610351562,2043400,1.834,2016-06-29,26,2016,29,Wednesday,1.1216000000000002,0.9122638324519943
25.031429290771484,27.920000076293945,27.969999313354492,27.649999618530273,27.809999465942383,2766900,0.576,2016-06-30,26,2016,30,Thursday,1.1216000000000002,0.9122638324519943
25.354185104370117,28.280000686645508,28.329999923706055,28.06999969482422,28.15999984741211,1272500,1.289,2016-07-01,26,2016,1,Friday,1.1216000000000002,0.9122638324519943
25.022462844848633,27.90999984741211,28.18000030517578,27.889999389648438,28.1299991607666,1461700,-1.308,2016-07-05,27,2016,5,Tuesday,0.16475,1.271057138762849
25.076250076293945,27.969999313354492,28.010000228881836,27.719999313354492,27.850000381469727,2323900,0.215,2016-07-06,27,2016,6,Wednesday,0.16475,1.271057138762849
25.067285537719727,27.959999084472656,28.1200008392334,27.8700008392334,28.040000915527344,1473200,-0.036,2016-07-07,27,2016,7,Thursday,0.16475,1.271057138762849
25.51555633544922,28.459999084472656,28.479999542236328,28.149999618530273,28.170000076293945,1696600,1.788,2016-07-08,27,2016,8,Friday,0.16475,1.271057138762849
25.721763610839844,28.690000534057617,28.81999969482422,28.690000534057617,28.709999084472656,1656100,0.808,2016-07-11,28,2016,11,Monday,0.2752,0.7884711155140688
25.936931610107422,28.93000030517578,29.040000915527344,28.799999237060547,28.8700008392334,1869400,0.837,2016-07-12,28,2016,12,Tuesday,0.2752,0.7884711155140688
25.90106964111328,28.889999389648438,28.93000030517578,28.760000228881836,28.93000030517578,1661500,-0.138,2016-07-13,28,2016,13,Wednesday,0.2752,0.7884711155140688
26.107275009155273,29.1200008392334,29.200000762939453,28.950000762939453,29.010000228881836,1931000,0.796,2016-07-14,28,2016,14,Thursday,0.2752,0.7884711155140688
25.86520767211914,28.850000381469727,28.959999084472656,28.770000457763672,28.959999084472656,2338700,-0.927,2016-07-15,28,2016,15,Friday,0.2752,0.7884711155140688
25.82037925720215,28.799999237060547,28.799999237060547,28.579999923706055,28.579999923706055,675900,-0.173,2016-07-18,29,2016,18,Monday,0.0988,0.6942681038330941
25.784521102905273,28.760000228881836,28.780000686645508,28.700000762939453,28.700000762939453,1344400,-0.139,2016-07-19,29,2016,19,Tuesday,0.0988,0.6942681038330941
25.83831214904785,28.81999969482422,28.8700008392334,28.700000762939453,28.790000915527344,1196700,0.209,2016-07-20,29,2016,20,Wednesday,0.0988,0.6942681038330941
25.67693519592285,28.639999389648438,28.75,28.59000015258789,28.75,1500500,-0.625,2016-07-21,29,2016,21,Thursday,0.0988,0.6942681038330941
25.990726470947266,28.989999771118164,29.020000457763672,28.829999923706055,28.920000076293945,919400,1.222,2016-07-22,29,2016,22,Friday,0.0988,0.6942681038330941
26.035554885864258,29.040000915527344,29.139999389648438,28.950000762939453,29.1299991607666,1097200,0.172,2016-07-25,30,2016,25,Monday,0.3844,0.500142279756471
25.963829040527344,28.959999084472656,29.030000686645508,28.84000015258789,28.93000030517578,1071800,-0.275,2016-07-26,30,2016,26,Tuesday,0.3844,0.500142279756471
26.232791900634766,29.260000228881836,29.350000381469727,29.06999969482422,29.209999084472656,2239900,1.036,2016-07-27,30,2016,27,Wednesday,0.3844,0.500142279756471
26.41209602355957,29.459999084472656,29.5,29.309999465942383,29.40999984741211,2051600,0.684,2016-07-28,30,2016,28,Thursday,0.3844,0.500142279756471
26.49278450012207,29.549999237060547,29.59000015258789,29.360000610351562,29.469999313354492,3876300,0.305,2016-07-29,30,2016,29,Friday,0.3844,0.500142279756471
26.403135299682617,29.450000762939453,29.639999389648438,29.389999389648438,29.549999237060547,2553900,-0.338,2016-08-01,31,2016,1,Monday,0.09000000000000001,0.7615500640141789
26.38519859313965,29.43000030517578,29.56999969482422,29.270000457763672,29.549999237060547,1952500,-0.068,2016-08-02,31,2016,2,Tuesday,0.09000000000000001,0.7615500640141789
26.33140754699707,29.3700008392334,29.3700008392334,29.010000228881836,29.030000686645508,1411400,-0.204,2016-08-03,31,2016,3,Wednesday,0.09000000000000001,0.7615500640141789
26.232791900634766,29.260000228881836,29.389999389648438,29.219999313354492,29.270000457763672,1350100,-0.375,2016-08-04,31,2016,4,Thursday,0.09000000000000001,0.7615500640141789
26.609336853027344,29.68000030517578,29.68000030517578,29.549999237060547,29.610000610351562,1480100,1.435,2016-08-05,31,2016,5,Friday,0.09000000000000001,0.7615500640141789
26.609336853027344,29.68000030517578,29.760000228881836,29.649999618530273,29.65999984741211,1972500,0.0,2016-08-08,32,2016,8,Monday,-0.004200000000000004,0.8099988888881268
26.618303298950195,29.690000534057617,29.739999771118164,29.6299991607666,29.649999618530273,1332700,0.034,2016-08-09,32,2016,9,Tuesday,-0.004200000000000004,0.8099988888881268
26.277618408203125,29.309999465942383,29.43000030517578,29.209999084472656,29.43000030517578,1256600,-1.28,2016-08-10,32,2016,10,Wednesday,-0.004200000000000004,0.8099988888881268
26.528648376464844,29.59000015258789,29.6200008392334,29.34000015258789,29.350000381469727,3001700,0.955,2016-08-11,32,2016,11,Thursday,-0.004200000000000004,0.8099988888881268
26.600370407104492,29.670000076293945,29.799999237060547,29.59000015258789,29.59000015258789,1621800,0.27,2016-08-12,32,2016,12,Friday,-0.004200000000000004,0.8099988888881268
26.645198822021484,29.719999313354492,29.809999465942383,29.700000762939453,29.719999313354492,2658400,0.169,2016-08-15,33,2016,15,Monday,-0.13379999999999997,0.5721199174998193
26.394166946411133,29.440000534057617,29.549999237060547,29.389999389648438,29.549999237060547,1339900,-0.942,2016-08-16,33,2016,16,Tuesday,-0.13379999999999997,0.5721199174998193
26.367273330688477,29.40999984741211,29.479999542236328,29.200000762939453,29.3700008392334,1342700,-0.102,2016-08-17,33,2016,17,Wednesday,-0.13379999999999997,0.5721199174998193
26.519683837890625,29.579999923706055,29.59000015258789,29.440000534057617,29.489999771118164,889000,0.578,2016-08-18,33,2016,18,Thursday,-0.13379999999999997,0.5721199174998193
26.421058654785156,29.469999313354492,29.5,29.280000686645508,29.399999618530273,902000,-0.372,2016-08-19,33,2016,19,Friday,-0.13379999999999997,0.5721199174998193
26.098308563232422,29.110000610351562,29.15999984741211,29.0,29.079999923706055,1230100,-1.222,2016-08-22,34,2016,22,Monday,-0.3384,0.9142227846646571
26.116239547729492,29.1299991607666,29.34000015258789,29.1200008392334,29.309999465942383,1109400,0.069,2016-08-23,34,2016,23,Tuesday,-0.3384,0.9142227846646571
26.394166946411133,29.440000534057617,29.489999771118164,29.239999771118164,29.280000686645508,1938900,1.064,2016-08-24,34,2016,24,Wednesday,-0.3384,0.9142227846646571
26.18796157836914,29.209999084472656,29.209999084472656,29.079999923706055,29.18000030517578,1133700,-0.781,2016-08-25,34,2016,25,Thursday,-0.3384,0.9142227846646571
25.972793579101562,28.969999313354492,29.31999969482422,28.739999771118164,29.200000762939453,4200500,-0.822,2016-08-26,34,2016,26,Friday,-0.3384,0.9142227846646571
26.295547485351562,29.329999923706055,29.329999923706055,29.059999465942383,29.09000015258789,1500000,1.243,2016-08-29,35,2016,29,Monday,0.8028000000000001,0.5156027540655694
26.438997268676758,29.489999771118164,29.719999313354492,29.440000534057617,29.68000030517578,2015500,0.546,2016-08-30,35,2016,30,Tuesday,0.8028000000000001,0.5156027540655694
26.501752853393555,29.559999465942383,29.700000762939453,29.479999542236328,29.510000228881836,2642900,0.237,2016-08-31,35,2016,31,Wednesday,0.8028000000000001,0.5156027540655694
26.645198822021484,29.719999313354492,29.760000228881836,29.469999313354492,29.559999465942383,1362600,0.541,2016-09-01,35,2016,1,Thursday,0.8028000000000001,0.5156027540655694
27.030712127685547,30.149999618530273,30.15999984741211,29.979999542236328,30.020000457763672,3554700,1.447,2016-09-02,35,2016,2,Friday,0.8028000000000001,0.5156027540655694
27.416221618652344,30.579999923706055,30.639999389648438,30.360000610351562,30.420000076293945,3139900,1.426,2016-09-06,36,2016,6,Tuesday,-0.5825,1.7362573733944708
27.24588394165039,30.389999389648438,30.479999542236328,30.309999465942383,30.479999542236328,3777000,-0.621,2016-09-07,36,2016,7,Wednesday,-0.5825,1.7362573733944708
27.15622901916504,30.290000915527344,30.420000076293945,30.219999313354492,30.350000381469727,1863300,-0.329,2016-09-08,36,2016,8,Thursday,-0.5825,1.7362573733944708
26.394166946411133,29.440000534057617,29.889999389648438,29.440000534057617,29.8700008392334,2494500,-2.806,2016-09-09,36,2016,9,Friday,-0.5825,1.7362573733944708
26.645198822021484,29.719999313354492,29.799999237060547,29.329999923706055,29.329999923706055,2277000,0.951,2016-09-12,37,2016,12,Monday,0.01399999999999999,1.3409973900049172
26.107275009155273,29.1200008392334,29.459999084472656,29.040000915527344,29.350000381469727,3506300,-2.019,2016-09-13,37,2016,13,Tuesday,0.01399999999999999,1.3409973900049172
26.33140754699707,29.3700008392334,29.520000457763672,29.299999237060547,29.329999923706055,2930500,0.859,2016-09-14,37,2016,14,Wednesday,0.01399999999999999,1.3409973900049172
26.59140968322754,29.65999984741211,29.739999771118164,29.3799991607666,29.510000228881836,2094600,0.987,2016-09-15,37,2016,15,Thursday,0.01399999999999999,1.3409973900049172
26.403135299682617,29.450000762939453,29.510000228881836,29.309999465942383,29.489999771118164,2524700,-0.708,2016-09-16,37,2016,16,Friday,0.01399999999999999,1.3409973900049172
26.447959899902344,29.5,29.690000534057617,29.450000762939453,29.6200008392334,3299300,0.17,2016-09-19,38,2016,19,Monday,0.2084,1.1712810508157296
26.367273330688477,29.40999984741211,29.649999618530273,29.40999984741211,29.540000915527344,2793300,-0.305,2016-09-20,38,2016,20,Tuesday,0.2084,1.1712810508157296
26.815540313720703,29.90999984741211,29.959999084472656,29.360000610351562,29.549999237060547,6081800,1.7,2016-09-21,38,2016,21,Wednesday,0.2084,1.1712810508157296
27.048641204833984,30.170000076293945,30.209999084472656,30.040000915527344,30.09000015258789,2315100,0.869,2016-09-22,38,2016,22,Thursday,0.2084,1.1712810508157296
26.67209815979004,29.75,29.940000534057617,29.75,29.93000030517578,1093900,-1.392,2016-09-23,38,2016,23,Friday,0.2084,1.1712810508157296
26.38519859313965,29.43000030517578,29.610000610351562,29.420000076293945,29.56999969482422,2086400,-1.076,2016-09-26,39,2016,26,Monday,-0.20779999999999998,2.319010607996436
26.537614822387695,29.600000381469727,29.649999618530273,29.43000030517578,29.649999618530273,2555900,0.578,2016-09-27,39,2016,27,Tuesday,-0.20779999999999998,2.319010607996436
26.905200958251953,30.010000228881836,30.040000915527344,29.68000030517578,29.760000228881836,1647800,1.385,2016-09-28,39,2016,28,Wednesday,-0.20779999999999998,2.319010607996436
25.874176025390625,28.860000610351562,29.170000076293945,28.81999969482422,29.15999984741211,3257000,-3.832,2016-09-29,39,2016,29,Thursday,-0.20779999999999998,2.319010607996436
26.367273330688477,29.40999984741211,29.489999771118164,29.309999465942383,29.309999465942383,1666700,1.906,2016-09-30,39,2016,30,Friday,-0.20779999999999998,2.319010607996436
26.887266159057617,29.989999771118164,30.0,29.690000534057617,29.690000534057617,2181700,1.972,2016-10-03,40,2016,3,Monday,0.2544,1.024618123985712
26.725887298583984,29.809999465942383,30.110000610351562,29.75,30.040000915527344,3254800,-0.6,2016-10-04,40,2016,4,Tuesday,0.2544,1.024618123985712
26.815540313720703,29.90999984741211,30.010000228881836,29.850000381469727,29.8700008392334,2316600,0.335,2016-10-05,40,2016,5,Wednesday,0.2544,1.024618123985712
26.70796012878418,29.790000915527344,29.84000015258789,29.600000381469727,29.649999618530273,1525800,-0.401,2016-10-06,40,2016,6,Thursday,0.2544,1.024618123985712
26.698989868164062,29.780000686645508,29.829999923706055,29.610000610351562,29.81999969482422,2200100,-0.034,2016-10-07,40,2016,7,Friday,0.2544,1.024618123985712
26.806575775146484,29.899999618530273,29.969999313354492,29.790000915527344,29.860000610351562,2647700,0.403,2016-10-10,41,2016,10,Monday,-0.4042,0.6977812694534011
26.537614822387695,29.600000381469727,29.65999984741211,29.489999771118164,29.610000610351562,2155100,-1.003,2016-10-11,41,2016,11,Tuesday,-0.4042,0.6977812694534011
26.49278450012207,29.549999237060547,29.6299991607666,29.469999313354492,29.520000457763672,1278900,-0.169,2016-10-12,41,2016,12,Wednesday,-0.4042,0.6977812694534011
26.161069869995117,29.18000030517578,29.299999237060547,28.940000534057617,29.010000228881836,2313700,-1.252,2016-10-13,41,2016,13,Thursday,-0.4042,0.6977812694534011
26.161069869995117,29.18000030517578,29.399999618530273,29.170000076293945,29.329999923706055,1553800,0.0,2016-10-14,41,2016,14,Friday,-0.4042,0.6977812694534011
25.95486068725586,28.950000762939453,29.06999969482422,28.899999618530273,29.010000228881836,2487400,-0.788,2016-10-17,42,2016,17,Monday,0.22339999999999996,1.118250329756267
26.510717391967773,29.56999969482422,29.6200008392334,29.440000534057617,29.549999237060547,1526200,2.142,2016-10-18,42,2016,18,Tuesday,0.22339999999999996,1.118250329756267
26.501752853393555,29.559999465942383,29.65999984741211,29.510000228881836,29.549999237060547,1389100,-0.034,2016-10-19,42,2016,19,Wednesday,0.22339999999999996,1.118250329756267
26.447959899902344,29.5,29.68000030517578,29.479999542236328,29.59000015258789,1272100,-0.203,2016-10-20,42,2016,20,Thursday,0.22339999999999996,1.118250329756267
26.447959899902344,29.5,29.540000915527344,29.389999389648438,29.459999084472656,696000,0.0,2016-10-21,42,2016,21,Friday,0.22339999999999996,1.118250329756267
26.474855422973633,29.530000686645508,29.579999923706055,29.450000762939453,29.549999237060547,705900,0.102,2016-10-24,43,2016,24,Monday,-0.34700000000000003,0.544995412824732
26.367273330688477,29.40999984741211,29.549999237060547,29.389999389648438,29.469999313354492,1610600,-0.406,2016-10-25,43,2016,25,Tuesday,-0.34700000000000003,0.544995412824732
26.143136978149414,29.15999984741211,29.25,29.06999969482422,29.219999313354492,1242300,-0.85,2016-10-26,43,2016,26,Wednesday,-0.34700000000000003,0.544995412824732
25.910032272338867,28.899999618530273,29.200000762939453,28.889999389648438,29.18000030517578,1851300,-0.892,2016-10-27,43,2016,27,Thursday,-0.34700000000000003,0.544995412824732
25.990726470947266,28.989999771118164,29.209999084472656,28.889999389648438,29.209999084472656,2307800,0.311,2016-10-28,43,2016,28,Friday,-0.34700000000000003,0.544995412824732
26.035554885864258,29.040000915527344,29.110000610351562,28.950000762939453,28.959999084472656,1822400,0.172,2016-10-31,44,2016,31,Monday,-0.6326,0.8913547554144758
26.008651733398438,29.010000228881836,29.1200008392334,28.829999923706055,29.079999923706055,2437900,-0.103,2016-11-01,44,2016,1,Tuesday,-0.6326,0.8913547554144758
25.62314224243164,28.579999923706055,28.84000015258789,28.489999771118164,28.780000686645508,2958000,-1.482,2016-11-02,44,2016,2,Wednesday,-0.6326,0.8913547554144758
25.61417579650879,28.56999969482422,28.639999389648438,28.40999984741211,28.59000015258789,3429100,-0.035,2016-11-03,44,2016,3,Thursday,-0.6326,0.8913547554144758
25.174867630004883,28.079999923706055,28.299999237060547,28.040000915527344,28.209999084472656,2706200,-1.715,2016-11-04,44,2016,4,Friday,-0.6326,0.8913547554144758
25.82037925720215,28.799999237060547,28.84000015258789,28.450000762939453,28.450000762939453,3767600,2.564,2016-11-07,45,2016,7,Monday,-1.0936,2.636351797465581
25.327285766601562,28.25,28.809999465942383,28.200000762939453,28.649999618530273,5771300,-1.91,2016-11-08,45,2016,8,Tuesday,-1.0936,2.636351797465581
25.363147735595703,28.290000915527344,28.34000015258789,27.8799991607666,28.100000381469727,5552000,0.142,2016-11-09,45,2016,9,Wednesday,-1.0936,2.636351797465581
24.923843383789062,27.799999237060547,28.200000762939453,27.520000457763672,28.149999618530273,6456000,-1.732,2016-11-10,45,2016,10,Thursday,-1.0936,2.636351797465581
23.79419708251953,26.540000915527344,27.079999923706055,26.459999084472656,27.06999969482422,9017000,-4.532,2016-11-11,45,2016,11,Friday,-1.0936,2.636351797465581
23.830060958862305,26.579999923706055,26.739999771118164,26.43000030517578,26.639999389648438,2553700,0.151,2016-11-14,46,2016,14,Monday,-0.32320000000000004,0.8485291391578724
23.919715881347656,26.68000030517578,26.739999771118164,26.309999465942383,26.31999969482422,4611900,0.376,2016-11-15,46,2016,15,Tuesday,-0.32320000000000004,0.8485291391578724
23.56109619140625,26.280000686645508,26.450000762939453,26.219999313354492,26.389999389648438,3776500,-1.499,2016-11-16,46,2016,16,Wednesday,-0.32320000000000004,0.8485291391578724
23.632823944091797,26.360000610351562,26.479999542236328,26.290000915527344,26.40999984741211,4523400,0.304,2016-11-17,46,2016,17,Thursday,-0.32320000000000004,0.8485291391578724
23.4086856842041,26.110000610351562,26.420000076293945,26.110000610351562,26.360000610351562,4298200,-0.948,2016-11-18,46,2016,18,Friday,-0.32320000000000004,0.8485291391578724
23.166614532470703,25.84000015258789,25.969999313354492,25.829999923706055,25.899999618530273,3039000,-1.034,2016-11-21,47,2016,21,Monday,0.33299999999999996,1.5433312454989476
23.363859176635742,26.059999465942383,26.110000610351562,25.959999084472656,26.059999465942383,2863900,0.851,2016-11-22,47,2016,22,Tuesday,0.33299999999999996,1.5433312454989476
23.184551239013672,25.860000610351562,25.93000030517578,25.790000915527344,25.90999984741211,1854100,-0.767,2016-11-23,47,2016,23,Wednesday,0.33299999999999996,1.5433312454989476
23.713512420654297,26.450000762939453,26.549999237060547,26.3799991607666,26.3799991607666,1170600,2.282,2016-11-25,47,2016,25,Friday,0.33299999999999996,1.5433312454989476
23.830060958862305,26.579999923706055,26.59000015258789,26.479999542236328,26.530000686645508,2745700,0.491,2016-11-28,48,2016,28,Monday,0.07040000000000002,0.797815016153494
23.901784896850586,26.65999984741211,26.700000762939453,26.549999237060547,26.579999923706055,2050400,0.301,2016-11-29,48,2016,29,Tuesday,0.07040000000000002,0.797815016153494
24.143850326538086,26.93000030517578,27.020000457763672,26.8799991607666,27.020000457763672,5510900,1.013,2016-11-30,48,2016,30,Wednesday,0.07040000000000002,0.797815016153494
24.036258697509766,26.809999465942383,26.93000030517578,26.690000534057617,26.93000030517578,2215600,-0.446,2016-12-01,48,2016,1,Thursday,0.07040000000000002,0.797815016153494
23.79419708251953,26.540000915527344,26.709999084472656,26.5,26.540000915527344,3435200,-1.007,2016-12-02,48,2016,2,Friday,0.07040000000000002,0.797815016153494
24.000404357910156,26.770000457763672,26.81999969482422,26.690000534057617,26.770000457763672,2021000,0.867,2016-12-05,49,2016,5,Monday,0.6779999999999999,0.5916696713538729
24.197647094726562,26.989999771118164,27.020000457763672,26.920000076293945,26.979999542236328,3030500,0.822,2016-12-06,49,2016,6,Tuesday,0.6779999999999999,0.5916696713538729
24.430744171142578,27.25,27.25,27.010000228881836,27.09000015258789,2350700,0.963,2016-12-07,49,2016,7,Wednesday,0.6779999999999999,0.5916696713538729
24.699705123901367,27.549999237060547,27.56999969482422,27.450000762939453,27.56999969482422,2270200,1.101,2016-12-08,49,2016,8,Thursday,0.6779999999999999,0.5916696713538729
24.610048294067383,27.450000762939453,27.489999771118164,27.360000610351562,27.399999618530273,1628900,-0.363,2016-12-09,49,2016,9,Friday,0.6779999999999999,0.5916696713538729
24.350053787231445,27.15999984741211,27.290000915527344,27.110000610351562,27.25,1225600,-1.056,2016-12-12,50,2016,12,Monday,-0.45000000000000007,1.203610194373577
24.52936363220215,27.360000610351562,27.3700008392334,27.149999618530273,27.149999618530273,1523600,0.736,2016-12-13,50,2016,13,Tuesday,-0.45000000000000007,1.203610194373577
23.991437911987305,26.760000228881836,27.360000610351562,26.729999542236328,27.139999389648438,4500600,-2.193,2016-12-14,50,2016,14,Wednesday,-0.45000000000000007,1.203610194373577
24.116952896118164,26.899999618530273,27.0,26.81999969482422,26.899999618530273,2303900,0.523,2016-12-15,50,2016,15,Thursday,-0.45000000000000007,1.203610194373577
24.054195404052734,26.829999923706055,26.969999313354492,26.799999237060547,26.90999984741211,2066700,-0.26,2016-12-16,50,2016,16,Friday,-0.45000000000000007,1.203610194373577
23.937641143798828,26.700000762939453,26.829999923706055,26.65999984741211,26.799999237060547,1782400,-0.485,2016-12-19,51,2016,19,Monday,-0.48600000000000004,0.5632645914665683
23.892818450927734,26.649999618530273,26.670000076293945,26.559999465942383,26.579999923706055,1479800,-0.187,2016-12-20,51,2016,20,Tuesday,-0.48600000000000004,0.5632645914665683
23.761554718017578,26.43000030517578,26.579999923706055,26.399999618530273,26.579999923706055,2094000,-0.549,2016-12-21,51,2016,21,Wednesday,-0.48600000000000004,0.5632645914665683
23.43790626525879,26.06999969482422,26.149999618530273,25.959999084472656,26.06999969482422,2405300,-1.362,2016-12-22,51,2016,22,Thursday,-0.48600000000000004,0.5632645914665683
23.47386932373047,26.110000610351562,26.139999389648438,26.040000915527344,26.06999969482422,2756600,0.153,2016-12-23,51,2016,23,Friday,-0.48600000000000004,0.5632645914665683
23.653675079345703,26.309999465942383,26.309999465942383,26.06999969482422,26.239999771118164,1976200,0.766,2016-12-27,52,2016,27,Tuesday,0.66625,0.8462554283430033
23.57276153564453,26.219999313354492,26.239999771118164,26.100000381469727,26.239999771118164,3757700,-0.342,2016-12-28,52,2016,28,Wednesday,0.66625,0.8462554283430033
23.977327346801758,26.670000076293945,26.670000076293945,26.40999984741211,26.40999984741211,1929300,1.716,2016-12-29,52,2016,29,Thursday,0.66625,0.8462554283430033
24.103191375732422,26.809999465942383,26.84000015258789,26.719999313354492,26.799999237060547,8110100,0.525,2016-12-30,52,2016,30,Friday,0.66625,0.8462554283430033
24.211076736450195,26.93000030517578,26.93000030517578,26.719999313354492,26.790000915527344,6714300,0.448,2017-01-03,01,2017,3,Tuesday,0.28300000000000003,1.094177621168824
24.34593391418457,27.079999923706055,27.100000381469727,26.959999084472656,27.010000228881836,3286200,0.557,2017-01-04,01,2017,4,Wednesday,0.28300000000000003,1.094177621168824
24.678577423095703,27.450000762939453,27.450000762939453,27.290000915527344,27.350000381469727,2464700,1.366,2017-01-05,01,2017,5,Thursday,0.28300000000000003,1.094177621168824
24.37290382385254,27.110000610351562,27.18000030517578,27.059999465942383,27.18000030517578,1899400,-1.239,2017-01-06,01,2017,6,Friday,0.28300000000000003,1.094177621168824
24.28299903869629,27.010000228881836,27.1200008392334,27.010000228881836,27.110000610351562,2181400,-0.369,2017-01-09,02,2017,9,Monday,0.40440000000000004,0.7216601000471067
24.4448299407959,27.190000534057617,27.270000457763672,27.149999618530273,27.149999618530273,1951500,0.666,2017-01-10,02,2017,10,Tuesday,0.40440000000000004,0.7216601000471067
24.813432693481445,27.600000381469727,27.610000610351562,27.329999923706055,27.329999923706055,3744100,1.508,2017-01-11,02,2017,11,Wednesday,0.40440000000000004,0.7216601000471067
24.867374420166016,27.65999984741211,27.690000534057617,27.540000915527344,27.649999618530273,2249300,0.217,2017-01-12,02,2017,12,Thursday,0.40440000000000004,0.7216601000471067
24.867374420166016,27.65999984741211,27.65999984741211,27.510000228881836,27.559999465942383,2569200,0.0,2017-01-13,02,2017,13,Friday,0.40440000000000004,0.7216601000471067
24.74150848388672,27.520000457763672,27.68000030517578,27.510000228881836,27.68000030517578,2502300,-0.506,2017-01-17,03,2017,17,Tuesday,-0.31675,0.503710482320946
24.768482208251953,27.549999237060547,27.729999542236328,27.520000457763672,27.700000762939453,3228600,0.109,2017-01-18,03,2017,18,Wednesday,-0.31675,0.503710482320946
24.78645896911621,27.56999969482422,27.670000076293945,27.469999313354492,27.670000076293945,2347000,0.073,2017-01-19,03,2017,19,Thursday,-0.31675,0.503710482320946
24.55270767211914,27.309999465942383,27.399999618530273,27.280000686645508,27.3700008392334,1701300,-0.943,2017-01-20,03,2017,20,Friday,-0.31675,0.503710482320946
24.849395751953125,27.639999389648438,27.670000076293945,27.450000762939453,27.450000762939453,2710000,1.208,2017-01-23,04,2017,23,Monday,0.7038,0.9234509732519643
25.10112762451172,27.920000076293945,27.950000762939453,27.780000686645508,27.84000015258789,2966800,1.013,2017-01-24,04,2017,24,Tuesday,0.7038,0.9234509732519643
25.53266143798828,28.399999618530273,28.40999984741211,28.170000076293945,28.219999313354492,5878700,1.719,2017-01-25,04,2017,25,Wednesday,0.7038,0.9234509732519643
25.37083625793457,28.219999313354492,28.360000610351562,28.18000030517578,28.360000610351562,3879900,-0.634,2017-01-26,04,2017,26,Thursday,0.7038,0.9234509732519643
25.42477798461914,28.280000686645508,28.360000610351562,28.239999771118164,28.350000381469727,2419700,0.213,2017-01-27,04,2017,27,Friday,0.7038,0.9234509732519643
25.52367401123047,28.389999389648438,28.420000076293945,28.25,28.350000381469727,2837700,0.389,2017-01-30,05,2017,30,Monday,0.5394,0.42540486598063254
25.4967041015625,28.360000610351562,28.360000610351562,28.149999618530273,28.18000030517578,2834400,-0.106,2017-01-31,05,2017,31,Tuesday,0.5394,0.42540486598063254
25.757423400878906,28.649999618530273,28.81999969482422,28.559999465942383,28.799999237060547,6845300,1.023,2017-02-01,05,2017,1,Wednesday,0.5394,0.42540486598063254
25.928239822387695,28.84000015258789,28.940000534057617,28.760000228881836,28.90999984741211,4208300,0.663,2017-02-02,05,2017,2,Thursday,0.5394,0.42540486598063254
26.117034912109375,29.049999237060547,29.049999237060547,28.90999984741211,28.959999084472656,2308200,0.728,2017-02-03,05,2017,3,Friday,0.5394,0.42540486598063254
26.14400863647461,29.079999923706055,29.1200008392334,29.020000457763672,29.049999237060547,2199700,0.103,2017-02-06,06,2017,6,Monday,0.28859999999999997,0.5544815596573072
26.0091552734375,28.93000030517578,28.979999542236328,28.889999389648438,28.979999542236328,1932800,-0.516,2017-02-07,06,2017,7,Tuesday,0.28859999999999997,0.5544815596573072
26.260879516601562,29.209999084472656,29.260000228881836,29.059999465942383,29.1200008392334,3403900,0.968,2017-02-08,06,2017,8,Wednesday,0.28859999999999997,0.5544815596573072
26.413719177246094,29.3799991607666,29.440000534057617,29.350000381469727,29.3799991607666,2803400,0.582,2017-02-09,06,2017,9,Thursday,0.28859999999999997,0.5544815596573072
26.494632720947266,29.469999313354492,29.469999313354492,29.280000686645508,29.3700008392334,1993200,0.306,2017-02-10,06,2017,10,Friday,0.28859999999999997,0.5544815596573072
26.413719177246094,29.3799991607666,29.420000076293945,29.309999465942383,29.399999618530273,1856600,-0.305,2017-02-13,07,2017,13,Monday,-0.18939999999999999,0.5228874639920142
26.350788116455078,29.309999465942383,29.360000610351562,29.170000076293945,29.329999923706055,1480100,-0.238,2017-02-14,07,2017,14,Tuesday,-0.18939999999999999,0.5228874639920142
26.099056243896484,29.030000686645508,29.09000015258789,28.979999542236328,29.0,3128600,-0.955,2017-02-15,07,2017,15,Wednesday,-0.18939999999999999,0.5228874639920142
26.215930938720703,29.15999984741211,29.309999465942383,29.149999618530273,29.239999771118164,4081200,0.448,2017-02-16,07,2017,16,Thursday,-0.18939999999999999,0.5228874639920142
26.242904663085938,29.190000534057617,29.219999313354492,29.1299991607666,29.15999984741211,2753800,0.103,2017-02-17,07,2017,17,Friday,-0.18939999999999999,0.5228874639920142
26.665449142456055,29.65999984741211,29.65999984741211,29.510000228881836,29.559999465942383,3460300,1.61,2017-02-21,08,2017,21,Tuesday,0.37050000000000005,1.076127161011498
26.629486083984375,29.6200008392334,29.639999389648438,29.540000915527344,29.610000610351562,2520100,-0.135,2017-02-22,08,2017,22,Wednesday,0.37050000000000005,1.076127161011498
26.854249954223633,29.8700008392334,29.8799991607666,29.760000228881836,29.829999923706055,2254800,0.844,2017-02-23,08,2017,23,Thursday,0.37050000000000005,1.076127161011498
26.629486083984375,29.6200008392334,29.690000534057617,29.579999923706055,29.6299991607666,1828800,-0.837,2017-02-24,08,2017,24,Friday,0.37050000000000005,1.076127161011498
26.674440383911133,29.670000076293945,29.729999542236328,29.6200008392334,29.68000030517578,1679200,0.169,2017-02-27,09,2017,27,Monday,0.16840000000000002,1.3133123390876977
26.674440383911133,29.670000076293945,29.850000381469727,29.56999969482422,29.709999084472656,4029300,0.0,2017-02-28,09,2017,28,Tuesday,0.16840000000000002,1.3133123390876977
27.087997436523438,30.1299991607666,30.149999618530273,29.8799991607666,29.90999984741211,6323100,1.55,2017-03-01,09,2017,1,Wednesday,0.16840000000000002,1.3133123390876977
26.575546264648438,29.559999465942383,29.770000457763672,29.559999465942383,29.690000534057617,3469900,-1.892,2017-03-02,09,2017,2,Thursday,0.16840000000000002,1.3133123390876977
26.845258712768555,29.860000610351562,29.889999389648438,29.729999542236328,29.760000228881836,3535600,1.015,2017-03-03,09,2017,3,Friday,0.16840000000000002,1.3133123390876977
26.917179107666016,29.940000534057617,29.979999542236328,29.850000381469727,29.979999542236328,2710000,0.268,2017-03-06,10,2017,6,Monday,0.12840000000000001,0.5951036044253135
26.88121795654297,29.899999618530273,29.959999084472656,29.860000610351562,29.90999984741211,2517000,-0.134,2017-03-07,10,2017,7,Tuesday,0.12840000000000001,0.5951036044253135
26.674440383911133,29.670000076293945,29.770000457763672,29.670000076293945,29.760000228881836,2471400,-0.769,2017-03-08,10,2017,8,Wednesday,0.12840000000000001,0.5951036044253135
26.854249954223633,29.8700008392334,29.899999618530273,29.729999542236328,29.790000915527344,3621600,0.674,2017-03-09,10,2017,9,Thursday,0.12840000000000001,0.5951036044253135
27.016071319580078,30.049999237060547,30.049999237060547,29.850000381469727,29.8799991607666,2531300,0.603,2017-03-10,10,2017,10,Friday,0.12840000000000001,0.5951036044253135
27.753286361694336,30.8700008392334,30.8700008392334,30.700000762939453,30.81999969482422,4905300,2.729,2017-03-13,11,2017,13,Monday,0.7106,1.4669116537815086
27.663381576538086,30.770000457763672,30.860000610351562,30.729999542236328,30.81999969482422,3814400,-0.324,2017-03-14,11,2017,14,Tuesday,0.7106,1.4669116537815086
28.166839599609375,31.329999923706055,31.3700008392334,30.780000686645508,30.860000610351562,6322100,1.82,2017-03-15,11,2017,15,Wednesday,0.7106,1.4669116537815086
28.112899780273438,31.270000457763672,31.3799991607666,31.229999542236328,31.34000015258789,2737300,-0.192,2017-03-16,11,2017,16,Thursday,0.7106,1.4669116537815086
27.978042602539062,31.1200008392334,31.25,31.110000610351562,31.219999313354492,3139400,-0.48,2017-03-17,11,2017,17,Friday,0.7106,1.4669116537815086
28.13987159729004,31.299999237060547,31.34000015258789,31.110000610351562,31.170000076293945,2525100,0.578,2017-03-20,12,2017,20,Monday,-0.08660000000000004,0.9290625920787038
27.672372817993164,30.780000686645508,31.209999084472656,30.780000686645508,31.18000030517578,4882400,-1.661,2017-03-21,12,2017,21,Tuesday,-0.08660000000000004,0.9290625920787038
27.74429702758789,30.860000610351562,30.899999618530273,30.690000534057617,30.690000534057617,2855800,0.26,2017-03-22,12,2017,22,Wednesday,-0.08660000000000004,0.9290625920787038
27.897132873535156,31.030000686645508,31.100000381469727,30.8700008392334,30.93000030517578,2327600,0.551,2017-03-23,12,2017,23,Thursday,-0.08660000000000004,0.9290625920787038
27.85218048095703,30.979999542236328,31.059999465942383,30.93000030517578,30.979999542236328,2639900,-0.161,2017-03-24,12,2017,24,Friday,-0.08660000000000004,0.9290625920787038
27.978042602539062,31.1200008392334,31.1299991607666,30.899999618530273,30.940000534057617,2623300,0.452,2017-03-27,13,2017,27,Monday,0.32799999999999996,0.4859223188946974
28.157848358154297,31.31999969482422,31.360000610351562,31.190000534057617,31.190000534057617,1701600,0.643,2017-03-28,13,2017,28,Tuesday,0.32799999999999996,0.4859223188946974
28.409584045410156,31.600000381469727,31.600000381469727,31.40999984741211,31.459999084472656,3360700,0.894,2017-03-29,13,2017,29,Wednesday,0.32799999999999996,0.4859223188946974
28.373620986938477,31.559999465942383,31.610000610351562,31.389999389648438,31.450000762939453,2718800,-0.127,2017-03-30,13,2017,30,Thursday,0.32799999999999996,0.4859223188946974
28.310688018798828,31.489999771118164,31.639999389648438,31.469999313354492,31.479999542236328,2478500,-0.222,2017-03-31,13,2017,31,Friday,0.32799999999999996,0.4859223188946974
28.607370376586914,31.81999969482422,31.84000015258789,31.6200008392334,31.700000762939453,3208900,1.048,2017-04-03,14,2017,3,Monday,0.29900000000000004,0.7441565695470276
28.51746940612793,31.719999313354492,31.760000228881836,31.59000015258789,31.690000534057617,1539400,-0.314,2017-04-04,14,2017,4,Tuesday,0.29900000000000004,0.7441565695470276
28.436553955078125,31.6299991607666,31.899999618530273,31.6200008392334,31.860000610351562,2720000,-0.284,2017-04-05,14,2017,5,Wednesday,0.29900000000000004,0.7441565695470276
28.769197463989258,32.0,32.02000045776367,31.899999618530273,31.920000076293945,4517300,1.17,2017-04-06,14,2017,6,Thursday,0.29900000000000004,0.7441565695470276
28.73323631286621,31.959999084472656,32.04999923706055,31.8799991607666,31.8799991607666,3550700,-0.125,2017-04-07,14,2017,7,Friday,0.29900000000000004,0.7441565695470276
28.55342674255371,31.760000228881836,31.84000015258789,31.700000762939453,31.81999969482422,1752000,-0.626,2017-04-10,15,2017,10,Monday,-0.401,0.37402228097623635
28.59838104248047,31.809999465942383,31.969999313354492,31.670000076293945,31.969999313354492,2401300,0.157,2017-04-11,15,2017,11,Tuesday,-0.401,0.37402228097623635
28.445545196533203,31.639999389648438,31.75,31.540000915527344,31.75,5299900,-0.534,2017-04-12,15,2017,12,Wednesday,-0.401,0.37402228097623635
28.274728775024414,31.450000762939453,31.700000762939453,31.420000076293945,31.690000534057617,4551300,-0.601,2017-04-13,15,2017,13,Thursday,-0.401,0.37402228097623635
28.48150634765625,31.68000030517578,31.700000762939453,31.459999084472656,31.559999465942383,1947300,0.731,2017-04-17,16,2017,17,Monday,-0.19920000000000007,1.142404788155232
28.022994995117188,31.170000076293945,31.329999923706055,31.149999618530273,31.31999969482422,3326200,-1.61,2017-04-18,16,2017,18,Tuesday,-0.19920000000000007,1.142404788155232
28.01400375366211,31.15999984741211,31.360000610351562,31.1200008392334,31.200000762939453,2682400,-0.032,2017-04-19,16,2017,19,Wednesday,-0.19920000000000007,1.142404788155232
28.30169677734375,31.479999542236328,31.489999771118164,31.309999465942383,31.479999542236328,2033400,1.027,2017-04-20,16,2017,20,Thursday,-0.19920000000000007,1.142404788155232
27.98703384399414,31.1299991607666,31.299999237060547,31.110000610351562,31.299999237060547,3905300,-1.112,2017-04-21,16,2017,21,Friday,-0.19920000000000007,1.142404788155232
28.544435501098633,31.75,31.780000686645508,31.579999923706055,31.579999923706055,4550700,1.992,2017-04-24,17,2017,24,Monday,0.6072,1.0272018788923625
28.913043975830078,32.15999984741211,32.189998626708984,32.0,32.099998474121094,4282300,1.291,2017-04-25,17,2017,25,Tuesday,0.6072,1.0272018788923625
29.01194190979004,32.27000045776367,32.380001068115234,32.220001220703125,32.22999954223633,2321700,0.342,2017-04-26,17,2017,26,Wednesday,0.6072,1.0272018788923625
28.85011100769043,32.09000015258789,32.189998626708984,32.09000015258789,32.189998626708984,2711800,-0.558,2017-04-27,17,2017,27,Thursday,0.6072,1.0272018788923625
28.84111976623535,32.08000183105469,32.099998474121094,31.959999084472656,32.060001373291016,1988600,-0.031,2017-04-28,17,2017,28,Friday,0.6072,1.0272018788923625
28.8770809173584,32.119998931884766,32.16999816894531,32.08000183105469,32.09000015258789,1347400,0.125,2017-05-01,18,2017,1,Monday,-0.017599999999999994,0.5258629098919223
29.074874877929688,32.34000015258789,32.34000015258789,32.18000030517578,32.279998779296875,2987400,0.685,2017-05-02,18,2017,2,Tuesday,-0.017599999999999994,0.5258629098919223
28.85011100769043,32.09000015258789,32.209999084472656,32.08000183105469,32.18000030517578,2196300,-0.773,2017-05-03,18,2017,3,Wednesday,-0.017599999999999994,0.5258629098919223
28.805160522460938,32.040000915527344,32.29999923706055,32.029998779296875,32.25,4002200,-0.156,2017-05-04,18,2017,4,Thursday,-0.017599999999999994,0.5258629098919223
28.81414794921875,32.04999923706055,32.04999923706055,31.770000457763672,31.920000076293945,1565200,0.031,2017-05-05,18,2017,5,Friday,-0.017599999999999994,0.5258629098919223
28.643335342407227,31.860000610351562,32.06999969482422,31.850000381469727,32.040000915527344,2088300,-0.593,2017-05-08,19,2017,8,Monday,0.306,0.7201944181955314
28.7512149810791,31.979999542236328,32.029998779296875,31.889999389648438,31.899999618530273,3329900,0.377,2017-05-09,19,2017,9,Tuesday,0.306,0.7201944181955314
29.155780792236328,32.43000030517578,32.43000030517578,32.220001220703125,32.29999923706055,3091100,1.407,2017-05-10,19,2017,10,Wednesday,0.306,0.7201944181955314
29.227703094482422,32.5099983215332,32.52000045776367,32.34000015258789,32.439998626708984,2268500,0.247,2017-05-11,19,2017,11,Thursday,0.306,0.7201944181955314
29.254680633544922,32.540000915527344,32.560001373291016,32.369998931884766,32.459999084472656,1581800,0.092,2017-05-12,19,2017,12,Friday,0.306,0.7201944181955314
29.479440689086914,32.790000915527344,32.790000915527344,32.59000015258789,32.70000076293945,2794400,0.768,2017-05-15,20,2017,15,Monday,-0.1678,1.1094959215788043
29.587318420410156,32.90999984741211,32.939998626708984,32.810001373291016,32.810001373291016,3241400,0.366,2017-05-16,20,2017,16,Tuesday,-0.1678,1.1094959215788043
29.128814697265625,32.400001525878906,32.75,32.400001525878906,32.75,3370500,-1.55,2017-05-17,20,2017,17,Wednesday,-0.1678,1.1094959215788043
28.78718376159668,32.02000045776367,32.09000015258789,31.760000228881836,31.969999313354492,4405100,-1.173,2017-05-18,20,2017,18,Thursday,-0.1678,1.1094959215788043
29.002944946289062,32.2599983215332,32.2599983215332,32.060001373291016,32.060001373291016,2880400,0.75,2017-05-19,20,2017,19,Friday,-0.1678,1.1094959215788043
28.85011100769043,32.09000015258789,32.150001525878906,32.040000915527344,32.11000061035156,1959400,-0.527,2017-05-22,21,2017,22,Monday,0.05379999999999998,1.0457431328964106
28.427562713623047,31.6200008392334,31.719999313354492,31.600000381469727,31.719999313354492,3358800,-1.465,2017-05-23,21,2017,23,Tuesday,0.05379999999999998,1.0457431328964106
28.526456832885742,31.729999542236328,31.739999771118164,31.540000915527344,31.540000915527344,1770800,0.348,2017-05-24,21,2017,24,Wednesday,0.05379999999999998,1.0457431328964106
28.82314109802246,32.060001373291016,32.119998931884766,31.920000076293945,32.02000045776367,2989400,1.04,2017-05-25,21,2017,25,Thursday,0.05379999999999998,1.0457431328964106
29.074874877929688,32.34000015258789,32.43000030517578,32.290000915527344,32.38999938964844,3792300,0.873,2017-05-26,21,2017,26,Friday,0.05379999999999998,1.0457431328964106
29.272663116455078,32.560001373291016,32.560001373291016,32.41999816894531,32.459999084472656,2288700,0.68,2017-05-30,22,2017,30,Tuesday,0.46875,0.434294351026275
29.2636661529541,32.54999923706055,32.61000061035156,32.5,32.56999969482422,2968300,-0.031,2017-05-31,22,2017,31,Wednesday,0.46875,0.434294351026275
29.542369842529297,32.86000061035156,32.86000061035156,32.54999923706055,32.63999938964844,3237800,0.952,2017-06-01,22,2017,1,Thursday,0.46875,0.434294351026275
29.623287200927734,32.95000076293945,32.95000076293945,32.83000183105469,32.939998626708984,1894100,0.274,2017-06-02,22,2017,2,Friday,0.46875,0.434294351026275
29.641265869140625,32.970001220703125,33.040000915527344,32.95000076293945,33.0,1750100,0.061,2017-06-05,23,2017,5,Monday,-0.1394,0.3789020981731297
29.53338050842285,32.849998474121094,32.91999816894531,32.81999969482422,32.86000061035156,2107500,-0.364,2017-06-06,23,2017,6,Tuesday,-0.1394,0.3789020981731297
29.569337844848633,32.88999938964844,32.939998626708984,32.779998779296875,32.93000030517578,2381800,0.122,2017-06-07,23,2017,7,Wednesday,-0.1394,0.3789020981731297
29.623287200927734,32.95000076293945,32.97999954223633,32.880001068115234,32.880001068115234,2038300,0.182,2017-06-08,23,2017,8,Thursday,-0.1394,0.3789020981731297
29.4165096282959,32.720001220703125,32.93000030517578,32.650001525878906,32.91999816894531,2159400,-0.698,2017-06-09,23,2017,9,Friday,-0.1394,0.3789020981731297
29.371553421020508,32.66999816894531,32.77000045776367,32.599998474121094,32.77000045776367,2795600,-0.153,2017-06-12,24,2017,12,Monday,-0.06560000000000002,0.679995441161189
29.470443725585938,32.779998779296875,32.810001373291016,32.70000076293945,32.77000045776367,2114400,0.337,2017-06-13,24,2017,13,Tuesday,-0.06560000000000002,0.679995441161189
29.56035041809082,32.880001068115234,33.08000183105469,32.81999969482422,32.97999954223633,3202600,0.305,2017-06-14,24,2017,14,Wednesday,-0.06560000000000002,0.679995441161189
29.200733184814453,32.47999954223633,32.650001525878906,32.400001525878906,32.529998779296875,2694800,-1.217,2017-06-15,24,2017,15,Thursday,-0.06560000000000002,0.679995441161189
29.317611694335938,32.61000061035156,32.619998931884766,32.400001525878906,32.56999969482422,3078600,0.4,2017-06-16,24,2017,16,Friday,-0.06560000000000002,0.679995441161189
29.470443725585938,32.779998779296875,32.810001373291016,32.70000076293945,32.79999923706055,1451800,0.521,2017-06-19,25,2017,19,Monday,-0.1812,0.5955553710613313
29.231294631958008,32.38999938964844,32.63999938964844,32.38999938964844,32.63999938964844,1962600,-0.811,2017-06-20,25,2017,20,Tuesday,-0.1812,0.5955553710613313
29.339584350585938,32.5099983215332,32.630001068115234,32.45000076293945,32.619998931884766,1520500,0.37,2017-06-21,25,2017,21,Wednesday,-0.1812,0.5955553710613313
29.231294631958008,32.38999938964844,32.52000045776367,32.369998931884766,32.400001525878906,2740500,-0.369,2017-06-22,25,2017,22,Thursday,-0.1812,0.5955553710613313
29.05079460144043,32.189998626708984,32.380001068115234,32.130001068115234,32.130001068115234,1001000,-0.617,2017-06-23,25,2017,23,Friday,-0.1812,0.5955553710613313
29.339584350585938,32.5099983215332,32.52000045776367,32.38999938964844,32.4900016784668,1852700,0.994,2017-06-26,26,2017,26,Monday,-0.04940000000000002,1.288579372797811
28.843225479125977,31.959999084472656,32.11000061035156,31.950000762939453,32.099998474121094,2658900,-1.692,2017-06-27,26,2017,27,Tuesday,-0.04940000000000002,1.288579372797811
29.02372169494629,32.15999984741211,32.16999816894531,31.950000762939453,31.989999771118164,2345200,0.626,2017-06-28,26,2017,28,Wednesday,-0.04940000000000002,1.288579372797811
28.68077850341797,31.780000686645508,32.08000183105469,31.670000076293945,32.08000183105469,5327400,-1.182,2017-06-29,26,2017,29,Thursday,-0.04940000000000002,1.288579372797811
28.96957015991211,32.099998474121094,32.16999816894531,32.0099983215332,32.0099983215332,3841900,1.007,2017-06-30,26,2017,30,Friday,-0.04940000000000002,1.288579372797811
29.249343872070312,32.40999984741211,32.4900016784668,32.099998474121094,32.099998474121094,1648500,0.966,2017-07-03,27,2017,3,Monday,0.40425,0.6399647776766051
29.4659366607666,32.650001525878906,32.650001525878906,32.380001068115234,32.380001068115234,2883600,0.741,2017-07-05,27,2017,5,Wednesday,0.40425,0.6399647776766051
29.321542739868164,32.4900016784668,32.63999938964844,32.459999084472656,32.54999923706055,2265200,-0.49,2017-07-06,27,2017,6,Thursday,0.40425,0.6399647776766051
29.438861846923828,32.619998931884766,32.709999084472656,32.52000045776367,32.63999938964844,2711200,0.4,2017-07-07,27,2017,7,Friday,0.40425,0.6399647776766051
29.935224533081055,33.16999816894531,33.220001220703125,32.95000076293945,32.95000076293945,3751300,1.686,2017-07-10,28,2017,10,Monday,0.8048,0.7492150559085156
29.908145904541016,33.13999938964844,33.20000076293945,33.029998779296875,33.15999984741211,1813900,-0.09,2017-07-11,28,2017,11,Tuesday,0.8048,0.7492150559085156
30.332319259643555,33.61000061035156,33.630001068115234,33.45000076293945,33.45000076293945,3407000,1.418,2017-07-12,28,2017,12,Wednesday,0.8048,0.7492150559085156
30.41353988647461,33.70000076293945,33.70000076293945,33.56999969482422,33.65999984741211,2815200,0.268,2017-07-13,28,2017,13,Thursday,0.8048,0.7492150559085156
30.63916015625,33.95000076293945,33.970001220703125,33.81999969482422,33.93000030517578,1834400,0.742,2017-07-14,28,2017,14,Friday,0.8048,0.7492150559085156
30.494762420654297,33.790000915527344,33.95000076293945,33.790000915527344,33.95000076293945,1919300,-0.471,2017-07-17,29,2017,17,Monday,-0.09319999999999998,0.5968699188265396
30.350364685058594,33.630001068115234,33.65999984741211,33.540000915527344,33.65999984741211,2883300,-0.474,2017-07-18,29,2017,18,Tuesday,-0.09319999999999998,0.5968699188265396
30.621105194091797,33.93000030517578,33.97999954223633,33.86000061035156,33.900001525878906,2598300,0.892,2017-07-19,29,2017,19,Wednesday,-0.09319999999999998,0.5968699188265396
30.476709365844727,33.77000045776367,33.900001525878906,33.70000076293945,33.869998931884766,2974100,-0.472,2017-07-20,29,2017,20,Thursday,-0.09319999999999998,0.5968699188265396
30.494762420654297,33.790000915527344,33.86000061035156,33.77000045776367,33.81999969482422,1568400,0.059,2017-07-21,29,2017,21,Friday,-0.09319999999999998,0.5968699188265396
30.7745304107666,34.099998474121094,34.099998474121094,33.88999938964844,33.939998626708984,3363300,0.917,2017-07-24,30,2017,24,Monday,0.30280000000000007,0.8466089416017292
30.747451782226562,34.06999969482422,34.18000030517578,34.04999923706055,34.16999816894531,1639200,-0.088,2017-07-25,30,2017,25,Tuesday,0.30280000000000007,0.8466089416017292
31.09941864013672,34.459999084472656,34.459999084472656,34.22999954223633,34.22999954223633,2523800,1.145,2017-07-26,30,2017,26,Wednesday,0.30280000000000007,0.8466089416017292
30.801605224609375,34.130001068115234,34.400001525878906,34.02000045776367,34.29999923706055,3807900,-0.958,2017-07-27,30,2017,27,Thursday,0.30280000000000007,0.8466089416017292
30.95502281188965,34.29999923706055,34.38999938964844,34.25,34.29999923706055,2305900,0.498,2017-07-28,30,2017,28,Friday,0.30280000000000007,0.8466089416017292
31.009174346923828,34.36000061035156,34.5099983215332,34.29999923706055,34.5099983215332,1910200,0.175,2017-07-31,31,2017,31,Monday,0.30839999999999995,0.5605326038688561
31.32503890991211,34.709999084472656,34.709999084472656,34.529998779296875,34.61000061035156,2555300,1.019,2017-08-01,31,2017,1,Tuesday,0.30839999999999995,0.5605326038688561
31.32503890991211,34.709999084472656,34.77000045776367,34.599998474121094,34.709999084472656,2593400,0.0,2017-08-02,31,2017,2,Wednesday,0.30839999999999995,0.5605326038688561
31.207717895507812,34.58000183105469,34.650001525878906,34.4900016784668,34.619998931884766,1694900,-0.375,2017-08-03,31,2017,3,Thursday,0.30839999999999995,0.5605326038688561
31.43334197998047,34.83000183105469,34.900001525878906,34.7400016784668,34.81999969482422,2821100,0.723,2017-08-04,31,2017,4,Friday,0.30839999999999995,0.5605326038688561
31.343090057373047,34.72999954223633,34.81999969482422,34.720001220703125,34.79999923706055,1021000,-0.287,2017-08-07,32,2017,7,Monday,-0.9644,1.3643232021775487
31.108449935913086,34.470001220703125,34.630001068115234,34.470001220703125,34.560001373291016,1734300,-0.749,2017-08-08,32,2017,8,Tuesday,-0.9644,1.3643232021775487
30.59403419494629,33.900001525878906,34.099998474121094,33.900001525878906,34.02000045776367,2927100,-1.654,2017-08-09,32,2017,9,Wednesday,-0.9644,1.3643232021775487
29.718629837036133,32.93000030517578,33.66999816894531,32.93000030517578,33.56999969482422,5300800,-2.861,2017-08-10,32,2017,10,Thursday,-0.9644,1.3643232021775487
29.935224533081055,33.16999816894531,33.209999084472656,33.06999969482422,33.099998474121094,3275900,0.729,2017-08-11,32,2017,11,Friday,-0.9644,1.3643232021775487
30.30524253845215,33.58000183105469,33.65999984741211,33.380001068115234,33.59000015258789,2305900,1.236,2017-08-14,33,2017,14,Monday,0.3218,1.0519730034558872
30.205968856811523,33.470001220703125,33.61000061035156,33.40999984741211,33.599998474121094,1619700,-0.328,2017-08-15,33,2017,15,Tuesday,0.3218,1.0519730034558872
30.6301326751709,33.939998626708984,33.95000076293945,33.65999984741211,33.790000915527344,4370200,1.404,2017-08-16,33,2017,16,Wednesday,0.3218,1.0519730034558872
30.296215057373047,33.56999969482422,34.060001373291016,33.56999969482422,33.97999954223633,2876600,-1.09,2017-08-17,33,2017,17,Thursday,0.3218,1.0519730034558872
30.41353988647461,33.70000076293945,33.790000915527344,33.560001373291016,33.619998931884766,2810200,0.387,2017-08-18,33,2017,18,Friday,0.3218,1.0519730034558872
30.115718841552734,33.369998931884766,33.5,33.290000915527344,33.38999938964844,2440100,-0.979,2017-08-21,34,2017,21,Monday,0.2088,0.6997533136756124
30.2420711517334,33.5099983215332,33.56999969482422,33.41999816894531,33.459999084472656,2042800,0.42,2017-08-22,34,2017,22,Tuesday,0.2088,0.6997533136756124
30.503782272338867,33.79999923706055,33.810001373291016,33.61000061035156,33.61000061035156,1814500,0.865,2017-08-23,34,2017,23,Wednesday,0.2088,0.6997533136756124
30.585010528564453,33.88999938964844,33.9900016784668,33.84000015258789,33.84000015258789,2143100,0.266,2017-08-24,34,2017,24,Thursday,0.2088,0.6997533136756124
30.729406356811523,34.04999923706055,34.099998474121094,33.900001525878906,33.900001525878906,2120300,0.472,2017-08-25,34,2017,25,Friday,0.2088,0.6997533136756124
30.89185333251953,34.22999954223633,34.27000045776367,34.15999984741211,34.22999954223633,1922000,0.529,2017-08-28,35,2017,28,Monday,0.28400000000000003,0.93403211936207
30.494762420654297,33.790000915527344,33.84000015258789,33.619998931884766,33.7400016784668,2331700,-1.285,2017-08-29,35,2017,29,Tuesday,0.28400000000000003,0.93403211936207
30.63916015625,33.95000076293945,33.970001220703125,33.880001068115234,33.970001220703125,1720300,0.474,2017-08-30,35,2017,30,Wednesday,0.28400000000000003,0.93403211936207
30.783557891845703,34.11000061035156,34.15999984741211,33.9900016784668,34.06999969482422,2500500,0.471,2017-08-31,35,2017,31,Thursday,0.28400000000000003,0.93403211936207
31.1625919342041,34.529998779296875,34.529998779296875,34.36000061035156,34.369998931884766,2846800,1.231,2017-09-01,35,2017,1,Friday,0.28400000000000003,0.93403211936207
30.729406356811523,34.04999923706055,34.279998779296875,33.9900016784668,34.209999084472656,2734800,-1.39,2017-09-05,36,2017,5,Tuesday,-0.26625,0.8438927163251657
30.89185333251953,34.22999954223633,34.2400016784668,34.13999938964844,34.2400016784668,1837700,0.529,2017-09-06,36,2017,6,Wednesday,-0.26625,0.8438927163251657
30.95502281188965,34.29999923706055,34.43000030517578,34.279998779296875,34.43000030517578,2561300,0.204,2017-09-07,36,2017,7,Thursday,-0.26625,0.8438927163251657
30.828676223754883,34.15999984741211,34.33000183105469,34.130001068115234,34.33000183105469,2347900,-0.408,2017-09-08,36,2017,8,Friday,-0.26625,0.8438927163251657
31.054298400878906,34.40999984741211,34.41999816894531,34.25,34.25,3198200,0.732,2017-09-11,37,2017,11,Monday,0.194,0.6028984159873038
31.189668655395508,34.560001373291016,34.59000015258789,34.41999816894531,34.52000045776367,1872800,0.436,2017-09-12,37,2017,12,Tuesday,0.194,0.6028984159873038
30.927955627441406,34.27000045776367,34.52000045776367,34.2599983215332,34.52000045776367,3729600,-0.839,2017-09-13,37,2017,13,Wednesday,0.194,0.6028984159873038
31.04527473449707,34.400001525878906,34.400001525878906,34.27000045776367,34.349998474121094,2297600,0.379,2017-09-14,37,2017,14,Thursday,0.194,0.6028984159873038
31.126497268676758,34.4900016784668,34.5099983215332,34.34000015258789,34.43000030517578,1964100,0.262,2017-09-15,37,2017,15,Friday,0.194,0.6028984159873038
31.207717895507812,34.58000183105469,34.65999984741211,34.5,34.65999984741211,1704700,0.261,2017-09-18,38,2017,18,Monday,-0.5904,0.7368543275302114
31.207717895507812,34.58000183105469,34.63999938964844,34.4900016784668,34.58000183105469,1872400,0.0,2017-09-19,38,2017,19,Tuesday,-0.5904,0.7368543275302114
30.936975479125977,34.279998779296875,34.540000915527344,34.11000061035156,34.5,3403300,-0.868,2017-09-20,38,2017,20,Wednesday,-0.5904,0.7368543275302114
30.70232582092285,34.02000045776367,34.119998931884766,33.9900016784668,34.119998931884766,2615900,-0.758,2017-09-21,38,2017,21,Thursday,-0.5904,0.7368543275302114
30.214994430541992,33.47999954223633,33.58000183105469,33.459999084472656,33.52000045776367,3323000,-1.587,2017-09-22,38,2017,22,Friday,-0.5904,0.7368543275302114
29.57423210144043,32.77000045776367,33.08000183105469,32.66999816894531,33.060001373291016,5354400,-2.121,2017-09-25,39,2017,25,Monday,-0.371,1.4378607373455887
29.64642906188965,32.849998474121094,32.900001525878906,32.720001220703125,32.79999923706055,3117200,0.244,2017-09-26,39,2017,26,Tuesday,-0.371,1.4378607373455887
29.14104461669922,32.290000915527344,32.380001068115234,32.15999984741211,32.2599983215332,3761700,-1.705,2017-09-27,39,2017,27,Wednesday,-0.371,1.4378607373455887
29.38471794128418,32.560001373291016,32.560001373291016,32.29999923706055,32.310001373291016,3346200,0.836,2017-09-28,39,2017,28,Thursday,-0.371,1.4378607373455887
29.64642906188965,32.849998474121094,32.849998474121094,32.630001068115234,32.630001068115234,3781300,0.891,2017-09-29,39,2017,29,Friday,-0.371,1.4378607373455887
29.49300765991211,32.68000030517578,32.79999923706055,32.650001525878906,32.66999816894531,3584900,-0.518,2017-10-02,40,2017,2,Monday,0.31039999999999995,0.687976235054671
29.78180503845215,33.0,33.0,32.720001220703125,32.90999984741211,2186700,0.979,2017-10-03,40,2017,3,Tuesday,0.31039999999999995,0.687976235054671
30.09766960144043,33.349998474121094,33.369998931884766,33.25,33.369998931884766,2674500,1.061,2017-10-04,40,2017,4,Wednesday,0.31039999999999995,0.687976235054671
30.070594787597656,33.31999969482422,33.41999816894531,33.2400016784668,33.2400016784668,2058100,-0.09,2017-10-05,40,2017,5,Thursday,0.31039999999999995,0.687976235054671
30.1066951751709,33.36000061035156,33.38999938964844,33.16999816894531,33.33000183105469,2316900,0.12,2017-10-06,40,2017,6,Friday,0.31039999999999995,0.687976235054671
30.2420711517334,33.5099983215332,33.5099983215332,33.40999984741211,33.5,1858500,0.45,2017-10-09,41,2017,9,Monday,0.7465999999999999,0.7680399078172956
30.575986862182617,33.880001068115234,33.880001068115234,33.7400016784668,33.7400016784668,2359600,1.104,2017-10-10,41,2017,10,Tuesday,0.7465999999999999,0.7680399078172956
30.440610885620117,33.72999954223633,33.7599983215332,33.61000061035156,33.72999954223633,2413400,-0.443,2017-10-11,41,2017,11,Wednesday,0.7465999999999999,0.7680399078172956
30.7745304107666,34.099998474121094,34.16999816894531,34.040000915527344,34.04999923706055,3314500,1.097,2017-10-12,41,2017,12,Thursday,0.7465999999999999,0.7680399078172956
31.243820190429688,34.619998931884766,34.65999984741211,34.369998931884766,34.38999938964844,3856400,1.525,2017-10-13,41,2017,13,Friday,0.7465999999999999,0.7680399078172956
31.36114501953125,34.75,34.810001373291016,34.689998626708984,34.79999923706055,2848000,0.376,2017-10-16,42,2017,16,Monday,-0.18460000000000001,0.5083756485120033
31.14453887939453,34.5099983215332,34.58000183105469,34.40999984741211,34.54999923706055,3313800,-0.691,2017-10-17,42,2017,17,Tuesday,-0.18460000000000001,0.5083756485120033
31.072349548339844,34.43000030517578,34.52000045776367,34.349998474121094,34.439998626708984,2499300,-0.232,2017-10-18,42,2017,18,Wednesday,-0.18460000000000001,0.5083756485120033
30.86478042602539,34.20000076293945,34.33000183105469,34.11000061035156,34.29999923706055,2100500,-0.668,2017-10-19,42,2017,19,Thursday,-0.18460000000000001,0.5083756485120033
30.95502281188965,34.29999923706055,34.34000015258789,34.2400016784668,34.34000015258789,2856100,0.292,2017-10-20,42,2017,20,Friday,-0.18460000000000001,0.5083756485120033
31.027225494384766,34.380001068115234,34.43000030517578,34.33000183105469,34.400001525878906,3240100,0.233,2017-10-23,43,2017,23,Monday,0.4742,0.38075608990533555
31.23479461669922,34.61000061035156,34.65999984741211,34.43000030517578,34.470001220703125,4575800,0.669,2017-10-24,43,2017,24,Tuesday,0.4742,0.38075608990533555
31.243820190429688,34.619998931884766,34.790000915527344,34.45000076293945,34.75,4744200,0.029,2017-10-25,43,2017,25,Wednesday,0.4742,0.38075608990533555
31.37919044494629,34.77000045776367,35.0099983215332,34.72999954223633,34.91999816894531,3354200,0.433,2017-10-26,43,2017,26,Thursday,0.4742,0.38075608990533555
31.69505500793457,35.119998931884766,35.119998931884766,34.560001373291016,34.70000076293945,6390800,1.007,2017-10-27,43,2017,27,Friday,0.4742,0.38075608990533555
31.61383628845215,35.029998779296875,35.119998931884766,34.70000076293945,34.70000076293945,2321000,-0.256,2017-10-30,44,2017,30,Monday,0.27880000000000005,0.5512292626484918
31.803356170654297,35.2400016784668,35.25,35.099998474121094,35.15999984741211,2587200,0.599,2017-10-31,44,2017,31,Tuesday,0.27880000000000005,0.5512292626484918
32.13727569580078,35.61000061035156,35.720001220703125,35.540000915527344,35.56999969482422,2592500,1.05,2017-11-01,44,2017,1,Wednesday,0.27880000000000005,0.5512292626484918
32.20044708251953,35.68000030517578,35.709999084472656,35.59000015258789,35.61000061035156,2012900,0.197,2017-11-02,44,2017,2,Thursday,0.27880000000000005,0.5512292626484918
32.13727569580078,35.61000061035156,35.689998626708984,35.41999816894531,35.689998626708984,2280100,-0.196,2017-11-03,44,2017,3,Friday,0.27880000000000005,0.5512292626484918
32.29972457885742,35.790000915527344,35.79999923706055,35.720001220703125,35.7599983215332,2415900,0.505,2017-11-06,45,2017,6,Monday,-0.5227999999999999,1.1242838609532737
31.55968475341797,34.970001220703125,35.22999954223633,34.939998626708984,35.22999954223633,3961900,-2.291,2017-11-07,45,2017,7,Tuesday,-0.5227999999999999,1.1242838609532737
31.667980194091797,35.09000015258789,35.09000015258789,34.93000030517578,35.0099983215332,2508000,0.343,2017-11-08,45,2017,8,Wednesday,-0.5227999999999999,1.1242838609532737
31.406269073486328,34.79999923706055,34.97999954223633,34.70000076293945,34.849998474121094,3770500,-0.826,2017-11-09,45,2017,9,Thursday,-0.5227999999999999,1.1242838609532737
31.29796600341797,34.68000030517578,34.7599983215332,34.529998779296875,34.75,2624200,-0.345,2017-11-10,45,2017,10,Friday,-0.5227999999999999,1.1242838609532737
30.90087890625,34.2400016784668,34.290000915527344,34.150001525878906,34.16999816894531,2537500,-1.269,2017-11-13,46,2017,13,Monday,0.10520000000000004,1.3589892199719613
30.756481170654297,34.08000183105469,34.20000076293945,34.04999923706055,34.189998626708984,2465800,-0.467,2017-11-14,46,2017,14,Tuesday,0.10520000000000004,1.3589892199719613
30.53086280822754,33.83000183105469,33.91999816894531,33.77000045776367,33.79999923706055,2931600,-0.734,2017-11-15,46,2017,15,Wednesday,0.10520000000000004,1.3589892199719613
31.1535701751709,34.52000045776367,34.58000183105469,34.279998779296875,34.279998779296875,3689400,2.04,2017-11-16,46,2017,16,Thursday,0.10520000000000004,1.3589892199719613
31.451391220092773,34.849998474121094,34.88999938964844,34.72999954223633,34.7400016784668,3709800,0.956,2017-11-17,46,2017,17,Friday,0.10520000000000004,1.3589892199719613
31.42431640625,34.81999969482422,34.869998931884766,34.66999816894531,34.7599983215332,2165900,-0.086,2017-11-20,47,2017,20,Monday,0.40800000000000003,0.6552943359030861
31.722135543823242,35.150001525878906,35.2400016784668,35.0,35.0099983215332,2841200,0.948,2017-11-21,47,2017,21,Tuesday,0.40800000000000003,0.6552943359030861
31.649934768676758,35.06999969482422,35.18000030517578,35.029998779296875,35.150001525878906,1801900,-0.228,2017-11-22,47,2017,22,Wednesday,0.40800000000000003,0.6552943359030861
31.96579933166504,35.41999816894531,35.470001220703125,35.36000061035156,35.380001068115234,1399700,0.998,2017-11-24,47,2017,24,Friday,0.40800000000000003,0.6552943359030861
31.83043098449707,35.27000045776367,35.59000015258789,35.27000045776367,35.47999954223633,2260700,-0.423,2017-11-27,48,2017,27,Monday,-0.673,0.7801592786091824
31.992877960205078,35.45000076293945,35.5099983215332,35.349998474121094,35.470001220703125,2681700,0.51,2017-11-28,48,2017,28,Tuesday,-0.673,0.7801592786091824
31.64090919494629,35.060001373291016,35.33000183105469,35.060001373291016,35.29999923706055,5167300,-1.1,2017-11-29,48,2017,29,Wednesday,-0.673,0.7801592786091824
31.388214111328125,34.779998779296875,34.90999984741211,34.75,34.849998474121094,5488300,-0.799,2017-11-30,48,2017,30,Thursday,-0.673,0.7801592786091824
30.90087890625,34.2400016784668,34.4900016784668,34.220001220703125,34.45000076293945,6277300,-1.553,2017-12-01,48,2017,1,Friday,-0.673,0.7801592786091824
31.009174346923828,34.36000061035156,34.689998626708984,34.310001373291016,34.54999923706055,3070900,0.35,2017-12-04,49,2017,4,Monday,0.5418000000000001,1.0537422360330824
31.08136749267578,34.439998626708984,34.61000061035156,34.38999938964844,34.470001220703125,1803100,0.233,2017-12-05,49,2017,5,Tuesday,0.5418000000000001,1.0537422360330824
30.792573928833008,34.119998931884766,34.310001373291016,34.029998779296875,34.119998931884766,2747300,-0.929,2017-12-06,49,2017,6,Wednesday,0.5418000000000001,1.0537422360330824
31.36114501953125,34.75,34.7599983215332,34.439998626708984,34.5,3357000,1.846,2017-12-07,49,2017,7,Thursday,0.5418000000000001,1.0537422360330824
31.740182876586914,35.16999816894531,35.16999816894531,35.0099983215332,35.16999816894531,2138700,1.209,2017-12-08,49,2017,8,Friday,0.5418000000000001,1.0537422360330824
31.91165542602539,35.36000061035156,35.38999938964844,35.220001220703125,35.22999954223633,1657900,0.54,2017-12-11,50,2017,11,Monday,0.1668,0.7890368812672827
31.514564514160156,34.91999816894531,35.0,34.79999923706055,34.91999816894531,2293600,-1.244,2017-12-12,50,2017,12,Tuesday,0.1668,0.7890368812672827
31.68602752685547,35.11000061035156,35.220001220703125,34.900001525878906,34.959999084472656,2500200,0.544,2017-12-13,50,2017,13,Wednesday,0.1668,0.7890368812672827
31.839454650878906,35.279998779296875,35.560001373291016,35.22999954223633,35.38999938964844,3828800,0.484,2017-12-14,50,2017,14,Thursday,0.1668,0.7890368812672827
32.00190353393555,35.459999084472656,35.709999084472656,35.459999084472656,35.529998779296875,5153800,0.51,2017-12-15,50,2017,15,Friday,0.1668,0.7890368812672827
32.18239212036133,35.65999984741211,35.709999084472656,35.59000015258789,35.619998931884766,2901400,0.564,2017-12-18,51,2017,18,Monday,0.3766,0.4615878031317552
32.271507263183594,35.4900016784668,35.709999084472656,35.45000076293945,35.709999084472656,2370100,0.277,2017-12-19,51,2017,19,Tuesday,0.3766,0.4615878031317552
32.3988151550293,35.630001068115234,35.70000076293945,35.54999923706055,35.70000076293945,2859300,0.394,2017-12-20,51,2017,20,Wednesday,0.3766,0.4615878031317552
32.298789978027344,35.52000045776367,35.72999954223633,35.52000045776367,35.689998626708984,2120100,-0.309,2017-12-21,51,2017,21,Thursday,0.3766,0.4615878031317552
32.60795974731445,35.86000061035156,35.88999938964844,35.709999084472656,35.77000045776367,2244700,0.957,2017-12-22,51,2017,22,Friday,0.3766,0.4615878031317552
32.726165771484375,35.9900016784668,36.0099983215332,35.869998931884766,35.869998931884766,1563600,0.363,2017-12-26,52,2017,26,Tuesday,0.14825,0.7335236306123114
32.57158660888672,35.81999969482422,35.84000015258789,35.7400016784668,35.83000183105469,1711300,-0.472,2017-12-27,52,2017,27,Wednesday,0.14825,0.7335236306123114
32.44428253173828,35.68000030517578,35.81999969482422,35.65999984741211,35.810001373291016,2548600,-0.391,2017-12-28,52,2017,28,Thursday,0.14825,0.7335236306123114
32.79890441894531,36.06999969482422,36.22999954223633,36.0099983215332,36.13999938964844,4030300,1.093,2017-12-29,52,2017,29,Friday,0.14825,0.7335236306123114
32.86256408691406,36.13999938964844,36.150001525878906,35.9900016784668,36.060001373291016,2743900,0.194,2018-01-02,00,2018,2,Tuesday,0.65375,0.6523191320205165
32.98077392578125,36.27000045776367,36.27000045776367,36.099998474121094,36.099998474121094,2458700,0.36,2018-01-03,00,2018,3,Wednesday,0.65375,0.6523191320205165
33.12626266479492,36.43000030517578,36.459999084472656,36.29999923706055,36.369998931884766,4126700,0.441,2018-01-04,00,2018,4,Thursday,0.65375,0.6523191320205165
33.66276168823242,37.02000045776367,37.02000045776367,36.68000030517578,36.70000076293945,4364200,1.62,2018-01-05,00,2018,5,Friday,0.65375,0.6523191320205165
33.63547897338867,36.9900016784668,37.0099983215332,36.86000061035156,36.93000030517578,2272800,-0.081,2018-01-08,01,2018,8,Monday,0.06080000000000001,0.5792112740615466
33.517269134521484,36.86000061035156,36.93000030517578,36.709999084472656,36.849998474121094,2795600,-0.351,2018-01-09,01,2018,9,Tuesday,0.06080000000000001,0.5792112740615466
33.37178039550781,36.70000076293945,36.7400016784668,36.599998474121094,36.72999954223633,3429000,-0.434,2018-01-10,01,2018,10,Wednesday,0.06080000000000001,0.5792112740615466
33.708229064941406,37.06999969482422,37.06999969482422,36.84000015258789,36.86000061035156,2553900,1.008,2018-01-11,01,2018,11,Thursday,0.06080000000000001,0.5792112740615466
33.76278305053711,37.130001068115234,37.15999984741211,36.91999816894531,37.0099983215332,3608400,0.162,2018-01-12,01,2018,12,Friday,0.06080000000000001,0.5792112740615466
33.21718978881836,36.529998779296875,36.880001068115234,36.529998779296875,36.779998779296875,3772600,-1.616,2018-01-16,02,2018,16,Tuesday,0.21625,1.9920920954279868
34.02648162841797,37.41999816894531,37.459999084472656,37.13999938964844,37.13999938964844,4664200,2.436,2018-01-17,02,2018,17,Wednesday,0.21625,1.9920920954279868
33.58091735839844,36.93000030517578,37.130001068115234,36.93000030517578,37.099998474121094,3591000,-1.309,2018-01-18,02,2018,18,Thursday,0.21625,1.9920920954279868
34.035579681396484,37.43000030517578,37.459999084472656,37.2400016784668,37.29999923706055,3146900,1.354,2018-01-19,02,2018,19,Friday,0.21625,1.9920920954279868
34.281089782714844,37.70000076293945,37.79999923706055,37.4900016784668,37.560001373291016,3864500,0.721,2018-01-22,03,2018,22,Monday,0.33140000000000003,0.7309276982027703
34.60844802856445,38.060001373291016,38.06999969482422,37.869998931884766,37.90999984741211,4110600,0.955,2018-01-23,03,2018,23,Tuesday,0.33140000000000003,0.7309276982027703
34.526607513427734,37.970001220703125,38.209999084472656,37.939998626708984,38.08000183105469,4492300,-0.236,2018-01-24,03,2018,24,Wednesday,0.33140000000000003,0.7309276982027703
34.29928207397461,37.720001220703125,38.04999923706055,37.70000076293945,37.86000061035156,5666600,-0.658,2018-01-25,03,2018,25,Thursday,0.33140000000000003,0.7309276982027703
34.5993537902832,38.04999923706055,38.04999923706055,37.81999969482422,37.90999984741211,3724700,0.875,2018-01-26,03,2018,26,Friday,0.33140000000000003,0.7309276982027703
34.35383224487305,37.779998779296875,37.939998626708984,37.75,37.90999984741211,4445900,-0.71,2018-01-29,04,2018,29,Monday,-1.4376,1.32802270311919
33.8264274597168,37.20000076293945,37.52000045776367,37.20000076293945,37.52000045776367,5680500,-1.535,2018-01-30,04,2018,30,Tuesday,-1.4376,1.32802270311919
33.87190246582031,37.25,37.54999923706055,37.13999938964844,37.5099983215332,4065800,0.134,2018-01-31,04,2018,31,Wednesday,-1.4376,1.32802270311919
33.31721878051758,36.63999938964844,37.029998779296875,36.59000015258789,37.0,4606900,-1.638,2018-02-01,04,2018,1,Thursday,-1.4376,1.32802270311919
32.17149353027344,35.380001068115234,36.02000045776367,35.349998474121094,36.0099983215332,7286200,-3.439,2018-02-02,04,2018,2,Friday,-1.4376,1.32802270311919
31.36219596862793,34.4900016784668,35.779998779296875,34.45000076293945,35.720001220703125,8736600,-2.516,2018-02-05,05,2018,5,Monday,0.02959999999999994,3.2245673818358953
32.60795974731445,35.86000061035156,35.939998626708984,34.599998474121094,34.61000061035156,8944600,3.972,2018-02-06,05,2018,6,Tuesday,0.02959999999999994,3.2245673818358953
31.771385192871094,34.939998626708984,35.790000915527344,34.939998626708984,35.47999954223633,5645800,-2.566,2018-02-07,05,2018,7,Wednesday,0.02959999999999994,3.2245673818358953
31.18942642211914,34.29999923706055,35.810001373291016,34.290000915527344,35.709999084472656,7029400,-1.832,2018-02-08,05,2018,8,Thursday,0.02959999999999994,3.2245673818358953
32.15330505371094,35.36000061035156,35.45000076293945,34.439998626708984,35.02000045776367,8070400,3.09,2018-02-09,05,2018,9,Friday,0.02959999999999994,3.2245673818358953
32.31697463989258,35.540000915527344,35.72999954223633,35.27000045776367,35.400001525878906,4057100,0.509,2018-02-12,06,2018,12,Monday,-0.0742,1.113028615984333
32.298789978027344,35.52000045776367,35.58000183105469,35.31999969482422,35.4900016784668,2864100,-0.056,2018-02-13,06,2018,13,Tuesday,-0.0742,1.113028615984333
32.46246337890625,35.70000076293945,35.720001220703125,35.13999938964844,35.220001220703125,2590600,0.507,2018-02-14,06,2018,14,Wednesday,-0.0742,1.113028615984333
32.68070602416992,35.939998626708984,35.9900016784668,35.59000015258789,35.939998626708984,2981600,0.672,2018-02-15,06,2018,15,Thursday,-0.0742,1.113028615984333
32.02599334716797,35.220001220703125,35.40999984741211,34.939998626708984,35.0,3410100,-2.003,2018-02-16,06,2018,16,Friday,-0.0742,1.113028615984333
31.63498878479004,34.790000915527344,34.88999938964844,34.630001068115234,34.77000045776367,4224000,-1.221,2018-02-20,07,2018,20,Tuesday,0.10224999999999995,1.654665600657728
31.498592376708984,34.63999938964844,35.20000076293945,34.560001373291016,35.0099983215332,3335000,-0.431,2018-02-21,07,2018,21,Wednesday,0.10224999999999995,1.654665600657728
31.353105545043945,34.47999954223633,34.779998779296875,34.459999084472656,34.630001068115234,2925200,-0.462,2018-02-22,07,2018,22,Thursday,0.10224999999999995,1.654665600657728
32.14421081542969,35.349998474121094,35.349998474121094,35.0099983215332,35.08000183105469,5498800,2.523,2018-02-23,07,2018,23,Friday,0.10224999999999995,1.654665600657728
32.36244201660156,35.59000015258789,35.599998474121094,35.25,35.279998779296875,3200000,0.679,2018-02-26,08,2018,26,Monday,-0.5025999999999999,1.2524624944484366
31.653173446655273,34.810001373291016,35.290000915527344,34.77000045776367,35.290000915527344,3457100,-2.192,2018-02-27,08,2018,27,Tuesday,-0.5025999999999999,1.2524624944484366
31.207618713378906,34.31999969482422,35.040000915527344,34.31999969482422,34.900001525878906,7533700,-1.408,2018-02-28,08,2018,28,Wednesday,-0.5025999999999999,1.2524624944484366
31.171241760253906,34.279998779296875,34.7599983215332,34.189998626708984,34.58000183105469,5037500,-0.117,2018-03-01,08,2018,1,Thursday,-0.5025999999999999,1.2524624944484366
31.33491325378418,34.459999084472656,34.470001220703125,33.88999938964844,34.02000045776367,5614200,0.525,2018-03-02,08,2018,2,Friday,-0.5025999999999999,1.2524624944484366
31.371292114257812,34.5,34.560001373291016,34.16999816894531,34.29999923706055,3937100,0.116,2018-03-05,09,2018,5,Monday,0.027200000000000023,0.9688569037788811
30.943912506103516,34.029998779296875,34.279998779296875,34.0099983215332,34.27000045776367,3515000,-1.362,2018-03-06,09,2018,6,Tuesday,0.027200000000000023,0.9688569037788811
30.871170043945312,33.95000076293945,34.0,33.720001220703125,33.79999923706055,3178200,-0.235,2018-03-07,09,2018,7,Wednesday,0.027200000000000023,0.9688569037788811
30.962099075317383,34.04999923706055,34.13999938964844,33.849998474121094,34.02000045776367,2557600,0.295,2018-03-08,09,2018,8,Thursday,0.027200000000000023,0.9688569037788811
31.371292114257812,34.5,34.540000915527344,34.029998779296875,34.04999923706055,3644200,1.322,2018-03-09,09,2018,9,Friday,0.027200000000000023,0.9688569037788811
31.63498878479004,34.790000915527344,34.83000183105469,34.619998931884766,34.72999954223633,2940700,0.841,2018-03-12,10,2018,12,Monday,-0.3356,0.8290360667666998
31.58952522277832,34.7400016784668,35.060001373291016,34.66999816894531,34.9900016784668,2832300,-0.144,2018-03-13,10,2018,13,Tuesday,-0.3356,0.8290360667666998
31.55315589904785,34.70000076293945,35.0099983215332,34.630001068115234,34.88999938964844,2573000,-0.115,2018-03-14,10,2018,14,Wednesday,-0.3356,0.8290360667666998
31.225801467895508,34.34000015258789,34.630001068115234,34.31999969482422,34.630001068115234,2636000,-1.037,2018-03-15,10,2018,15,Thursday,-0.3356,0.8290360667666998
30.84388542175293,33.91999816894531,34.2599983215332,33.91999816894531,34.20000076293945,3552700,-1.223,2018-03-16,10,2018,16,Friday,-0.3356,0.8290360667666998
30.343767166137695,33.369998931884766,33.689998626708984,33.27000045776367,33.56999969482422,3368900,-1.621,2018-03-19,11,2018,19,Monday,-0.5558,1.6240854965179634
30.671119689941406,33.72999954223633,33.849998474121094,33.68000030517578,33.72999954223633,4015800,1.079,2018-03-20,11,2018,20,Tuesday,-0.5558,1.6240854965179634
31.03484344482422,34.130001068115234,34.189998626708984,33.810001373291016,33.83000183105469,2961600,1.186,2018-03-21,11,2018,21,Wednesday,-0.5558,1.6240854965179634
30.280115127563477,33.29999923706055,33.720001220703125,33.290000915527344,33.689998626708984,6787500,-2.432,2018-03-22,11,2018,22,Thursday,-0.5558,1.6240854965179634
29.98004150390625,32.970001220703125,33.599998474121094,32.970001220703125,33.439998626708984,5331100,-0.991,2018-03-23,11,2018,23,Friday,-0.5558,1.6240854965179634
30.953006744384766,34.040000915527344,34.040000915527344,33.689998626708984,33.88999938964844,4251900,3.245,2018-03-26,12,2018,26,Monday,0.881,1.8560766866341127
30.652935028076172,33.709999084472656,34.130001068115234,33.66999816894531,33.970001220703125,4201700,-0.969,2018-03-27,12,2018,27,Tuesday,0.881,1.8560766866341127
30.607467651367188,33.65999984741211,33.779998779296875,33.40999984741211,33.599998474121094,3444700,-0.148,2018-03-28,12,2018,28,Wednesday,0.881,1.8560766866341127
31.03484344482422,34.130001068115234,34.15999984741211,33.63999938964844,33.689998626708984,3859600,1.396,2018-03-29,12,2018,29,Thursday,0.881,1.8560766866341127
30.752954483032227,33.81999969482422,34.2400016784668,33.65999984741211,34.119998931884766,4058400,-0.908,2018-04-02,13,2018,2,Monday,0.06459999999999999,1.2315337185802102
31.28944969177246,34.40999984741211,34.41999816894531,34.099998474121094,34.22999954223633,4324300,1.745,2018-04-03,13,2018,3,Tuesday,0.06459999999999999,1.2315337185802102
31.207618713378906,34.31999969482422,34.380001068115234,33.709999084472656,33.75,3090200,-0.262,2018-04-04,13,2018,4,Wednesday,0.06459999999999999,1.2315337185802102
31.489498138427734,34.630001068115234,34.83000183105469,34.560001373291016,34.56999969482422,3314100,0.903,2018-04-05,13,2018,5,Thursday,0.06459999999999999,1.2315337185802102
31.125776290893555,34.22999954223633,34.77000045776367,34.16999816894531,34.630001068115234,3537400,-1.155,2018-04-06,13,2018,6,Friday,0.06459999999999999,1.2315337185802102
31.41675567626953,34.54999923706055,34.779998779296875,34.459999084472656,34.630001068115234,2353000,0.935,2018-04-09,14,2018,9,Monday,0.2692,0.6857723383164416
31.67136573791504,34.83000183105469,34.849998474121094,34.59000015258789,34.689998626708984,3328100,0.81,2018-04-10,14,2018,10,Tuesday,0.2692,0.6857723383164416
31.616804122924805,34.77000045776367,34.81999969482422,34.52000045776367,34.61000061035156,4692900,-0.172,2018-04-11,14,2018,11,Wednesday,0.2692,0.6857723383164416
31.762290954589844,34.93000030517578,34.9900016784668,34.779998779296875,34.880001068115234,1733300,0.46,2018-04-12,14,2018,12,Thursday,0.2692,0.6857723383164416
31.544057846069336,34.689998626708984,34.9900016784668,34.650001525878906,34.959999084472656,2133400,-0.687,2018-04-13,14,2018,13,Friday,0.2692,0.6857723383164416
31.707738876342773,34.869998931884766,34.959999084472656,34.79999923706055,34.869998931884766,2854300,0.519,2018-04-16,15,2018,16,Monday,-0.1316,0.59647363730512
31.744104385375977,34.90999984741211,35.04999923706055,34.79999923706055,34.79999923706055,2596100,0.115,2018-04-17,15,2018,17,Tuesday,-0.1316,0.59647363730512
31.744104385375977,34.90999984741211,35.02000045776367,34.83000183105469,34.88999938964844,2034200,0.0,2018-04-18,15,2018,18,Wednesday,-0.1316,0.59647363730512
31.39856719970703,34.529998779296875,34.84000015258789,34.470001220703125,34.84000015258789,2576200,-1.089,2018-04-19,15,2018,19,Thursday,-0.1316,0.59647363730512
31.33491325378418,34.459999084472656,34.65999984741211,34.349998474121094,34.65999984741211,3010600,-0.203,2018-04-20,15,2018,20,Friday,-0.1316,0.59647363730512
31.28944969177246,34.40999984741211,34.68000030517578,34.33000183105469,34.650001525878906,3755400,-0.145,2018-04-23,16,2018,23,Monday,0.285,0.7533209807246841
31.234893798828125,34.349998474121094,34.7599983215332,34.33000183105469,34.619998931884766,6409600,-0.174,2018-04-24,16,2018,24,Tuesday,0.285,0.7533209807246841
31.098499298095703,34.20000076293945,34.29999923706055,34.099998474121094,34.2599983215332,3045900,-0.437,2018-04-25,16,2018,25,Wednesday,0.285,0.7533209807246841
31.489498138427734,34.630001068115234,34.650001525878906,34.40999984741211,34.40999984741211,2731300,1.257,2018-04-26,16,2018,26,Thursday,0.285,0.7533209807246841
31.780479431152344,34.95000076293945,35.0099983215332,34.83000183105469,34.900001525878906,2547600,0.924,2018-04-27,16,2018,27,Friday,0.285,0.7533209807246841
31.780479431152344,34.95000076293945,35.119998931884766,34.880001068115234,35.029998779296875,4513200,0.0,2018-04-30,17,2018,30,Monday,-0.409,0.39186285866358916
31.68045425415039,34.84000015258789,34.900001525878906,34.470001220703125,34.900001525878906,2240500,-0.315,2018-05-01,17,2018,1,Tuesday,-0.409,0.39186285866358916
31.344011306762695,34.470001220703125,34.77000045776367,34.470001220703125,34.75,3578300,-1.062,2018-05-02,17,2018,2,Wednesday,-0.409,0.39186285866358916
31.243986129760742,34.36000061035156,34.540000915527344,34.15999984741211,34.5,3697000,-0.319,2018-05-03,17,2018,3,Thursday,-0.409,0.39186285866358916
31.134870529174805,34.2400016784668,34.380001068115234,34.02000045776367,34.11000061035156,1992800,-0.349,2018-05-04,17,2018,4,Friday,-0.409,0.39186285866358916
31.143962860107422,34.25,34.380001068115234,34.15999984741211,34.220001220703125,1689600,0.029,2018-05-07,18,2018,7,Monday,-0.0462,0.38997589669106475
31.043933868408203,34.13999938964844,34.27000045776367,34.040000915527344,34.2400016784668,2398200,-0.321,2018-05-08,18,2018,8,Tuesday,-0.0462,0.38997589669106475
31.107585906982422,34.209999084472656,34.25,34.029998779296875,34.18000030517578,2242600,0.205,2018-05-09,18,2018,9,Wednesday,-0.0462,0.38997589669106475
31.234893798828125,34.349998474121094,34.41999816894531,34.11000061035156,34.11000061035156,4438900,0.409,2018-05-10,18,2018,10,Thursday,-0.0462,0.38997589669106475
31.06212043762207,34.15999984741211,34.36000061035156,34.099998474121094,34.27000045776367,1815500,-0.553,2018-05-11,18,2018,11,Friday,-0.0462,0.38997589669106475
30.82570457458496,33.900001525878906,34.13999938964844,33.88999938964844,34.08000183105469,2367300,-0.761,2018-05-14,19,2018,14,Monday,-0.7253999999999999,1.1429170136103495
30.36195182800293,33.38999938964844,33.58000183105469,33.34000015258789,33.43000030517578,4604800,-1.504,2018-05-15,19,2018,15,Tuesday,-0.7253999999999999,1.1429170136103495
30.743867874145508,33.810001373291016,33.849998474121094,33.63999938964844,33.63999938964844,3783200,1.258,2018-05-16,19,2018,16,Wednesday,-0.7253999999999999,1.1429170136103495
30.343767166137695,33.369998931884766,33.58000183105469,33.33000183105469,33.4900016784668,3582900,-1.301,2018-05-17,19,2018,17,Thursday,-0.7253999999999999,1.1429170136103495
29.943666458129883,32.93000030517578,33.0,32.83000183105469,32.9900016784668,4130200,-1.319,2018-05-18,19,2018,18,Friday,-0.7253999999999999,1.1429170136103495
29.761802673339844,32.72999954223633,32.79999923706055,32.66999816894531,32.77000045776367,3239200,-0.607,2018-05-21,20,2018,21,Monday,0.312,0.9966827479193165
29.88911247253418,32.869998931884766,32.97999954223633,32.81999969482422,32.86000061035156,2543100,0.428,2018-05-22,20,2018,22,Tuesday,0.312,0.9966827479193165
29.689064025878906,32.650001525878906,32.689998626708984,32.380001068115234,32.5,2933100,-0.669,2018-05-23,20,2018,23,Wednesday,0.312,0.9966827479193165
29.88911247253418,32.869998931884766,32.880001068115234,32.56999969482422,32.709999084472656,3046700,0.674,2018-05-24,20,2018,24,Thursday,0.312,0.9966827479193165
30.40741539001465,33.439998626708984,33.459999084472656,33.25,33.2599983215332,6082100,1.734,2018-05-25,20,2018,25,Friday,0.312,0.9966827479193165
30.13462257385254,33.13999938964844,33.47999954223633,33.029998779296875,33.40999984741211,7135800,-0.897,2018-05-29,21,2018,29,Tuesday,0.27925,1.029720471778628
30.607467651367188,33.65999984741211,33.68000030517578,33.27000045776367,33.27000045776367,7082800,1.569,2018-05-30,21,2018,30,Wednesday,0.27925,1.029720471778628
30.59837532043457,33.650001525878906,33.7400016784668,33.45000076293945,33.560001373291016,7122600,-0.03,2018-05-31,21,2018,31,Thursday,0.27925,1.029720471778628
30.743867874145508,33.810001373291016,33.810001373291016,33.599998474121094,33.689998626708984,4453000,0.475,2018-06-01,21,2018,1,Friday,0.27925,1.029720471778628
30.325576782226562,33.349998474121094,33.56999969482422,33.34000015258789,33.5099983215332,4870200,-1.361,2018-06-04,22,2018,4,Monday,0.03419999999999999,1.6359882945791513
30.325576782226562,33.349998474121094,33.5,33.22999954223633,33.2599983215332,3873100,0.0,2018-06-05,22,2018,5,Tuesday,0.03419999999999999,1.6359882945791513
31.03484344482422,34.130001068115234,34.13999938964844,33.7599983215332,33.779998779296875,5696500,2.339,2018-06-06,22,2018,6,Wednesday,0.03419999999999999,1.6359882945791513
30.5256290435791,33.56999969482422,34.099998474121094,33.54999923706055,34.06999969482422,6670100,-1.641,2018-06-07,22,2018,7,Thursday,0.03419999999999999,1.6359882945791513
30.780235290527344,33.849998474121094,33.93000030517578,33.75,33.77000045776367,5370500,0.834,2018-06-08,22,2018,8,Friday,0.03419999999999999,1.6359882945791513
30.834794998168945,33.90999984741211,34.0099983215332,33.88999938964844,33.91999816894531,1970800,0.177,2018-06-11,23,2018,11,Monday,-0.0706,0.37049466932737374
30.971195220947266,34.060001373291016,34.16999816894531,33.959999084472656,34.11000061035156,3829400,0.442,2018-06-12,23,2018,12,Tuesday,-0.0706,0.37049466932737374
30.84388542175293,33.91999816894531,34.220001220703125,33.83000183105469,34.06999969482422,3140700,-0.411,2018-06-13,23,2018,13,Wednesday,-0.0706,0.37049466932737374
30.725677490234375,33.790000915527344,34.099998474121094,33.7599983215332,34.04999923706055,3759800,-0.383,2018-06-14,23,2018,14,Thursday,-0.0706,0.37049466932737374
30.671119689941406,33.72999954223633,33.7599983215332,33.540000915527344,33.650001525878906,2949700,-0.178,2018-06-15,23,2018,15,Friday,-0.0706,0.37049466932737374
30.48016357421875,33.52000045776367,33.709999084472656,33.45000076293945,33.59000015258789,4395500,-0.623,2018-06-18,24,2018,18,Monday,0.05339999999999998,0.7844063360274444
30.394575119018555,33.380001068115234,33.439998626708984,33.099998474121094,33.18000030517578,5078900,-0.281,2018-06-19,24,2018,19,Tuesday,0.05339999999999998,0.7844063360274444
30.567581176757812,33.56999969482422,33.630001068115234,33.47999954223633,33.47999954223633,4395100,0.569,2018-06-20,24,2018,20,Wednesday,0.05339999999999998,0.7844063360274444
30.394575119018555,33.380001068115234,33.619998931884766,33.380001068115234,33.619998931884766,2803000,-0.566,2018-06-21,24,2018,21,Thursday,0.05339999999999998,0.7844063360274444
30.749691009521484,33.77000045776367,33.95000076293945,33.709999084472656,33.79999923706055,2480300,1.168,2018-06-22,24,2018,22,Friday,0.05339999999999998,0.7844063360274444
30.349044799804688,33.33000183105469,33.540000915527344,33.15999984741211,33.369998931884766,5952900,-1.303,2018-06-25,25,2018,25,Monday,-0.2758,1.5874828188046635
30.3126220703125,33.290000915527344,33.5,33.27000045776367,33.349998474121094,2970000,-0.12,2018-06-26,25,2018,26,Tuesday,-0.2758,1.5874828188046635
29.72075653076172,32.63999938964844,33.38999938964844,32.619998931884766,33.0,5010900,-1.953,2018-06-27,25,2018,27,Wednesday,-0.2758,1.5874828188046635
29.657014846801758,32.56999969482422,32.58000183105469,32.29999923706055,32.38999938964844,6458500,-0.214,2018-06-28,25,2018,28,Thursday,-0.2758,1.5874828188046635
30.3126220703125,33.290000915527344,33.290000915527344,32.970001220703125,33.04999923706055,5139400,2.211,2018-06-29,25,2018,29,Friday,-0.2758,1.5874828188046635
30.06676483154297,33.02000045776367,33.060001373291016,32.81999969482422,32.869998931884766,3772700,-0.811,2018-07-02,26,2018,2,Monday,0.03474999999999995,1.1132044960383516
30.212459564208984,33.18000030517578,33.31999969482422,33.11000061035156,33.20000076293945,2209800,0.485,2018-07-03,26,2018,3,Tuesday,0.03474999999999995,1.1132044960383516
29.9301815032959,32.869998931884766,33.119998931884766,32.869998931884766,33.040000915527344,4041900,-0.934,2018-07-05,26,2018,5,Thursday,0.03474999999999995,1.1132044960383516
30.349044799804688,33.33000183105469,33.40999984741211,33.130001068115234,33.16999816894531,4160300,1.399,2018-07-06,26,2018,6,Friday,0.03474999999999995,1.1132044960383516
30.722373962402344,33.7400016784668,33.75,33.5,33.58000183105469,4063000,1.23,2018-07-09,27,2018,9,Monday,0.4614,0.9436558164924327
30.940906524658203,33.97999954223633,33.9900016784668,33.83000183105469,33.86000061035156,3595200,0.711,2018-07-10,27,2018,10,Tuesday,0.4614,0.9436558164924327
30.740585327148438,33.7599983215332,33.95000076293945,33.709999084472656,33.810001373291016,3413200,-0.647,2018-07-11,27,2018,11,Wednesday,0.4614,0.9436558164924327
31.177656173706055,34.2400016784668,34.279998779296875,34.029998779296875,34.15999984741211,4166500,1.422,2018-07-12,27,2018,12,Thursday,0.4614,0.9436558164924327
31.050172805786133,34.099998474121094,34.220001220703125,34.060001373291016,34.220001220703125,2234700,-0.409,2018-07-13,27,2018,13,Friday,0.4614,0.9436558164924327
30.740585327148438,33.7599983215332,33.81999969482422,33.650001525878906,33.79999923706055,2749800,-0.997,2018-07-16,28,2018,16,Monday,0.007399999999999985,1.3658692470364797
31.296031951904297,34.369998931884766,34.38999938964844,33.9900016784668,34.0099983215332,3641200,1.807,2018-07-17,28,2018,17,Tuesday,0.007399999999999985,1.3658692470364797
31.004648208618164,34.04999923706055,34.11000061035156,33.90999984741211,34.0,3086700,-0.931,2018-07-18,28,2018,18,Wednesday,0.007399999999999985,1.3658692470364797
30.695058822631836,33.709999084472656,33.849998474121094,33.560001373291016,33.689998626708984,3393100,-0.999,2018-07-19,28,2018,19,Thursday,0.007399999999999985,1.3658692470364797
31.050172805786133,34.099998474121094,34.119998931884766,33.900001525878906,33.90999984741211,3754200,1.157,2018-07-20,28,2018,20,Friday,0.007399999999999985,1.3658692470364797
31.086593627929688,34.13999938964844,34.2400016784668,34.09000015258789,34.22999954223633,2995800,0.117,2018-07-23,29,2018,23,Monday,0.621,0.55355758508036
31.459924697875977,34.54999923706055,34.630001068115234,34.45000076293945,34.5,2912500,1.201,2018-07-24,29,2018,24,Tuesday,0.621,0.55355758508036
31.696678161621094,34.810001373291016,34.810001373291016,34.4900016784668,34.5,4468000,0.753,2018-07-25,29,2018,25,Wednesday,0.621,0.55355758508036
31.68756866455078,34.79999923706055,34.84000015258789,34.630001068115234,34.70000076293945,5057500,-0.029,2018-07-26,29,2018,26,Thursday,0.621,0.55355758508036
32.02447509765625,35.16999816894531,35.2400016784668,34.9900016784668,34.9900016784668,5756900,1.063,2018-07-27,29,2018,27,Friday,0.621,0.55355758508036
32.17927932739258,35.34000015258789,35.380001068115234,35.209999084472656,35.27000045776367,4817200,0.483,2018-07-30,30,2018,30,Monday,0.33059999999999995,0.8432006285576404
32.443336486816406,35.630001068115234,35.650001525878906,35.369998931884766,35.38999938964844,5431300,0.821,2018-07-31,30,2018,31,Tuesday,0.33059999999999995,0.8432006285576404
32.443336486816406,35.630001068115234,35.650001525878906,35.52000045776367,35.630001068115234,5005000,0.0,2018-08-01,30,2018,1,Wednesday,0.33059999999999995,0.8432006285576404
32.142852783203125,35.29999923706055,35.38999938964844,35.06999969482422,35.20000076293945,3643000,-0.926,2018-08-02,30,2018,2,Thursday,0.33059999999999995,0.8432006285576404
32.5526008605957,35.75,35.7599983215332,35.40999984741211,35.40999984741211,2682900,1.275,2018-08-03,30,2018,3,Friday,0.33059999999999995,0.8432006285576404
32.37049102783203,35.54999923706055,35.720001220703125,35.5,35.630001068115234,2309400,-0.559,2018-08-06,31,2018,6,Monday,-0.2562,0.7896209217086386
32.37049102783203,35.54999923706055,35.72999954223633,35.54999923706055,35.72999954223633,3829300,0.0,2018-08-07,31,2018,7,Tuesday,-0.2562,0.7896209217086386
32.67097854614258,35.880001068115234,35.900001525878906,35.599998474121094,35.66999816894531,3283500,0.928,2018-08-08,31,2018,8,Wednesday,-0.2562,0.7896209217086386
32.525291442871094,35.720001220703125,35.880001068115234,35.720001220703125,35.81999969482422,2559700,-0.446,2018-08-09,31,2018,9,Thursday,-0.2562,0.7896209217086386
32.13373947143555,35.290000915527344,35.45000076293945,35.2400016784668,35.400001525878906,3746400,-1.204,2018-08-10,31,2018,10,Friday,-0.2562,0.7896209217086386
31.560091018676758,34.65999984741211,35.0,34.650001525878906,34.93000030517578,3150700,-1.785,2018-08-13,32,2018,13,Monday,0.05779999999999998,1.763635931818129
32.03358459472656,35.18000030517578,35.220001220703125,34.81999969482422,34.90999984741211,4690500,1.5,2018-08-14,32,2018,14,Tuesday,0.05779999999999998,1.763635931818129
31.41440200805664,34.5,34.63999938964844,34.209999084472656,34.47999954223633,6810600,-1.933,2018-08-15,32,2018,15,Wednesday,0.05779999999999998,1.763635931818129
31.723997116088867,34.84000015258789,34.959999084472656,34.709999084472656,34.7599983215332,3426200,0.986,2018-08-16,32,2018,16,Thursday,0.05779999999999998,1.763635931818129
32.20658493041992,35.369998931884766,35.400001525878906,34.97999954223633,35.11000061035156,5207900,1.521,2018-08-17,32,2018,17,Friday,0.05779999999999998,1.763635931818129
32.30674743652344,35.47999954223633,35.529998779296875,35.38999938964844,35.4900016784668,2542700,0.311,2018-08-20,33,2018,20,Monday,0.3128,0.9917508255605337
32.50707244873047,35.70000076293945,35.790000915527344,35.4900016784668,35.540000915527344,3574700,0.62,2018-08-21,33,2018,21,Tuesday,0.3128,0.9917508255605337
32.56170654296875,35.7599983215332,35.91999816894531,35.72999954223633,35.79999923706055,3870800,0.168,2018-08-22,33,2018,22,Wednesday,0.3128,0.9917508255605337
32.18837356567383,35.349998474121094,35.61000061035156,35.34000015258789,35.599998474121094,3303500,-1.147,2018-08-23,33,2018,23,Thursday,0.3128,0.9917508255605337
32.707401275634766,35.91999816894531,35.91999816894531,35.65999984741211,35.65999984741211,3522400,1.612,2018-08-24,33,2018,24,Friday,0.3128,0.9917508255605337
32.9077262878418,36.13999938964844,36.25,35.9900016784668,36.02000045776367,3928000,0.612,2018-08-27,34,2018,27,Monday,-0.1316,0.7778282586792538
32.77113723754883,35.9900016784668,36.20000076293945,35.95000076293945,36.16999816894531,3443600,-0.415,2018-08-28,34,2018,28,Tuesday,-0.1316,0.7778282586792538
32.65277099609375,35.86000061035156,35.869998931884766,35.709999084472656,35.77000045776367,2949500,-0.361,2018-08-29,34,2018,29,Wednesday,-0.1316,0.7778282586792538
32.270328521728516,35.439998626708984,35.529998779296875,35.279998779296875,35.529998779296875,4613800,-1.171,2018-08-30,34,2018,30,Thursday,-0.1316,0.7778282586792538
32.48886489868164,35.68000030517578,35.7400016784668,35.380001068115234,35.380001068115234,5297300,0.677,2018-08-31,34,2018,31,Friday,-0.1316,0.7778282586792538
31.57830238342285,34.68000030517578,34.720001220703125,34.5099983215332,34.720001220703125,5494200,-2.803,2018-09-04,35,2018,4,Tuesday,-0.76525,1.3829370617156325
31.550987243652344,34.650001525878906,34.70000076293945,34.34000015258789,34.459999084472656,7921700,-0.086,2018-09-05,35,2018,5,Wednesday,-0.76525,1.3829370617156325
31.62382698059082,34.72999954223633,34.75,34.380001068115234,34.5099983215332,9661500,0.231,2018-09-06,35,2018,6,Thursday,-0.76525,1.3829370617156325
31.496349334716797,34.59000015258789,34.880001068115234,34.560001373291016,34.720001220703125,5869300,-0.403,2018-09-07,35,2018,7,Friday,-0.76525,1.3829370617156325
30.940906524658203,33.97999954223633,34.22999954223633,33.939998626708984,34.13999938964844,7051200,-1.764,2018-09-10,36,2018,10,Monday,-0.004800000000000015,1.3164473783634498
30.777006149291992,33.79999923706055,33.810001373291016,33.470001220703125,33.56999969482422,4505400,-0.53,2018-09-11,36,2018,11,Tuesday,-0.004800000000000015,1.3164473783634498
31.24139404296875,34.310001373291016,34.400001525878906,33.90999984741211,34.11000061035156,8629600,1.509,2018-09-12,36,2018,12,Wednesday,-0.004800000000000015,1.3164473783634498
31.57830238342285,34.68000030517578,34.7400016784668,34.459999084472656,34.65999984741211,5613200,1.078,2018-09-13,36,2018,13,Thursday,-0.004800000000000015,1.3164473783634498
31.47813606262207,34.56999969482422,34.779998779296875,34.5099983215332,34.75,4931300,-0.317,2018-09-14,36,2018,14,Friday,-0.004800000000000015,1.3164473783634498
30.831640243530273,33.86000061035156,34.099998474121094,33.86000061035156,34.060001373291016,4310700,-2.054,2018-09-17,37,2018,17,Monday,-0.5975999999999999,1.6878614575847153
30.61310577392578,33.619998931884766,33.689998626708984,33.5099983215332,33.5099983215332,3013600,-0.709,2018-09-18,37,2018,18,Tuesday,-0.5975999999999999,1.6878614575847153
30.986434936523438,34.029998779296875,34.029998779296875,33.75,33.83000183105469,3276500,1.22,2018-09-19,37,2018,19,Wednesday,-0.5975999999999999,1.6878614575847153
31.296031951904297,34.369998931884766,34.439998626708984,34.11000061035156,34.11000061035156,4329100,0.999,2018-09-20,37,2018,20,Thursday,-0.5975999999999999,1.6878614575847153
30.53115463256836,33.529998779296875,33.58000183105469,33.209999084472656,33.400001525878906,6649500,-2.444,2018-09-21,37,2018,21,Friday,-0.5975999999999999,1.6878614575847153
29.702545166015625,32.619998931884766,32.779998779296875,32.540000915527344,32.689998626708984,7376300,-2.714,2018-09-24,38,2018,24,Monday,-0.6308,1.540751991723522
30.094085693359375,33.04999923706055,33.099998474121094,32.97999954223633,33.029998779296875,3265000,1.318,2018-09-25,38,2018,25,Tuesday,-0.6308,1.540751991723522
30.203351974487305,33.16999816894531,33.2599983215332,32.869998931884766,32.939998626708984,5554800,0.363,2018-09-26,38,2018,26,Wednesday,-0.6308,1.540751991723522
29.875547409057617,32.810001373291016,32.939998626708984,32.66999816894531,32.83000183105469,6419000,-1.085,2018-09-27,38,2018,27,Thursday,-0.6308,1.540751991723522
29.565959930419922,32.470001220703125,32.619998931884766,32.36000061035156,32.540000915527344,7476100,-1.036,2018-09-28,38,2018,28,Friday,-0.6308,1.540751991723522
29.520429611206055,32.41999816894531,32.75,32.369998931884766,32.689998626708984,4042900,-0.154,2018-10-01,39,2018,1,Monday,-1.7866,1.3541779055943868
29.365633010864258,32.25,32.33000183105469,32.150001525878906,32.220001220703125,4662400,-0.524,2018-10-02,39,2018,2,Tuesday,-1.7866,1.3541779055943868
28.637184143066406,31.450000762939453,31.989999771118164,31.40999984741211,31.989999771118164,6540700,-2.481,2018-10-03,39,2018,3,Wednesday,-1.7866,1.3541779055943868
27.726625442504883,30.450000762939453,31.0,30.440000534057617,30.950000762939453,12114800,-3.18,2018-10-04,39,2018,4,Thursday,-1.7866,1.3541779055943868
27.00727653503418,29.65999984741211,30.0,29.43000030517578,29.81999969482422,8523700,-2.594,2018-10-05,39,2018,5,Friday,-1.7866,1.3541779055943868
27.45345687866211,30.149999618530273,30.149999618530273,29.75,29.760000228881836,5539400,1.652,2018-10-08,40,2018,8,Monday,0.623,1.6116722681736506
27.089231491088867,29.75,29.93000030517578,29.579999923706055,29.709999084472656,4982300,-1.327,2018-10-09,40,2018,9,Tuesday,0.623,1.6116722681736506
26.998172760009766,29.649999618530273,30.200000762939453,29.600000381469727,30.1299991607666,6484800,-0.336,2018-10-10,40,2018,10,Wednesday,0.623,1.6116722681736506
27.09833526611328,29.760000228881836,29.989999771118164,29.479999542236328,29.799999237060547,9113000,0.371,2018-10-11,40,2018,11,Thursday,0.623,1.6116722681736506
27.844993591308594,30.579999923706055,30.700000762939453,30.309999465942383,30.469999313354492,8109500,2.755,2018-10-12,40,2018,12,Friday,0.623,1.6116722681736506
27.808576583862305,30.540000915527344,30.729999542236328,30.5,30.56999969482422,10749700,-0.131,2018-10-15,41,2018,15,Monday,-0.4476,2.3075012025999033
28.573444366455078,31.3799991607666,31.450000762939453,31.040000915527344,31.059999465942383,5078600,2.75,2018-10-16,41,2018,16,Tuesday,-0.4476,2.3075012025999033
27.6719913482666,30.389999389648438,30.559999465942383,30.290000915527344,30.399999618530273,5527700,-3.155,2018-10-17,41,2018,17,Wednesday,-0.4476,2.3075012025999033
27.080123901367188,29.739999771118164,30.260000228881836,29.670000076293945,30.260000228881836,6063200,-2.139,2018-10-18,41,2018,18,Thursday,-0.4476,2.3075012025999033
27.198501586914062,29.8700008392334,30.079999923706055,29.760000228881836,30.0,5797600,0.437,2018-10-19,41,2018,19,Friday,-0.4476,2.3075012025999033
26.85248374938965,29.489999771118164,29.760000228881836,29.459999084472656,29.68000030517578,3502800,-1.272,2018-10-22,42,2018,22,Monday,-0.34059999999999996,0.9010828485771993
26.96175193786621,29.610000610351562,29.790000915527344,29.18000030517578,29.280000686645508,7165400,0.407,2018-10-23,42,2018,23,Tuesday,-0.34059999999999996,0.9010828485771993
26.679475784301758,29.299999237060547,29.770000457763672,29.219999313354492,29.739999771118164,6221800,-1.047,2018-10-24,42,2018,24,Wednesday,-0.34059999999999996,0.9010828485771993
26.888904571533203,29.530000686645508,29.65999984741211,29.290000915527344,29.31999969482422,4307200,0.785,2018-10-25,42,2018,25,Thursday,-0.34059999999999996,0.9010828485771993
26.734111785888672,29.360000610351562,29.510000228881836,28.959999084472656,29.139999389648438,5726000,-0.576,2018-10-26,42,2018,26,Friday,-0.34059999999999996,0.9010828485771993
26.943540573120117,29.59000015258789,29.979999542236328,29.260000228881836,29.860000610351562,5766500,0.783,2018-10-29,43,2018,29,Monday,1.2718,0.8922441930323785
27.22581672668457,29.899999618530273,29.90999984741211,29.600000381469727,29.600000381469727,4870600,1.048,2018-10-30,43,2018,30,Tuesday,1.2718,0.8922441930323785
27.489877700805664,30.190000534057617,30.34000015258789,30.1299991607666,30.239999771118164,5896200,0.97,2018-10-31,43,2018,31,Wednesday,1.2718,0.8922441930323785
28.272960662841797,31.049999237060547,31.06999969482422,30.459999084472656,30.5,6108000,2.849,2018-11-01,43,2018,1,Thursday,1.2718,0.8922441930323785
28.473283767700195,31.270000457763672,31.489999771118164,30.950000762939453,31.309999465942383,8118100,0.709,2018-11-02,43,2018,2,Friday,1.2718,0.8922441930323785
28.71913719177246,31.540000915527344,31.559999465942383,31.25,31.270000457763672,7584800,0.863,2018-11-05,44,2018,5,Monday,0.032599999999999935,1.8481267002021262
28.46417999267578,31.260000228881836,31.329999923706055,31.170000076293945,31.329999923706055,4637300,-0.888,2018-11-06,44,2018,6,Tuesday,0.032599999999999935,1.8481267002021262
29.219947814941406,32.09000015258789,32.119998931884766,31.790000915527344,31.860000610351562,10842400,2.655,2018-11-07,44,2018,7,Wednesday,0.032599999999999935,1.8481267002021262
28.564342498779297,31.3700008392334,31.81999969482422,31.3700008392334,31.649999618530273,7784800,-2.244,2018-11-08,44,2018,8,Thursday,0.032599999999999935,1.8481267002021262
28.500600814819336,31.299999237060547,31.530000686645508,31.190000534057617,31.510000228881836,8479700,-0.223,2018-11-09,44,2018,9,Friday,0.032599999999999935,1.8481267002021262
28.05442237854004,30.809999465942383,31.040000915527344,30.739999771118164,31.010000228881836,5708100,-1.566,2018-11-12,45,2018,12,Monday,0.6414,1.6254674097009758
28.87392807006836,31.709999084472656,31.760000228881836,31.3799991607666,31.3799991607666,6259500,2.921,2018-11-13,45,2018,13,Tuesday,0.6414,1.6254674097009758
28.92856788635254,31.770000457763672,31.90999984741211,31.549999237060547,31.729999542236328,5645000,0.189,2018-11-14,45,2018,14,Wednesday,0.6414,1.6254674097009758
29.26547622680664,32.13999938964844,32.18000030517578,31.65999984741211,31.780000686645508,5828200,1.165,2018-11-15,45,2018,15,Thursday,0.6414,1.6254674097009758
29.411165237426758,32.29999923706055,32.439998626708984,31.959999084472656,32.060001373291016,4798800,0.498,2018-11-16,45,2018,16,Friday,0.6414,1.6254674097009758
29.50221824645996,32.400001525878906,32.54999923706055,32.31999969482422,32.439998626708984,3778200,0.31,2018-11-19,46,2018,19,Monday,-0.14875000000000002,1.2819421138777418
28.97409439086914,31.81999969482422,32.099998474121094,31.760000228881836,32.02000045776367,6617900,-1.79,2018-11-20,46,2018,20,Tuesday,-0.14875000000000002,1.2819421138777418
29.338319778442383,32.220001220703125,32.33000183105469,32.099998474121094,32.13999938964844,3750100,1.257,2018-11-21,46,2018,21,Wednesday,-0.14875000000000002,1.2819421138777418
29.22905158996582,32.099998474121094,32.2599983215332,32.08000183105469,32.130001068115234,2015500,-0.372,2018-11-23,46,2018,23,Friday,-0.14875000000000002,1.2819421138777418
29.402057647705078,32.290000915527344,32.290000915527344,32.130001068115234,32.16999816894531,3961400,0.592,2018-11-26,47,2018,26,Monday,0.7704,0.9360698691871242
29.629697799682617,32.540000915527344,32.54999923706055,32.290000915527344,32.380001068115234,3731500,0.774,2018-11-27,47,2018,27,Tuesday,0.7704,0.9360698691871242
30.203351974487305,33.16999816894531,33.18000030517578,32.4900016784668,32.630001068115234,4973000,1.936,2018-11-28,47,2018,28,Wednesday,0.7704,0.9360698691871242
30.558473587036133,33.560001373291016,33.72999954223633,33.349998474121094,33.45000076293945,6285300,1.176,2018-11-29,47,2018,29,Thursday,0.7704,0.9360698691871242
30.36725616455078,33.349998474121094,33.540000915527344,33.33000183105469,33.4900016784668,5798200,-0.626,2018-11-30,47,2018,30,Friday,0.7704,0.9360698691871242
30.267091751098633,33.2400016784668,33.279998779296875,33.029998779296875,33.22999954223633,7715400,-0.33,2018-12-03,48,2018,3,Monday,-1.2810000000000001,0.882693604825593
29.84823226928711,32.779998779296875,33.2599983215332,32.75,33.2599983215332,6332100,-1.384,2018-12-04,48,2018,4,Tuesday,-1.2810000000000001,0.882693604825593
29.556852340698242,32.459999084472656,32.4900016784668,31.81999969482422,31.969999313354492,7448500,-0.976,2018-12-06,48,2018,6,Thursday,-1.2810000000000001,0.882693604825593
28.83751106262207,31.670000076293945,32.33000183105469,31.639999389648438,32.209999084472656,5752500,-2.434,2018-12-07,48,2018,7,Friday,-1.2810000000000001,0.882693604825593
27.599140167236328,30.309999465942383,30.6299991607666,30.1200008392334,30.559999465942383,7533000,-4.294,2018-12-10,49,2018,10,Monday,0.41000000000000003,3.1517196099907108
28.527917861938477,31.329999923706055,31.420000076293945,31.100000381469727,31.280000686645508,5861100,3.365,2018-12-11,49,2018,11,Tuesday,0.41000000000000003,3.1517196099907108
29.45669174194336,32.349998474121094,32.47999954223633,32.08000183105469,32.08000183105469,7911900,3.256,2018-12-12,49,2018,12,Wednesday,0.41000000000000003,3.1517196099907108
29.50221824645996,32.400001525878906,32.59000015258789,32.369998931884766,32.4900016784668,5327100,0.155,2018-12-13,49,2018,13,Thursday,0.41000000000000003,3.1517196099907108
29.374736785888672,32.2599983215332,32.5099983215332,32.209999084472656,32.31999969482422,3571200,-0.432,2018-12-14,49,2018,14,Friday,0.41000000000000003,3.1517196099907108
29.565959930419922,32.470001220703125,32.779998779296875,32.380001068115234,32.63999938964844,4958000,0.651,2018-12-17,50,2018,17,Monday,0.36899999999999994,2.2880393353262085
30.486427307128906,33.220001220703125,33.369998931884766,32.939998626708984,33.0,8582900,3.113,2018-12-18,50,2018,18,Tuesday,0.36899999999999994,2.2880393353262085
30.082626342773438,32.779998779296875,33.529998779296875,32.61000061035156,33.279998779296875,9085300,-1.325,2018-12-19,50,2018,19,Wednesday,0.36899999999999994,2.2880393353262085
30.6516170501709,33.400001525878906,33.650001525878906,33.22999954223633,33.41999816894531,9183700,1.891,2018-12-20,50,2018,20,Thursday,0.36899999999999994,2.2880393353262085
29.889911651611328,32.56999969482422,33.029998779296875,32.56999969482422,32.90999984741211,6922100,-2.485,2018-12-21,50,2018,21,Friday,0.36899999999999994,2.2880393353262085
29.651309967041016,32.310001373291016,32.540000915527344,32.279998779296875,32.5,3166500,-0.798,2018-12-24,51,2018,24,Monday,0.61725,1.0328360228032327
30.100984573364258,32.79999923706055,32.84000015258789,32.47999954223633,32.56999969482422,4457700,1.517,2018-12-26,51,2018,26,Wednesday,0.61725,1.0328360228032327
30.256999969482422,32.970001220703125,33.029998779296875,32.529998779296875,32.54999923706055,6025300,0.518,2018-12-27,51,2018,27,Thursday,0.61725,1.0328360228032327
30.629772186279297,33.36000061035156,33.52000045776367,33.06999969482422,33.209999084472656,5263000,1.232,2018-12-28,51,2018,28,Friday,0.61725,1.0328360228032327
30.61141014099121,33.34000015258789,33.5,33.16999816894531,33.439998626708984,3113200,-0.06,2018-12-31,52,2018,31,Monday,-0.06,0.0
30.244140625,32.939998626708984,33.029998779296875,32.7400016784668,32.7599983215332,4334500,-1.2,2019-01-02,00,2019,2,Wednesday,-0.013999999999999938,2.807617495315201
29.628978729248047,32.27000045776367,32.45000076293945,32.15999984741211,32.43000030517578,4869500,-2.034,2019-01-03,00,2019,3,Thursday,-0.013999999999999938,2.807617495315201
30.57468032836914,33.29999923706055,33.29999923706055,32.59000015258789,32.619998931884766,9360000,3.192,2019-01-04,00,2019,4,Friday,-0.013999999999999938,2.807617495315201
30.133960723876953,32.81999969482422,33.029998779296875,32.7599983215332,33.029998779296875,5139600,-1.441,2019-01-07,01,2019,7,Monday,-0.3364,0.7269781977473603
30.22577667236328,32.91999816894531,32.9900016784668,32.77000045776367,32.81999969482422,2730800,0.305,2019-01-08,01,2019,8,Tuesday,-0.3364,0.7269781977473603
30.22577667236328,32.91999816894531,33.02000045776367,32.790000915527344,32.83000183105469,2997800,0.0,2019-01-09,01,2019,9,Wednesday,-0.3364,0.7269781977473603
30.271690368652344,32.970001220703125,32.97999954223633,32.63999938964844,32.72999954223633,3168500,0.152,2019-01-10,01,2019,10,Thursday,-0.3364,0.7269781977473603
30.06051254272461,32.7400016784668,32.81999969482422,32.56999969482422,32.56999969482422,2879600,-0.698,2019-01-11,01,2019,11,Friday,-0.3364,0.7269781977473603
29.638154983520508,32.279998779296875,32.4900016784668,32.220001220703125,32.34000015258789,6155200,-1.405,2019-01-14,02,2019,14,Monday,0.016599999999999993,1.0589774785140618
29.93196678161621,32.599998474121094,32.790000915527344,32.54999923706055,32.70000076293945,5147500,0.991,2019-01-15,02,2019,15,Tuesday,0.016599999999999993,1.0589774785140618
30.207420349121094,32.900001525878906,32.97999954223633,32.630001068115234,32.630001068115234,3732400,0.92,2019-01-16,02,2019,16,Wednesday,0.016599999999999993,1.0589774785140618
30.308412551879883,33.0099983215332,33.040000915527344,32.70000076293945,32.70000076293945,3681600,0.334,2019-01-17,02,2019,17,Thursday,0.016599999999999993,1.0589774785140618
30.078872680664062,32.7599983215332,32.849998474121094,32.709999084472656,32.810001373291016,5218900,-0.757,2019-01-18,02,2019,18,Friday,0.016599999999999993,1.0589774785140618
29.858516693115234,32.52000045776367,32.599998474121094,32.40999984741211,32.56999969482422,5042500,-0.733,2019-01-22,03,2019,22,Tuesday,-0.07424999999999998,0.7434896883391636
29.895248413085938,32.560001373291016,32.59000015258789,32.36000061035156,32.45000076293945,2268700,0.123,2019-01-23,03,2019,23,Wednesday,-0.07424999999999998,0.7434896883391636
30.16150665283203,32.849998474121094,32.90999984741211,32.65999984741211,32.65999984741211,4097400,0.891,2019-01-24,03,2019,24,Thursday,-0.07424999999999998,0.7434896883391636
29.987058639526367,32.65999984741211,32.720001220703125,32.529998779296875,32.56999969482422,4169700,-0.578,2019-01-25,03,2019,25,Friday,-0.07424999999999998,0.7434896883391636
29.445344924926758,32.06999969482422,32.130001068115234,31.860000610351562,31.90999984741211,4776300,-1.806,2019-01-28,04,2019,28,Monday,-0.1032,1.3494016081211702
29.40861701965332,32.029998779296875,32.13999938964844,31.93000030517578,32.06999969482422,3385300,-0.125,2019-01-29,04,2019,29,Tuesday,-0.1032,1.3494016081211702
29.65652084350586,32.29999923706055,32.38999938964844,31.780000686645508,31.93000030517578,8173400,0.843,2019-01-30,04,2019,30,Wednesday,-0.1032,1.3494016081211702
30.115596771240234,32.79999923706055,32.83000183105469,32.5099983215332,32.58000183105469,4356600,1.548,2019-01-31,04,2019,31,Thursday,-0.1032,1.3494016081211702
29.82179069519043,32.47999954223633,32.68000030517578,32.45000076293945,32.650001525878906,4746700,-0.976,2019-02-01,04,2019,1,Friday,-0.1032,1.3494016081211702
29.86769676208496,32.529998779296875,32.619998931884766,32.349998474121094,32.349998474121094,3824800,0.154,2019-02-04,05,2019,4,Monday,0.1028,1.0771317003969383
30.133960723876953,32.81999969482422,32.83000183105469,32.619998931884766,32.619998931884766,4026500,0.891,2019-02-05,05,2019,5,Tuesday,0.1028,1.0771317003969383
30.253324508666992,32.95000076293945,33.13999938964844,32.86000061035156,33.04999923706055,4467100,0.396,2019-02-06,05,2019,6,Wednesday,0.1028,1.0771317003969383
30.501232147216797,33.220001220703125,33.27000045776367,33.060001373291016,33.060001373291016,5946500,0.819,2019-02-07,05,2019,7,Thursday,0.1028,1.0771317003969383
29.968698501586914,32.63999938964844,32.720001220703125,32.540000915527344,32.70000076293945,3866300,-1.746,2019-02-08,05,2019,8,Friday,0.1028,1.0771317003969383
29.78506088256836,32.439998626708984,32.65999984741211,32.43000030517578,32.56999969482422,2766800,-0.613,2019-02-11,06,2019,11,Monday,-0.4404,1.0786659816643889
30.06968879699707,32.75,32.79999923706055,32.630001068115234,32.689998626708984,3286800,0.956,2019-02-12,06,2019,12,Tuesday,-0.4404,1.0786659816643889
29.555522918701172,32.189998626708984,32.439998626708984,32.11000061035156,32.38999938964844,3046200,-1.71,2019-02-13,06,2019,13,Wednesday,-0.4404,1.0786659816643889
29.647340774536133,32.290000915527344,32.369998931884766,32.02000045776367,32.16999816894531,2736700,0.311,2019-02-14,06,2019,14,Thursday,-0.4404,1.0786659816643889
29.307621002197266,31.920000076293945,32.09000015258789,31.8700008392334,32.02000045776367,3714200,-1.146,2019-02-15,06,2019,15,Friday,-0.4404,1.0786659816643889
29.059717178344727,31.649999618530273,31.709999084472656,31.399999618530273,31.469999313354492,3570100,-0.846,2019-02-19,07,2019,19,Tuesday,0.40025,0.941007748816838
29.445344924926758,32.06999969482422,32.20000076293945,31.959999084472656,32.08000183105469,4950000,1.327,2019-02-20,07,2019,20,Wednesday,0.40025,0.941007748816838
29.518798828125,32.150001525878906,32.220001220703125,32.040000915527344,32.189998626708984,2572500,0.249,2019-02-21,07,2019,21,Thursday,0.40025,0.941007748816838
29.775880813598633,32.43000030517578,32.4900016784668,32.310001373291016,32.40999984741211,2794800,0.871,2019-02-22,07,2019,22,Friday,0.40025,0.941007748816838
30.16150665283203,32.849998474121094,32.91999816894531,32.619998931884766,32.7599983215332,5520400,1.295,2019-02-25,08,2019,25,Monday,0.08359999999999998,0.9349525656417014
30.00542449951172,32.68000030517578,32.779998779296875,32.439998626708984,32.459999084472656,4211000,-0.517,2019-02-26,08,2019,26,Tuesday,0.08359999999999998,0.9349525656417014
29.757516860961914,32.40999984741211,32.5,32.290000915527344,32.439998626708984,5344400,-0.826,2019-02-27,08,2019,27,Wednesday,0.08359999999999998,0.9349525656417014
30.014602661132812,32.689998626708984,32.75,32.540000915527344,32.61000061035156,5894800,0.864,2019-02-28,08,2019,28,Thursday,0.08359999999999998,0.9349525656417014
29.895248413085938,32.560001373291016,32.86000061035156,32.54999923706055,32.79999923706055,5708800,-0.398,2019-03-01,08,2019,1,Friday,0.08359999999999998,0.9349525656417014
29.794248580932617,32.45000076293945,32.66999816894531,32.31999969482422,32.54999923706055,4033100,-0.338,2019-03-04,09,2019,4,Monday,0.545,1.610526311489508
30.73995018005371,33.47999954223633,33.5,33.099998474121094,33.16999816894531,9419900,3.174,2019-03-05,09,2019,5,Tuesday,0.545,1.610526311489508
30.987852096557617,33.75,33.81999969482422,33.68000030517578,33.709999084472656,4956700,0.806,2019-03-06,09,2019,6,Wednesday,0.545,1.610526311489508
30.675682067871094,33.40999984741211,33.7400016784668,33.380001068115234,33.7400016784668,6009700,-1.007,2019-03-07,09,2019,7,Thursday,0.545,1.610526311489508
30.703222274780273,33.439998626708984,33.5099983215332,33.310001373291016,33.43000030517578,5163700,0.09,2019-03-08,09,2019,8,Friday,0.545,1.610526311489508
31.57547378540039,34.38999938964844,34.41999816894531,34.11000061035156,34.15999984741211,5333000,2.841,2019-03-11,10,2019,11,Monday,0.9673999999999999,1.1635610426617076
31.805015563964844,34.63999938964844,34.66999816894531,34.4900016784668,34.529998779296875,3095700,0.727,2019-03-12,10,2019,12,Tuesday,0.9673999999999999,1.1635610426617076
31.722379684448242,34.54999923706055,34.7599983215332,34.47999954223633,34.720001220703125,5177800,-0.26,2019-03-13,10,2019,13,Wednesday,0.9673999999999999,1.1635610426617076
31.850923538208008,34.689998626708984,34.70000076293945,34.529998779296875,34.630001068115234,2713000,0.405,2019-03-14,10,2019,14,Thursday,0.9673999999999999,1.1635610426617076
32.209007263183594,35.08000183105469,35.22999954223633,34.880001068115234,34.970001220703125,5320800,1.124,2019-03-15,10,2019,15,Friday,0.9673999999999999,1.1635610426617076
32.54872512817383,35.45000076293945,35.470001220703125,35.25,35.27000045776367,4101200,1.055,2019-03-18,11,2019,18,Monday,-0.22160000000000002,1.364568723077002
32.49363327026367,35.38999938964844,35.47999954223633,35.33000183105469,35.439998626708984,3768700,-0.169,2019-03-19,11,2019,19,Tuesday,-0.22160000000000002,1.364568723077002
32.74153518676758,35.65999984741211,35.84000015258789,35.209999084472656,35.31999969482422,6322500,0.763,2019-03-20,11,2019,20,Wednesday,-0.22160000000000002,1.364568723077002
32.6313591003418,35.540000915527344,35.56999969482422,35.349998474121094,35.439998626708984,4267500,-0.337,2019-03-21,11,2019,21,Thursday,-0.22160000000000002,1.364568723077002
31.841739654541016,34.68000030517578,35.029998779296875,34.650001525878906,34.959999084472656,5954900,-2.42,2019-03-22,11,2019,22,Friday,-0.22160000000000002,1.364568723077002
31.768285751342773,34.599998474121094,34.75,34.560001373291016,34.65999984741211,4022900,-0.231,2019-03-25,12,2019,25,Monday,0.32999999999999996,0.940244914902495
32.08045959472656,34.939998626708984,35.099998474121094,34.849998474121094,35.060001373291016,4327100,0.983,2019-03-26,12,2019,26,Tuesday,0.32999999999999996,0.940244914902495
31.786649703979492,34.619998931884766,34.83000183105469,34.52000045776367,34.75,5039500,-0.916,2019-03-27,12,2019,27,Wednesday,0.32999999999999996,0.940244914902495
32.245731353759766,35.119998931884766,35.16999816894531,34.970001220703125,35.029998779296875,4854900,1.444,2019-03-28,12,2019,28,Thursday,0.32999999999999996,0.940244914902495
32.365089416503906,35.25,35.400001525878906,35.13999938964844,35.34000015258789,3149100,0.37,2019-03-29,12,2019,29,Friday,0.32999999999999996,0.940244914902495
32.69562530517578,35.61000061035156,35.66999816894531,35.47999954223633,35.54999923706055,5130900,1.021,2019-04-01,13,2019,1,Monday,0.2904,0.8259608344225531
32.87926483154297,35.810001373291016,35.900001525878906,35.720001220703125,35.88999938964844,3400300,0.562,2019-04-02,13,2019,2,Tuesday,0.2904,0.8259608344225531
32.980255126953125,35.91999816894531,35.939998626708984,35.72999954223633,35.7400016784668,3962500,0.307,2019-04-03,13,2019,3,Wednesday,0.2904,0.8259608344225531
32.61299133300781,35.52000045776367,35.63999938964844,35.41999816894531,35.439998626708984,4315600,-1.114,2019-04-04,13,2019,4,Thursday,0.2904,0.8259608344225531
32.83334732055664,35.7599983215332,35.810001373291016,35.61000061035156,35.68000030517578,4482400,0.676,2019-04-05,13,2019,5,Friday,0.2904,0.8259608344225531
32.42018127441406,35.310001373291016,35.36000061035156,35.22999954223633,35.2599983215332,3372800,-1.258,2019-04-08,14,2019,8,Monday,-0.1944,0.6955561084484846
32.64053726196289,35.54999923706055,35.59000015258789,35.459999084472656,35.5,1635800,0.68,2019-04-09,14,2019,9,Tuesday,-0.1944,0.6955561084484846
32.56708908081055,35.470001220703125,35.529998779296875,35.40999984741211,35.41999816894531,3344900,-0.225,2019-04-10,14,2019,10,Wednesday,-0.1944,0.6955561084484846
32.51199722290039,35.40999984741211,35.5,35.36000061035156,35.470001220703125,2013000,-0.169,2019-04-11,14,2019,11,Thursday,-0.1944,0.6955561084484846
32.51199722290039,35.40999984741211,35.4900016784668,35.380001068115234,35.41999816894531,2944900,0.0,2019-04-12,14,2019,12,Friday,-0.1944,0.6955561084484846
32.6313591003418,35.540000915527344,35.58000183105469,35.40999984741211,35.5099983215332,2474400,0.367,2019-04-15,15,2019,15,Monday,0.26749999999999996,0.3116477712632217
32.787445068359375,35.709999084472656,35.77000045776367,35.65999984741211,35.689998626708984,2380100,0.478,2019-04-16,15,2019,16,Tuesday,0.26749999999999996,0.3116477712632217
32.9251708984375,35.86000061035156,35.959999084472656,35.779998779296875,35.88999938964844,3309700,0.42,2019-04-17,15,2019,17,Wednesday,0.26749999999999996,0.3116477712632217
32.860897064208984,35.790000915527344,35.849998474121094,35.63999938964844,35.7400016784668,2897200,-0.195,2019-04-18,15,2019,18,Thursday,0.26749999999999996,0.3116477712632217
32.15391159057617,35.02000045776367,35.099998474121094,34.939998626708984,35.060001373291016,2341300,-2.151,2019-04-22,16,2019,22,Monday,-0.14459999999999998,1.2617988349970846
32.18145751953125,35.04999923706055,35.13999938964844,34.970001220703125,35.0099983215332,2698400,0.086,2019-04-23,16,2019,23,Tuesday,-0.14459999999999998,1.2617988349970846
32.22736358642578,35.099998474121094,35.34000015258789,35.060001373291016,35.310001373291016,4273300,0.143,2019-04-24,16,2019,24,Wednesday,-0.14459999999999998,1.2617988349970846
32.18145751953125,35.04999923706055,35.08000183105469,34.869998931884766,34.90999984741211,3064300,-0.142,2019-04-25,16,2019,25,Thursday,-0.14459999999999998,1.2617988349970846
32.61299133300781,35.52000045776367,35.540000915527344,35.290000915527344,35.31999969482422,2961900,1.341,2019-04-26,16,2019,26,Friday,-0.14459999999999998,1.2617988349970846
32.658905029296875,35.56999969482422,35.58000183105469,35.47999954223633,35.47999954223633,3593500,0.141,2019-04-29,17,2019,29,Monday,0.03499999999999999,0.5643460817618919
32.60380935668945,35.5099983215332,35.599998474121094,35.33000183105469,35.529998779296875,4132200,-0.169,2019-04-30,17,2019,30,Tuesday,0.03499999999999999,0.5643460817618919
32.5028190612793,35.400001525878906,35.7599983215332,35.369998931884766,35.560001373291016,3994300,-0.31,2019-05-01,17,2019,1,Wednesday,0.03499999999999999,0.5643460817618919
32.35591125488281,35.2400016784668,35.400001525878906,35.16999816894531,35.34000015258789,3785000,-0.452,2019-05-02,17,2019,2,Thursday,0.03499999999999999,0.5643460817618919
32.66808319091797,35.58000183105469,35.630001068115234,35.439998626708984,35.52000045776367,2141400,0.965,2019-05-03,17,2019,3,Friday,0.03499999999999999,0.5643460817618919
32.190643310546875,35.060001373291016,35.13999938964844,34.88999938964844,34.97999954223633,3219000,-1.461,2019-05-06,18,2019,6,Monday,-1.1522000000000001,0.9605423988559797
31.41020393371582,34.209999084472656,34.470001220703125,34.11000061035156,34.459999084472656,4391300,-2.424,2019-05-07,18,2019,7,Tuesday,-1.1522000000000001,0.9605423988559797
31.153121948242188,33.93000030517578,34.099998474121094,33.88999938964844,34.04999923706055,4736300,-0.818,2019-05-08,18,2019,8,Wednesday,-1.1522000000000001,0.9605423988559797
30.75831413269043,33.5,33.619998931884766,33.22999954223633,33.5,6270100,-1.267,2019-05-09,18,2019,9,Thursday,-1.1522000000000001,0.9605423988559797
30.822582244873047,33.56999969482422,33.630001068115234,33.279998779296875,33.540000915527344,5875800,0.209,2019-05-10,18,2019,10,Friday,-1.1522000000000001,0.9605423988559797
30.00542449951172,32.68000030517578,32.869998931884766,32.630001068115234,32.84000015258789,5585400,-2.651,2019-05-13,19,2019,13,Monday,0.10300000000000002,1.8586903991789487
30.6664981842041,33.400001525878906,33.45000076293945,33.16999816894531,33.25,5800600,2.203,2019-05-14,19,2019,14,Tuesday,0.10300000000000002,1.8586903991789487
30.482864379882812,33.20000076293945,33.209999084472656,32.970001220703125,33.029998779296875,3942900,-0.599,2019-05-15,19,2019,15,Wednesday,0.10300000000000002,1.8586903991789487
30.85930824279785,33.61000061035156,33.72999954223633,33.47999954223633,33.5099983215332,5298400,1.235,2019-05-16,19,2019,16,Thursday,0.10300000000000002,1.8586903991789487
30.960309982299805,33.720001220703125,33.869998931884766,33.689998626708984,33.810001373291016,3922000,0.327,2019-05-17,19,2019,17,Friday,0.10300000000000002,1.8586903991789487
32.328369140625,35.209999084472656,35.33000183105469,35.11000061035156,35.20000076293945,6963600,4.419,2019-05-20,20,2019,20,Monday,1.0164,2.0460355080007777
32.27328109741211,35.150001525878906,35.150001525878906,34.790000915527344,34.939998626708984,7497800,-0.17,2019-05-21,20,2019,21,Tuesday,1.0164,2.0460355080007777
32.13555145263672,35.0,35.099998474121094,34.970001220703125,35.0,7286700,-0.427,2019-05-22,20,2019,22,Wednesday,1.0164,2.0460355080007777
32.07128143310547,34.93000030517578,35.02000045776367,34.65999984741211,34.7400016784668,5104000,-0.2,2019-05-23,20,2019,23,Thursday,1.0164,2.0460355080007777
32.5395393371582,35.439998626708984,35.52000045776367,35.34000015258789,35.439998626708984,5006200,1.46,2019-05-24,20,2019,24,Friday,1.0164,2.0460355080007777
32.70480728149414,35.619998931884766,35.709999084472656,35.560001373291016,35.619998931884766,7854100,0.508,2019-05-28,21,2019,28,Tuesday,0.38075000000000003,0.7452164674330093
32.47526931762695,35.369998931884766,35.41999816894531,35.22999954223633,35.40999984741211,8242800,-0.702,2019-05-29,21,2019,29,Wednesday,0.38075000000000003,0.7452164674330093
32.787445068359375,35.709999084472656,35.709999084472656,35.439998626708984,35.5,4055900,0.961,2019-05-30,21,2019,30,Thursday,0.38075000000000003,0.7452164674330093
33.035343170166016,35.97999954223633,36.0,35.52000045776367,35.560001373291016,9730900,0.756,2019-05-31,21,2019,31,Friday,0.38075000000000003,0.7452164674330093
33.402610778808594,36.380001068115234,36.459999084472656,36.29999923706055,36.349998474121094,7943900,1.112,2019-06-03,22,2019,3,Monday,-0.092,0.8143632481884238
33.31079864501953,36.279998779296875,36.290000915527344,36.0099983215332,36.220001220703125,5056100,-0.275,2019-06-04,22,2019,4,Tuesday,-0.092,0.8143632481884238
33.04452896118164,35.9900016784668,36.20000076293945,35.95000076293945,36.189998626708984,5825100,-0.799,2019-06-05,22,2019,5,Wednesday,-0.092,0.8143632481884238
32.778263092041016,35.70000076293945,35.790000915527344,35.61000061035156,35.689998626708984,4853300,-0.806,2019-06-06,22,2019,6,Thursday,-0.092,0.8143632481884238
32.87926483154297,35.810001373291016,36.02000045776367,35.72999954223633,35.7400016784668,3883300,0.308,2019-06-07,22,2019,7,Friday,-0.092,0.8143632481884238
32.851715087890625,35.779998779296875,35.83000183105469,35.630001068115234,35.7599983215332,6027300,-0.084,2019-06-10,23,2019,10,Monday,-0.3758,0.6035554655539125
32.95271301269531,35.88999938964844,36.0099983215332,35.86000061035156,35.93000030517578,3624800,0.307,2019-06-11,23,2019,11,Tuesday,-0.3758,0.6035554655539125
32.796627044677734,35.720001220703125,35.869998931884766,35.709999084472656,35.83000183105469,3325100,-0.474,2019-06-12,23,2019,12,Wednesday,-0.3758,0.6035554655539125
32.69562530517578,35.61000061035156,35.7400016784668,35.540000915527344,35.709999084472656,4412700,-0.308,2019-06-13,23,2019,13,Thursday,-0.3758,0.6035554655539125
32.26409149169922,35.13999938964844,35.310001373291016,35.130001068115234,35.310001373291016,4319300,-1.32,2019-06-14,23,2019,14,Friday,-0.3758,0.6035554655539125
32.094539642333984,34.63999938964844,34.63999938964844,34.439998626708984,34.459999084472656,2741100,-0.526,2019-06-17,24,2019,17,Monday,0.019199999999999995,0.9666336948399843
32.40955352783203,34.97999954223633,35.029998779296875,34.72999954223633,34.77000045776367,4961200,0.982,2019-06-18,24,2019,18,Tuesday,0.019199999999999995,0.9666336948399843
32.205726623535156,34.7599983215332,34.93000030517578,34.61000061035156,34.709999084472656,4707100,-0.629,2019-06-19,24,2019,19,Wednesday,0.019199999999999995,0.9666336948399843
32.57632827758789,35.15999984741211,35.45000076293945,35.099998474121094,35.290000915527344,6323000,1.151,2019-06-20,24,2019,20,Thursday,0.019199999999999995,0.9666336948399843
32.28910446166992,34.849998474121094,34.90999984741211,34.77000045776367,34.83000183105469,4449900,-0.882,2019-06-21,24,2019,21,Friday,0.019199999999999995,0.9666336948399843
32.26131057739258,34.81999969482422,34.88999938964844,34.77000045776367,34.790000915527344,3701600,-0.086,2019-06-24,25,2019,24,Monday,0.2586,0.5753914319834802
32.40955352783203,34.97999954223633,35.15999984741211,34.95000076293945,35.119998931884766,4537400,0.46,2019-06-25,25,2019,25,Tuesday,0.2586,0.5753914319834802
32.73384475708008,35.33000183105469,35.400001525878906,35.2400016784668,35.310001373291016,4558500,1.001,2019-06-26,25,2019,26,Wednesday,0.2586,0.5753914319834802
32.87281799316406,35.47999954223633,35.540000915527344,35.41999816894531,35.47999954223633,4143900,0.425,2019-06-27,25,2019,27,Thursday,0.2586,0.5753914319834802
32.70603942871094,35.29999923706055,35.34000015258789,35.22999954223633,35.33000183105469,3574100,-0.507,2019-06-28,25,2019,28,Friday,0.2586,0.5753914319834802
32.98398971557617,35.599998474121094,35.619998931884766,35.470001220703125,35.599998474121094,2751400,0.85,2019-07-01,26,2019,1,Monday,0.03875000000000001,0.9472990991937728
33.21562194824219,35.849998474121094,35.849998474121094,35.66999816894531,35.72999954223633,3448300,0.702,2019-07-02,26,2019,2,Tuesday,0.03875000000000001,0.9472990991937728
33.1507682800293,35.779998779296875,35.84000015258789,35.709999084472656,35.75,2364700,-0.195,2019-07-03,26,2019,3,Wednesday,0.03875000000000001,0.9472990991937728
32.75236511230469,35.349998474121094,35.36000061035156,35.130001068115234,35.310001373291016,3235900,-1.202,2019-07-05,26,2019,5,Friday,0.03875000000000001,0.9472990991937728
32.26131057739258,34.81999969482422,34.88999938964844,34.7400016784668,34.79999923706055,3414500,-1.499,2019-07-08,27,2019,8,Monday,-0.3572,0.6590437769981597
32.27983856201172,34.84000015258789,34.880001068115234,34.689998626708984,34.689998626708984,1928800,0.057,2019-07-09,27,2019,9,Tuesday,-0.3572,0.6590437769981597
32.168663024902344,34.720001220703125,34.88999938964844,34.689998626708984,34.75,3790200,-0.344,2019-07-10,27,2019,10,Wednesday,-0.3572,0.6590437769981597
32.15012741088867,34.70000076293945,34.84000015258789,34.619998931884766,34.84000015258789,5777000,-0.058,2019-07-11,27,2019,11,Thursday,-0.3572,0.6590437769981597
32.168663024902344,34.720001220703125,34.77000045776367,34.65999984741211,34.709999084472656,2024800,0.058,2019-07-12,27,2019,12,Friday,-0.3572,0.6590437769981597
32.326168060302734,34.88999938964844,34.91999816894531,34.84000015258789,34.90999984741211,1595600,0.49,2019-07-15,28,2019,15,Monday,-0.31420000000000003,1.08213478827732
32.483680725097656,35.060001373291016,35.119998931884766,34.959999084472656,35.060001373291016,2668500,0.487,2019-07-16,28,2019,16,Tuesday,-0.31420000000000003,1.08213478827732
32.40029525756836,34.970001220703125,35.09000015258789,34.91999816894531,35.0,1842800,-0.257,2019-07-17,28,2019,17,Wednesday,-0.31420000000000003,1.08213478827732
32.35396194458008,34.91999816894531,34.95000076293945,34.68000030517578,34.70000076293945,2873300,-0.143,2019-07-18,28,2019,18,Thursday,-0.31420000000000003,1.08213478827732
31.659074783325195,34.16999816894531,34.38999938964844,34.15999984741211,34.349998474121094,2876300,-2.148,2019-07-19,28,2019,19,Friday,-0.31420000000000003,1.08213478827732
31.677610397338867,34.189998626708984,34.25,34.130001068115234,34.189998626708984,2093500,0.059,2019-07-22,29,2019,22,Monday,-0.14500000000000002,0.6490389048431534
31.427448272705078,33.91999816894531,34.04999923706055,33.90999984741211,34.040000915527344,3319500,-0.79,2019-07-23,29,2019,23,Tuesday,-0.14500000000000002,0.6490389048431534
31.344066619873047,33.83000183105469,33.86000061035156,33.7599983215332,33.779998779296875,2130200,-0.265,2019-07-24,29,2019,24,Wednesday,-0.14500000000000002,0.6490389048431534
31.158756256103516,33.630001068115234,33.75,33.56999969482422,33.75,3549800,-0.591,2019-07-25,29,2019,25,Thursday,-0.14500000000000002,0.6490389048431534
31.427448272705078,33.91999816894531,33.970001220703125,33.810001373291016,33.93000030517578,1585700,0.862,2019-07-26,29,2019,26,Friday,-0.14500000000000002,0.6490389048431534
31.186552047729492,33.65999984741211,33.720001220703125,33.61000061035156,33.68000030517578,2407000,-0.767,2019-07-29,30,2019,29,Monday,-0.8985999999999998,0.7393972545256033
30.639907836914062,33.06999969482422,33.209999084472656,33.02000045776367,33.209999084472656,2997800,-1.753,2019-07-30,30,2019,30,Tuesday,-0.8985999999999998,0.7393972545256033
30.57505226135254,33.0,33.349998474121094,32.709999084472656,33.29999923706055,4844700,-0.212,2019-07-31,30,2019,31,Wednesday,-0.8985999999999998,0.7393972545256033
30.09326171875,32.47999954223633,33.040000915527344,32.43000030517578,32.83000183105469,7527000,-1.576,2019-08-01,30,2019,1,Thursday,-0.8985999999999998,0.7393972545256033
30.03767204284668,32.41999816894531,32.619998931884766,32.33000183105469,32.599998474121094,3468800,-0.185,2019-08-02,30,2019,2,Friday,-0.8985999999999998,0.7393972545256033
29.046300888061523,31.350000381469727,31.739999771118164,31.260000228881836,31.729999542236328,5961300,-3.3,2019-08-05,31,2019,5,Monday,-0.013399999999999856,2.4239660269896524
29.57441520690918,31.920000076293945,32.040000915527344,31.68000030517578,31.969999313354492,6399600,1.818,2019-08-06,31,2019,6,Tuesday,-0.013399999999999856,2.4239660269896524
29.38911247253418,31.719999313354492,31.739999771118164,31.209999084472656,31.450000762939453,4567500,-0.627,2019-08-07,31,2019,7,Wednesday,-0.013399999999999856,2.4239660269896524
30.23223876953125,32.630001068115234,32.630001068115234,32.349998474121094,32.38999938964844,5701500,2.869,2019-08-08,31,2019,8,Thursday,-0.013399999999999856,2.4239660269896524
29.982080459594727,32.36000061035156,32.4900016784668,32.2400016784668,32.459999084472656,3339500,-0.827,2019-08-09,31,2019,9,Friday,-0.013399999999999856,2.4239660269896524
29.806045532226562,32.16999816894531,32.310001373291016,32.13999938964844,32.20000076293945,1822600,-0.587,2019-08-12,32,2019,12,Monday,-0.10659999999999999,1.1092800818548938
29.67633056640625,32.029998779296875,32.18000030517578,31.530000686645508,31.6200008392334,4686300,-0.435,2019-08-13,32,2019,13,Tuesday,-0.10659999999999999,1.1092800818548938
29.277925491333008,31.600000381469727,31.8799991607666,31.56999969482422,31.790000915527344,4258700,-1.343,2019-08-14,32,2019,14,Wednesday,-0.10659999999999999,1.1092800818548938
29.342784881591797,31.670000076293945,31.719999313354492,31.5,31.6200008392334,3864600,0.222,2019-08-15,32,2019,15,Thursday,-0.10659999999999999,1.1092800818548938
29.8153076171875,32.18000030517578,32.310001373291016,32.0099983215332,32.08000183105469,2994300,1.61,2019-08-16,32,2019,16,Friday,-0.10659999999999999,1.1092800818548938
29.59294319152832,31.940000534057617,32.22999954223633,31.940000534057617,32.13999938964844,2039100,-0.746,2019-08-19,33,2019,19,Monday,-0.3154,1.5801815718454637
29.54661750793457,31.889999389648438,32.0,31.850000381469727,31.90999984741211,1809600,-0.157,2019-08-20,33,2019,20,Tuesday,-0.3154,1.5801815718454637
29.40764045715332,31.739999771118164,31.81999969482422,31.670000076293945,31.799999237060547,2414700,-0.47,2019-08-21,33,2019,21,Wednesday,-0.3154,1.5801815718454637
28.731281280517578,31.010000228881836,31.18000030517578,30.93000030517578,31.18000030517578,4552500,-2.3,2019-08-22,33,2019,22,Thursday,-0.3154,1.5801815718454637
29.333518981933594,31.65999984741211,32.130001068115234,31.56999969482422,31.8700008392334,9366900,2.096,2019-08-23,33,2019,23,Friday,-0.3154,1.5801815718454637
29.796777725219727,32.15999984741211,32.18000030517578,31.8700008392334,31.969999313354492,5692300,1.579,2019-08-26,34,2019,26,Monday,0.32999999999999996,0.9743520924183413
29.97281837463379,32.349998474121094,32.540000915527344,32.29999923706055,32.45000076293945,6167600,0.591,2019-08-27,34,2019,27,Tuesday,0.32999999999999996,0.9743520924183413
29.67633056640625,32.029998779296875,32.11000061035156,31.979999542236328,32.099998474121094,7528000,-0.989,2019-08-28,34,2019,28,Wednesday,0.32999999999999996,0.9743520924183413
29.611474990844727,31.959999084472656,32.04999923706055,31.84000015258789,31.969999313354492,3146500,-0.219,2019-08-29,34,2019,29,Thursday,0.32999999999999996,0.9743520924183413
29.8153076171875,32.18000030517578,32.20000076293945,31.969999313354492,32.189998626708984,6036100,0.688,2019-08-30,34,2019,30,Friday,0.32999999999999996,0.9743520924183413
29.064828872680664,31.3700008392334,31.389999389648438,31.100000381469727,31.15999984741211,3175300,-2.517,2019-09-03,35,2019,3,Tuesday,-0.13049999999999998,1.6116572216200318
29.259401321411133,31.579999923706055,31.6200008392334,31.389999389648438,31.440000534057617,6323800,0.669,2019-09-04,35,2019,4,Wednesday,-0.13049999999999998,1.6116572216200318
29.36131477355957,31.690000534057617,31.799999237060547,31.649999618530273,31.739999771118164,5278200,0.348,2019-09-05,35,2019,5,Thursday,-0.13049999999999998,1.6116572216200318
29.648536682128906,32.0,32.09000015258789,31.940000534057617,31.969999313354492,2526900,0.978,2019-09-06,35,2019,6,Friday,-0.13049999999999998,1.6116572216200318
29.759716033935547,32.119998931884766,32.189998626708984,32.029998779296875,32.06999969482422,2184600,0.375,2019-09-09,36,2019,9,Monday,0.4476,0.6227477820113051
29.704126358032227,32.060001373291016,32.119998931884766,31.899999618530273,31.920000076293945,2242700,-0.187,2019-09-10,36,2019,10,Tuesday,0.4476,0.6227477820113051
30.019142150878906,32.400001525878906,32.400001525878906,32.189998626708984,32.2400016784668,5534600,1.061,2019-09-11,36,2019,11,Wednesday,0.4476,0.6227477820113051
29.982080459594727,32.36000061035156,32.54999923706055,32.279998779296875,32.40999984741211,3551700,-0.123,2019-09-12,36,2019,12,Thursday,0.4476,0.6227477820113051
30.31562614440918,32.720001220703125,32.75,32.59000015258789,32.65999984741211,3574000,1.112,2019-09-13,36,2019,13,Friday,0.4476,0.6227477820113051
29.59294319152832,31.940000534057617,32.22999954223633,31.889999389648438,32.209999084472656,4032200,-2.384,2019-09-16,37,2019,16,Monday,0.3308,3.1595833902589123
29.611474990844727,31.959999084472656,31.979999542236328,31.559999465942383,31.68000030517578,3659800,0.063,2019-09-17,37,2019,17,Tuesday,0.3308,3.1595833902589123
29.54661750793457,31.889999389648438,32.029998779296875,31.719999313354492,32.02000045776367,3551000,-0.219,2019-09-18,37,2019,18,Wednesday,0.3308,3.1595833902589123
29.10188865661621,31.40999984741211,31.59000015258789,31.389999389648438,31.549999237060547,3756600,-1.505,2019-09-19,37,2019,19,Thursday,0.3308,3.1595833902589123
30.76035499572754,33.20000076293945,33.349998474121094,33.06999969482422,33.15999984741211,11739100,5.699,2019-09-20,37,2019,20,Friday,0.3308,3.1595833902589123
31.47377586364746,33.970001220703125,33.9900016784668,33.560001373291016,33.63999938964844,11070300,2.319,2019-09-23,38,2019,23,Monday,0.16360000000000002,1.379897387489374
31.130962371826172,33.599998474121094,33.88999938964844,33.599998474121094,33.880001068115234,6262100,-1.089,2019-09-24,38,2019,24,Tuesday,0.16360000000000002,1.379897387489374
30.871536254882812,33.31999969482422,33.40999984741211,33.20000076293945,33.2599983215332,6144900,-0.833,2019-09-25,38,2019,25,Wednesday,0.16360000000000002,1.379897387489374
31.075368881225586,33.540000915527344,33.70000076293945,33.5099983215332,33.66999816894531,6799100,0.66,2019-09-26,38,2019,26,Thursday,0.16360000000000002,1.379897387489374
31.001251220703125,33.459999084472656,33.77000045776367,33.38999938964844,33.77000045776367,5945100,-0.239,2019-09-27,38,2019,27,Friday,0.16360000000000002,1.379897387489374
31.103166580200195,33.56999969482422,33.599998474121094,33.45000076293945,33.47999954223633,3467200,0.329,2019-09-30,39,2019,30,Monday,-0.40920000000000006,1.2829681211939759
30.371219635009766,32.779998779296875,32.97999954223633,32.7400016784668,32.97999954223633,4870800,-2.353,2019-10-01,39,2019,1,Tuesday,-0.40920000000000006,1.2829681211939759
30.241504669189453,32.63999938964844,32.70000076293945,32.52000045776367,32.599998474121094,3958600,-0.427,2019-10-02,39,2019,2,Wednesday,-0.40920000000000006,1.2829681211939759
30.5657901763916,32.9900016784668,33.02000045776367,32.790000915527344,32.79999923706055,4543200,1.072,2019-10-03,39,2019,3,Thursday,-0.40920000000000006,1.2829681211939759
30.361953735351562,32.77000045776367,32.83000183105469,32.599998474121094,32.689998626708984,3193700,-0.667,2019-10-04,39,2019,4,Friday,-0.40920000000000006,1.2829681211939759
30.009876251220703,32.38999938964844,32.560001373291016,32.369998931884766,32.5,4388000,-1.16,2019-10-07,40,2019,7,Monday,0.10139999999999998,1.0119613628988016
29.8153076171875,32.18000030517578,32.2400016784668,32.06999969482422,32.20000076293945,3111400,-0.648,2019-10-08,40,2019,8,Tuesday,0.10139999999999998,1.0119613628988016
30.23223876953125,32.630001068115234,32.7400016784668,32.58000183105469,32.70000076293945,3711100,1.398,2019-10-09,40,2019,9,Wednesday,0.10139999999999998,1.0119613628988016
30.35268783569336,32.7599983215332,32.86000061035156,32.599998474121094,32.630001068115234,2547700,0.398,2019-10-10,40,2019,10,Thursday,0.10139999999999998,1.0119613628988016
30.51019287109375,32.93000030517578,33.029998779296875,32.86000061035156,32.959999084472656,5701800,0.519,2019-10-11,40,2019,11,Friday,0.10139999999999998,1.0119613628988016
30.380483627319336,32.790000915527344,32.880001068115234,32.779998779296875,32.83000183105469,1599100,-0.425,2019-10-14,41,2019,14,Monday,0.6612,0.6696466978937475
30.639907836914062,33.06999969482422,33.13999938964844,32.900001525878906,32.939998626708984,5026300,0.854,2019-10-15,41,2019,15,Tuesday,0.6612,0.6696466978937475
30.79741668701172,33.2400016784668,33.25,33.15999984741211,33.18000030517578,3489000,0.514,2019-10-16,41,2019,16,Wednesday,0.6612,0.6696466978937475
31.186552047729492,33.65999984741211,33.7400016784668,33.58000183105469,33.59000015258789,5877100,1.264,2019-10-17,41,2019,17,Thursday,0.6612,0.6696466978937475
31.52936553955078,34.029998779296875,34.040000915527344,33.900001525878906,33.900001525878906,4462400,1.099,2019-10-18,41,2019,18,Friday,0.6612,0.6696466978937475
31.47377586364746,33.970001220703125,34.0,33.79999923706055,33.900001525878906,4514100,-0.176,2019-10-21,42,2019,21,Monday,0.02520000000000002,0.648248949092862
31.288469314575195,33.77000045776367,33.93000030517578,33.75,33.75,5097800,-0.589,2019-10-22,42,2019,22,Tuesday,0.02520000000000002,0.648248949092862
31.4830379486084,33.97999954223633,34.0,33.869998931884766,33.880001068115234,2676400,0.622,2019-10-23,42,2019,23,Wednesday,0.02520000000000002,0.648248949092862
31.316265106201172,33.79999923706055,33.91999816894531,33.7599983215332,33.880001068115234,3603800,-0.53,2019-10-24,42,2019,24,Thursday,0.02520000000000002,0.648248949092862
31.566421508789062,34.06999969482422,34.119998931884766,33.810001373291016,33.81999969482422,6052900,0.799,2019-10-25,42,2019,25,Friday,0.02520000000000002,0.648248949092862
31.640546798706055,34.150001525878906,34.22999954223633,34.08000183105469,34.150001525878906,3016400,0.235,2019-10-28,43,2019,28,Monday,0.5768,0.7303117142700095
31.992618560791016,34.529998779296875,34.59000015258789,34.4900016784668,34.54999923706055,2976300,1.113,2019-10-29,43,2019,29,Tuesday,0.5768,0.7303117142700095
32.27983856201172,34.84000015258789,34.849998474121094,34.540000915527344,34.68000030517578,4136700,0.898,2019-10-30,43,2019,30,Wednesday,0.5768,0.7303117142700095
32.10380935668945,34.650001525878906,34.84000015258789,34.59000015258789,34.83000183105469,5716300,-0.545,2019-10-31,43,2019,31,Thursday,0.5768,0.7303117142700095
32.483680725097656,35.060001373291016,35.130001068115234,34.900001525878906,34.90999984741211,4979800,1.183,2019-11-01,43,2019,1,Friday,0.5768,0.7303117142700095
32.40029525756836,34.970001220703125,35.13999938964844,34.95000076293945,35.08000183105469,3205700,-0.257,2019-11-04,44,2019,4,Monday,-0.3658,0.7175651189961786
32.344696044921875,34.90999984741211,35.02000045776367,34.81999969482422,35.02000045776367,2783700,-0.172,2019-11-05,44,2019,5,Tuesday,-0.3658,0.7175651189961786
32.42808532714844,35.0,35.04999923706055,34.880001068115234,34.970001220703125,4496000,0.258,2019-11-06,44,2019,6,Wednesday,-0.3658,0.7175651189961786
32.40955352783203,34.97999954223633,35.150001525878906,34.959999084472656,35.08000183105469,3829200,-0.057,2019-11-07,44,2019,7,Thursday,-0.3658,0.7175651189961786
31.890705108642578,34.41999816894531,34.560001373291016,34.38999938964844,34.5,4323100,-1.601,2019-11-08,44,2019,8,Friday,-0.3658,0.7175651189961786
31.81658363342285,34.34000015258789,34.380001068115234,34.2400016784668,34.2400016784668,1258500,-0.232,2019-11-11,45,2019,11,Monday,-0.1444,0.5859473525838307
31.612747192382812,34.119998931884766,34.27000045776367,34.11000061035156,34.27000045776367,2752100,-0.641,2019-11-12,45,2019,12,Tuesday,-0.1444,0.5859473525838307
31.381120681762695,33.869998931884766,33.970001220703125,33.81999969482422,33.970001220703125,2836100,-0.733,2019-11-13,45,2019,13,Wednesday,-0.1444,0.5859473525838307
31.45524024963379,33.95000076293945,33.9900016784668,33.849998474121094,33.900001525878906,1884900,0.236,2019-11-14,45,2019,14,Thursday,-0.1444,0.5859473525838307
31.659074783325195,34.16999816894531,34.25,34.150001525878906,34.220001220703125,2470200,0.648,2019-11-15,45,2019,15,Friday,-0.1444,0.5859473525838307
31.55716323852539,34.060001373291016,34.130001068115234,34.02000045776367,34.09000015258789,2285800,-0.322,2019-11-18,46,2019,18,Monday,0.01880000000000001,0.515195302773618
31.71466827392578,34.22999954223633,34.36000061035156,34.150001525878906,34.34000015258789,1946800,0.499,2019-11-19,46,2019,19,Tuesday,0.01880000000000001,0.515195302773618
31.91849708557129,34.45000076293945,34.52000045776367,34.349998474121094,34.369998931884766,3051900,0.643,2019-11-20,46,2019,20,Wednesday,0.01880000000000001,0.515195302773618
31.7609920501709,34.279998779296875,34.369998931884766,34.2599983215332,34.369998931884766,2584400,-0.493,2019-11-21,46,2019,21,Thursday,0.01880000000000001,0.515195302773618
31.686870574951172,34.20000076293945,34.27000045776367,34.150001525878906,34.20000076293945,1850600,-0.233,2019-11-22,46,2019,22,Friday,0.01880000000000001,0.515195302773618
32.344696044921875,34.90999984741211,34.91999816894531,34.709999084472656,34.77000045776367,3578600,2.076,2019-11-25,47,2019,25,Monday,0.19925000000000004,1.6123488818077392
32.2335205078125,34.790000915527344,34.81999969482422,34.68000030517578,34.779998779296875,5311800,-0.344,2019-11-26,47,2019,26,Tuesday,0.19925000000000004,1.6123488818077392
32.483680725097656,35.060001373291016,35.06999969482422,34.869998931884766,34.959999084472656,4053900,0.776,2019-11-27,47,2019,27,Wednesday,0.19925000000000004,1.6123488818077392
31.92776870727539,34.459999084472656,34.619998931884766,34.45000076293945,34.54999923706055,3403700,-1.711,2019-11-29,47,2019,29,Friday,0.19925000000000004,1.6123488818077392
32.159400939941406,34.709999084472656,34.709999084472656,34.58000183105469,34.61000061035156,3387100,0.725,2019-12-02,48,2019,2,Monday,-0.01919999999999995,1.0248417926685074
31.844377517700195,34.369998931884766,34.47999954223633,34.310001373291016,34.459999084472656,3414300,-0.98,2019-12-03,48,2019,3,Tuesday,-0.01919999999999995,1.0248417926685074
32.252052307128906,34.810001373291016,34.83000183105469,34.709999084472656,34.709999084472656,4149300,1.28,2019-12-04,48,2019,4,Wednesday,-0.01919999999999995,1.0248417926685074
32.22425079345703,34.779998779296875,34.83000183105469,34.70000076293945,34.709999084472656,4035500,-0.086,2019-12-05,48,2019,5,Thursday,-0.01919999999999995,1.0248417926685074
31.890705108642578,34.41999816894531,34.52000045776367,34.36000061035156,34.459999084472656,4877900,-1.035,2019-12-06,48,2019,6,Friday,-0.01919999999999995,1.0248417926685074
32.10380935668945,34.650001525878906,34.650001525878906,34.529998779296875,34.529998779296875,2310300,0.668,2019-12-09,49,2019,9,Monday,0.4506,0.5815133704395798
31.937030792236328,34.470001220703125,34.54999923706055,34.43000030517578,34.529998779296875,3680000,-0.519,2019-12-10,49,2019,10,Tuesday,0.4506,0.5815133704395798
32.27058029174805,34.83000183105469,34.849998474121094,34.619998931884766,34.619998931884766,2954000,1.044,2019-12-11,49,2019,11,Wednesday,0.4506,0.5815133704395798
32.446617126464844,35.02000045776367,35.09000015258789,34.72999954223633,34.72999954223633,4845500,0.546,2019-12-12,49,2019,12,Thursday,0.4506,0.5815133704395798
32.61338424682617,35.20000076293945,35.2599983215332,35.09000015258789,35.20000076293945,5634600,0.514,2019-12-13,49,2019,13,Friday,0.4506,0.5815133704395798
32.40287399291992,34.939998626708984,35.060001373291016,34.90999984741211,34.939998626708984,3463900,-0.645,2019-12-16,50,2019,16,Monday,0.162,0.5782486489391913
32.69963455200195,35.2599983215332,35.2599983215332,35.13999938964844,35.220001220703125,5502900,0.916,2019-12-17,50,2019,17,Tuesday,0.162,0.5782486489391913
32.681087493896484,35.2400016784668,35.36000061035156,35.2400016784668,35.29999923706055,5238400,-0.057,2019-12-18,50,2019,18,Wednesday,0.162,0.5782486489391913
32.820194244384766,35.38999938964844,35.43000030517578,35.31999969482422,35.369998931884766,3254600,0.426,2019-12-19,50,2019,19,Thursday,0.162,0.5782486489391913
32.87583923339844,35.45000076293945,35.540000915527344,35.45000076293945,35.5099983215332,3368500,0.17,2019-12-20,50,2019,20,Friday,0.162,0.5782486489391913
32.79237747192383,35.36000061035156,35.400001525878906,35.31999969482422,35.400001525878906,3713100,-0.254,2019-12-23,51,2019,23,Monday,-0.10499999999999998,0.5348999906524584
32.67181396484375,35.22999954223633,35.349998474121094,35.16999816894531,35.290000915527344,1784100,-0.368,2019-12-24,51,2019,24,Tuesday,-0.10499999999999998,0.5348999906524584
32.514163970947266,35.060001373291016,35.13999938964844,35.029998779296875,35.130001068115234,1564100,-0.483,2019-12-26,51,2019,26,Thursday,-0.10499999999999998,0.5348999906524584
32.736732482910156,35.29999923706055,35.45000076293945,35.2400016784668,35.40999984741211,2513100,0.685,2019-12-27,51,2019,27,Friday,-0.10499999999999998,0.5348999906524584
32.62544250488281,35.18000030517578,35.41999816894531,35.18000030517578,35.369998931884766,2232100,-0.34,2019-12-30,52,2019,30,Monday,-0.21250000000000002,0.18031222920256962
32.597625732421875,35.150001525878906,35.16999816894531,34.959999084472656,35.0099983215332,2820100,-0.085,2019-12-31,52,2019,31,Tuesday,-0.21250000000000002,0.18031222920256962
32.99639892578125,35.58000183105469,35.59000015258789,35.40999984741211,35.47999954223633,3880500,1.223,2020-01-02,00,2020,2,Thursday,-0.23149999999999993,2.0569736264716667
32.43996810913086,34.97999954223633,35.15999984741211,34.970001220703125,35.130001068115234,4085000,-1.686,2020-01-03,00,2020,3,Friday,-0.23149999999999993,2.0569736264716667
32.05973815917969,34.56999969482422,34.619998931884766,34.369998931884766,34.439998626708984,4516100,-1.172,2020-01-06,01,2020,6,Monday,0.3622,1.0636365450660294
32.01336669921875,34.52000045776367,34.630001068115234,34.4900016784668,34.52000045776367,2940200,-0.145,2020-01-07,01,2020,7,Tuesday,0.3622,1.0636365450660294
32.43996810913086,34.97999954223633,35.11000061035156,34.650001525878906,34.70000076293945,6043100,1.333,2020-01-08,01,2020,8,Wednesday,0.3622,1.0636365450660294
32.87583923339844,35.45000076293945,35.47999954223633,35.36000061035156,35.40999984741211,5249700,1.344,2020-01-09,01,2020,9,Thursday,0.3622,1.0636365450660294
33.02421951293945,35.61000061035156,35.75,35.599998474121094,35.65999984741211,4293400,0.451,2020-01-10,01,2020,10,Friday,0.3622,1.0636365450660294
33.4693603515625,36.09000015258789,36.09000015258789,35.72999954223633,35.72999954223633,2475800,1.348,2020-01-13,02,2020,13,Monday,0.31980000000000003,0.6673928378399038
33.404449462890625,36.02000045776367,36.04999923706055,35.900001525878906,36.02000045776367,4887800,-0.194,2020-01-14,02,2020,14,Tuesday,0.31980000000000003,0.6673928378399038
33.34880447387695,35.959999084472656,36.099998474121094,35.91999816894531,36.060001373291016,3700600,-0.167,2020-01-15,02,2020,15,Wednesday,0.31980000000000003,0.6673928378399038
33.339534759521484,35.95000076293945,36.04999923706055,35.91999816894531,36.0,2517700,-0.028,2020-01-16,02,2020,16,Thursday,0.31980000000000003,0.6673928378399038
33.552833557128906,36.18000030517578,36.18000030517578,36.040000915527344,36.060001373291016,2506200,0.64,2020-01-17,02,2020,17,Friday,0.31980000000000003,0.6673928378399038
32.820194244384766,35.38999938964844,35.65999984741211,35.380001068115234,35.619998931884766,4245600,-2.184,2020-01-21,03,2020,21,Tuesday,-0.40475000000000005,1.2101604232497443
32.91293716430664,35.4900016784668,35.5099983215332,35.400001525878906,35.459999084472656,2986400,0.283,2020-01-22,03,2020,22,Wednesday,-0.40475000000000005,1.2101604232497443
32.8665657043457,35.439998626708984,35.5099983215332,35.2400016784668,35.380001068115234,4024000,-0.141,2020-01-23,03,2020,23,Thursday,-0.40475000000000005,1.2101604232497443
33.005672454833984,35.59000015258789,35.790000915527344,35.54999923706055,35.790000915527344,2518800,0.423,2020-01-24,03,2020,24,Friday,-0.40475000000000005,1.2101604232497443
32.597625732421875,35.150001525878906,35.369998931884766,35.099998474121094,35.18000030517578,3676700,-1.236,2020-01-27,04,2020,27,Monday,-0.623,0.8517355810343958
32.75527572631836,35.31999969482422,35.380001068115234,35.18000030517578,35.220001220703125,4119500,0.484,2020-01-28,04,2020,28,Tuesday,-0.623,0.8517355810343958
32.79237747192383,35.36000061035156,35.400001525878906,35.27000045776367,35.36000061035156,2781100,0.113,2020-01-29,04,2020,29,Wednesday,-0.623,0.8517355810343958
32.37504959106445,34.90999984741211,34.970001220703125,34.66999816894531,34.68000030517578,4821500,-1.273,2020-01-30,04,2020,30,Thursday,-0.623,0.8517355810343958
31.985549926757812,34.4900016784668,34.59000015258789,34.31999969482422,34.54999923706055,5420900,-1.203,2020-01-31,04,2020,31,Friday,-0.623,0.8517355810343958
31.56822395324707,34.040000915527344,34.15999984741211,33.95000076293945,34.0,4905500,-1.305,2020-02-03,05,2020,3,Monday,0.332,1.5434641233277824
32.33795166015625,34.869998931884766,35.0099983215332,34.849998474121094,34.849998474121094,6428900,2.438,2020-02-04,05,2020,4,Tuesday,0.332,1.5434641233277824
32.60689926147461,35.15999984741211,35.40999984741211,35.150001525878906,35.31999969482422,2938700,0.832,2020-02-05,05,2020,5,Wednesday,0.332,1.5434641233277824
32.857295989990234,35.43000030517578,35.56999969482422,35.38999938964844,35.56999969482422,4296400,0.768,2020-02-06,05,2020,6,Thursday,0.332,1.5434641233277824
32.504886627197266,35.04999923706055,35.20000076293945,35.040000915527344,35.130001068115234,2430000,-1.073,2020-02-07,05,2020,7,Friday,0.332,1.5434641233277824
32.681087493896484,35.2400016784668,35.27000045776367,35.060001373291016,35.060001373291016,2050800,0.542,2020-02-10,06,2020,10,Monday,0.03660000000000001,0.7802572011843274
32.89439010620117,35.470001220703125,35.58000183105469,35.40999984741211,35.459999084472656,2823100,0.653,2020-02-11,06,2020,11,Tuesday,0.03660000000000001,0.7802572011843274
33.09840774536133,35.689998626708984,35.70000076293945,35.560001373291016,35.56999969482422,2896500,0.62,2020-02-12,06,2020,12,Wednesday,0.03660000000000001,0.7802572011843274
32.81092834472656,35.380001068115234,35.58000183105469,35.349998474121094,35.5,5848000,-0.869,2020-02-13,06,2020,13,Thursday,0.03660000000000001,0.7802572011843274
32.56053161621094,35.11000061035156,35.400001525878906,35.099998474121094,35.38999938964844,5073000,-0.763,2020-02-14,06,2020,14,Friday,0.03660000000000001,0.7802572011843274
32.356502532958984,34.88999938964844,35.06999969482422,34.880001068115234,35.0,4612800,-0.627,2020-02-18,07,2020,18,Tuesday,-0.20350000000000001,1.0062380434072247
32.72745895385742,35.290000915527344,35.41999816894531,35.27000045776367,35.349998474121094,3074300,1.146,2020-02-19,07,2020,19,Wednesday,-0.20350000000000001,1.0062380434072247
32.32868194580078,34.86000061035156,35.099998474121094,34.83000183105469,35.029998779296875,3955900,-1.218,2020-02-20,07,2020,20,Thursday,-0.20350000000000001,1.0062380434072247
32.29158401489258,34.81999969482422,34.95000076293945,34.7599983215332,34.79999923706055,2441000,-0.115,2020-02-21,07,2020,21,Friday,-0.20350000000000001,1.0062380434072247
31.410568237304688,33.869998931884766,34.040000915527344,33.720001220703125,33.83000183105469,7106000,-2.728,2020-02-24,08,2020,24,Monday,-1.5501999999999998,1.40809417298702
31.280736923217773,33.72999954223633,34.310001373291016,33.68000030517578,34.27000045776367,8665600,-0.413,2020-02-25,08,2020,25,Tuesday,-1.5501999999999998,1.40809417298702
31.336380004882812,33.790000915527344,34.099998474121094,33.77000045776367,33.939998626708984,7611100,0.178,2020-02-26,08,2020,26,Wednesday,-1.5501999999999998,1.40809417298702
30.789220809936523,33.20000076293945,33.529998779296875,33.16999816894531,33.369998931884766,8116700,-1.746,2020-02-27,08,2020,27,Thursday,-1.5501999999999998,1.40809417298702
29.852561950683594,32.189998626708984,32.29999923706055,31.520000457763672,31.719999313354492,19086900,-3.042,2020-02-28,08,2020,28,Friday,-1.5501999999999998,1.40809417298702
29.713451385498047,32.040000915527344,32.099998474121094,31.5,31.6200008392334,14313700,-0.466,2020-03-02,09,2020,2,Monday,-0.9513999999999999,1.6642802648592576
29.639263153076172,31.959999084472656,32.63999938964844,31.829999923706055,32.02000045776367,13304200,-0.25,2020-03-03,09,2020,3,Tuesday,-0.9513999999999999,1.6642802648592576
29.667085647583008,31.989999771118164,32.06999969482422,31.790000915527344,31.979999542236328,8405000,0.094,2020-03-04,09,2020,4,Wednesday,-0.9513999999999999,1.6642802648592576
28.50785255432129,30.739999771118164,31.90999984741211,30.549999237060547,31.799999237060547,13964300,-3.907,2020-03-05,09,2020,5,Thursday,-0.9513999999999999,1.6642802648592576
28.442934036254883,30.670000076293945,30.850000381469727,30.43000030517578,30.670000076293945,9201000,-0.228,2020-03-06,09,2020,6,Friday,-0.9513999999999999,1.6642802648592576
26.894197463989258,29.0,29.229999542236328,28.43000030517578,28.43000030517578,11757500,-5.445,2020-03-09,10,2020,9,Monday,-1.2254,9.563869316338446
27.775217056274414,29.950000762939453,29.979999542236328,29.200000762939453,29.670000076293945,9845300,3.276,2020-03-10,10,2020,10,Tuesday,-1.2254,9.563869316338446
26.551063537597656,28.6299991607666,29.479999542236328,28.6200008392334,29.329999923706055,14425500,-4.407,2020-03-11,10,2020,11,Wednesday,-1.2254,9.563869316338446
23.286664962768555,25.110000610351562,26.1200008392334,24.139999389648438,26.0,14635800,-12.295,2020-03-12,10,2020,12,Thursday,-1.2254,9.563869316338446
26.254302978515625,28.309999465942383,28.68000030517578,26.8799991607666,28.15999984741211,9428000,12.744,2020-03-13,10,2020,13,Friday,-1.2254,9.563869316338446
22.20162582397461,23.940000534057617,25.899999618530273,23.139999389648438,25.15999984741211,9576400,-15.436,2020-03-16,11,2020,16,Monday,-3.5888,10.102965539879863
24.418075561523438,26.329999923706055,26.329999923706055,24.920000076293945,25.25,9986000,9.983,2020-03-17,11,2020,17,Tuesday,-3.5888,10.102965539879863
21.654468536376953,23.350000381469727,24.729999542236328,23.149999618530273,23.700000762939453,10039700,-11.318,2020-03-18,11,2020,18,Wednesday,-3.5888,10.102965539879863
21.15367889404297,22.809999465942383,23.15999984741211,22.3700008392334,23.059999465942383,12316300,-2.313,2020-03-19,11,2020,19,Thursday,-3.5888,10.102965539879863
21.39479637145996,23.06999969482422,24.1299991607666,22.8700008392334,24.040000915527344,17723400,1.14,2020-03-20,11,2020,20,Friday,-3.5888,10.102965539879863
19.011415481567383,20.5,21.649999618530273,20.479999542236328,21.399999618530273,19051400,-11.14,2020-03-23,12,2020,23,Monday,0.8986000000000001,8.921351455917428
20.059362411499023,21.6299991607666,21.969999313354492,20.84000015258789,21.6299991607666,11410300,5.512,2020-03-24,12,2020,24,Tuesday,0.8986000000000001,8.921351455917428
21.589550018310547,23.280000686645508,23.5,22.3799991607666,22.40999984741211,10203900,7.628,2020-03-25,12,2020,25,Wednesday,0.8986000000000001,8.921351455917428
23.435049057006836,25.270000457763672,25.270000457763672,24.399999618530273,24.520000457763672,10112300,8.548,2020-03-26,12,2020,26,Thursday,0.8986000000000001,8.921351455917428
22.016145706176758,23.739999771118164,24.149999618530273,23.440000534057617,23.639999389648438,8070500,-6.055,2020-03-27,12,2020,27,Friday,0.8986000000000001,8.921351455917428
21.886316299438477,23.600000381469727,23.600000381469727,22.989999771118164,23.290000915527344,7665200,-0.59,2020-03-30,13,2020,30,Monday,-1.4286,4.227759844172798
22.359281539916992,24.110000610351562,24.469999313354492,23.8700008392334,24.09000015258789,10298500,2.161,2020-03-31,13,2020,31,Tuesday,-1.4286,4.227759844172798
20.708532333374023,22.329999923706055,22.90999984741211,22.329999923706055,22.829999923706055,7727500,-7.383,2020-04-01,13,2020,1,Wednesday,-1.4286,4.227759844172798
21.246416091918945,22.90999984741211,23.149999618530273,22.479999542236328,22.709999084472656,9119300,2.597,2020-04-02,13,2020,2,Thursday,-1.4286,4.227759844172798
20.41176986694336,22.010000228881836,22.690000534057617,21.920000076293945,22.610000610351562,4746600,-3.928,2020-04-03,13,2020,3,Friday,-1.4286,4.227759844172798
21.951231002807617,23.670000076293945,23.68000030517578,22.920000076293945,22.989999771118164,8111000,7.542,2020-04-06,14,2020,6,Monday,3.73375,2.719186934238493
22.59112548828125,24.360000610351562,25.170000076293945,24.280000686645508,25.149999618530273,6570200,2.915,2020-04-07,14,2020,7,Tuesday,3.73375,2.719186934238493
23.351585388183594,25.18000030517578,25.18000030517578,24.520000457763672,24.530000686645508,5529800,3.366,2020-04-08,14,2020,8,Wednesday,3.73375,2.719186934238493
23.611251831054688,25.459999084472656,25.950000762939453,25.329999923706055,25.670000076293945,7643300,1.112,2020-04-09,14,2020,9,Thursday,3.73375,2.719186934238493
23.397953033447266,25.229999542236328,25.34000015258789,24.93000030517578,25.270000457763672,4256200,-0.903,2020-04-13,15,2020,13,Monday,0.41340000000000005,3.4024436512600764
24.093490600585938,25.979999542236328,26.280000686645508,25.799999237060547,25.8799991607666,6039500,2.973,2020-04-14,15,2020,14,Tuesday,0.41340000000000005,3.4024436512600764
22.943532943725586,24.739999771118164,25.030000686645508,24.719999313354492,24.979999542236328,6057000,-4.773,2020-04-15,15,2020,15,Wednesday,0.41340000000000005,3.4024436512600764
23.193925857543945,25.010000228881836,25.299999237060547,24.950000762939453,25.209999084472656,8908100,1.091,2020-04-16,15,2020,16,Thursday,0.41340000000000005,3.4024436512600764
24.047122955322266,25.93000030517578,26.100000381469727,25.760000228881836,26.020000457763672,8715900,3.679,2020-04-17,15,2020,17,Friday,0.41340000000000005,3.4024436512600764
23.62052345275879,25.469999313354492,25.850000381469727,25.389999389648438,25.639999389648438,4999300,-1.774,2020-04-20,16,2020,20,Monday,-0.08960000000000001,3.257489109728535
22.878618240356445,24.670000076293945,24.969999313354492,24.649999618530273,24.75,4415600,-3.141,2020-04-21,16,2020,21,Tuesday,-0.08960000000000001,3.257489109728535
24.07494354248047,25.959999084472656,25.959999084472656,25.780000686645508,25.950000762939453,6372200,5.229,2020-04-22,16,2020,22,Wednesday,-0.08960000000000001,3.257489109728535
24.21405601501465,26.110000610351562,26.65999984741211,26.040000915527344,26.389999389648438,4451000,0.578,2020-04-23,16,2020,23,Thursday,-0.08960000000000001,3.257489109728535
23.889469146728516,25.760000228881836,25.84000015258789,25.549999237060547,25.780000686645508,5219800,-1.34,2020-04-24,16,2020,24,Friday,-0.08960000000000001,3.257489109728535
24.687023162841797,26.6200008392334,26.649999618530273,26.100000381469727,26.1200008392334,7736000,3.339,2020-04-27,17,2020,27,Monday,0.3968000000000001,3.247547105124112
24.622100830078125,26.549999237060547,26.8799991607666,26.489999771118164,26.8799991607666,3483000,-0.263,2020-04-28,17,2020,28,Tuesday,0.3968000000000001,3.247547105124112
25.65150260925293,27.65999984741211,27.68000030517578,27.040000915527344,27.1299991607666,6008000,4.181,2020-04-29,17,2020,29,Wednesday,0.3968000000000001,3.247547105124112
25.08579444885254,27.049999237060547,27.760000228881836,27.049999237060547,27.65999984741211,4811800,-2.205,2020-04-30,17,2020,30,Thursday,0.3968000000000001,3.247547105124112
24.31606674194336,26.219999313354492,26.510000228881836,26.0,26.420000076293945,5322500,-3.068,2020-05-01,17,2020,1,Friday,0.3968000000000001,3.247547105124112
24.66847038269043,26.600000381469727,26.600000381469727,26.209999084472656,26.31999969482422,4671600,1.449,2020-05-04,18,2020,4,Monday,0.4008,1.9292335783932437
24.186233520507812,26.079999923706055,26.450000762939453,26.079999923706055,26.31999969482422,5884100,-1.955,2020-05-05,18,2020,5,Tuesday,0.4008,1.9292335783932437
23.843095779418945,25.709999084472656,26.1299991607666,25.649999618530273,26.100000381469727,3927800,-1.419,2020-05-06,18,2020,6,Wednesday,0.4008,1.9292335783932437
24.278968811035156,26.18000030517578,26.270000457763672,26.030000686645508,26.1200008392334,4212800,1.828,2020-05-07,18,2020,7,Thursday,0.4008,1.9292335783932437
24.789031982421875,26.729999542236328,26.729999542236328,26.360000610351562,26.40999984741211,3437900,2.101,2020-05-08,18,2020,8,Friday,0.4008,1.9292335783932437
24.334611892700195,26.239999771118164,26.469999313354492,26.239999771118164,26.309999465942383,3146000,-1.833,2020-05-11,19,2020,11,Monday,-0.5250000000000001,2.965945043320931
25.391834259033203,27.3799991607666,28.049999237060547,26.610000610351562,26.610000610351562,10985700,4.345,2020-05-12,19,2020,12,Tuesday,-0.5250000000000001,2.965945043320931
24.594282150268555,26.520000457763672,27.1299991607666,26.399999618530273,27.110000610351562,6305100,-3.141,2020-05-13,19,2020,13,Wednesday,-0.5250000000000001,2.965945043320931
24.622100830078125,26.549999237060547,26.56999969482422,25.469999313354492,25.8700008392334,6603200,0.113,2020-05-14,19,2020,14,Thursday,-0.5250000000000001,2.965945043320931
24.102766036987305,25.989999771118164,26.09000015258789,25.829999923706055,25.889999389648438,4665000,-2.109,2020-05-15,19,2020,15,Friday,-0.5250000000000001,2.965945043320931
24.3902587890625,26.299999237060547,26.31999969482422,25.770000457763672,25.780000686645508,7031200,1.193,2020-05-18,20,2020,18,Monday,0.11819999999999997,2.145441609552681
23.703990936279297,25.559999465942383,25.829999923706055,25.559999465942383,25.790000915527344,4644500,-2.814,2020-05-19,20,2020,19,Tuesday,0.11819999999999997,2.145441609552681
24.408802032470703,26.31999969482422,26.469999313354492,26.200000762939453,26.309999465942383,5008900,2.973,2020-05-20,20,2020,20,Wednesday,0.11819999999999997,2.145441609552681
24.297517776489258,26.200000762939453,26.510000228881836,26.139999389648438,26.389999389648438,6375700,-0.456,2020-05-21,20,2020,21,Thursday,0.11819999999999997,2.145441609552681
24.22332763671875,26.1200008392334,26.18000030517578,25.950000762939453,26.139999389648438,3030100,-0.305,2020-05-22,20,2020,22,Friday,0.11819999999999997,2.145441609552681
24.20478057861328,26.100000381469727,26.420000076293945,26.059999465942383,26.25,4031900,-0.077,2020-05-26,21,2020,26,Tuesday,1.2905,1.0635984517977952
24.575733184814453,26.5,26.520000457763672,26.15999984741211,26.520000457763672,4385300,1.533,2020-05-27,21,2020,27,Wednesday,1.2905,1.0635984517977952
24.87249755859375,26.81999969482422,27.15999984741211,26.770000457763672,27.049999237060547,6525400,1.208,2020-05-28,21,2020,28,Thursday,1.2905,1.0635984517977952
25.493846893310547,27.489999771118164,27.489999771118164,27.059999465942383,27.190000534057617,9627600,2.498,2020-05-29,21,2020,29,Friday,1.2905,1.0635984517977952
26.14301872253418,28.190000534057617,28.209999084472656,27.829999923706055,28.0,6376100,2.546,2020-06-01,22,2020,1,Monday,1.2475999999999998,1.7797837790023823
26.75509262084961,28.850000381469727,28.889999389648438,28.489999771118164,28.639999389648438,8867200,2.341,2020-06-02,22,2020,2,Tuesday,1.2475999999999998,1.7797837790023823
26.884923934936523,28.989999771118164,29.020000457763672,28.709999084472656,28.790000915527344,5234600,0.485,2020-06-03,22,2020,3,Wednesday,1.2475999999999998,1.7797837790023823
26.46760368347168,28.540000915527344,28.860000610351562,28.450000762939453,28.68000030517578,5552900,-1.552,2020-06-04,22,2020,4,Thursday,1.2475999999999998,1.7797837790023823
27.10749626159668,29.229999542236328,29.399999618530273,29.06999969482422,29.100000381469727,5375200,2.418,2020-06-05,22,2020,5,Friday,1.2475999999999998,1.7797837790023823
27.16314125061035,29.290000915527344,29.290000915527344,28.860000610351562,29.059999465942383,2909500,0.205,2020-06-08,23,2020,8,Monday,-0.5932000000000001,4.793884354049439
26.708721160888672,28.799999237060547,28.8799991607666,28.549999237060547,28.770000457763672,3652500,-1.673,2020-06-09,23,2020,9,Tuesday,-0.5932000000000001,4.793884354049439
26.91274642944336,29.020000457763672,29.040000915527344,28.600000381469727,28.950000762939453,4114900,0.764,2020-06-10,23,2020,10,Wednesday,-0.5932000000000001,4.793884354049439
24.826128005981445,26.770000457763672,27.899999618530273,26.760000228881836,27.81999969482422,17101900,-7.753,2020-06-11,23,2020,11,Thursday,-0.5932000000000001,4.793884354049439
26.18938636779785,28.239999771118164,28.299999237060547,27.719999313354492,28.209999084472656,12432500,5.491,2020-06-12,23,2020,12,Friday,-0.5932000000000001,4.793884354049439
26.232158660888672,28.209999084472656,28.329999923706055,27.6200008392334,27.690000534057617,6184300,0.163,2020-06-15,24,2020,15,Monday,0.35619999999999996,1.2701049956598076
25.776512145996094,27.719999313354492,28.3799991607666,27.540000915527344,28.309999465942383,8978000,-1.737,2020-06-16,24,2020,16,Tuesday,0.35619999999999996,1.2701049956598076
26.00898551940918,27.969999313354492,28.229999542236328,27.8799991607666,28.030000686645508,6464300,0.902,2020-06-17,24,2020,17,Wednesday,0.35619999999999996,1.2701049956598076
26.241458892822266,28.219999313354492,28.31999969482422,28.09000015258789,28.15999984741211,4435200,0.894,2020-06-18,24,2020,18,Thursday,0.35619999999999996,1.2701049956598076
26.650609970092773,28.65999984741211,28.8799991607666,28.479999542236328,28.8799991607666,8041900,1.559,2020-06-19,24,2020,19,Friday,0.35619999999999996,1.2701049956598076
27.301530838012695,29.360000610351562,29.43000030517578,29.09000015258789,29.1200008392334,4515400,2.442,2020-06-22,25,2020,22,Monday,0.2852000000000001,1.9054109005671191
27.561901092529297,29.639999389648438,29.899999618530273,29.59000015258789,29.739999771118164,2914300,0.954,2020-06-23,25,2020,23,Tuesday,0.2852000000000001,1.9054109005671191
26.920278549194336,28.950000762939453,29.31999969482422,28.8799991607666,29.290000915527344,4482300,-2.328,2020-06-24,25,2020,24,Wednesday,0.2852000000000001,1.9054109005671191
27.273635864257812,29.329999923706055,29.329999923706055,29.020000457763672,29.030000686645508,4521600,1.313,2020-06-25,25,2020,25,Thursday,0.2852000000000001,1.9054109005671191
27.013263702392578,29.049999237060547,29.290000915527344,28.940000534057617,29.229999542236328,4009700,-0.955,2020-06-26,25,2020,26,Friday,0.2852000000000001,1.9054109005671191
27.162050247192383,29.209999084472656,29.260000228881836,28.969999313354492,29.040000915527344,3787400,0.551,2020-06-29,26,2020,29,Monday,1.125,1.4429231903789383
26.985368728637695,29.020000457763672,29.200000762939453,28.8799991607666,29.18000030517578,4055200,-0.65,2020-06-30,26,2020,30,Tuesday,1.125,1.4429231903789383
27.589799880981445,29.670000076293945,29.709999084472656,29.209999084472656,29.209999084472656,5347800,2.24,2020-07-01,26,2020,1,Wednesday,1.125,1.4429231903789383
28.240720748901367,30.3700008392334,30.610000610351562,30.260000228881836,30.270000457763672,6341700,2.359,2020-07-02,26,2020,2,Thursday,1.125,1.4429231903789383
28.835851669311523,31.010000228881836,31.09000015258789,30.8799991607666,30.969999313354492,2943400,2.107,2020-07-06,27,2020,6,Monday,0.27320000000000005,1.063675561437791
28.66847038269043,30.829999923706055,31.139999389648438,30.790000915527344,30.959999084472656,4770200,-0.58,2020-07-07,27,2020,7,Tuesday,0.27320000000000005,1.063675561437791
28.575477600097656,30.729999542236328,30.790000915527344,30.43000030517578,30.5,4716000,-0.324,2020-07-08,27,2020,8,Wednesday,0.27320000000000005,1.063675561437791
28.612674713134766,30.770000457763672,30.989999771118164,30.549999237060547,30.940000534057617,3559600,0.13,2020-07-09,27,2020,9,Thursday,0.27320000000000005,1.063675561437791
28.62197494506836,30.780000686645508,30.809999465942383,30.6200008392334,30.75,2192900,0.033,2020-07-10,27,2020,10,Friday,0.27320000000000005,1.063675561437791
28.649869918823242,30.809999465942383,31.219999313354492,30.780000686645508,30.979999542236328,3971000,0.097,2020-07-13,28,2020,13,Monday,0.4726,0.8609403579807373
28.4545955657959,30.600000381469727,30.6200008392334,30.100000381469727,30.209999084472656,4567200,-0.682,2020-07-14,28,2020,14,Tuesday,0.4726,0.8609403579807373
28.594079971313477,30.75,30.8700008392334,30.65999984741211,30.729999542236328,2647100,0.49,2020-07-15,28,2020,15,Wednesday,0.4726,0.8609403579807373
28.82655143737793,31.0,31.010000228881836,30.780000686645508,30.809999465942383,3495100,0.813,2020-07-16,28,2020,16,Thursday,0.4726,0.8609403579807373
29.30079460144043,31.510000228881836,31.610000610351562,31.360000610351562,31.530000686645508,3313000,1.645,2020-07-17,28,2020,17,Friday,0.4726,0.8609403579807373
29.709943771362305,31.950000762939453,31.979999542236328,31.6299991607666,31.690000534057617,3470700,1.396,2020-07-20,29,2020,20,Monday,0.44239999999999996,0.7438550261979817
29.87732696533203,32.130001068115234,32.279998779296875,32.099998474121094,32.18000030517578,3000100,0.563,2020-07-21,29,2020,21,Tuesday,0.44239999999999996,0.7438550261979817
29.886621475219727,32.13999938964844,32.20000076293945,31.979999542236328,32.15999984741211,2351400,0.031,2020-07-22,29,2020,22,Wednesday,0.44239999999999996,0.7438550261979817
29.719242095947266,31.959999084472656,32.279998779296875,31.920000076293945,32.150001525878906,2740000,-0.56,2020-07-23,29,2020,23,Thursday,0.44239999999999996,0.7438550261979817
29.95171546936035,32.209999084472656,32.29999923706055,32.029998779296875,32.08000183105469,3407400,0.782,2020-07-24,29,2020,24,Friday,0.44239999999999996,0.7438550261979817
30.174888610839844,32.45000076293945,32.459999084472656,32.150001525878906,32.189998626708984,4183100,0.745,2020-07-27,30,2020,27,Monday,-0.1656,0.7837504704942766
30.277175903320312,32.560001373291016,32.720001220703125,32.5099983215332,32.619998931884766,2347900,0.339,2020-07-28,30,2020,28,Tuesday,-0.1656,0.7837504704942766
30.286474227905273,32.56999969482422,32.630001068115234,32.400001525878906,32.470001220703125,3838900,0.031,2020-07-29,30,2020,29,Wednesday,-0.1656,0.7837504704942766
29.95171546936035,32.209999084472656,32.36000061035156,31.90999984741211,32.36000061035156,4800200,-1.105,2020-07-30,30,2020,30,Thursday,-0.1656,0.7837504704942766
29.70064353942871,31.940000534057617,32.349998474121094,31.770000457763672,32.33000183105469,4798600,-0.838,2020-07-31,30,2020,31,Friday,-0.1656,0.7837504704942766
29.57975959777832,31.809999465942383,31.920000076293945,31.68000030517578,31.75,6119300,-0.407,2020-08-03,31,2020,3,Monday,0.48719999999999997,0.9281563445885612
30.10979461669922,32.380001068115234,32.400001525878906,32.11000061035156,32.11000061035156,3764100,1.792,2020-08-04,31,2020,4,Tuesday,0.48719999999999997,0.9281563445885612
30.249279022216797,32.529998779296875,32.66999816894531,32.38999938964844,32.38999938964844,2849600,0.463,2020-08-05,31,2020,5,Wednesday,0.48719999999999997,0.9281563445885612
30.537546157836914,32.84000015258789,32.849998474121094,32.630001068115234,32.65999984741211,2701300,0.953,2020-08-06,31,2020,6,Thursday,0.48719999999999997,0.9281563445885612
30.42595672607422,32.720001220703125,32.79999923706055,32.560001373291016,32.66999816894531,2431600,-0.365,2020-08-07,31,2020,7,Friday,0.48719999999999997,0.9281563445885612
30.74211883544922,33.060001373291016,33.09000015258789,32.86000061035156,32.959999084472656,2242700,1.039,2020-08-10,32,2020,10,Monday,0.13099999999999998,0.8538960709594581
30.565439224243164,32.869998931884766,33.220001220703125,32.81999969482422,33.189998626708984,2934800,-0.575,2020-08-11,32,2020,11,Tuesday,0.13099999999999998,0.8538960709594581
30.890901565551758,33.220001220703125,33.2599983215332,33.04999923706055,33.060001373291016,2785200,1.065,2020-08-12,32,2020,12,Wednesday,0.13099999999999998,0.8538960709594581
30.69562339782715,33.0099983215332,33.16999816894531,32.970001220703125,33.08000183105469,1842000,-0.632,2020-08-13,32,2020,13,Thursday,0.13099999999999998,0.8538960709594581
30.621234893798828,32.93000030517578,33.0,32.7599983215332,32.79999923706055,1296900,-0.242,2020-08-14,32,2020,14,Friday,0.13099999999999998,0.8538960709594581
30.863004684448242,33.189998626708984,33.2400016784668,33.0099983215332,33.11000061035156,2085600,0.79,2020-08-17,33,2020,17,Monday,0.09959999999999997,0.796155324041735
31.12337303161621,33.470001220703125,33.4900016784668,33.209999084472656,33.439998626708984,3335100,0.844,2020-08-18,33,2020,18,Tuesday,0.09959999999999997,0.796155324041735
30.788612365722656,33.11000061035156,33.38999938964844,33.08000183105469,33.38999938964844,2218900,-1.076,2020-08-19,33,2020,19,Wednesday,0.09959999999999997,0.796155324041735
30.84440803527832,33.16999816894531,33.22999954223633,32.7599983215332,32.810001373291016,2539500,0.181,2020-08-20,33,2020,20,Thursday,0.09959999999999997,0.796155324041735
30.770017623901367,33.09000015258789,33.15999984741211,32.91999816894531,33.02000045776367,3803000,-0.241,2020-08-21,33,2020,21,Friday,0.09959999999999997,0.796155324041735
31.244258880615234,33.599998474121094,33.68000030517578,33.470001220703125,33.65999984741211,3146600,1.541,2020-08-24,34,2020,24,Monday,0.8812,0.7471918762941685
31.3000545501709,33.65999984741211,33.65999984741211,33.459999084472656,33.560001373291016,1865300,0.179,2020-08-25,34,2020,25,Tuesday,0.8812,0.7471918762941685
31.504627227783203,33.880001068115234,33.880001068115234,33.68000030517578,33.709999084472656,3304600,0.654,2020-08-26,34,2020,26,Wednesday,0.8812,0.7471918762941685
31.57901954650879,33.959999084472656,34.25,33.81999969482422,34.0,4491200,0.236,2020-08-27,34,2020,27,Thursday,0.8812,0.7471918762941685
32.14624786376953,34.56999969482422,34.56999969482422,34.38999938964844,34.45000076293945,4083100,1.796,2020-08-28,34,2020,28,Friday,0.8812,0.7471918762941685
31.030384063720703,33.369998931884766,33.52000045776367,33.209999084472656,33.52000045776367,6372400,-3.471,2020-08-31,35,2020,31,Monday,-0.6528,1.967825373349983
31.597618103027344,33.97999954223633,34.029998779296875,33.84000015258789,33.91999816894531,5079000,1.828,2020-09-01,35,2020,1,Tuesday,-0.6528,1.967825373349983
31.681306838989258,34.06999969482422,34.06999969482422,33.72999954223633,33.91999816894531,4241600,0.265,2020-09-02,35,2020,2,Wednesday,-0.6528,1.967825373349983
31.244258880615234,33.599998474121094,34.099998474121094,33.5,33.97999954223633,5895200,-1.38,2020-09-03,35,2020,3,Thursday,-0.6528,1.967825373349983
31.086177825927734,33.43000030517578,33.7400016784668,33.119998931884766,33.5,6351300,-0.506,2020-09-04,35,2020,4,Friday,-0.6528,1.967825373349983
30.677032470703125,32.9900016784668,33.27000045776367,32.869998931884766,33.060001373291016,7393400,-1.316,2020-09-08,36,2020,8,Tuesday,0.3485,1.296959649847802
31.244258880615234,33.599998474121094,33.66999816894531,33.43000030517578,33.43000030517578,3046900,1.849,2020-09-09,36,2020,9,Wednesday,0.3485,1.296959649847802
31.355846405029297,33.720001220703125,34.20000076293945,33.66999816894531,34.130001068115234,4661300,0.357,2020-09-10,36,2020,10,Thursday,0.3485,1.296959649847802
31.513925552368164,33.88999938964844,34.130001068115234,33.81999969482422,34.04999923706055,3147500,0.504,2020-09-11,36,2020,11,Friday,0.3485,1.296959649847802
31.876583099365234,34.279998779296875,34.310001373291016,34.130001068115234,34.130001068115234,3636300,1.151,2020-09-14,37,2020,14,Monday,0.231,0.7027528014885462
31.9788761138916,34.38999938964844,34.45000076293945,34.279998779296875,34.279998779296875,2282800,0.321,2020-09-15,37,2020,15,Tuesday,0.231,0.7027528014885462
32.136959075927734,34.560001373291016,34.84000015258789,34.4900016784668,34.5,5405700,0.494,2020-09-16,37,2020,16,Wednesday,0.231,0.7027528014885462
32.11835479736328,34.540000915527344,34.540000915527344,34.209999084472656,34.27000045776367,3100700,-0.058,2020-09-17,37,2020,17,Thursday,0.231,0.7027528014885462
31.876583099365234,34.279998779296875,34.470001220703125,34.2400016784668,34.459999084472656,3265200,-0.753,2020-09-18,37,2020,18,Friday,0.231,0.7027528014885462
31.42093849182129,33.790000915527344,33.79999923706055,33.34000015258789,33.56999969482422,5454300,-1.429,2020-09-21,38,2020,21,Monday,-0.7130000000000001,1.5165350309175187
31.095478057861328,33.439998626708984,33.54999923706055,33.20000076293945,33.529998779296875,3164400,-1.036,2020-09-22,38,2020,22,Tuesday,-0.7130000000000001,1.5165350309175187
30.60263442993164,32.90999984741211,33.209999084472656,32.88999938964844,33.18000030517578,4007600,-1.585,2020-09-23,38,2020,23,Wednesday,-0.7130000000000001,1.5165350309175187
30.146989822387695,32.41999816894531,32.61000061035156,32.060001373291016,32.099998474121094,6152600,-1.489,2020-09-24,38,2020,24,Thursday,-0.7130000000000001,1.5165350309175187
30.74211883544922,33.060001373291016,33.09000015258789,32.66999816894531,32.900001525878906,4135600,1.974,2020-09-25,38,2020,25,Friday,-0.7130000000000001,1.5165350309175187
31.21636390686035,33.56999969482422,33.66999816894531,33.459999084472656,33.58000183105469,2860500,1.543,2020-09-28,39,2020,28,Monday,0.6136,0.9938655844730715
31.244258880615234,33.599998474121094,33.70000076293945,33.52000045776367,33.529998779296875,3199200,0.089,2020-09-29,39,2020,29,Tuesday,0.6136,0.9938655844730715
31.48603057861328,33.86000061035156,34.02000045776367,33.779998779296875,33.81999969482422,4205800,0.774,2020-09-30,39,2020,30,Wednesday,0.6136,0.9938655844730715
31.950979232788086,34.36000061035156,34.380001068115234,34.08000183105469,34.25,3842100,1.477,2020-10-01,39,2020,1,Thursday,0.6136,0.9938655844730715
31.690608978271484,34.08000183105469,34.209999084472656,33.75,33.790000915527344,2963900,-0.815,2020-10-02,39,2020,2,Friday,0.6136,0.9938655844730715
32.28573989868164,34.720001220703125,34.7400016784668,34.529998779296875,34.560001373291016,3398200,1.878,2020-10-05,40,2020,5,Monday,0.8728,0.7026141900075745
32.350826263427734,34.790000915527344,35.029998779296875,34.72999954223633,34.9900016784668,4366900,0.202,2020-10-06,40,2020,6,Tuesday,0.8728,0.7026141900075745
32.67628860473633,35.13999938964844,35.22999954223633,35.11000061035156,35.150001525878906,6992300,1.006,2020-10-07,40,2020,7,Wednesday,0.8728,0.7026141900075745
32.74138259887695,35.209999084472656,35.34000015258789,35.15999984741211,35.22999954223633,6321800,0.199,2020-10-08,40,2020,8,Thursday,0.8728,0.7026141900075745
33.0947380065918,35.59000015258789,35.630001068115234,35.349998474121094,35.5,2862100,1.079,2020-10-09,40,2020,9,Friday,0.8728,0.7026141900075745
32.93665313720703,35.41999816894531,35.529998779296875,35.29999923706055,35.34000015258789,2846900,-0.478,2020-10-12,41,2020,12,Monday,-0.4264,1.0553398978528197
32.68558883666992,35.150001525878906,35.25,35.06999969482422,35.25,6282000,-0.762,2020-10-13,41,2020,13,Tuesday,-0.4264,1.0553398978528197
32.96455383300781,35.45000076293945,35.63999938964844,35.380001068115234,35.47999954223633,3286400,0.853,2020-10-14,41,2020,14,Wednesday,-0.4264,1.0553398978528197
32.32292938232422,34.7599983215332,34.779998779296875,34.540000915527344,34.54999923706055,4409900,-1.946,2020-10-15,41,2020,15,Thursday,-0.4264,1.0553398978528197
32.38802719116211,34.83000183105469,34.93000030517578,34.72999954223633,34.810001373291016,2540400,0.201,2020-10-16,41,2020,16,Friday,-0.4264,1.0553398978528197
32.471710205078125,34.91999816894531,35.150001525878906,34.86000061035156,35.029998779296875,2286300,0.258,2020-10-19,42,2020,19,Monday,0.09240000000000001,0.4309690244089475
32.58330535888672,35.040000915527344,35.220001220703125,34.9900016784668,35.060001373291016,3154500,0.344,2020-10-20,42,2020,20,Tuesday,0.09240000000000001,0.4309690244089475
32.5554084777832,35.0099983215332,35.13999938964844,34.869998931884766,34.88999938964844,3041300,-0.086,2020-10-21,42,2020,21,Wednesday,0.09240000000000001,0.4309690244089475
32.36943054199219,34.810001373291016,34.95000076293945,34.689998626708984,34.95000076293945,5256700,-0.571,2020-10-22,42,2020,22,Thursday,0.09240000000000001,0.4309690244089475
32.536808013916016,34.9900016784668,35.029998779296875,34.75,34.91999816894531,2585600,0.517,2020-10-23,42,2020,23,Friday,0.09240000000000001,0.4309690244089475
31.876583099365234,34.279998779296875,34.459999084472656,34.18000030517578,34.31999969482422,5075300,-2.029,2020-10-26,43,2020,26,Monday,-0.8032,1.57415221627389
32.11835479736328,34.540000915527344,34.65999984741211,34.459999084472656,34.59000015258789,3906300,0.758,2020-10-27,43,2020,27,Tuesday,-0.8032,1.57415221627389
31.188467025756836,33.540000915527344,33.9900016784668,33.5099983215332,33.900001525878906,6895300,-2.895,2020-10-28,43,2020,28,Wednesday,-0.8032,1.57415221627389
31.262859344482422,33.619998931884766,33.790000915527344,33.41999816894531,33.61000061035156,6333500,0.239,2020-10-29,43,2020,29,Thursday,-0.8032,1.57415221627389
31.234960556030273,33.59000015258789,33.810001373291016,33.38999938964844,33.77000045776367,3934300,-0.089,2020-10-30,43,2020,30,Friday,-0.8032,1.57415221627389
31.32794761657715,33.689998626708984,33.709999084472656,33.38999938964844,33.459999084472656,3796600,0.298,2020-11-02,44,2020,2,Monday,1.1782,0.8977205578575107
31.560420989990234,33.939998626708984,33.97999954223633,33.779998779296875,33.83000183105469,4064100,0.742,2020-11-03,44,2020,3,Tuesday,1.1782,0.8977205578575107
32.397315979003906,34.84000015258789,35.029998779296875,34.279998779296875,34.400001525878906,4760400,2.652,2020-11-04,44,2020,4,Wednesday,1.1782,0.8977205578575107
32.815773010253906,35.290000915527344,35.29999923706055,35.06999969482422,35.150001525878906,3382500,1.292,2020-11-05,44,2020,5,Thursday,1.1782,0.8977205578575107
33.11333465576172,35.61000061035156,35.650001525878906,35.380001068115234,35.41999816894531,3487400,0.907,2020-11-06,44,2020,6,Friday,1.1782,0.8977205578575107
33.89444351196289,36.45000076293945,36.900001525878906,36.33000183105469,36.869998931884766,11315800,2.359,2020-11-09,45,2020,9,Monday,0.4231999999999999,1.663124980270575
33.466697692871094,35.9900016784668,36.099998474121094,35.83000183105469,35.95000076293945,3367100,-1.262,2020-11-10,45,2020,10,Tuesday,0.4231999999999999,1.663124980270575
33.6712646484375,36.209999084472656,36.209999084472656,36.02000045776367,36.040000915527344,4511200,0.611,2020-11-11,45,2020,11,Wednesday,0.4231999999999999,1.663124980270575
33.24352264404297,35.75,36.02000045776367,35.65999984741211,35.900001525878906,3574800,-1.27,2020-11-12,45,2020,12,Thursday,0.4231999999999999,1.663124980270575
33.80145263671875,36.349998474121094,36.380001068115234,36.060001373291016,36.060001373291016,2327300,1.678,2020-11-13,45,2020,13,Friday,0.4231999999999999,1.663124980270575
34.16411209106445,36.7400016784668,36.7599983215332,36.52000045776367,36.72999954223633,3423900,1.073,2020-11-16,46,2020,16,Monday,0.0782,0.5723977637971693
34.10832214355469,36.68000030517578,36.72999954223633,36.41999816894531,36.439998626708984,3570400,-0.163,2020-11-17,46,2020,17,Tuesday,0.0782,0.5723977637971693
34.0432243347168,36.61000061035156,36.86000061035156,36.59000015258789,36.810001373291016,2782900,-0.191,2020-11-18,46,2020,18,Wednesday,0.0782,0.5723977637971693
33.92233657836914,36.47999954223633,36.529998779296875,36.29999923706055,36.380001068115234,1920100,-0.355,2020-11-19,46,2020,19,Thursday,0.0782,0.5723977637971693
33.931636810302734,36.4900016784668,36.599998474121094,36.45000076293945,36.56999969482422,1842400,0.027,2020-11-20,46,2020,20,Friday,0.0782,0.5723977637971693
34.0432243347168,36.61000061035156,36.83000183105469,36.54999923706055,36.81999969482422,2989800,0.329,2020-11-23,47,2020,23,Monday,0.3385,1.0973162716373068
34.61045837402344,37.220001220703125,37.2599983215332,36.93000030517578,37.0,6200100,1.666,2020-11-24,47,2020,24,Tuesday,0.3385,1.0973162716373068
34.25709533691406,36.84000015258789,36.91999816894531,36.66999816894531,36.68000030517578,2832700,-1.021,2020-11-25,47,2020,25,Wednesday,0.3385,1.0973162716373068
34.38728332519531,36.97999954223633,37.04999923706055,36.849998474121094,37.04999923706055,9703300,0.38,2020-11-27,47,2020,27,Friday,0.3385,1.0973162716373068
33.92233657836914,36.47999954223633,36.779998779296875,36.40999984741211,36.779998779296875,6035800,-1.352,2020-11-30,48,2020,30,Monday,0.5728,1.6684243165334174
34.9824104309082,37.619998931884766,37.65999984741211,37.31999969482422,37.40999984741211,3708400,3.125,2020-12-01,48,2020,1,Tuesday,0.5728,1.6684243165334174
34.880123138427734,37.5099983215332,37.59000015258789,37.31999969482422,37.41999816894531,3239700,-0.292,2020-12-02,48,2020,2,Wednesday,0.5728,1.6684243165334174
35.028907775878906,37.66999816894531,37.88999938964844,37.630001068115234,37.7400016784668,2392600,0.427,2020-12-03,48,2020,3,Thursday,0.5728,1.6684243165334174
35.36366653442383,38.029998779296875,38.029998779296875,37.81999969482422,37.880001068115234,2177700,0.956,2020-12-04,48,2020,4,Friday,0.5728,1.6684243165334174
35.62403869628906,38.310001373291016,38.45000076293945,38.2400016784668,38.2599983215332,1851300,0.736,2020-12-07,49,2020,7,Monday,0.2622,0.4645123249172189
35.7170295715332,38.40999984741211,38.40999984741211,38.220001220703125,38.38999938964844,3874100,0.261,2020-12-08,49,2020,8,Tuesday,0.2622,0.4645123249172189
35.68913269042969,38.380001068115234,38.66999816894531,38.189998626708984,38.66999816894531,2998400,-0.078,2020-12-09,49,2020,9,Wednesday,0.2622,0.4645123249172189
35.94020080566406,38.650001525878906,38.650001525878906,38.279998779296875,38.34000015258789,2766700,0.703,2020-12-10,49,2020,10,Thursday,0.2622,0.4645123249172189
35.82860565185547,38.529998779296875,38.630001068115234,38.459999084472656,38.56999969482422,2366500,-0.311,2020-12-11,49,2020,11,Friday,0.2622,0.4645123249172189
35.802555084228516,38.470001220703125,38.779998779296875,38.439998626708984,38.77000045776367,6055800,-0.073,2020-12-14,50,2020,14,Monday,0.4306,0.6950962523276902
36.34233474731445,39.04999923706055,39.08000183105469,38.650001525878906,38.720001220703125,5805200,1.508,2020-12-15,50,2020,15,Tuesday,0.4306,0.6950962523276902
36.29580307006836,39.0,39.119998931884766,38.91999816894531,39.029998779296875,4340000,-0.128,2020-12-16,50,2020,16,Wednesday,0.4306,0.6950962523276902
36.56570053100586,39.290000915527344,39.310001373291016,39.150001525878906,39.20000076293945,4391000,0.744,2020-12-17,50,2020,17,Thursday,0.4306,0.6950962523276902
36.60292053222656,39.33000183105469,39.439998626708984,39.279998779296875,39.349998474121094,4662600,0.102,2020-12-18,50,2020,18,Friday,0.4306,0.6950962523276902
35.365142822265625,38.0,38.130001068115234,37.7599983215332,37.81999969482422,5286600,-3.382,2020-12-21,51,2020,21,Monday,0.03924999999999995,2.3150047336164707
35.64433670043945,38.29999923706055,38.45000076293945,38.22999954223633,38.400001525878906,5955000,0.789,2020-12-22,51,2020,22,Tuesday,0.03924999999999995,2.3150047336164707
36.25857925415039,38.959999084472656,39.029998779296875,38.91999816894531,38.9900016784668,4906100,1.723,2020-12-23,51,2020,23,Wednesday,0.03924999999999995,2.3150047336164707
36.63084030151367,39.36000061035156,39.369998931884766,39.22999954223633,39.22999954223633,2924800,1.027,2020-12-24,51,2020,24,Thursday,0.03924999999999995,2.3150047336164707
36.96588134765625,39.720001220703125,39.779998779296875,39.58000183105469,39.7599983215332,4541800,0.915,2020-12-28,52,2020,28,Monday,0.54225,0.27465053552954655
37.10547637939453,39.869998931884766,39.97999954223633,39.7400016784668,39.84000015258789,6577000,0.378,2020-12-29,52,2020,29,Tuesday,0.54225,0.27465053552954655
37.31953048706055,40.099998474121094,40.220001220703125,40.060001373291016,40.11000061035156,6492800,0.577,2020-12-30,52,2020,30,Wednesday,0.54225,0.27465053552954655
37.43121337890625,40.220001220703125,40.2599983215332,39.959999084472656,40.220001220703125,4121700,0.299,2020-12-31,52,2020,31,Thursday,0.54225,0.27465053552954655
37.51497268676758,40.310001373291016,40.900001525878906,40.310001373291016,40.849998474121094,4324800,0.224,2021-01-04,01,2021,4,Monday,0.7224,1.2841862403872735
38.19435119628906,41.040000915527344,41.040000915527344,40.72999954223633,40.7599983215332,3571800,1.811,2021-01-05,01,2021,5,Tuesday,0.7224,1.2841862403872735
38.0733642578125,40.90999984741211,41.099998474121094,40.619998931884766,40.619998931884766,4333500,-0.317,2021-01-06,01,2021,6,Wednesday,0.7224,1.2841862403872735
37.896541595458984,40.720001220703125,40.849998474121094,40.66999816894531,40.709999084472656,1914500,-0.464,2021-01-07,01,2021,7,Thursday,0.7224,1.2841862403872735
38.78997802734375,41.68000030517578,41.68000030517578,41.279998779296875,41.4900016784668,3823900,2.358,2021-01-08,01,2021,8,Friday,0.7224,1.2841862403872735
38.575923919677734,41.45000076293945,41.540000915527344,41.310001373291016,41.38999938964844,1969100,-0.552,2021-01-11,02,2021,11,Monday,-0.3288,1.069700285126633
38.92026901245117,41.81999969482422,41.90999984741211,41.65999984741211,41.75,2488200,0.893,2021-01-12,02,2021,12,Tuesday,-0.3288,1.069700285126633
38.7713623046875,41.65999984741211,42.02000045776367,41.599998474121094,42.02000045776367,2440500,-0.383,2021-01-13,02,2021,13,Wednesday,-0.3288,1.069700285126633
38.90165328979492,41.79999923706055,41.959999084472656,41.75,41.790000915527344,2913100,0.336,2021-01-14,02,2021,14,Thursday,-0.3288,1.069700285126633
38.14781951904297,40.9900016784668,41.29999923706055,40.970001220703125,41.2400016784668,7736900,-1.938,2021-01-15,02,2021,15,Friday,-0.3288,1.069700285126633
38.278114318847656,41.130001068115234,41.470001220703125,41.119998931884766,41.470001220703125,3509400,0.342,2021-01-19,03,2021,19,Tuesday,0.22575000000000006,1.37241037958768
39.07848358154297,41.9900016784668,42.0,41.7599983215332,41.900001525878906,4322500,2.091,2021-01-20,03,2021,20,Wednesday,0.22575000000000006,1.37241037958768
38.90165328979492,41.79999923706055,41.880001068115234,41.66999816894531,41.79999923706055,2038000,-0.453,2021-01-21,03,2021,21,Thursday,0.22575000000000006,1.37241037958768
38.48285675048828,41.349998474121094,41.52000045776367,41.08000183105469,41.11000061035156,3663800,-1.077,2021-01-22,03,2021,22,Friday,0.22575000000000006,1.37241037958768
37.85000228881836,40.66999816894531,40.81999969482422,40.400001525878906,40.790000915527344,5007000,-1.645,2021-01-25,04,2021,25,Monday,-1.0792,1.8461094767104143
37.840702056884766,40.65999984741211,40.70000076293945,40.4900016784668,40.560001373291016,2996300,-0.025,2021-01-26,04,2021,26,Tuesday,-1.0792,1.8461094767104143
37.04964065551758,39.810001373291016,40.13999938964844,39.77000045776367,40.0,5925000,-2.091,2021-01-27,04,2021,27,Wednesday,-1.0792,1.8461094767104143
37.617340087890625,40.41999816894531,40.52000045776367,40.04999923706055,40.13999938964844,3572000,1.532,2021-01-28,04,2021,28,Thursday,-1.0792,1.8461094767104143
36.42609786987305,39.13999938964844,39.459999084472656,38.9900016784668,39.459999084472656,5379500,-3.167,2021-01-29,04,2021,29,Friday,-1.0792,1.8461094767104143
37.896541595458984,40.720001220703125,40.75,40.439998626708984,40.59000015258789,6167100,4.037,2021-02-01,05,2021,1,Monday,1.5326,1.6615790080522803
38.79928207397461,41.689998626708984,41.709999084472656,41.33000183105469,41.4900016784668,3372200,2.382,2021-02-02,05,2021,2,Tuesday,1.5326,1.6615790080522803
39.09709167480469,42.0099983215332,42.130001068115234,41.779998779296875,41.86000061035156,3034600,0.768,2021-02-03,05,2021,3,Wednesday,1.5326,1.6615790080522803
39.28322982788086,42.209999084472656,42.209999084472656,41.88999938964844,42.040000915527344,2494900,0.476,2021-02-04,05,2021,4,Thursday,1.5326,1.6615790080522803
39.28322982788086,42.209999084472656,42.290000915527344,42.0099983215332,42.18000030517578,2094200,0.0,2021-02-05,05,2021,5,Friday,1.5326,1.6615790080522803
39.72063446044922,42.68000030517578,42.779998779296875,42.529998779296875,42.59000015258789,2349200,1.113,2021-02-08,06,2021,8,Monday,0.378,0.6740207711932918
39.58103942871094,42.529998779296875,42.68000030517578,42.45000076293945,42.470001220703125,4095600,-0.351,2021-02-09,06,2021,9,Tuesday,0.378,0.6740207711932918
39.59034729003906,42.540000915527344,42.849998474121094,42.40999984741211,42.84000015258789,5078500,0.024,2021-02-10,06,2021,10,Wednesday,0.378,0.6740207711932918
40.01844787597656,43.0,43.06999969482422,42.83000183105469,43.0,2567500,1.081,2021-02-11,06,2021,11,Thursday,0.378,0.6740207711932918
40.02775573730469,43.0099983215332,43.099998474121094,42.93000030517578,43.0,1622300,0.023,2021-02-12,06,2021,12,Friday,0.378,0.6740207711932918
39.944000244140625,42.91999816894531,43.11000061035156,42.869998931884766,43.04999923706055,2201300,-0.209,2021-02-16,07,2021,16,Tuesday,-0.1625,0.41047411611452433
40.111515045166016,43.099998474121094,43.130001068115234,42.810001373291016,42.90999984741211,2502800,0.419,2021-02-17,07,2021,17,Wednesday,-0.1625,0.41047411611452433
39.981224060058594,42.959999084472656,42.970001220703125,42.63999938964844,42.790000915527344,2256000,-0.325,2021-02-18,07,2021,18,Thursday,-0.1625,0.41047411611452433
39.76716995239258,42.72999954223633,42.91999816894531,42.66999816894531,42.779998779296875,3028000,-0.535,2021-02-19,07,2021,19,Friday,-0.1625,0.41047411611452433
39.01333236694336,41.91999816894531,42.18000030517578,41.790000915527344,41.900001525878906,3853400,-1.896,2021-02-22,08,2021,22,Monday,-0.7974,1.677994874843186
39.422828674316406,42.36000061035156,42.41999816894531,41.83000183105469,42.119998931884766,4336900,1.05,2021-02-23,08,2021,23,Tuesday,-0.7974,1.677994874843186
39.81370162963867,42.779998779296875,42.779998779296875,42.279998779296875,42.54999923706055,3403400,0.991,2021-02-24,08,2021,24,Wednesday,-0.7974,1.677994874843186
39.12501525878906,42.040000915527344,42.93000030517578,41.9900016784668,42.75,5815300,-1.73,2021-02-25,08,2021,25,Thursday,-0.7974,1.677994874843186
38.18505096435547,41.029998779296875,41.150001525878906,40.529998779296875,40.900001525878906,10006000,-2.402,2021-02-26,08,2021,26,Friday,-0.7974,1.677994874843186
39.12501525878906,42.040000915527344,42.130001068115234,41.65999984741211,41.68000030517578,4179400,2.462,2021-03-01,09,2021,1,Monday,0.7550000000000001,1.2278059700131776
39.49728012084961,42.439998626708984,42.599998474121094,42.220001220703125,42.599998474121094,4283500,0.951,2021-03-02,09,2021,2,Tuesday,0.7550000000000001,1.2278059700131776
39.82301330566406,42.790000915527344,43.18000030517578,42.77000045776367,43.02000045776367,5268200,0.825,2021-03-03,09,2021,3,Wednesday,0.7550000000000001,1.2278059700131776
39.43213653564453,42.369998931884766,43.33000183105469,42.22999954223633,43.0,6629000,-0.982,2021-03-04,09,2021,4,Thursday,0.7550000000000001,1.2278059700131776
39.63688278198242,42.59000015258789,42.790000915527344,42.08000183105469,42.68000030517578,5165900,0.519,2021-03-05,09,2021,5,Friday,0.7550000000000001,1.2278059700131776
39.32045364379883,42.25,42.779998779296875,42.25,42.650001525878906,4616600,-0.798,2021-03-08,10,2021,8,Monday,0.142,1.6372185254265845
40.111515045166016,43.099998474121094,43.2400016784668,42.790000915527344,42.88999938964844,3546700,2.012,2021-03-09,10,2021,9,Tuesday,0.142,1.6372185254265845
40.2418098449707,43.2400016784668,43.2400016784668,42.95000076293945,43.220001220703125,3667100,0.325,2021-03-10,10,2021,10,Wednesday,0.142,1.6372185254265845
40.7536735534668,43.790000915527344,43.84000015258789,43.5099983215332,43.56999969482422,3845900,1.272,2021-03-11,10,2021,11,Thursday,0.142,1.6372185254265845
39.897464752197266,42.869998931884766,42.97999954223633,42.7599983215332,42.81999969482422,4816900,-2.101,2021-03-12,10,2021,12,Friday,0.142,1.6372185254265845
39.76716995239258,42.72999954223633,42.810001373291016,42.40999984741211,42.540000915527344,2987000,-0.327,2021-03-15,11,2021,15,Monday,-0.17520000000000008,2.043278541951635
40.09290313720703,43.08000183105469,43.130001068115234,42.91999816894531,43.04999923706055,3754100,0.819,2021-03-16,11,2021,16,Tuesday,-0.17520000000000008,2.043278541951635
39.59034729003906,42.540000915527344,42.849998474121094,42.04999923706055,42.11000061035156,4376300,-1.253,2021-03-17,11,2021,17,Wednesday,-0.17520000000000008,2.043278541951635
38.501468658447266,41.369998931884766,41.7400016784668,41.36000061035156,41.52000045776367,5330500,-2.75,2021-03-18,11,2021,18,Thursday,-0.17520000000000008,2.043278541951635
39.51589584350586,42.459999084472656,42.4900016784668,42.040000915527344,42.22999954223633,6357800,2.635,2021-03-19,11,2021,19,Friday,-0.17520000000000008,2.043278541951635
39.59965133666992,42.54999923706055,42.75,42.27000045776367,42.56999969482422,3085200,0.212,2021-03-22,12,2021,22,Monday,0.03599999999999994,1.4201566814967985
39.34836959838867,42.279998779296875,42.65999984741211,42.279998779296875,42.54999923706055,2735000,-0.635,2021-03-23,12,2021,23,Tuesday,0.03599999999999994,1.4201566814967985
38.93888473510742,41.84000015258789,42.0099983215332,41.790000915527344,41.880001068115234,2947800,-1.041,2021-03-24,12,2021,24,Wednesday,0.03599999999999994,1.4201566814967985
38.63176345825195,41.5099983215332,41.58000183105469,41.11000061035156,41.150001525878906,4529100,-0.789,2021-03-25,12,2021,25,Thursday,0.03599999999999994,1.4201566814967985
39.57173156738281,42.52000045776367,42.54999923706055,41.689998626708984,41.900001525878906,4985500,2.433,2021-03-26,12,2021,26,Friday,0.03599999999999994,1.4201566814967985
39.13432312011719,42.04999923706055,42.25,41.959999084472656,42.150001525878906,3505800,-1.105,2021-03-29,13,2021,29,Monday,-0.08025,0.7541089112323232
39.059871673583984,41.970001220703125,42.11000061035156,41.81999969482422,42.060001373291016,4077200,-0.19,2021-03-30,13,2021,30,Tuesday,-0.08025,0.7541089112323232
39.255306243896484,42.18000030517578,42.20000076293945,41.86000061035156,41.86000061035156,2653500,0.5,2021-03-31,13,2021,31,Wednesday,-0.08025,0.7541089112323232
39.441436767578125,42.380001068115234,42.5,42.279998779296875,42.45000076293945,4121300,0.474,2021-04-01,13,2021,1,Thursday,-0.08025,0.7541089112323232
39.041255950927734,41.95000076293945,42.02000045776367,41.63999938964844,42.02000045776367,5020400,-1.015,2021-04-05,14,2021,5,Monday,-0.3258,0.727378305972896
39.14362716674805,42.060001373291016,42.11000061035156,41.86000061035156,41.88999938964844,2561500,0.262,2021-04-06,14,2021,6,Tuesday,-0.3258,0.727378305972896
38.79928207397461,41.689998626708984,41.79999923706055,41.560001373291016,41.790000915527344,4512600,-0.88,2021-04-07,14,2021,7,Wednesday,-0.3258,0.727378305972896
39.041255950927734,41.95000076293945,42.04999923706055,41.88999938964844,42.04999923706055,2390900,0.624,2021-04-08,14,2021,8,Thursday,-0.3258,0.727378305972896
38.79928207397461,41.689998626708984,41.83000183105469,41.61000061035156,41.77000045776367,2933000,-0.62,2021-04-09,14,2021,9,Friday,-0.3258,0.727378305972896
37.37537384033203,40.15999984741211,40.380001068115234,40.06999969482422,40.380001068115234,3168800,-3.67,2021-04-12,15,2021,12,Monday,-0.22559999999999997,1.9566382649841028
37.63595199584961,40.439998626708984,40.58000183105469,40.2400016784668,40.439998626708984,5907500,0.697,2021-04-13,15,2021,13,Tuesday,-0.22559999999999997,1.9566382649841028
38.0733642578125,40.90999984741211,41.150001525878906,40.790000915527344,40.91999816894531,4068900,1.162,2021-04-14,15,2021,14,Wednesday,-0.22559999999999997,1.9566382649841028
38.25019073486328,41.099998474121094,41.11000061035156,40.779998779296875,41.0,8007900,0.464,2021-04-15,15,2021,15,Thursday,-0.22559999999999997,1.9566382649841028
38.333953857421875,41.189998626708984,41.279998779296875,41.029998779296875,41.209999084472656,4654800,0.219,2021-04-16,15,2021,16,Friday,-0.22559999999999997,1.9566382649841028
37.38467788696289,40.16999816894531,40.380001068115234,40.06999969482422,40.349998474121094,5903800,-2.476,2021-04-19,16,2021,19,Monday,-0.5518,1.3974438092460106
36.7890510559082,39.529998779296875,39.9900016784668,39.38999938964844,39.880001068115234,10710500,-1.593,2021-04-20,16,2021,20,Tuesday,-0.5518,1.3974438092460106
36.86351013183594,39.61000061035156,39.689998626708984,39.130001068115234,39.209999084472656,4639600,0.202,2021-04-21,16,2021,21,Wednesday,-0.5518,1.3974438092460106
37.04033660888672,39.79999923706055,40.290000915527344,39.68000030517578,40.189998626708984,3743100,0.48,2021-04-22,16,2021,22,Thursday,-0.5518,1.3974438092460106
37.27299880981445,40.04999923706055,40.15999984741211,39.91999816894531,40.11000061035156,5527000,0.628,2021-04-23,16,2021,23,Friday,-0.5518,1.3974438092460106
37.822086334228516,40.63999938964844,40.65999984741211,40.2599983215332,40.34000015258789,5001000,1.473,2021-04-26,17,2021,26,Monday,0.48599999999999993,1.249439074144874
38.24088668823242,41.09000015258789,41.099998474121094,40.95000076293945,41.08000183105469,3068800,1.107,2021-04-27,17,2021,27,Tuesday,0.48599999999999993,1.249439074144874
38.68760299682617,41.56999969482422,41.810001373291016,41.22999954223633,41.45000076293945,5688500,1.168,2021-04-28,17,2021,28,Wednesday,0.48599999999999993,1.249439074144874
38.79928207397461,41.689998626708984,41.77000045776367,41.380001068115234,41.7599983215332,4714200,0.289,2021-04-29,17,2021,29,Thursday,0.48599999999999993,1.249439074144874
38.17573928833008,41.02000045776367,41.38999938964844,40.939998626708984,41.25,5915900,-1.607,2021-04-30,17,2021,30,Friday,0.48599999999999993,1.249439074144874
38.64107131958008,41.52000045776367,41.63999938964844,41.380001068115234,41.38999938964844,4530100,1.219,2021-05-03,18,2021,3,Monday,0.8310000000000001,1.2235168572602504
38.12920379638672,40.970001220703125,41.040000915527344,40.650001525878906,40.939998626708984,5404300,-1.325,2021-05-04,18,2021,4,Tuesday,0.8310000000000001,1.2235168572602504
38.78997802734375,41.68000030517578,41.75,41.54999923706055,41.619998931884766,3786700,1.733,2021-05-05,18,2021,5,Wednesday,0.8310000000000001,1.2235168572602504
39.273921966552734,42.20000076293945,42.25,41.79999923706055,41.93000030517578,5638700,1.248,2021-05-06,18,2021,6,Thursday,0.8310000000000001,1.2235168572602504
39.7764778137207,42.7400016784668,42.77000045776367,42.31999969482422,42.4900016784668,4056700,1.28,2021-05-07,18,2021,7,Friday,0.8310000000000001,1.2235168572602504
39.39490509033203,42.33000183105469,42.7400016784668,42.29999923706055,42.7400016784668,3196200,-0.959,2021-05-10,19,2021,10,Monday,-0.12940000000000002,1.6814461930136209
39.4693603515625,42.40999984741211,42.4900016784668,42.0,42.0,3073400,0.189,2021-05-11,19,2021,11,Tuesday,-0.12940000000000002,1.6814461930136209
38.44563293457031,41.310001373291016,42.029998779296875,41.29999923706055,41.9900016784668,6468700,-2.594,2021-05-12,19,2021,12,Wednesday,-0.12940000000000002,1.6814461930136209
39.004032135009766,41.90999984741211,41.97999954223633,41.630001068115234,41.66999816894531,4225800,1.452,2021-05-13,19,2021,13,Thursday,-0.12940000000000002,1.6814461930136209
39.49728012084961,42.439998626708984,42.5099983215332,42.09000015258789,42.15999984741211,3667800,1.265,2021-05-14,19,2021,14,Friday,-0.12940000000000002,1.6814461930136209
39.897464752197266,42.869998931884766,42.91999816894531,42.54999923706055,42.68000030517578,4243600,1.013,2021-05-17,20,2021,17,Monday,0.3054,0.5159247038086081
40.158050537109375,43.150001525878906,43.33000183105469,43.130001068115234,43.150001525878906,2454100,0.653,2021-05-18,20,2021,18,Tuesday,0.3054,0.5159247038086081
40.20458221435547,43.20000076293945,43.25,42.779998779296875,42.779998779296875,3924900,0.116,2021-05-19,20,2021,19,Wednesday,0.3054,0.5159247038086081
40.20458221435547,43.20000076293945,43.25,43.09000015258789,43.130001068115234,2508500,0.0,2021-05-20,20,2021,20,Thursday,0.3054,0.5159247038086081
40.10221481323242,43.09000015258789,43.540000915527344,43.040000915527344,43.540000915527344,3802000,-0.255,2021-05-21,20,2021,21,Friday,0.3054,0.5159247038086081
40.576847076416016,43.599998474121094,43.689998626708984,43.349998474121094,43.38999938964844,2277700,1.184,2021-05-24,21,2021,24,Monday,0.5478,0.5905897052946317
40.548927307128906,43.56999969482422,43.7400016784668,43.52000045776367,43.65999984741211,2814800,-0.069,2021-05-25,21,2021,25,Tuesday,0.5478,0.5905897052946317
41.014259338378906,44.06999969482422,44.15999984741211,43.83000183105469,43.90999984741211,2858100,1.148,2021-05-26,21,2021,26,Wednesday,0.5478,0.5905897052946317
41.18177795410156,44.25,44.369998931884766,44.15999984741211,44.27000045776367,3891800,0.408,2021-05-27,21,2021,27,Thursday,0.5478,0.5905897052946317
41.20969772338867,44.279998779296875,44.4900016784668,44.2400016784668,44.279998779296875,3305700,0.068,2021-05-28,21,2021,28,Friday,0.5478,0.5905897052946317
41.58196258544922,44.68000030517578,44.779998779296875,44.61000061035156,44.77000045776367,3325700,0.903,2021-06-01,22,2021,1,Tuesday,0.61625,0.5029495501538896
41.90769577026367,45.029998779296875,45.060001373291016,44.7400016784668,44.79999923706055,4192400,0.783,2021-06-02,22,2021,2,Wednesday,0.61625,0.5029495501538896
41.85185623168945,44.970001220703125,45.060001373291016,44.790000915527344,44.84000015258789,3218100,-0.133,2021-06-03,22,2021,3,Thursday,0.61625,0.5029495501538896
42.23343276977539,45.380001068115234,45.38999938964844,45.27000045776367,45.349998474121094,1928800,0.912,2021-06-04,22,2021,4,Friday,0.61625,0.5029495501538896
42.24272918701172,45.38999938964844,45.439998626708984,45.2400016784668,45.43000030517578,2709800,0.022,2021-06-07,23,2021,7,Monday,-0.05600000000000001,0.3344884153449862
42.18689727783203,45.33000183105469,45.439998626708984,45.189998626708984,45.41999816894531,2357300,-0.132,2021-06-08,23,2021,8,Tuesday,-0.05600000000000001,0.3344884153449862
42.01006317138672,45.13999938964844,45.25,45.11000061035156,45.13999938964844,4395200,-0.419,2021-06-09,23,2021,9,Wednesday,-0.05600000000000001,0.3344884153449862
42.20755386352539,45.310001373291016,45.40999984741211,45.189998626708984,45.29999923706055,2963800,0.47,2021-06-10,23,2021,10,Thursday,-0.05600000000000001,0.3344884153449862
42.11439514160156,45.209999084472656,45.380001068115234,45.099998474121094,45.380001068115234,2876200,-0.221,2021-06-11,23,2021,11,Friday,-0.05600000000000001,0.3344884153449862
42.10508728027344,45.20000076293945,45.38999938964844,45.15999984741211,45.209999084472656,1557300,-0.022,2021-06-14,24,2021,14,Monday,-0.5494,0.44301388240099204
41.9280891418457,45.0099983215332,45.25,44.970001220703125,45.25,1895200,-0.42,2021-06-15,24,2021,15,Tuesday,-0.5494,0.44301388240099204
41.45301055908203,44.5,45.09000015258789,44.369998931884766,44.91999816894531,4158000,-1.133,2021-06-16,24,2021,16,Wednesday,-0.5494,0.44301388240099204
41.32259750366211,44.36000061035156,44.5,44.189998626708984,44.36000061035156,4243600,-0.315,2021-06-17,24,2021,17,Thursday,-0.5494,0.44301388240099204
40.9686164855957,43.97999954223633,44.150001525878906,43.88999938964844,44.150001525878906,3232800,-0.857,2021-06-18,24,2021,18,Friday,-0.5494,0.44301388240099204
41.52753829956055,44.58000183105469,44.61000061035156,44.209999084472656,44.31999969482422,1873300,1.364,2021-06-21,25,2021,21,Monday,0.21960000000000002,0.7219406485300576
41.41574478149414,44.459999084472656,44.52000045776367,44.2599983215332,44.36000061035156,2557300,-0.269,2021-06-22,25,2021,22,Tuesday,0.21960000000000002,0.7219406485300576
41.220130920410156,44.25,44.529998779296875,44.22999954223633,44.369998931884766,2005900,-0.472,2021-06-23,25,2021,23,Wednesday,0.21960000000000002,0.7219406485300576
41.38780212402344,44.43000030517578,44.5099983215332,44.31999969482422,44.5,2075800,0.407,2021-06-24,25,2021,24,Thursday,0.21960000000000002,0.7219406485300576
41.41574478149414,44.459999084472656,44.650001525878906,44.369998931884766,44.63999938964844,2075700,0.068,2021-06-25,25,2021,25,Friday,0.21960000000000002,0.7219406485300576
41.546165466308594,44.599998474121094,44.630001068115234,44.47999954223633,44.56999969482422,1868300,0.315,2021-06-28,26,2021,28,Monday,-0.030399999999999983,0.4793394413148161
41.41574478149414,44.459999084472656,44.4900016784668,44.20000076293945,44.36000061035156,1611900,-0.314,2021-06-29,26,2021,29,Tuesday,-0.030399999999999983,0.4793394413148161
41.220130920410156,44.25,44.310001373291016,44.08000183105469,44.20000076293945,3533800,-0.472,2021-06-30,26,2021,30,Wednesday,-0.030399999999999983,0.4793394413148161
41.089717864990234,44.11000061035156,44.2400016784668,43.869998931884766,44.18000030517578,2016800,-0.316,2021-07-01,26,2021,1,Thursday,-0.030399999999999983,0.4793394413148161
41.35054397583008,44.38999938964844,44.40999984741211,44.099998474121094,44.29999923706055,1653700,0.635,2021-07-02,26,2021,2,Friday,-0.030399999999999983,0.4793394413148161
40.977935791015625,43.9900016784668,44.22999954223633,43.84000015258789,44.22999954223633,2469400,-0.901,2021-07-06,27,2021,6,Tuesday,-0.03025,0.9350887212808562
41.201499938964844,44.22999954223633,44.34000015258789,44.029998779296875,44.279998779296875,2003300,0.546,2021-07-07,27,2021,7,Wednesday,-0.03025,0.9350887212808562
40.89409637451172,43.900001525878906,44.02000045776367,43.779998779296875,43.84000015258789,3047400,-0.746,2021-07-08,27,2021,8,Thursday,-0.03025,0.9350887212808562
41.294654846191406,44.33000183105469,44.349998474121094,44.150001525878906,44.209999084472656,2096700,0.98,2021-07-09,27,2021,9,Friday,-0.03025,0.9350887212808562
41.31327819824219,44.349998474121094,44.369998931884766,44.09000015258789,44.16999816894531,1459900,0.045,2021-07-12,28,2021,12,Monday,-0.044,0.51925523589079
41.15492248535156,44.18000030517578,44.40999984741211,44.13999938964844,44.209999084472656,1511300,-0.383,2021-07-13,28,2021,13,Tuesday,-0.044,0.51925523589079
41.406436920166016,44.45000076293945,44.56999969482422,44.31999969482422,44.56999969482422,1832500,0.611,2021-07-14,28,2021,14,Wednesday,-0.044,0.51925523589079
41.49958801269531,44.54999923706055,44.619998931884766,44.41999816894531,44.4900016784668,2435800,0.225,2021-07-15,28,2021,15,Thursday,-0.044,0.51925523589079
41.201499938964844,44.22999954223633,44.56999969482422,44.16999816894531,44.470001220703125,1859300,-0.718,2021-07-16,28,2021,16,Friday,-0.044,0.51925523589079
40.81026077270508,43.810001373291016,44.0,43.689998626708984,43.84000015258789,3472000,-0.95,2021-07-19,29,2021,19,Monday,0.13240000000000002,0.6452087259174352
41.08039855957031,44.099998474121094,44.15999984741211,43.66999816894531,43.72999954223633,1957000,0.662,2021-07-20,29,2021,20,Tuesday,0.13240000000000002,0.6452087259174352
41.15492248535156,44.18000030517578,44.209999084472656,43.83000183105469,43.83000183105469,4084200,0.181,2021-07-21,29,2021,21,Wednesday,0.13240000000000002,0.6452087259174352
41.39712142944336,44.439998626708984,44.560001373291016,44.380001068115234,44.459999084472656,3542300,0.589,2021-07-22,29,2021,22,Thursday,0.13240000000000002,0.6452087259174352
41.47164535522461,44.52000045776367,44.560001373291016,44.290000915527344,44.529998779296875,2556600,0.18,2021-07-23,29,2021,23,Friday,0.13240000000000002,0.6452087259174352
41.741783142089844,44.810001373291016,44.84000015258789,44.5,44.52000045776367,3466100,0.651,2021-07-26,30,2021,26,Monday,0.07819999999999999,0.7304544475872538
41.24807357788086,44.279998779296875,44.38999938964844,44.060001373291016,44.2400016784668,4152300,-1.183,2021-07-27,30,2021,27,Tuesday,0.07819999999999999,0.7304544475872538
41.37849044799805,44.41999816894531,44.47999954223633,44.029998779296875,44.349998474121094,3806000,0.316,2021-07-28,30,2021,28,Wednesday,0.07819999999999999,0.7304544475872538
41.57411193847656,44.630001068115234,44.68000030517578,44.5099983215332,44.68000030517578,2469300,0.473,2021-07-29,30,2021,29,Thursday,0.07819999999999999,0.7304544475872538
41.630001068115234,44.689998626708984,44.790000915527344,44.54999923706055,44.54999923706055,2483200,0.134,2021-07-30,30,2021,30,Friday,0.07819999999999999,0.7304544475872538
41.69520950317383,44.7599983215332,44.9900016784668,44.7599983215332,44.95000076293945,2998600,0.157,2021-08-02,31,2021,2,Monday,0.4408,1.2039705976476336
42.67331314086914,45.810001373291016,45.81999969482422,45.380001068115234,45.52000045776367,2211200,2.346,2021-08-03,31,2021,3,Tuesday,0.4408,1.2039705976476336
42.53358840942383,45.65999984741211,45.81999969482422,45.630001068115234,45.65999984741211,1684900,-0.327,2021-08-04,31,2021,4,Wednesday,0.4408,1.2039705976476336
42.859622955322266,46.0099983215332,46.02000045776367,45.689998626708984,45.75,2100400,0.767,2021-08-05,31,2021,5,Thursday,0.4408,1.2039705976476336
42.54289627075195,45.66999816894531,45.709999084472656,45.59000015258789,45.689998626708984,1979800,-0.739,2021-08-06,31,2021,6,Friday,0.4408,1.2039705976476336
42.31001663208008,45.41999816894531,45.689998626708984,45.38999938964844,45.65999984741211,2051600,-0.547,2021-08-09,32,2021,9,Monday,0.24100000000000002,0.5639259703188
42.328651428222656,45.439998626708984,45.54999923706055,45.31999969482422,45.529998779296875,1838900,0.044,2021-08-10,32,2021,10,Tuesday,0.24100000000000002,0.5639259703188
42.654685974121094,45.790000915527344,45.84000015258789,45.619998931884766,45.7599983215332,1787400,0.77,2021-08-11,32,2021,11,Wednesday,0.24100000000000002,0.5639259703188
42.7105712890625,45.849998474121094,45.88999938964844,45.65999984741211,45.849998474121094,1404000,0.131,2021-08-12,32,2021,12,Thursday,0.24100000000000002,0.5639259703188
43.055240631103516,46.220001220703125,46.2400016784668,45.9900016784668,46.15999984741211,3240200,0.807,2021-08-13,32,2021,13,Friday,0.24100000000000002,0.5639259703188
43.29743576049805,46.47999954223633,46.47999954223633,46.15999984741211,46.33000183105469,3040600,0.563,2021-08-16,33,2021,16,Monday,0.03280000000000001,0.782988952667916
43.18565368652344,46.36000061035156,46.43000030517578,46.130001068115234,46.369998931884766,3036400,-0.258,2021-08-17,33,2021,17,Tuesday,0.03280000000000001,0.782988952667916
42.813045501708984,45.959999084472656,46.43000030517578,45.939998626708984,46.310001373291016,2974700,-0.863,2021-08-18,33,2021,18,Wednesday,0.03280000000000001,0.782988952667916
42.654685974121094,45.790000915527344,45.93000030517578,45.529998779296875,45.66999816894531,2719900,-0.37,2021-08-19,33,2021,19,Thursday,0.03280000000000001,0.782988952667916
43.12044906616211,46.290000915527344,46.31999969482422,45.810001373291016,45.900001525878906,1981600,1.092,2021-08-20,33,2021,20,Friday,0.03280000000000001,0.782988952667916
43.18565368652344,46.36000061035156,46.470001220703125,46.279998779296875,46.36000061035156,1808600,0.151,2021-08-23,34,2021,23,Monday,0.5504,0.9496132370602255
43.44648361206055,46.63999938964844,46.72999954223633,46.560001373291016,46.65999984741211,2780400,0.604,2021-08-24,34,2021,24,Tuesday,0.5504,0.9496132370602255
43.44648361206055,46.63999938964844,46.65999984741211,46.5,46.61000061035156,1998600,0.0,2021-08-25,34,2021,25,Wednesday,0.5504,0.9496132370602255
43.3719596862793,46.560001373291016,46.72999954223633,46.540000915527344,46.72999954223633,1386300,-0.172,2021-08-26,34,2021,26,Thursday,0.5504,0.9496132370602255
44.312801361083984,47.56999969482422,47.619998931884766,47.04999923706055,47.099998474121094,3158700,2.169,2021-08-27,34,2021,27,Friday,0.5504,0.9496132370602255
44.72267532348633,48.0099983215332,48.150001525878906,47.9900016784668,48.06999969482422,1834400,0.925,2021-08-30,35,2021,30,Monday,0.8804000000000001,0.27571507031716636
45.27227783203125,48.599998474121094,48.790000915527344,48.560001373291016,48.720001220703125,6349300,1.229,2021-08-31,35,2021,31,Tuesday,0.8804000000000001,0.27571507031716636
45.52378845214844,48.869998931884766,48.959999084472656,48.75,48.77000045776367,3905500,0.556,2021-09-01,35,2021,1,Wednesday,0.8804000000000001,0.27571507031716636
45.82188415527344,49.189998626708984,49.290000915527344,49.11000061035156,49.209999084472656,3222100,0.655,2021-09-02,35,2021,2,Thursday,0.8804000000000001,0.27571507031716636
46.29696273803711,49.70000076293945,49.72999954223633,49.439998626708984,49.5,2814000,1.037,2021-09-03,35,2021,3,Friday,0.8804000000000001,0.27571507031716636
46.008182525634766,49.38999938964844,49.439998626708984,49.20000076293945,49.22999954223633,3047400,-0.624,2021-09-07,36,2021,7,Tuesday,-0.20550000000000002,0.6076997613953785
45.66352081298828,49.02000045776367,49.2400016784668,48.83000183105469,49.16999816894531,2016700,-0.749,2021-09-08,36,2021,8,Wednesday,-0.20550000000000002,0.6076997613953785
45.92435073852539,49.29999923706055,49.380001068115234,49.15999984741211,49.34000015258789,2581700,0.571,2021-09-09,36,2021,9,Thursday,-0.20550000000000002,0.6076997613953785
45.91503143310547,49.290000915527344,49.5,49.25,49.43000030517578,2017100,-0.02,2021-09-10,36,2021,10,Friday,-0.20550000000000002,0.6076997613953785
45.998870849609375,49.380001068115234,49.400001525878906,49.20000076293945,49.34000015258789,3195800,0.183,2021-09-13,37,2021,13,Monday,0.002999999999999936,0.880276661056057
45.93366241455078,49.310001373291016,49.560001373291016,49.220001220703125,49.5,1991800,-0.142,2021-09-14,37,2021,14,Tuesday,0.002999999999999936,0.880276661056057
46.46463394165039,49.880001068115234,49.90999984741211,49.61000061035156,49.7599983215332,2549900,1.156,2021-09-15,37,2021,15,Wednesday,0.002999999999999936,0.880276661056057
46.52052307128906,49.939998626708984,49.939998626708984,49.619998931884766,49.77000045776367,2805800,0.12,2021-09-16,37,2021,16,Thursday,0.002999999999999936,0.880276661056057
45.91503143310547,49.290000915527344,49.630001068115234,49.18000030517578,49.619998931884766,4088900,-1.302,2021-09-17,37,2021,17,Friday,0.002999999999999936,0.880276661056057
45.53310775756836,48.880001068115234,49.099998474121094,48.619998931884766,48.84000015258789,3778200,-0.832,2021-09-20,38,2021,20,Monday,0.25279999999999997,0.7899086656063472
45.84982681274414,49.220001220703125,49.34000015258789,49.11000061035156,49.2400016784668,2845700,0.696,2021-09-21,38,2021,21,Tuesday,0.25279999999999997,0.7899086656063472
46.166542053222656,49.560001373291016,49.79999923706055,49.310001373291016,49.43000030517578,4092800,0.691,2021-09-22,38,2021,22,Wednesday,0.25279999999999997,0.7899086656063472
46.641624450683594,50.06999969482422,50.130001068115234,49.939998626708984,50.02000045776367,3884800,1.029,2021-09-23,38,2021,23,Thursday,0.25279999999999997,0.7899086656063472
46.492576599121094,49.90999984741211,50.040000915527344,49.81999969482422,49.81999969482422,2626100,-0.32,2021-09-24,38,2021,24,Friday,0.25279999999999997,0.7899086656063472
46.48326873779297,49.900001525878906,50.029998779296875,49.63999938964844,49.779998779296875,3029400,-0.02,2021-09-27,39,2021,27,Monday,-0.3026,0.9940014084497064
45.65420150756836,49.0099983215332,49.349998474121094,48.93000030517578,49.34000015258789,3586100,-1.784,2021-09-28,39,2021,28,Tuesday,-0.3026,0.9940014084497064
45.616947174072266,48.970001220703125,49.119998931884766,48.880001068115234,49.11000061035156,2733600,-0.082,2021-09-29,39,2021,29,Wednesday,-0.3026,0.9940014084497064
45.35611343383789,48.689998626708984,49.060001373291016,48.650001525878906,48.93000030517578,4598800,-0.572,2021-09-30,39,2021,30,Thursday,-0.3026,0.9940014084497064
45.78461837768555,49.150001525878906,49.22999954223633,48.779998779296875,49.0,3379500,0.945,2021-10-01,39,2021,1,Friday,-0.3026,0.9940014084497064
45.56105041503906,48.90999984741211,49.400001525878906,48.77000045776367,49.33000183105469,3722300,-0.488,2021-10-04,40,2021,4,Monday,0.04779999999999999,0.8560433400243237
46.10133743286133,49.4900016784668,49.59000015258789,49.380001068115234,49.439998626708984,2011100,1.186,2021-10-05,40,2021,5,Tuesday,0.04779999999999999,0.8560433400243237
45.65420150756836,49.0099983215332,49.04999923706055,48.52000045776367,48.61000061035156,3770300,-0.97,2021-10-06,40,2021,6,Wednesday,0.04779999999999999,0.8560433400243237
45.92435073852539,49.29999923706055,49.470001220703125,49.25,49.41999816894531,1872300,0.592,2021-10-07,40,2021,7,Thursday,0.04779999999999999,0.8560433400243237
45.8870849609375,49.2599983215332,49.540000915527344,49.04999923706055,49.540000915527344,2315400,-0.081,2021-10-08,40,2021,8,Friday,0.04779999999999999,0.8560433400243237
45.756675720214844,49.119998931884766,49.290000915527344,49.09000015258789,49.18000030517578,1678300,-0.284,2021-10-11,41,2021,11,Monday,0.5002,0.6130356433356873
45.95229721069336,49.33000183105469,49.47999954223633,49.25,49.31999969482422,2397900,0.428,2021-10-12,41,2021,12,Tuesday,0.5002,0.6130356433356873
46.5484733581543,49.970001220703125,50.099998474121094,49.790000915527344,50.06999969482422,2922700,1.297,2021-10-13,41,2021,13,Wednesday,0.5002,0.6130356433356873
46.95834732055664,50.40999984741211,50.459999084472656,50.189998626708984,50.349998474121094,2693400,0.881,2021-10-14,41,2021,14,Thursday,0.5002,0.6130356433356873
47.042179107666016,50.5,50.65999984741211,50.38999938964844,50.45000076293945,4277900,0.179,2021-10-15,41,2021,15,Friday,0.5002,0.6130356433356873
47.070125579833984,50.529998779296875,50.56999969482422,50.31999969482422,50.349998474121094,2590500,0.059,2021-10-18,42,2021,18,Monday,-0.44320000000000004,0.36009123843826024
46.88382339477539,50.33000183105469,50.400001525878906,50.16999816894531,50.290000915527344,2555300,-0.396,2021-10-19,42,2021,19,Tuesday,-0.44320000000000004,0.36009123843826024
46.73477554321289,50.16999816894531,50.2599983215332,50.06999969482422,50.2599983215332,2304200,-0.318,2021-10-20,42,2021,20,Wednesday,-0.44320000000000004,0.36009123843826024
46.418060302734375,49.83000183105469,49.88999938964844,49.59000015258789,49.72999954223633,4201700,-0.678,2021-10-21,42,2021,21,Thursday,-0.44320000000000004,0.36009123843826024
46.008182525634766,49.38999938964844,49.599998474121094,49.150001525878906,49.45000076293945,5333600,-0.883,2021-10-22,42,2021,22,Friday,-0.44320000000000004,0.36009123843826024
45.98955535888672,49.369998931884766,49.47999954223633,49.189998626708984,49.47999954223633,2701300,-0.04,2021-10-25,43,2021,25,Monday,-0.221,0.7885546905573512
46.46463394165039,49.880001068115234,50.0,49.84000015258789,49.9900016784668,4097800,1.033,2021-10-26,43,2021,26,Tuesday,-0.221,0.7885546905573512
46.25969696044922,49.65999984741211,49.83000183105469,49.619998931884766,49.7599983215332,2657600,-0.441,2021-10-27,43,2021,27,Wednesday,-0.221,0.7885546905573512
45.77530288696289,49.13999938964844,49.189998626708984,48.97999954223633,49.04999923706055,4312300,-1.047,2021-10-28,43,2021,28,Thursday,-0.221,0.7885546905573512
45.495845794677734,48.84000015258789,48.880001068115234,48.5,48.709999084472656,5119100,-0.61,2021-10-29,43,2021,29,Friday,-0.221,0.7885546905573512
46.05475997924805,49.439998626708984,49.459999084472656,49.119998931884766,49.25,3060300,1.228,2021-11-01,44,2021,1,Monday,0.4676,0.5154651297614612
46.08271026611328,49.470001220703125,49.54999923706055,49.34000015258789,49.47999954223633,3057600,0.061,2021-11-02,44,2021,2,Tuesday,0.4676,0.5154651297614612
46.241065979003906,49.63999938964844,49.68000030517578,49.29999923706055,49.56999969482422,1970000,0.344,2021-11-03,44,2021,3,Wednesday,0.4676,0.5154651297614612
46.231754302978516,49.630001068115234,49.720001220703125,49.5099983215332,49.720001220703125,1421000,-0.02,2021-11-04,44,2021,4,Thursday,0.4676,0.5154651297614612
46.56710433959961,49.9900016784668,50.029998779296875,49.849998474121094,50.0,2259300,0.725,2021-11-05,44,2021,5,Friday,0.4676,0.5154651297614612
47.219173431396484,50.689998626708984,50.810001373291016,50.470001220703125,50.56999969482422,2287400,1.4,2021-11-08,45,2021,8,Monday,0.31799999999999995,1.008174588055065
46.799983978271484,50.2400016784668,50.43000030517578,50.130001068115234,50.43000030517578,2346400,-0.888,2021-11-09,45,2021,9,Tuesday,0.31799999999999995,1.008174588055065
46.576419830322266,50.0,50.439998626708984,49.959999084472656,50.290000915527344,1977700,-0.478,2021-11-10,45,2021,10,Wednesday,0.31799999999999995,1.008174588055065
46.73477554321289,50.16999816894531,50.29999923706055,50.130001068115234,50.13999938964844,2981100,0.34,2021-11-11,45,2021,11,Thursday,0.31799999999999995,1.008174588055065
47.30300521850586,50.779998779296875,50.849998474121094,50.630001068115234,50.77000045776367,2012900,1.216,2021-11-12,45,2021,12,Friday,0.31799999999999995,1.008174588055065
47.16328430175781,50.630001068115234,50.810001373291016,50.619998931884766,50.810001373291016,2450100,-0.295,2021-11-15,46,2021,15,Monday,-0.485,0.22074306331117177
46.81861114501953,50.2599983215332,50.34000015258789,50.13999938964844,50.27000045776367,2329800,-0.731,2021-11-16,46,2021,16,Tuesday,-0.485,0.22074306331117177
46.69751739501953,50.130001068115234,50.22999954223633,49.97999954223633,50.22999954223633,1263700,-0.259,2021-11-17,46,2021,17,Wednesday,-0.485,0.22074306331117177
46.371482849121094,49.779998779296875,49.83000183105469,49.52000045776367,49.72999954223633,2474600,-0.698,2021-11-18,46,2021,18,Thursday,-0.485,0.22074306331117177
46.166542053222656,49.560001373291016,49.86000061035156,49.540000915527344,49.779998779296875,2674900,-0.442,2021-11-19,46,2021,19,Friday,-0.485,0.22074306331117177
45.29090881347656,48.619998931884766,48.970001220703125,48.599998474121094,48.849998474121094,3324200,-1.897,2021-11-22,47,2021,22,Monday,-1.21575,1.8064188098740188
45.86846160888672,49.2400016784668,49.27000045776367,49.060001373291016,49.099998474121094,4059900,1.275,2021-11-23,47,2021,23,Tuesday,-1.21575,1.8064188098740188
45.29090881347656,48.619998931884766,48.72999954223633,48.4900016784668,48.70000076293945,3032900,-1.259,2021-11-24,47,2021,24,Wednesday,-1.21575,1.8064188098740188
43.940189361572266,47.16999816894531,47.599998474121094,46.88999938964844,47.56999969482422,4065700,-2.982,2021-11-26,47,2021,26,Friday,-1.21575,1.8064188098740188
44.13581466674805,47.380001068115234,47.81999969482422,47.099998474121094,47.77000045776367,4401400,0.445,2021-11-29,48,2021,29,Monday,0.24319999999999994,1.3308881245243718
44.2662239074707,47.52000045776367,47.88999938964844,47.279998779296875,47.75,4827200,0.295,2021-11-30,48,2021,30,Tuesday,0.24319999999999994,1.3308881245243718
44.3314323425293,47.59000015258789,48.33000183105469,47.59000015258789,48.189998626708984,5462800,0.147,2021-12-01,48,2021,1,Wednesday,0.24319999999999994,1.3308881245243718
45.23501968383789,48.560001373291016,48.72999954223633,48.31999969482422,48.380001068115234,5386900,2.038,2021-12-02,48,2021,2,Thursday,0.24319999999999994,1.3308881245243718
44.46185302734375,47.72999954223633,48.04999923706055,47.59000015258789,48.029998779296875,5449100,-1.709,2021-12-03,48,2021,3,Friday,0.24319999999999994,1.3308881245243718
43.91224670410156,47.13999938964844,47.220001220703125,46.9900016784668,47.0,3073100,-1.236,2021-12-06,49,2021,6,Monday,0.33419999999999994,1.15711827398931
44.70404815673828,47.9900016784668,48.0099983215332,47.72999954223633,47.7400016784668,4089200,1.803,2021-12-07,49,2021,7,Tuesday,0.33419999999999994,1.15711827398931
45.132545471191406,48.45000076293945,48.5099983215332,48.349998474121094,48.400001525878906,3148700,0.959,2021-12-08,49,2021,8,Wednesday,0.33419999999999994,1.15711827398931
45.02077102661133,48.33000183105469,48.400001525878906,48.18000030517578,48.209999084472656,1674000,-0.248,2021-12-09,49,2021,9,Thursday,0.33419999999999994,1.15711827398931
45.19775390625,48.52000045776367,48.56999969482422,48.400001525878906,48.41999816894531,3613900,0.393,2021-12-10,49,2021,10,Friday,0.33419999999999994,1.15711827398931
44.345115661621094,44.779998779296875,45.400001525878906,44.779998779296875,45.400001525878906,6000800,-1.886,2021-12-13,50,2021,13,Monday,-0.7356,0.8475463409159407
44.345115661621094,44.779998779296875,44.90999984741211,44.66999816894531,44.810001373291016,7180700,0.0,2021-12-14,50,2021,14,Tuesday,-0.7356,0.8475463409159407
44.226280212402344,44.65999984741211,44.65999984741211,44.06999969482422,44.470001220703125,5469300,-0.268,2021-12-15,50,2021,15,Wednesday,-0.7356,0.8475463409159407
44.166866302490234,44.599998474121094,44.83000183105469,44.52000045776367,44.7599983215332,4428000,-0.134,2021-12-16,50,2021,16,Thursday,-0.7356,0.8475463409159407
43.552886962890625,43.97999954223633,44.150001525878906,43.84000015258789,44.150001525878906,2495200,-1.39,2021-12-17,50,2021,17,Friday,-0.7356,0.8475463409159407
43.2062873840332,43.630001068115234,43.650001525878906,43.290000915527344,43.400001525878906,4373400,-0.796,2021-12-20,51,2021,20,Monday,0.6345000000000001,0.994549311665004
43.691524505615234,44.119998931884766,44.15999984741211,43.93000030517578,44.029998779296875,2374100,1.123,2021-12-21,51,2021,21,Tuesday,0.6345000000000001,0.994549311665004
44.32530975341797,44.7599983215332,44.779998779296875,44.38999938964844,44.540000915527344,3936200,1.451,2021-12-22,51,2021,22,Wednesday,0.6345000000000001,0.994549311665004
44.66200637817383,45.099998474121094,45.16999816894531,44.88999938964844,44.959999084472656,2056600,0.76,2021-12-23,51,2021,23,Thursday,0.6345000000000001,0.994549311665004
44.91948318481445,45.36000061035156,45.380001068115234,45.04999923706055,45.09000015258789,1253300,0.577,2021-12-27,52,2021,27,Monday,0.3396,0.25784840507554047
45.04822540283203,45.4900016784668,45.68000030517578,45.459999084472656,45.54999923706055,1946900,0.287,2021-12-28,52,2021,28,Tuesday,0.3396,0.25784840507554047
45.33540725708008,45.779998779296875,45.779998779296875,45.45000076293945,45.7400016784668,3559300,0.637,2021-12-29,52,2021,29,Wednesday,0.3396,0.25784840507554047
45.365135192871094,45.779998779296875,45.95000076293945,45.75,45.7599983215332,2626500,0.066,2021-12-30,52,2021,30,Thursday,0.3396,0.25784840507554047
45.424591064453125,45.84000015258789,46.2599983215332,45.790000915527344,46.099998474121094,2502500,0.131,2021-12-31,52,2021,31,Friday,0.3396,0.25784840507554047
46.15788650512695,46.58000183105469,46.630001068115234,46.27000045776367,46.52000045776367,2672800,1.614,2022-01-03,01,2022,3,Monday,0.5586,0.6924848734810026
46.346160888671875,46.77000045776367,46.97999954223633,46.72999954223633,46.790000915527344,1917600,0.408,2022-01-04,01,2022,4,Tuesday,0.5586,0.6924848734810026
46.26688766479492,46.689998626708984,47.220001220703125,46.63999938964844,47.15999984741211,3413100,-0.171,2022-01-05,01,2022,5,Wednesday,0.5586,0.6924848734810026
46.32634353637695,46.75,46.959999084472656,46.599998474121094,46.7400016784668,2541800,0.129,2022-01-06,01,2022,6,Thursday,0.5586,0.6924848734810026
46.702903747558594,47.130001068115234,47.18000030517578,46.790000915527344,47.040000915527344,2861300,0.813,2022-01-07,01,2022,7,Friday,0.5586,0.6924848734810026
46.90108871459961,47.33000183105469,47.38999938964844,47.06999969482422,47.27000045776367,3315200,0.424,2022-01-10,02,2022,10,Monday,0.37839999999999996,0.941400446143935
47.72356414794922,48.15999984741211,48.16999816894531,47.54999923706055,47.58000183105469,5960800,1.754,2022-01-11,02,2022,11,Tuesday,0.37839999999999996,0.941400446143935
48.06048583984375,48.5,48.58000183105469,48.34000015258789,48.34000015258789,2672100,0.706,2022-01-12,02,2022,12,Wednesday,0.37839999999999996,0.941400446143935
47.86229705810547,48.29999923706055,48.540000915527344,48.27000045776367,48.43000030517578,3043500,-0.412,2022-01-13,02,2022,13,Thursday,0.37839999999999996,0.941400446143935
47.584835052490234,48.02000045776367,48.220001220703125,47.959999084472656,48.0,3154300,-0.58,2022-01-14,02,2022,14,Friday,0.37839999999999996,0.941400446143935
47.01008987426758,47.439998626708984,47.63999938964844,47.36000061035156,47.5,4698600,-1.208,2022-01-18,03,2022,18,Tuesday,-1.1005,0.36572621818331086
46.66326141357422,47.09000015258789,47.36000061035156,47.04999923706055,47.36000061035156,4414900,-0.738,2022-01-19,03,2022,19,Wednesday,-1.1005,0.36572621818331086
46.247066497802734,46.66999816894531,47.2599983215332,46.630001068115234,47.060001373291016,5786100,-0.892,2022-01-20,03,2022,20,Thursday,-1.1005,0.36572621818331086
45.523681640625,45.939998626708984,46.47999954223633,45.91999816894531,46.47999954223633,5368000,-1.564,2022-01-21,03,2022,21,Friday,-1.1005,0.36572621818331086
44.195823669433594,44.599998474121094,44.689998626708984,43.720001220703125,44.560001373291016,7289500,-2.917,2022-01-24,04,2022,24,Monday,-0.4941999999999999,1.6999816763718367
44.65166091918945,45.060001373291016,45.29999923706055,44.84000015258789,45.16999816894531,5691300,1.031,2022-01-25,04,2022,25,Tuesday,-0.4941999999999999,1.6999816763718367
44.116554260253906,44.52000045776367,45.209999084472656,44.38999938964844,44.93000030517578,5017800,-1.198,2022-01-26,04,2022,26,Wednesday,-0.4941999999999999,1.6999816763718367
43.858909606933594,44.2599983215332,44.599998474121094,44.16999816894531,44.4900016784668,3731800,-0.584,2022-01-27,04,2022,27,Thursday,-0.4941999999999999,1.6999816763718367
44.38410949707031,44.790000915527344,44.810001373291016,44.41999816894531,44.65999984741211,4343300,1.197,2022-01-28,04,2022,28,Friday,-0.4941999999999999,1.6999816763718367
45.45431900024414,45.869998931884766,45.939998626708984,45.31999969482422,45.33000183105469,4882800,2.411,2022-01-31,05,2022,31,Monday,0.2698,1.3935661807033062
45.47413635253906,45.88999938964844,45.97999954223633,45.47999954223633,45.95000076293945,3602500,0.044,2022-02-01,05,2022,1,Tuesday,0.2698,1.3935661807033062
45.74169158935547,46.15999984741211,46.2599983215332,45.970001220703125,46.150001525878906,3448700,0.588,2022-02-02,05,2022,2,Wednesday,0.2698,1.3935661807033062
45.11739730834961,45.529998779296875,45.66999816894531,45.220001220703125,45.220001220703125,3306900,-1.365,2022-02-03,05,2022,3,Thursday,0.2698,1.3935661807033062
44.9687614440918,45.380001068115234,45.56999969482422,45.06999969482422,45.18000030517578,2895500,-0.329,2022-02-04,05,2022,4,Friday,0.2698,1.3935661807033062
44.5228385925293,44.93000030517578,45.16999816894531,44.869998931884766,44.959999084472656,2915100,-0.992,2022-02-07,06,2022,7,Monday,-0.532,1.3368449797938429
44.68138885498047,45.09000015258789,45.15999984741211,44.880001068115234,44.90999984741211,3652900,0.356,2022-02-08,06,2022,8,Tuesday,-0.532,1.3368449797938429
45.26604080200195,45.68000030517578,45.70000076293945,45.400001525878906,45.4900016784668,2377900,1.308,2022-02-09,06,2022,9,Wednesday,-0.532,1.3368449797938429
44.65166091918945,45.060001373291016,45.459999084472656,44.970001220703125,45.0,2899800,-1.357,2022-02-10,06,2022,10,Thursday,-0.532,1.3368449797938429
43.76972198486328,44.16999816894531,44.939998626708984,44.119998931884766,44.77000045776367,4371000,-1.975,2022-02-11,06,2022,11,Friday,-0.532,1.3368449797938429
43.0067024230957,43.400001525878906,43.689998626708984,43.27000045776367,43.689998626708984,4275600,-1.743,2022-02-14,07,2022,14,Monday,0.20939999999999995,1.9762370303179726
44.5129280090332,44.91999816894531,44.939998626708984,44.560001373291016,44.77000045776367,4374600,3.502,2022-02-15,07,2022,15,Tuesday,0.20939999999999995,1.9762370303179726
44.5228385925293,44.93000030517578,45.04999923706055,44.5099983215332,44.52000045776367,2855200,0.022,2022-02-16,07,2022,16,Wednesday,0.20939999999999995,1.9762370303179726
44.195823669433594,44.599998474121094,44.86000061035156,44.540000915527344,44.81999969482422,3295100,-0.734,2022-02-17,07,2022,17,Thursday,0.20939999999999995,1.9762370303179726
44.195823669433594,44.599998474121094,44.849998474121094,44.529998779296875,44.77000045776367,2649200,0.0,2022-02-18,07,2022,18,Friday,0.20939999999999995,1.9762370303179726
43.948089599609375,44.349998474121094,44.65999984741211,44.130001068115234,44.43000030517578,5999000,-0.561,2022-02-22,08,2022,22,Tuesday,-0.2572500000000001,2.559298911160372
43.472442626953125,43.869998931884766,44.61000061035156,43.779998779296875,44.59000015258789,4942200,-1.082,2022-02-23,08,2022,23,Wednesday,-0.2572500000000001,2.559298911160372
42.29322814941406,42.68000030517578,42.72999954223633,41.20000076293945,41.459999084472656,10430000,-2.713,2022-02-24,08,2022,24,Thursday,-0.2572500000000001,2.559298911160372
43.70035934448242,44.099998474121094,44.15999984741211,43.220001220703125,43.290000915527344,6962600,3.327,2022-02-25,08,2022,25,Friday,-0.2572500000000001,2.559298911160372
43.35353088378906,43.75,43.900001525878906,43.33000183105469,43.5,3961000,-0.794,2022-02-28,09,2022,28,Monday,-1.1964000000000001,1.7070462208153594
42.22386169433594,42.61000061035156,43.439998626708984,42.41999816894531,43.209999084472656,5984100,-2.606,2022-03-01,09,2022,1,Tuesday,-1.1964000000000001,1.7070462208153594
42.897701263427734,43.290000915527344,43.52000045776367,42.84000015258789,43.040000915527344,4773000,1.596,2022-03-02,09,2022,2,Wednesday,-1.1964000000000001,1.7070462208153594
42.104949951171875,42.4900016784668,42.91999816894531,42.36000061035156,42.81999969482422,8751000,-1.848,2022-03-03,09,2022,3,Thursday,-1.1964000000000001,1.7070462208153594
41.12392044067383,41.5,41.72999954223633,41.2599983215332,41.70000076293945,5170300,-2.33,2022-03-04,09,2022,4,Friday,-1.1964000000000001,1.7070462208153594
39.81588363647461,40.18000030517578,41.25,40.08000183105469,41.130001068115234,7807400,-3.181,2022-03-07,10,2022,7,Monday,0.3136,2.7857631449927687
40.549171447753906,40.91999816894531,41.52000045776367,40.529998779296875,40.91999816894531,8742000,1.842,2022-03-08,10,2022,8,Tuesday,0.3136,2.7857631449927687
42.22386169433594,42.61000061035156,42.849998474121094,42.08000183105469,42.2599983215332,6119600,4.13,2022-03-09,10,2022,9,Wednesday,0.3136,2.7857631449927687
42.104949951171875,42.4900016784668,42.560001373291016,42.099998474121094,42.22999954223633,4431200,-0.282,2022-03-10,10,2022,10,Thursday,0.3136,2.7857631449927687
41.70857238769531,42.09000015258789,43.06999969482422,42.060001373291016,42.959999084472656,3875400,-0.941,2022-03-11,10,2022,11,Friday,0.3136,2.7857631449927687
42.39231872558594,42.779998779296875,43.27000045776367,42.58000183105469,42.880001068115234,4938300,1.639,2022-03-14,11,2022,14,Monday,1.2358,0.8516212186177607
42.917518615722656,43.310001373291016,43.41999816894531,42.65999984741211,42.77000045776367,7307800,1.239,2022-03-15,11,2022,15,Tuesday,1.2358,0.8516212186177607
43.948089599609375,44.349998474121094,44.41999816894531,43.56999969482422,43.7599983215332,5536700,2.401,2022-03-16,11,2022,16,Wednesday,1.2358,0.8516212186177607
44.027366638183594,44.43000030517578,44.59000015258789,44.189998626708984,44.349998474121094,4609000,0.18,2022-03-17,11,2022,17,Thursday,1.2358,0.8516212186177607
44.34446716308594,44.75,44.779998779296875,43.97999954223633,44.08000183105469,6087600,0.72,2022-03-18,11,2022,18,Friday,1.2358,0.8516212186177607
43.48235321044922,43.880001068115234,43.9900016784668,43.65999984741211,43.83000183105469,6134600,-1.944,2022-03-21,12,2022,21,Monday,-0.213,1.671220362489639
44.00754928588867,44.40999984741211,44.58000183105469,44.349998474121094,44.349998474121094,4109400,1.208,2022-03-22,12,2022,22,Tuesday,-0.213,1.671220362489639
43.17516326904297,43.56999969482422,43.95000076293945,43.560001373291016,43.68000030517578,4238100,-1.891,2022-03-23,12,2022,23,Wednesday,-0.213,1.671220362489639
43.86882019042969,44.27000045776367,44.31999969482422,43.93000030517578,44.04999923706055,4073600,1.607,2022-03-24,12,2022,24,Thursday,-0.213,1.671220362489639
43.8489990234375,44.25,44.279998779296875,43.970001220703125,43.9900016784668,2632300,-0.045,2022-03-25,12,2022,25,Friday,-0.213,1.671220362489639
44.195823669433594,44.599998474121094,44.599998474121094,44.2599983215332,44.2599983215332,1961500,0.791,2022-03-28,13,2022,28,Monday,0.5264,1.375078106872479
44.9687614440918,45.380001068115234,45.43000030517578,45.15999984741211,45.2400016784668,3074000,1.749,2022-03-29,13,2022,29,Tuesday,0.5264,1.375078106872479
44.46337890625,44.869998931884766,45.189998626708984,44.83000183105469,45.130001068115234,7826700,-1.124,2022-03-30,13,2022,30,Wednesday,0.5264,1.375078106872479
44.166099548339844,44.56999969482422,44.970001220703125,44.54999923706055,44.900001525878906,4635900,-0.669,2022-03-31,13,2022,31,Thursday,0.5264,1.375078106872479
44.99848556518555,45.40999984741211,45.40999984741211,45.13999938964844,45.220001220703125,4950000,1.885,2022-04-01,13,2022,1,Friday,0.5264,1.375078106872479
46.0191535949707,46.439998626708984,46.52000045776367,46.150001525878906,46.279998779296875,3420900,2.268,2022-04-04,14,2022,4,Monday,0.20439999999999997,1.3499060337667952
45.56332015991211,45.97999954223633,46.33000183105469,45.900001525878906,46.2400016784668,4152800,-0.991,2022-04-05,14,2022,5,Tuesday,0.20439999999999997,1.3499060337667952
45.16694641113281,45.58000183105469,45.779998779296875,45.380001068115234,45.77000045776367,5385600,-0.87,2022-04-06,14,2022,6,Wednesday,0.20439999999999997,1.3499060337667952
45.09757995605469,45.5099983215332,45.689998626708984,45.290000915527344,45.38999938964844,6278000,-0.154,2022-04-07,14,2022,7,Thursday,0.20439999999999997,1.3499060337667952
45.44440841674805,45.86000061035156,46.08000183105469,45.75,45.84000015258789,4391300,0.769,2022-04-08,14,2022,8,Friday,0.20439999999999997,1.3499060337667952
45.10749053955078,45.52000045776367,45.849998474121094,45.470001220703125,45.70000076293945,3528200,-0.741,2022-04-11,15,2022,11,Monday,-0.66025,0.33416500415214034
44.68138885498047,45.09000015258789,45.5099983215332,45.04999923706055,45.43000030517578,3853100,-0.945,2022-04-12,15,2022,12,Tuesday,-0.66025,0.33416500415214034
44.602108001708984,45.0099983215332,45.08000183105469,44.77000045776367,44.91999816894531,2810000,-0.177,2022-04-13,15,2022,13,Wednesday,-0.66025,0.33416500415214034
44.25528335571289,44.65999984741211,45.0,44.65999984741211,44.90999984741211,1772100,-0.778,2022-04-14,15,2022,14,Thursday,-0.66025,0.33416500415214034
44.27510452270508,44.68000030517578,44.880001068115234,44.619998931884766,44.75,3287000,0.045,2022-04-18,16,2022,18,Monday,-0.2032,0.9740642689268507
43.779632568359375,44.18000030517578,44.220001220703125,43.790000915527344,44.0,3465600,-1.119,2022-04-19,16,2022,19,Tuesday,-0.2032,0.9740642689268507
44.31473922729492,44.720001220703125,44.790000915527344,44.43000030517578,44.619998931884766,6624500,1.222,2022-04-20,16,2022,20,Wednesday,-0.2032,0.9740642689268507
44.294921875,44.70000076293945,45.29999923706055,44.630001068115234,45.290000915527344,4675800,-0.045,2022-04-21,16,2022,21,Thursday,-0.2032,0.9740642689268507
43.79945373535156,44.20000076293945,44.650001525878906,44.13999938964844,44.56999969482422,4623600,-1.119,2022-04-22,16,2022,22,Friday,-0.2032,0.9740642689268507
43.79945373535156,44.20000076293945,44.27000045776367,43.77000045776367,43.97999954223633,4725200,0.0,2022-04-25,17,2022,25,Monday,-0.24800000000000005,1.2970052043072149
43.4625358581543,43.86000061035156,44.459999084472656,43.81999969482422,44.349998474121094,6854500,-0.769,2022-04-26,17,2022,26,Tuesday,-0.24800000000000005,1.2970052043072149
43.541805267333984,43.939998626708984,44.189998626708984,43.720001220703125,43.790000915527344,6348500,0.182,2022-04-27,17,2022,27,Wednesday,-0.24800000000000005,1.2970052043072149
44.166099548339844,44.56999969482422,44.630001068115234,44.08000183105469,44.31999969482422,5191000,1.434,2022-04-28,17,2022,28,Thursday,-0.24800000000000005,1.2970052043072149
43.24452590942383,43.63999938964844,44.27000045776367,43.599998474121094,44.060001373291016,5784400,-2.087,2022-04-29,17,2022,29,Friday,-0.24800000000000005,1.2970052043072149
43.49225997924805,43.88999938964844,44.0099983215332,43.439998626708984,43.79999923706055,5451000,0.573,2022-05-02,18,2022,2,Monday,-0.7083999999999999,1.3551406938026769
43.541805267333984,43.939998626708984,43.939998626708984,43.61000061035156,43.810001373291016,3693800,0.114,2022-05-03,18,2022,3,Tuesday,-0.7083999999999999,1.3551406938026769
43.4625358581543,43.86000061035156,43.939998626708984,42.880001068115234,43.11000061035156,6026700,-0.182,2022-05-04,18,2022,4,Wednesday,-0.7083999999999999,1.3551406938026769
42.23377227783203,42.619998931884766,43.220001220703125,42.2599983215332,43.220001220703125,6304200,-2.827,2022-05-05,18,2022,5,Thursday,-0.7083999999999999,1.3551406938026769
41.718482971191406,42.099998474121094,42.29999923706055,41.7599983215332,42.099998474121094,3725500,-1.22,2022-05-06,18,2022,6,Friday,-0.7083999999999999,1.3551406938026769
40.99509811401367,41.369998931884766,41.72999954223633,41.310001373291016,41.630001068115234,4486300,-1.734,2022-05-09,19,2022,9,Monday,-0.7847999999999999,0.6909885671991977
40.67799758911133,41.04999923706055,41.529998779296875,40.7599983215332,41.5,5184300,-0.774,2022-05-10,19,2022,10,Tuesday,-0.7847999999999999,0.6909885671991977
40.24198532104492,40.61000061035156,41.31999969482422,40.59000015258789,41.04999923706055,4288900,-1.072,2022-05-11,19,2022,11,Wednesday,-0.7847999999999999,0.6909885671991977
40.053707122802734,40.41999816894531,40.709999084472656,40.130001068115234,40.34000015258789,4279900,-0.468,2022-05-12,19,2022,12,Thursday,-0.7847999999999999,0.6909885671991977
40.10325622558594,40.470001220703125,40.529998779296875,40.099998474121094,40.15999984741211,8140000,0.124,2022-05-13,19,2022,13,Friday,-0.7847999999999999,0.6909885671991977
39.924888610839844,40.290000915527344,40.45000076293945,40.20000076293945,40.290000915527344,3196800,-0.445,2022-05-16,20,2022,16,Monday,0.25680000000000003,1.9929875062327913
41.143741607666016,41.52000045776367,41.560001373291016,41.20000076293945,41.459999084472656,5849000,3.053,2022-05-17,20,2022,17,Tuesday,0.25680000000000003,1.9929875062327913
40.13298034667969,40.5,41.31999969482422,40.38999938964844,41.16999816894531,5430400,-2.457,2022-05-18,20,2022,18,Wednesday,0.25680000000000003,1.9929875062327913
40.400535583496094,40.77000045776367,40.9900016784668,40.41999816894531,40.459999084472656,5427400,0.667,2022-05-19,20,2022,19,Thursday,0.25680000000000003,1.9929875062327913
40.58881378173828,40.959999084472656,41.25,40.349998474121094,41.20000076293945,4017200,0.466,2022-05-20,20,2022,20,Friday,0.25680000000000003,1.9929875062327913
40.89600372314453,41.27000045776367,41.369998931884766,40.97999954223633,41.119998931884766,2668000,0.757,2022-05-23,21,2022,23,Monday,0.1972,0.7989929286295343
40.568992614746094,40.939998626708984,41.029998779296875,40.52000045776367,40.779998779296875,3486900,-0.8,2022-05-24,21,2022,24,Tuesday,0.1972,0.7989929286295343
40.350990295410156,40.720001220703125,40.779998779296875,40.31999969482422,40.33000183105469,5331300,-0.537,2022-05-25,21,2022,25,Wednesday,0.1972,0.7989929286295343
40.707725524902344,41.08000183105469,41.16999816894531,40.720001220703125,40.75,3006000,0.884,2022-05-26,21,2022,26,Thursday,0.1972,0.7989929286295343
40.985191345214844,41.36000061035156,41.369998931884766,41.150001525878906,41.220001220703125,3473600,0.682,2022-05-27,21,2022,27,Friday,0.1972,0.7989929286295343
41.0545539855957,41.43000030517578,41.880001068115234,41.40999984741211,41.86000061035156,12570400,0.169,2022-05-31,22,2022,31,Tuesday,0.0192500000000001,1.8826214657581417
41.06446075439453,41.439998626708984,41.790000915527344,41.279998779296875,41.720001220703125,4596300,0.024,2022-06-01,22,2022,1,Wednesday,0.0192500000000001,1.8826214657581417
41.98603439331055,42.369998931884766,42.400001525878906,41.79999923706055,41.869998931884766,3326600,2.244,2022-06-02,22,2022,2,Thursday,0.0192500000000001,1.8826214657581417
40.99509811401367,41.369998931884766,41.650001525878906,41.310001373291016,41.59000015258789,3577900,-2.36,2022-06-03,22,2022,3,Friday,0.0192500000000001,1.8826214657581417
41.02482986450195,41.400001525878906,41.77000045776367,41.290000915527344,41.66999816894531,2519400,0.073,2022-06-06,23,2022,6,Monday,-0.5456000000000001,0.6231599313177959
41.07437515258789,41.45000076293945,41.5099983215332,41.150001525878906,41.15999984741211,2286400,0.121,2022-06-07,23,2022,7,Tuesday,-0.5456000000000001,0.6231599313177959
40.61854553222656,40.9900016784668,41.2400016784668,40.959999084472656,41.15999984741211,2805600,-1.11,2022-06-08,23,2022,8,Wednesday,-0.5456000000000001,0.6231599313177959
40.360897064208984,40.72999954223633,41.220001220703125,40.709999084472656,41.15999984741211,4706400,-0.634,2022-06-09,23,2022,9,Thursday,-0.5456000000000001,0.6231599313177959
39.88524627685547,40.25,40.470001220703125,40.189998626708984,40.38999938964844,5674300,-1.178,2022-06-10,23,2022,10,Friday,-0.5456000000000001,0.6231599313177959
39.15195083618164,39.5099983215332,39.84000015258789,39.41999816894531,39.619998931884766,4988200,-1.839,2022-06-13,24,2022,13,Monday,-0.7316,1.5482308613381919
39.340232849121094,39.70000076293945,39.81999969482422,39.54999923706055,39.75,4078100,0.481,2022-06-14,24,2022,14,Tuesday,-0.7316,1.5482308613381919
39.647422790527344,40.0099983215332,40.2400016784668,39.560001373291016,39.630001068115234,4475600,0.781,2022-06-15,24,2022,15,Wednesday,-0.7316,1.5482308613381919
38.52766418457031,38.880001068115234,39.04999923706055,38.7599983215332,38.95000076293945,4492100,-2.824,2022-06-16,24,2022,16,Thursday,-0.7316,1.5482308613381919
38.42856979370117,38.779998779296875,38.97999954223633,38.58000183105469,38.689998626708984,6050800,-0.257,2022-06-17,24,2022,17,Friday,-0.7316,1.5482308613381919
39.27086639404297,39.630001068115234,39.709999084472656,39.470001220703125,39.560001373291016,3951600,2.192,2022-06-21,25,2022,21,Tuesday,0.7505000000000001,1.7083429593224737
38.59703063964844,38.95000076293945,39.150001525878906,38.7599983215332,38.869998931884766,3664800,-1.716,2022-06-22,25,2022,22,Wednesday,0.7505000000000001,1.7083429593224737
39.013221740722656,39.369998931884766,39.41999816894531,39.099998474121094,39.18000030517578,2987400,1.078,2022-06-23,25,2022,23,Thursday,0.7505000000000001,1.7083429593224737
39.57805633544922,39.939998626708984,39.959999084472656,39.4900016784668,39.4900016784668,4792300,1.448,2022-06-24,25,2022,24,Friday,0.7505000000000001,1.7083429593224737
39.27086639404297,39.630001068115234,39.7599983215332,39.540000915527344,39.68000030517578,3767600,-0.776,2022-06-27,26,2022,27,Monday,-0.229,0.7675333868959707
38.78530502319336,39.13999938964844,39.650001525878906,39.119998931884766,39.599998474121094,3049800,-1.236,2022-06-28,26,2022,28,Tuesday,-0.229,0.7675333868959707
39.03303909301758,39.38999938964844,39.5,39.279998779296875,39.36000061035156,4210300,0.639,2022-06-29,26,2022,29,Wednesday,-0.229,0.7675333868959707
39.013221740722656,39.369998931884766,39.459999084472656,38.91999816894531,39.02000045776367,4136600,-0.051,2022-06-30,26,2022,30,Thursday,-0.229,0.7675333868959707
39.12222671508789,39.47999954223633,39.5,39.150001525878906,39.15999984741211,2053900,0.279,2022-07-01,26,2022,1,Friday,-0.229,0.7675333868959707
39.132137298583984,39.4900016784668,39.5099983215332,38.97999954223633,39.040000915527344,2593300,0.025,2022-07-05,27,2022,5,Tuesday,0.4555,0.8493772228325096
39.786155700683594,40.150001525878906,40.2599983215332,39.849998474121094,39.9900016784668,3844400,1.671,2022-07-06,27,2022,6,Wednesday,0.4555,0.8493772228325096
39.93479537963867,40.29999923706055,40.470001220703125,40.16999816894531,40.16999816894531,2436900,0.374,2022-07-07,27,2022,7,Thursday,0.4555,0.8493772228325096
39.83570098876953,40.20000076293945,40.380001068115234,40.02000045776367,40.150001525878906,1744100,-0.248,2022-07-08,27,2022,8,Friday,0.4555,0.8493772228325096
39.71678924560547,40.08000183105469,40.220001220703125,39.88999938964844,40.06999969482422,2993100,-0.299,2022-07-11,28,2022,11,Monday,0.00820000000000003,0.9089662810027664
39.607784271240234,39.970001220703125,40.15999984741211,39.84000015258789,39.869998931884766,2840500,-0.274,2022-07-12,28,2022,12,Tuesday,0.00820000000000003,0.9089662810027664
39.17177200317383,39.529998779296875,39.709999084472656,39.2400016784668,39.34000015258789,3545000,-1.101,2022-07-13,28,2022,13,Wednesday,0.00820000000000003,0.9089662810027664
39.320411682128906,39.68000030517578,39.689998626708984,39.099998474121094,39.2599983215332,2782700,0.379,2022-07-14,28,2022,14,Thursday,0.00820000000000003,0.9089662810027664
39.84560775756836,40.209999084472656,40.25,39.900001525878906,40.11000061035156,2315200,1.336,2022-07-15,28,2022,15,Friday,0.00820000000000003,0.9089662810027664
39.637516021728516,40.0,40.400001525878906,39.970001220703125,40.290000915527344,1934400,-0.522,2022-07-18,29,2022,18,Monday,0.45840000000000003,1.5681885409605567
40.37080764770508,40.7400016784668,40.810001373291016,40.540000915527344,40.59000015258789,2287400,1.85,2022-07-19,29,2022,19,Tuesday,0.45840000000000003,1.5681885409605567
39.944705963134766,40.310001373291016,40.689998626708984,39.81999969482422,40.689998626708984,7604100,-1.055,2022-07-20,29,2022,20,Wednesday,0.45840000000000003,1.5681885409605567
40.91582489013672,41.290000915527344,41.29999923706055,40.83000183105469,40.83000183105469,10321200,2.431,2022-07-21,29,2022,21,Thursday,0.45840000000000003,1.5681885409605567
40.74736404418945,41.119998931884766,41.34000015258789,40.95000076293945,41.130001068115234,1783100,-0.412,2022-07-22,29,2022,22,Friday,0.45840000000000003,1.5681885409605567
40.69781494140625,41.06999969482422,41.13999938964844,40.900001525878906,41.0,3318700,-0.122,2022-07-25,30,2022,25,Monday,0.7558,1.4549248090537188
40.142887115478516,40.5099983215332,40.779998779296875,40.47999954223633,40.709999084472656,1635600,-1.364,2022-07-26,30,2022,26,Tuesday,0.7558,1.4549248090537188
40.99509811401367,41.369998931884766,41.459999084472656,40.93000030517578,41.099998474121094,2013200,2.123,2022-07-27,30,2022,27,Wednesday,0.7558,1.4549248090537188
41.659027099609375,42.040000915527344,42.06999969482422,41.630001068115234,41.66999816894531,1893300,1.62,2022-07-28,30,2022,28,Thursday,0.7558,1.4549248090537188
42.29322814941406,42.68000030517578,42.720001220703125,42.18000030517578,42.29999923706055,3080600,1.522,2022-07-29,30,2022,29,Friday,0.7558,1.4549248090537188
42.60041809082031,42.9900016784668,43.18000030517578,42.779998779296875,42.81999969482422,2078000,0.726,2022-08-01,31,2022,1,Monday,0.06259999999999999,0.6106474432927727
42.88779067993164,43.279998779296875,43.470001220703125,43.130001068115234,43.20000076293945,4361900,0.675,2022-08-02,31,2022,2,Tuesday,0.06259999999999999,0.6106474432927727
42.85805892944336,43.25,43.33000183105469,42.95000076293945,43.06999969482422,3106100,-0.069,2022-08-03,31,2022,3,Wednesday,0.06259999999999999,0.6106474432927727
42.659873962402344,43.04999923706055,43.11000061035156,42.90999984741211,42.970001220703125,2346400,-0.462,2022-08-04,31,2022,4,Thursday,0.06259999999999999,0.6106474432927727
42.42205047607422,42.810001373291016,42.88999938964844,42.59000015258789,42.70000076293945,1941800,-0.557,2022-08-05,31,2022,5,Friday,0.06259999999999999,0.6106474432927727
42.719329833984375,43.11000061035156,43.310001373291016,43.040000915527344,43.16999816894531,2988300,0.701,2022-08-08,32,2022,8,Monday,0.4225999999999999,1.1881371132996392
42.55086898803711,42.939998626708984,43.08000183105469,42.90999984741211,43.04999923706055,1693400,-0.394,2022-08-09,32,2022,9,Tuesday,0.4225999999999999,1.1881371132996392
43.35353088378906,43.75,43.77000045776367,43.43000030517578,43.63999938964844,1803500,1.886,2022-08-10,32,2022,10,Wednesday,0.4225999999999999,1.1881371132996392
42.86796569824219,43.2599983215332,43.58000183105469,43.209999084472656,43.40999984741211,2526100,-1.12,2022-08-11,32,2022,11,Thursday,0.4225999999999999,1.1881371132996392
43.31389236450195,43.709999084472656,43.72999954223633,43.369998931884766,43.470001220703125,2028400,1.04,2022-08-12,32,2022,12,Friday,0.4225999999999999,1.1881371132996392
43.303985595703125,43.70000076293945,43.77000045776367,43.61000061035156,43.619998931884766,989500,-0.023,2022-08-15,33,2022,15,Monday,-0.18539999999999998,0.8856660205743472
43.69044876098633,44.09000015258789,44.13999938964844,43.869998931884766,43.900001525878906,1976600,0.892,2022-08-16,33,2022,16,Tuesday,-0.18539999999999998,0.8856660205743472
43.69044876098633,44.09000015258789,44.22999954223633,44.04999923706055,44.099998474121094,2913100,0.0,2022-08-17,33,2022,17,Wednesday,-0.18539999999999998,0.8856660205743472
43.59135818481445,43.9900016784668,44.06999969482422,43.84000015258789,44.06999969482422,1614300,-0.227,2022-08-18,33,2022,18,Thursday,-0.18539999999999998,0.8856660205743472
42.90760803222656,43.29999923706055,43.4900016784668,43.220001220703125,43.43000030517578,2047300,-1.569,2022-08-19,33,2022,19,Friday,-0.18539999999999998,0.8856660205743472
42.313045501708984,42.70000076293945,42.959999084472656,42.65999984741211,42.959999084472656,1793400,-1.386,2022-08-22,34,2022,22,Monday,-0.31599999999999995,1.073009552613582
42.75897216796875,43.150001525878906,43.38999938964844,43.099998474121094,43.099998474121094,2381900,1.054,2022-08-23,34,2022,23,Tuesday,-0.31599999999999995,1.073009552613582
42.967063903808594,43.36000061035156,43.45000076293945,43.220001220703125,43.2599983215332,1223500,0.487,2022-08-24,34,2022,24,Wednesday,-0.31599999999999995,1.073009552613582
42.76887893676758,43.15999984741211,43.18000030517578,42.88999938964844,42.959999084472656,1577100,-0.461,2022-08-25,34,2022,25,Thursday,-0.31599999999999995,1.073009552613582
42.22386169433594,42.61000061035156,43.40999984741211,42.58000183105469,43.369998931884766,2378000,-1.274,2022-08-26,34,2022,26,Friday,-0.31599999999999995,1.073009552613582
42.30313491821289,42.689998626708984,42.86000061035156,42.599998474121094,42.70000076293945,1881300,0.188,2022-08-29,35,2022,29,Monday,0.12519999999999998,0.929659722694277
42.86796569824219,43.2599983215332,43.7599983215332,43.15999984741211,43.650001525878906,1846900,1.335,2022-08-30,35,2022,30,Tuesday,0.12519999999999998,0.929659722694277
42.63014602661133,43.02000045776367,43.310001373291016,42.97999954223633,43.25,3767500,-0.555,2022-08-31,35,2022,31,Wednesday,0.12519999999999998,0.929659722694277
42.90760803222656,43.29999923706055,43.29999923706055,42.91999816894531,43.220001220703125,3568300,0.651,2022-09-01,35,2022,1,Thursday,0.12519999999999998,0.929659722694277
42.48150634765625,42.869998931884766,43.38999938964844,42.84000015258789,43.2400016784668,1634200,-0.993,2022-09-02,35,2022,2,Friday,0.12519999999999998,0.929659722694277
42.521141052246094,42.90999984741211,43.220001220703125,42.869998931884766,43.099998474121094,2637500,0.093,2022-09-06,36,2022,6,Tuesday,0.5227499999999999,0.7634187907040276
43.21479797363281,43.61000061035156,43.650001525878906,43.060001373291016,43.16999816894531,2804700,1.631,2022-09-07,36,2022,7,Wednesday,0.5227499999999999,0.7634187907040276
43.39316940307617,43.790000915527344,43.81999969482422,43.380001068115234,43.5,2352200,0.413,2022-09-08,36,2022,8,Thursday,0.5227499999999999,0.7634187907040276
43.373348236083984,43.77000045776367,43.790000915527344,43.619998931884766,43.65999984741211,1307300,-0.046,2022-09-09,36,2022,9,Friday,0.5227499999999999,0.7634187907040276
44.0174560546875,44.41999816894531,44.47999954223633,44.13999938964844,44.220001220703125,2499200,1.485,2022-09-12,37,2022,12,Monday,-0.28400000000000003,1.5981576893410738
43.105796813964844,43.5,43.95000076293945,43.439998626708984,43.849998474121094,3753600,-2.071,2022-09-13,37,2022,13,Tuesday,-0.28400000000000003,1.5981576893410738
43.680538177490234,44.08000183105469,44.2400016784668,43.880001068115234,44.22999954223633,1838400,1.333,2022-09-14,37,2022,14,Wednesday,-0.28400000000000003,1.5981576893410738
43.21479797363281,43.61000061035156,43.91999816894531,43.54999923706055,43.79999923706055,2244000,-1.066,2022-09-15,37,2022,15,Thursday,-0.28400000000000003,1.5981576893410738
42.7391471862793,43.130001068115234,43.15999984741211,42.900001525878906,42.959999084472656,4535800,-1.101,2022-09-16,37,2022,16,Friday,-0.28400000000000003,1.5981576893410738
43.16525650024414,43.560001373291016,43.59000015258789,43.279998779296875,43.279998779296875,2352100,0.997,2022-09-19,38,2022,19,Monday,-0.724,1.1607756027760059
43.026519775390625,43.41999816894531,43.56999969482422,43.290000915527344,43.56999969482422,1876700,-0.321,2022-09-20,38,2022,20,Tuesday,-0.724,1.1607756027760059
42.54096221923828,42.93000030517578,43.459999084472656,42.869998931884766,43.13999938964844,2842900,-1.129,2022-09-21,38,2022,21,Wednesday,-0.724,1.1607756027760059
42.104949951171875,42.4900016784668,42.7599983215332,42.380001068115234,42.7599983215332,3044800,-1.025,2022-09-22,38,2022,22,Thursday,-0.724,1.1607756027760059
41.20319747924805,41.58000183105469,41.869998931884766,41.439998626708984,41.81999969482422,4151200,-2.142,2022-09-23,38,2022,23,Friday,-0.724,1.1607756027760059
40.45999526977539,40.83000183105469,41.15999984741211,40.75,41.11000061035156,2603800,-1.804,2022-09-26,39,2022,26,Monday,-0.37720000000000004,1.6161078862501725
40.350990295410156,40.720001220703125,41.209999084472656,40.630001068115234,41.15999984741211,4408200,-0.269,2022-09-27,39,2022,27,Tuesday,-0.37720000000000004,1.6161078862501725
40.985191345214844,41.36000061035156,41.41999816894531,40.709999084472656,40.79999923706055,4730100,1.572,2022-09-28,39,2022,28,Wednesday,-0.37720000000000004,1.6161078862501725
40.093345642089844,40.459999084472656,40.7599983215332,40.209999084472656,40.630001068115234,3164400,-2.176,2022-09-29,39,2022,29,Thursday,-0.37720000000000004,1.6161078862501725
40.41044235229492,40.779998779296875,41.22999954223633,40.75,41.0,3098600,0.791,2022-09-30,39,2022,30,Friday,-0.37720000000000004,1.6161078862501725
40.598724365234375,40.970001220703125,41.06999969482422,40.59000015258789,40.7400016784668,3360700,0.466,2022-10-03,40,2022,3,Monday,-0.179,1.4043099729048425
41.34192657470703,41.720001220703125,41.849998474121094,41.5099983215332,41.61000061035156,4666800,1.831,2022-10-04,40,2022,4,Tuesday,-0.179,1.4043099729048425
41.242828369140625,41.619998931884766,41.720001220703125,41.33000183105469,41.470001220703125,1424000,-0.24,2022-10-05,40,2022,5,Wednesday,-0.179,1.4043099729048425
40.707725524902344,41.08000183105469,41.369998931884766,41.06999969482422,41.2400016784668,2102300,-1.297,2022-10-06,40,2022,6,Thursday,-0.179,1.4043099729048425
40.03389358520508,40.400001525878906,40.97999954223633,40.33000183105469,40.880001068115234,3506100,-1.655,2022-10-07,40,2022,7,Friday,-0.179,1.4043099729048425
40.47980880737305,40.849998474121094,41.029998779296875,40.720001220703125,41.0,4089300,1.114,2022-10-10,41,2022,10,Monday,-0.03519999999999999,1.0726573078108403
40.014068603515625,40.380001068115234,40.720001220703125,40.279998779296875,40.369998931884766,3389500,-1.151,2022-10-11,41,2022,11,Tuesday,-0.03519999999999999,1.0726573078108403
40.17262268066406,40.540000915527344,40.619998931884766,40.38999938964844,40.52000045776367,1996700,0.396,2022-10-12,41,2022,12,Wednesday,-0.03519999999999999,1.0726573078108403
40.44017791748047,40.810001373291016,40.93000030517578,39.7400016784668,39.93000030517578,3110300,0.666,2022-10-13,41,2022,13,Thursday,-0.03519999999999999,1.0726573078108403
39.954612731933594,40.31999969482422,40.9900016784668,40.290000915527344,40.9900016784668,2200100,-1.201,2022-10-14,41,2022,14,Friday,-0.03519999999999999,1.0726573078108403
40.846458435058594,41.220001220703125,41.34000015258789,41.029998779296875,41.099998474121094,2203100,2.232,2022-10-17,42,2022,17,Monday,0.6964,1.2770931054547277
40.75727462768555,41.130001068115234,41.5099983215332,40.970001220703125,41.47999954223633,1824000,-0.218,2022-10-18,42,2022,18,Tuesday,0.6964,1.2770931054547277
40.37080764770508,40.7400016784668,40.95000076293945,40.650001525878906,40.790000915527344,1489200,-0.948,2022-10-19,42,2022,19,Wednesday,0.6964,1.2770931054547277
40.767181396484375,41.13999938964844,41.66999816894531,41.11000061035156,41.31999969482422,2123300,0.982,2022-10-20,42,2022,20,Thursday,0.6964,1.2770931054547277
41.35183334350586,41.72999954223633,41.779998779296875,41.06999969482422,41.16999816894531,2131600,1.434,2022-10-21,42,2022,21,Friday,0.6964,1.2770931054547277
41.391475677490234,41.77000045776367,41.77000045776367,41.400001525878906,41.4900016784668,1476700,0.096,2022-10-24,43,2022,24,Monday,0.29400000000000004,0.8780987985414853
41.47074508666992,41.849998474121094,41.88999938964844,41.4900016784668,41.5,2725800,0.192,2022-10-25,43,2022,25,Tuesday,0.29400000000000004,0.8780987985414853
41.88694381713867,42.27000045776367,42.5,41.970001220703125,42.0,3144400,1.004,2022-10-26,43,2022,26,Wednesday,0.29400000000000004,0.8780987985414853
41.460838317871094,41.84000015258789,42.20000076293945,41.79999923706055,41.91999816894531,2274000,-1.017,2022-10-27,43,2022,27,Thursday,0.29400000000000004,0.8780987985414853
41.9563102722168,42.34000015258789,42.34000015258789,41.84000015258789,41.880001068115234,2843600,1.195,2022-10-28,43,2022,28,Friday,0.29400000000000004,0.8780987985414853
41.81757736206055,42.20000076293945,42.27000045776367,41.9900016784668,42.04999923706055,1783200,-0.331,2022-10-31,44,2022,31,Monday,0.3436,1.22395620836695
42.035579681396484,42.41999816894531,42.72999954223633,42.41999816894531,42.689998626708984,2429600,0.521,2022-11-01,44,2022,1,Tuesday,0.3436,1.22395620836695
41.54011535644531,41.91999816894531,42.560001373291016,41.88999938964844,42.15999984741211,2974700,-1.179,2022-11-02,44,2022,2,Wednesday,0.3436,1.22395620836695
41.787845611572266,42.16999816894531,42.279998779296875,41.900001525878906,41.900001525878906,2352700,0.596,2022-11-03,44,2022,3,Thursday,0.3436,1.22395620836695
42.66978454589844,43.060001373291016,43.09000015258789,42.689998626708984,42.91999816894531,4428200,2.111,2022-11-04,44,2022,4,Friday,0.3436,1.22395620836695
42.719329833984375,43.11000061035156,43.189998626708984,42.939998626708984,43.04999923706055,2639200,0.116,2022-11-07,45,2022,7,Monday,0.4556,1.5272109546490293
43.066158294677734,43.459999084472656,43.540000915527344,43.22999954223633,43.25,2306200,0.812,2022-11-08,45,2022,8,Tuesday,0.4556,1.5272109546490293
42.44186782836914,42.83000183105469,43.18000030517578,42.79999923706055,43.130001068115234,2518600,-1.45,2022-11-09,45,2022,9,Wednesday,0.4556,1.5272109546490293
43.61117172241211,44.0099983215332,44.0099983215332,43.45000076293945,43.81999969482422,4055400,2.755,2022-11-10,45,2022,10,Thursday,0.4556,1.5272109546490293
43.6309928894043,44.029998779296875,44.040000915527344,43.689998626708984,43.79999923706055,2845400,0.045,2022-11-11,45,2022,11,Friday,0.4556,1.5272109546490293
43.085975646972656,43.47999954223633,43.72999954223633,43.38999938964844,43.56999969482422,2154400,-1.249,2022-11-14,46,2022,14,Monday,-0.5024000000000001,0.7372169287258671
43.26434326171875,43.65999984741211,44.099998474121094,43.470001220703125,44.09000015258789,2502500,0.414,2022-11-15,46,2022,15,Tuesday,-0.5024000000000001,0.7372169287258671
42.7292366027832,43.119998931884766,43.310001373291016,43.08000183105469,43.290000915527344,1895800,-1.237,2022-11-16,46,2022,16,Wednesday,-0.5024000000000001,0.7372169287258671
42.55086898803711,42.939998626708984,43.0099983215332,42.70000076293945,42.70000076293945,3913600,-0.417,2022-11-17,46,2022,17,Thursday,-0.5024000000000001,0.7372169287258671
42.54096221923828,42.93000030517578,43.0,42.810001373291016,43.0,1866200,-0.023,2022-11-18,46,2022,18,Friday,-0.5024000000000001,0.7372169287258671
42.22386169433594,42.61000061035156,42.7400016784668,42.560001373291016,42.70000076293945,2041700,-0.745,2022-11-21,47,2022,21,Monday,0.2,0.7929695244249092
42.511234283447266,42.900001525878906,42.93000030517578,42.779998779296875,42.779998779296875,1322000,0.681,2022-11-22,47,2022,22,Tuesday,0.2,0.7929695244249092
42.45177459716797,42.84000015258789,42.900001525878906,42.72999954223633,42.83000183105469,2277700,-0.14,2022-11-23,47,2022,23,Wednesday,0.2,0.7929695244249092
42.87788009643555,43.27000045776367,43.36000061035156,43.16999816894531,43.31999969482422,1852200,1.004,2022-11-25,47,2022,25,Friday,0.2,0.7929695244249092
42.7886962890625,43.18000030517578,43.529998779296875,43.13999938964844,43.31999969482422,1380800,-0.208,2022-11-28,48,2022,28,Monday,0.33799999999999997,0.8640714669516637
43.15534210205078,43.54999923706055,43.61000061035156,43.439998626708984,43.5,1464600,0.857,2022-11-29,48,2022,29,Tuesday,0.33799999999999997,0.8640714669516637
43.83909225463867,44.2400016784668,44.279998779296875,43.68000030517578,44.20000076293945,6075700,1.584,2022-11-30,48,2022,30,Wednesday,0.33799999999999997,0.8640714669516637
43.82918167114258,44.22999954223633,44.470001220703125,44.130001068115234,44.43000030517578,2752200,-0.023,2022-12-01,48,2022,1,Thursday,0.33799999999999997,0.8640714669516637
43.60126495361328,44.0,44.040000915527344,43.75,43.84000015258789,1922800,-0.52,2022-12-02,48,2022,2,Friday,0.33799999999999997,0.8640714669516637
43.056251525878906,43.45000076293945,43.63999938964844,43.349998474121094,43.54999923706055,2609600,-1.25,2022-12-05,49,2022,5,Monday,-0.5582,0.768622599199373
42.74905776977539,43.13999938964844,43.400001525878906,43.060001373291016,43.38999938964844,2081500,-0.713,2022-12-06,49,2022,6,Tuesday,-0.5582,0.768622599199373
42.83824157714844,43.22999954223633,43.310001373291016,43.13999938964844,43.22999954223633,1818200,0.209,2022-12-07,49,2022,7,Wednesday,-0.5582,0.768622599199373
42.9571533203125,43.349998474121094,43.5099983215332,43.2599983215332,43.2599983215332,1653400,0.278,2022-12-08,49,2022,8,Thursday,-0.5582,0.768622599199373
42.39231872558594,42.779998779296875,43.0099983215332,42.779998779296875,43.0099983215332,1860900,-1.315,2022-12-09,49,2022,9,Friday,-0.5582,0.768622599199373
42.5607795715332,42.95000076293945,42.95000076293945,42.720001220703125,42.880001068115234,2403500,0.397,2022-12-12,50,2022,12,Monday,-0.269,0.9483775619446085
42.818424224853516,43.209999084472656,43.63999938964844,43.130001068115234,43.529998779296875,4710300,0.605,2022-12-13,50,2022,13,Tuesday,-0.269,0.9483775619446085
42.66978454589844,43.060001373291016,43.279998779296875,42.86000061035156,43.20000076293945,3022800,-0.347,2022-12-14,50,2022,14,Wednesday,-0.269,0.9483775619446085
41.8968505859375,42.279998779296875,42.599998474121094,42.130001068115234,42.599998474121094,5201400,-1.811,2022-12-15,50,2022,15,Thursday,-0.269,0.9483775619446085
41.81757736206055,42.20000076293945,42.400001525878906,42.099998474121094,42.15999984741211,2621300,-0.189,2022-12-16,50,2022,16,Friday,-0.269,0.9483775619446085
42.13467788696289,42.52000045776367,42.709999084472656,42.439998626708984,42.619998931884766,1613700,0.758,2022-12-19,51,2022,19,Monday,-0.4805999999999999,0.8410319851230392
42.14458465576172,42.529998779296875,42.650001525878906,42.439998626708984,42.439998626708984,1369500,0.024,2022-12-20,51,2022,20,Tuesday,-0.4805999999999999,0.8410319851230392
41.74821090698242,42.130001068115234,42.16999816894531,41.95000076293945,42.060001373291016,2056100,-0.941,2022-12-21,51,2022,21,Wednesday,-0.4805999999999999,0.8410319851230392
41.30228805541992,41.68000030517578,41.7599983215332,41.36000061035156,41.75,2421600,-1.068,2022-12-22,51,2022,22,Thursday,-0.4805999999999999,0.8410319851230392
40.81672668457031,41.189998626708984,41.20000076293945,40.939998626708984,41.119998931884766,1914200,-1.176,2022-12-23,51,2022,23,Friday,-0.4805999999999999,0.8410319851230392
41.411293029785156,41.790000915527344,41.939998626708984,41.7400016784668,41.90999984741211,3388400,1.457,2022-12-27,52,2022,27,Tuesday,0.3375,1.1583253716752762
41.431114196777344,41.810001373291016,42.040000915527344,41.77000045776367,41.869998931884766,3963700,0.048,2022-12-28,52,2022,28,Wednesday,0.3375,1.1583253716752762
41.84730529785156,42.22999954223633,42.31999969482422,42.0,42.11000061035156,2565500,1.005,2022-12-29,52,2022,29,Thursday,0.3375,1.1583253716752762
41.36174392700195,41.7400016784668,42.0,41.54999923706055,41.95000076293945,2733900,-1.16,2022-12-30,52,2022,30,Friday,0.3375,1.1583253716752762
41.520294189453125,41.900001525878906,42.150001525878906,41.810001373291016,42.0,1438200,0.383,2023-01-03,01,2023,3,Tuesday,0.2055,0.8298359275583738
41.48065948486328,41.86000061035156,41.91999816894531,41.59000015258789,41.65999984741211,2332900,-0.095,2023-01-04,01,2023,4,Wednesday,0.2055,0.8298359275583738
41.18337631225586,41.560001373291016,41.77000045776367,41.560001373291016,41.689998626708984,1872200,-0.717,2023-01-05,01,2023,5,Thursday,0.2055,0.8298359275583738
41.698665618896484,42.08000183105469,42.08000183105469,41.4900016784668,41.599998474121094,2343800,1.251,2023-01-06,01,2023,6,Friday,0.2055,0.8298359275583738
41.787845611572266,42.16999816894531,42.459999084472656,42.150001525878906,42.2599983215332,2239700,0.214,2023-01-09,02,2023,9,Monday,0.1802,0.2732456770014852
41.77793884277344,42.15999984741211,42.2400016784668,42.04999923706055,42.13999938964844,1731000,-0.024,2023-01-10,02,2023,10,Tuesday,0.1802,0.2732456770014852
41.80766677856445,42.189998626708984,42.20000076293945,41.95000076293945,41.97999954223633,1648200,0.071,2023-01-11,02,2023,11,Wednesday,0.1802,0.2732456770014852
42.07522201538086,42.459999084472656,42.4900016784668,42.099998474121094,42.290000915527344,2033700,0.64,2023-01-12,02,2023,12,Thursday,0.1802,0.2732456770014852
42.07522201538086,42.459999084472656,42.5,42.20000076293945,42.20000076293945,1379300,0.0,2023-01-13,02,2023,13,Friday,0.1802,0.2732456770014852
42.08513259887695,42.470001220703125,42.56999969482422,42.41999816894531,42.529998779296875,4302300,0.024,2023-01-17,03,2023,17,Tuesday,0.1295,0.18973226750696184
42.07522201538086,42.459999084472656,42.849998474121094,42.40999984741211,42.849998474121094,2558700,-0.024,2023-01-18,03,2023,18,Wednesday,0.1295,0.18973226750696184
42.1247673034668,42.5099983215332,42.619998931884766,42.439998626708984,42.4900016784668,1502500,0.118,2023-01-19,03,2023,19,Thursday,0.1295,0.18973226750696184
42.29322814941406,42.68000030517578,42.68000030517578,42.36000061035156,42.459999084472656,1756600,0.4,2023-01-20,03,2023,20,Friday,0.1295,0.18973226750696184
42.13467788696289,42.52000045776367,42.630001068115234,42.36000061035156,42.439998626708984,1823400,-0.375,2023-01-23,04,2023,23,Monday,-0.8678000000000001,1.07777627548578
41.74821090698242,42.130001068115234,42.34000015258789,42.06999969482422,42.31999969482422,7449300,-0.917,2023-01-24,04,2023,24,Tuesday,-0.8678000000000001,1.07777627548578
41.381561279296875,41.7599983215332,41.79999923706055,41.5,41.650001525878906,4235600,-0.878,2023-01-25,04,2023,25,Wednesday,-0.8678000000000001,1.07777627548578
41.54011535644531,41.91999816894531,42.2599983215332,41.72999954223633,41.86000061035156,2203700,0.383,2023-01-26,04,2023,26,Thursday,-0.8678000000000001,1.07777627548578
40.47980880737305,40.849998474121094,40.93000030517578,40.709999084472656,40.93000030517578,4446200,-2.552,2023-01-27,04,2023,27,Friday,-0.8678000000000001,1.07777627548578
40.41044235229492,40.779998779296875,41.0,40.77000045776367,40.88999938964844,2479500,-0.171,2023-01-30,05,2023,30,Monday,-0.38580000000000003,0.9561755591940218
40.61854553222656,40.9900016784668,41.0,40.7400016784668,40.849998474121094,2254800,0.515,2023-01-31,05,2023,31,Tuesday,-0.38580000000000003,0.9561755591940218
39.805973052978516,40.16999816894531,40.68000030517578,39.90999984741211,40.66999816894531,9058300,-2.0,2023-02-01,05,2023,1,Wednesday,-0.38580000000000003,0.9561755591940218
39.82579040527344,40.189998626708984,40.34000015258789,39.900001525878906,40.209999084472656,8586600,0.05,2023-02-02,05,2023,2,Thursday,-0.38580000000000003,0.9561755591940218
39.69697189331055,40.060001373291016,40.400001525878906,40.02000045776367,40.150001525878906,3072300,-0.323,2023-02-03,05,2023,3,Friday,-0.38580000000000003,0.9561755591940218
39.647422790527344,40.0099983215332,40.029998779296875,39.81999969482422,39.95000076293945,2692900,-0.125,2023-02-06,06,2023,6,Monday,0.142,0.801267121501937
39.57805633544922,39.939998626708984,40.040000915527344,39.63999938964844,39.84000015258789,3173500,-0.175,2023-02-07,06,2023,7,Tuesday,0.142,0.801267121501937
40.1627082824707,40.529998779296875,40.540000915527344,40.2599983215332,40.380001068115234,4936300,1.477,2023-02-08,06,2023,8,Wednesday,0.142,0.801267121501937
39.905067443847656,40.27000045776367,40.650001525878906,40.18000030517578,40.630001068115234,1691300,-0.641,2023-02-09,06,2023,9,Thursday,0.142,0.801267121501937
39.97443389892578,40.34000015258789,40.400001525878906,40.25,40.31999969482422,1036800,0.174,2023-02-10,06,2023,10,Friday,0.142,0.801267121501937
39.706878662109375,40.06999969482422,40.130001068115234,39.93000030517578,39.939998626708984,1316600,-0.669,2023-02-13,07,2023,13,Monday,-0.008199999999999995,0.6458077887421303
39.69697189331055,40.060001373291016,40.2400016784668,39.880001068115234,39.9900016784668,2369700,-0.025,2023-02-14,07,2023,14,Tuesday,-0.008199999999999995,0.6458077887421303
40.113162994384766,40.47999954223633,40.47999954223633,40.25,40.290000915527344,1721300,1.048,2023-02-15,07,2023,15,Wednesday,-0.008199999999999995,0.6458077887421303
40.093345642089844,40.459999084472656,40.630001068115234,40.29999923706055,40.36000061035156,1732200,-0.049,2023-02-16,07,2023,16,Thursday,-0.008199999999999995,0.6458077887421303
39.954612731933594,40.31999969482422,40.45000076293945,40.25,40.38999938964844,4337700,-0.346,2023-02-17,07,2023,17,Friday,-0.008199999999999995,0.6458077887421303
39.50869369506836,39.869998931884766,40.119998931884766,39.869998931884766,40.06999969482422,2098500,-1.116,2023-02-21,08,2023,21,Tuesday,-0.83325,0.687244437348653
38.97358703613281,39.33000183105469,39.4900016784668,39.279998779296875,39.4900016784668,2200200,-1.354,2023-02-22,08,2023,22,Wednesday,-0.83325,0.687244437348653
39.04294967651367,39.400001525878906,39.52000045776367,39.22999954223633,39.439998626708984,1836100,0.178,2023-02-23,08,2023,23,Thursday,-0.83325,0.687244437348653
38.63666534423828,38.9900016784668,39.06999969482422,38.88999938964844,39.0,3558000,-1.041,2023-02-24,08,2023,24,Friday,-0.83325,0.687244437348653
38.63666534423828,38.9900016784668,39.150001525878906,38.97999954223633,39.099998474121094,1854300,0.0,2023-02-27,09,2023,27,Monday,0.5616,0.9277735715140845
38.448387145996094,38.79999923706055,38.97999954223633,38.779998779296875,38.900001525878906,3103400,-0.487,2023-02-28,09,2023,28,Tuesday,0.5616,0.9277735715140845
38.854671478271484,39.209999084472656,39.349998474121094,39.13999938964844,39.33000183105469,2618000,1.057,2023-03-01,09,2023,1,Wednesday,0.5616,0.9277735715140845
38.993404388427734,39.349998474121094,39.43000030517578,39.029998779296875,39.130001068115234,3953600,0.357,2023-03-02,09,2023,2,Thursday,0.5616,0.9277735715140845
39.7266960144043,40.09000015258789,40.150001525878906,39.81999969482422,39.93000030517578,3975700,1.881,2023-03-03,09,2023,3,Friday,0.5616,0.9277735715140845
39.82579040527344,40.189998626708984,40.349998474121094,40.130001068115234,40.2400016784668,2346700,0.249,2023-03-06,10,2023,6,Monday,-0.3732,0.9785546484484144
39.498783111572266,39.86000061035156,40.27000045776367,39.849998474121094,40.27000045776367,2273900,-0.821,2023-03-07,10,2023,7,Tuesday,-0.3732,0.9785546484484144
39.86542892456055,40.22999954223633,40.2599983215332,40.11000061035156,40.189998626708984,1280700,0.928,2023-03-08,10,2023,8,Wednesday,-0.3732,0.9785546484484144
39.231231689453125,39.59000015258789,39.939998626708984,39.56999969482422,39.91999816894531,4299000,-1.591,2023-03-09,10,2023,9,Thursday,-0.3732,0.9785546484484144
38.98349380493164,39.34000015258789,39.68000030517578,39.29999923706055,39.56999969482422,3286900,-0.631,2023-03-10,10,2023,10,Friday,-0.3732,0.9785546484484144
38.36911392211914,38.720001220703125,39.08000183105469,38.68000030517578,38.810001373291016,2889400,-1.576,2023-03-13,11,2023,13,Monday,-0.4831999999999999,1.558726467344415
38.51774978637695,38.869998931884766,38.939998626708984,38.68000030517578,38.7599983215332,1830300,0.387,2023-03-14,11,2023,14,Tuesday,-0.4831999999999999,1.558726467344415
37.695274353027344,38.040000915527344,38.060001373291016,37.77000045776367,37.93000030517578,3297400,-2.135,2023-03-15,11,2023,15,Wednesday,-0.4831999999999999,1.558726467344415
38.34929656982422,38.70000076293945,38.70000076293945,38.11000061035156,38.11000061035156,1917700,1.735,2023-03-16,11,2023,16,Thursday,-0.4831999999999999,1.558726467344415
38.032196044921875,38.380001068115234,38.599998474121094,38.310001373291016,38.56999969482422,3379400,-0.827,2023-03-17,11,2023,17,Friday,-0.4831999999999999,1.558726467344415
38.200653076171875,38.54999923706055,38.58000183105469,38.349998474121094,38.38999938964844,2341600,0.443,2023-03-20,12,2023,20,Monday,0.0892,0.41910046528249045
38.279930114746094,38.630001068115234,38.75,38.470001220703125,38.709999084472656,3308600,0.208,2023-03-21,12,2023,21,Tuesday,0.0892,0.41910046528249045
38.18083572387695,38.529998779296875,39.0099983215332,38.52000045776367,38.709999084472656,2198300,-0.259,2023-03-22,12,2023,22,Wednesday,0.0892,0.41910046528249045
38.36911392211914,38.720001220703125,39.04999923706055,38.68000030517578,38.86000061035156,4270900,0.493,2023-03-23,12,2023,23,Thursday,0.0892,0.41910046528249045
38.200653076171875,38.54999923706055,38.560001373291016,38.310001373291016,38.369998931884766,1617800,-0.439,2023-03-24,12,2023,24,Friday,0.0892,0.41910046528249045
38.29975128173828,38.650001525878906,38.68000030517578,38.470001220703125,38.5099983215332,2604500,0.259,2023-03-27,13,2023,27,Monday,0.41880000000000006,0.7206123784670924
38.0520133972168,38.400001525878906,38.4900016784668,38.27000045776367,38.43000030517578,2784000,-0.647,2023-03-28,13,2023,28,Tuesday,0.41880000000000006,0.7206123784670924
38.30965805053711,38.65999984741211,38.689998626708984,38.560001373291016,38.59000015258789,1750300,0.677,2023-03-29,13,2023,29,Wednesday,0.41880000000000006,0.7206123784670924
38.4880256652832,38.84000015258789,38.939998626708984,38.779998779296875,38.869998931884766,1513000,0.466,2023-03-30,13,2023,30,Thursday,0.41880000000000006,0.7206123784670924
39.00331497192383,39.36000061035156,39.38999938964844,39.22999954223633,39.27000045776367,1563400,1.339,2023-03-31,13,2023,31,Friday,0.41880000000000006,0.7206123784670924
39.132137298583984,39.4900016784668,39.5,39.29999923706055,39.29999923706055,1721400,0.33,2023-04-03,14,2023,3,Monday,0.37275,0.19280797874223637
39.24113845825195,39.599998474121094,39.66999816894531,39.5099983215332,39.59000015258789,1696200,0.279,2023-04-04,14,2023,4,Tuesday,0.37275,0.19280797874223637
39.330318450927734,39.689998626708984,39.81999969482422,39.599998474121094,39.79999923706055,1040300,0.227,2023-04-05,14,2023,5,Wednesday,0.37275,0.19280797874223637
39.58796691894531,39.95000076293945,39.9900016784668,39.7599983215332,39.81999969482422,1040900,0.655,2023-04-06,14,2023,6,Thursday,0.37275,0.19280797874223637
39.56814956665039,39.93000030517578,39.959999084472656,39.790000915527344,39.849998474121094,1108600,-0.05,2023-04-10,15,2023,10,Monday,0.10540000000000001,0.3660946598900344
39.706878662109375,40.06999969482422,40.130001068115234,40.0099983215332,40.0099983215332,1633100,0.351,2023-04-11,15,2023,11,Tuesday,0.10540000000000001,0.3660946598900344
39.83570098876953,40.20000076293945,40.38999938964844,40.16999816894531,40.380001068115234,1910300,0.324,2023-04-12,15,2023,12,Wednesday,0.10540000000000001,0.3660946598900344
39.98434066772461,40.349998474121094,40.38999938964844,40.2599983215332,40.33000183105469,1563700,0.373,2023-04-13,15,2023,13,Thursday,0.10540000000000001,0.3660946598900344
39.79606246948242,40.15999984741211,40.369998931884766,40.09000015258789,40.279998779296875,1853800,-0.471,2023-04-14,15,2023,14,Friday,0.10540000000000001,0.3660946598900344
39.65733337402344,40.02000045776367,40.060001373291016,39.939998626708984,40.040000915527344,1650700,-0.349,2023-04-17,16,2023,17,Monday,-0.1396,0.21700299537103168
39.57805633544922,39.939998626708984,40.040000915527344,39.84000015258789,40.040000915527344,1329800,-0.2,2023-04-18,16,2023,18,Tuesday,-0.1396,0.21700299537103168
39.44923400878906,39.810001373291016,39.849998474121094,39.7400016784668,39.77000045776367,1153200,-0.325,2023-04-19,16,2023,19,Wednesday,-0.1396,0.21700299537103168
39.498783111572266,39.86000061035156,39.939998626708984,39.779998779296875,39.84000015258789,1081100,0.126,2023-04-20,16,2023,20,Thursday,-0.1396,0.21700299537103168
39.51860427856445,39.880001068115234,39.880001068115234,39.650001525878906,39.7400016784668,1077600,0.05,2023-04-21,16,2023,21,Friday,-0.1396,0.21700299537103168
39.82579040527344,40.189998626708984,40.20000076293945,40.08000183105469,40.130001068115234,932600,0.777,2023-04-24,17,2023,24,Monday,0.6158,0.6333566925516775
39.647422790527344,40.0099983215332,40.25,40.0,40.25,1749000,-0.448,2023-04-25,17,2023,25,Tuesday,0.6158,0.6333566925516775
39.8951530456543,40.2599983215332,40.45000076293945,40.2400016784668,40.400001525878906,1203200,0.625,2023-04-26,17,2023,26,Wednesday,0.6158,0.6333566925516775
40.38071823120117,40.75,40.77000045776367,40.56999969482422,40.650001525878906,1198900,1.217,2023-04-27,17,2023,27,Thursday,0.6158,0.6333566925516775
40.74736404418945,41.119998931884766,41.130001068115234,40.97999954223633,40.97999954223633,1835900,0.908,2023-04-28,17,2023,28,Friday,0.6158,0.6333566925516775
40.74736404418945,41.119998931884766,41.290000915527344,41.099998474121094,41.189998626708984,1378700,0.0,2023-05-01,18,2023,1,Monday,0.1366,0.4609178885658486
40.68790817260742,41.060001373291016,41.150001525878906,40.91999816894531,41.150001525878906,3015800,-0.146,2023-05-02,18,2023,2,Tuesday,0.1366,0.4609178885658486
40.549171447753906,40.91999816894531,41.15999984741211,40.91999816894531,40.9900016784668,1794700,-0.341,2023-05-03,18,2023,3,Wednesday,0.1366,0.4609178885658486
40.88609313964844,41.2599983215332,41.33000183105469,41.189998626708984,41.25,1658500,0.831,2023-05-04,18,2023,4,Thursday,0.1366,0.4609178885658486
41.02482986450195,41.400001525878906,41.43000030517578,41.16999816894531,41.16999816894531,1605600,0.339,2023-05-05,18,2023,5,Friday,0.1366,0.4609178885658486
41.153648376464844,41.529998779296875,41.650001525878906,41.47999954223633,41.63999938964844,1171600,0.314,2023-05-08,19,2023,8,Monday,-0.0376,0.47972627612003904
41.09419250488281,41.470001220703125,41.4900016784668,41.36000061035156,41.369998931884766,2372000,-0.144,2023-05-09,19,2023,9,Tuesday,-0.0376,0.47972627612003904
41.33201599121094,41.709999084472656,41.72999954223633,41.5,41.72999954223633,2021100,0.579,2023-05-10,19,2023,10,Wednesday,-0.0376,0.47972627612003904
41.08428192138672,41.459999084472656,41.529998779296875,41.34000015258789,41.529998779296875,2723200,-0.599,2023-05-11,19,2023,11,Thursday,-0.0376,0.47972627612003904
40.94554901123047,41.31999969482422,41.470001220703125,41.2599983215332,41.459999084472656,1495500,-0.338,2023-05-12,19,2023,12,Friday,-0.0376,0.47972627612003904
41.282470703125,41.65999984741211,41.689998626708984,41.459999084472656,41.52000045776367,2835200,0.823,2023-05-15,20,2023,15,Monday,-0.21200000000000002,0.6721320554771957
40.91582489013672,41.290000915527344,41.459999084472656,41.279998779296875,41.38999938964844,1434400,-0.888,2023-05-16,20,2023,16,Tuesday,-0.21200000000000002,0.6721320554771957
40.85636901855469,41.22999954223633,41.290000915527344,41.130001068115234,41.2400016784668,1642000,-0.145,2023-05-17,20,2023,17,Wednesday,-0.21200000000000002,0.6721320554771957
40.559085845947266,40.93000030517578,40.95000076293945,40.7400016784668,40.86000061035156,2041100,-0.728,2023-05-18,20,2023,18,Thursday,-0.21200000000000002,0.6721320554771957
40.50954055786133,40.880001068115234,40.97999954223633,40.810001373291016,40.900001525878906,1657600,-0.122,2023-05-19,20,2023,19,Friday,-0.21200000000000002,0.6721320554771957
40.88609313964844,41.2599983215332,41.29999923706055,41.13999938964844,41.20000076293945,2828500,0.93,2023-05-22,21,2023,22,Monday,0.5536000000000001,0.6906448436063214
40.75727462768555,41.130001068115234,41.31999969482422,41.11000061035156,41.27000045776367,1712500,-0.315,2023-05-23,21,2023,23,Tuesday,0.5536000000000001,0.6906448436063214
40.81672668457031,41.189998626708984,41.310001373291016,41.15999984741211,41.290000915527344,1478100,0.146,2023-05-24,21,2023,24,Wednesday,0.5536000000000001,0.6906448436063214
41.03473663330078,41.40999984741211,41.45000076293945,41.31999969482422,41.439998626708984,1979100,0.534,2023-05-25,21,2023,25,Thursday,0.5536000000000001,0.6906448436063214
41.63920593261719,42.02000045776367,42.09000015258789,41.7599983215332,41.779998779296875,2207500,1.473,2023-05-26,21,2023,26,Friday,0.5536000000000001,0.6906448436063214
41.431114196777344,41.810001373291016,42.060001373291016,41.7400016784668,42.060001373291016,2362900,-0.5,2023-05-30,22,2023,30,Tuesday,0.15599999999999997,0.6859353711052765
41.32210922241211,41.70000076293945,41.81999969482422,41.540000915527344,41.810001373291016,3298000,-0.263,2023-05-31,22,2023,31,Wednesday,0.15599999999999997,0.6859353711052765
41.74821090698242,42.130001068115234,42.130001068115234,41.7599983215332,41.810001373291016,2478300,1.031,2023-06-01,22,2023,1,Thursday,0.15599999999999997,0.6859353711052765
41.8968505859375,42.279998779296875,42.34000015258789,42.150001525878906,42.18000030517578,2484000,0.356,2023-06-02,22,2023,2,Friday,0.15599999999999997,0.6859353711052765
41.77793884277344,42.15999984741211,42.16999816894531,42.04999923706055,42.119998931884766,2136000,-0.284,2023-06-05,23,2023,5,Monday,-0.042199999999999994,0.31265348230908924
41.87702941894531,42.2599983215332,42.279998779296875,42.099998474121094,42.119998931884766,1364400,0.237,2023-06-06,23,2023,6,Tuesday,-0.042199999999999994,0.31265348230908924
42.02595901489258,42.33000183105469,42.43000030517578,42.27000045776367,42.41999816894531,1586600,0.356,2023-06-07,23,2023,7,Wednesday,-0.042199999999999994,0.31265348230908924
41.926673889160156,42.22999954223633,42.22999954223633,42.040000915527344,42.09000015258789,1935200,-0.236,2023-06-08,23,2023,8,Thursday,-0.042199999999999994,0.31265348230908924
41.80753707885742,42.11000061035156,42.18000030517578,41.9900016784668,41.9900016784668,906100,-0.284,2023-06-09,23,2023,9,Friday,-0.042199999999999994,0.31265348230908924
41.976314544677734,42.279998779296875,42.310001373291016,42.16999816894531,42.209999084472656,1238900,0.404,2023-06-12,24,2023,12,Monday,0.48,0.22928475745238713
42.3337287902832,42.63999938964844,42.68000030517578,42.560001373291016,42.59000015258789,2362500,0.851,2023-06-13,24,2023,13,Tuesday,0.48,0.22928475745238713
42.472721099853516,42.779998779296875,42.90999984741211,42.58000183105469,42.790000915527344,1934700,0.328,2023-06-14,24,2023,14,Wednesday,0.48,0.22928475745238713
42.70106887817383,43.0099983215332,43.0099983215332,42.70000076293945,42.7599983215332,3061300,0.538,2023-06-15,24,2023,15,Thursday,0.48,0.22928475745238713
42.82020950317383,43.130001068115234,43.220001220703125,43.08000183105469,43.20000076293945,2353300,0.279,2023-06-16,24,2023,16,Friday,0.48,0.22928475745238713
42.70106887817383,43.0099983215332,43.119998931884766,42.90999984741211,43.11000061035156,1571500,-0.278,2023-06-20,25,2023,20,Tuesday,-0.31975,0.4304876111264218
42.77056884765625,43.08000183105469,43.09000015258789,42.93000030517578,43.0099983215332,1962700,0.163,2023-06-21,25,2023,21,Wednesday,-0.31975,0.4304876111264218
42.65142822265625,42.959999084472656,43.0,42.81999969482422,42.880001068115234,1913300,-0.279,2023-06-22,25,2023,22,Thursday,-0.31975,0.4304876111264218
42.27416229248047,42.58000183105469,42.61000061035156,42.459999084472656,42.599998474121094,2708300,-0.885,2023-06-23,25,2023,23,Friday,-0.31975,0.4304876111264218
42.46279525756836,42.77000045776367,42.81999969482422,42.720001220703125,42.790000915527344,1268200,0.446,2023-06-26,26,2023,26,Monday,0.5212,0.3399532320775903
42.71099853515625,43.02000045776367,43.08000183105469,42.939998626708984,43.02000045776367,2512500,0.585,2023-06-27,26,2023,27,Tuesday,0.5212,0.3399532320775903
43.03862762451172,43.349998474121094,43.36000061035156,43.20000076293945,43.310001373291016,2878400,0.767,2023-06-28,26,2023,28,Wednesday,0.5212,0.3399532320775903
43.02870178222656,43.34000015258789,43.38999938964844,43.25,43.33000183105469,5014500,-0.023,2023-06-29,26,2023,29,Thursday,0.5212,0.3399532320775903
43.38611602783203,43.70000076293945,43.810001373291016,43.58000183105469,43.59000015258789,2182000,0.831,2023-06-30,26,2023,30,Friday,0.5212,0.3399532320775903
43.47547149658203,43.790000915527344,43.93000030517578,43.75,43.81999969482422,2191600,0.206,2023-07-03,27,2023,3,Monday,-0.05700000000000001,0.27204656464166815
43.45561218261719,43.77000045776367,43.91999816894531,43.75,43.91999816894531,1602100,-0.046,2023-07-05,27,2023,5,Wednesday,-0.05700000000000001,0.27204656464166815
43.2669792175293,43.58000183105469,43.84000015258789,43.439998626708984,43.72999954223633,3485100,-0.434,2023-07-06,27,2023,6,Thursday,-0.05700000000000001,0.27204656464166815
43.28683090209961,43.599998474121094,43.70000076293945,43.459999084472656,43.47999954223633,1982000,0.046,2023-07-07,27,2023,7,Friday,-0.05700000000000001,0.27204656464166815
43.34640121459961,43.65999984741211,43.68000030517578,43.47999954223633,43.54999923706055,1471500,0.138,2023-07-10,28,2023,10,Monday,0.30179999999999996,0.382803082537223
43.654178619384766,43.970001220703125,43.970001220703125,43.79999923706055,43.91999816894531,2441200,0.71,2023-07-11,28,2023,11,Tuesday,0.30179999999999996,0.382803082537223
43.94209289550781,44.2599983215332,44.310001373291016,44.060001373291016,44.060001373291016,3097900,0.66,2023-07-12,28,2023,12,Wednesday,0.30179999999999996,0.382803082537223
43.85273742675781,44.16999816894531,44.209999084472656,44.060001373291016,44.13999938964844,6161500,-0.203,2023-07-13,28,2023,13,Thursday,0.30179999999999996,0.382803082537223
43.94209289550781,44.2599983215332,44.349998474121094,44.20000076293945,44.349998474121094,2201800,0.204,2023-07-14,28,2023,14,Friday,0.30179999999999996,0.382803082537223
44.23994064331055,44.560001373291016,44.58000183105469,44.36000061035156,44.38999938964844,2125200,0.678,2023-07-17,29,2023,17,Monday,0.04600000000000002,0.4352028262775875
44.21015167236328,44.529998779296875,44.599998474121094,44.459999084472656,44.599998474121094,2120300,-0.067,2023-07-18,29,2023,18,Tuesday,0.04600000000000002,0.4352028262775875
44.32929229736328,44.650001525878906,44.77000045776367,44.61000061035156,44.7599983215332,1792000,0.269,2023-07-19,29,2023,19,Wednesday,0.04600000000000002,0.4352028262775875
44.230010986328125,44.54999923706055,44.66999816894531,44.5099983215332,44.65999984741211,2616100,-0.224,2023-07-20,29,2023,20,Thursday,0.04600000000000002,0.4352028262775875
44.04137420654297,44.36000061035156,44.5099983215332,44.349998474121094,44.5,1574700,-0.426,2023-07-21,29,2023,21,Friday,0.04600000000000002,0.4352028262775875
44.21015167236328,44.529998779296875,44.529998779296875,44.36000061035156,44.439998626708984,1963700,0.383,2023-07-24,30,2023,24,Monday,0.06460000000000002,0.64418964598944
44.1902961730957,44.5099983215332,44.59000015258789,44.5,44.5099983215332,1485700,-0.045,2023-07-25,30,2023,25,Tuesday,0.06460000000000002,0.64418964598944
44.35907745361328,44.68000030517578,44.790000915527344,44.5,44.54999923706055,2887100,0.382,2023-07-26,30,2023,26,Wednesday,0.06460000000000002,0.64418964598944
43.91230773925781,44.22999954223633,44.63999938964844,44.209999084472656,44.63999938964844,3350800,-1.007,2023-07-27,30,2023,27,Thursday,0.06460000000000002,0.64418964598944
44.18037033081055,44.5,44.54999923706055,44.459999084472656,44.529998779296875,1716900,0.61,2023-07-28,30,2023,28,Friday,0.06460000000000002,0.64418964598944
44.438499450683594,44.7599983215332,44.7599983215332,44.54999923706055,44.630001068115234,2614100,0.584,2023-07-31,31,2023,31,Monday,-0.20780000000000004,1.0664296507505782
44.1605110168457,44.47999954223633,44.630001068115234,44.400001525878906,44.59000015258789,1820800,-0.626,2023-08-01,31,2023,1,Tuesday,-0.20780000000000004,1.0664296507505782
43.39604187011719,43.709999084472656,43.95000076293945,43.630001068115234,43.95000076293945,3042600,-1.731,2023-08-02,31,2023,2,Wednesday,-0.20780000000000004,1.0664296507505782
43.28683090209961,43.599998474121094,43.709999084472656,43.599998474121094,43.61000061035156,3235300,-0.252,2023-08-03,31,2023,3,Thursday,-0.20780000000000004,1.0664296507505782
43.7137451171875,44.029998779296875,44.189998626708984,43.86000061035156,43.970001220703125,2375000,0.986,2023-08-04,31,2023,4,Friday,-0.20780000000000004,1.0664296507505782
43.87259292602539,44.189998626708984,44.189998626708984,44.04999923706055,44.16999816894531,1672200,0.363,2023-08-07,32,2023,7,Monday,-0.18619999999999998,0.4046204394244067
43.614463806152344,43.93000030517578,44.060001373291016,43.7599983215332,44.060001373291016,1604000,-0.588,2023-08-08,32,2023,8,Tuesday,-0.18619999999999998,0.4046204394244067
43.6243896484375,43.939998626708984,44.11000061035156,43.88999938964844,44.11000061035156,1945900,0.023,2023-08-09,32,2023,9,Wednesday,-0.18619999999999998,0.4046204394244067
43.554893493652344,43.869998931884766,44.16999816894531,43.810001373291016,44.06999969482422,1966000,-0.159,2023-08-10,32,2023,10,Thursday,-0.18619999999999998,0.4046204394244067
43.30669021606445,43.619998931884766,43.83000183105469,43.540000915527344,43.83000183105469,4396600,-0.57,2023-08-11,32,2023,11,Friday,-0.18619999999999998,0.4046204394244067
43.15776824951172,43.470001220703125,43.5,43.29999923706055,43.34000015258789,4010300,-0.344,2023-08-14,33,2023,14,Monday,-0.1326,0.4038840180051694
42.919490814208984,43.22999954223633,43.40999984741211,43.18000030517578,43.40999984741211,3011800,-0.552,2023-08-15,33,2023,15,Tuesday,-0.1326,0.4038840180051694
43.04855728149414,43.36000061035156,43.59000015258789,43.31999969482422,43.400001525878906,2676100,0.301,2023-08-16,33,2023,16,Wednesday,-0.1326,0.4038840180051694
42.889705657958984,43.20000076293945,43.4900016784668,43.189998626708984,43.40999984741211,2144900,-0.369,2023-08-17,33,2023,17,Thursday,-0.1326,0.4038840180051694
43.018775939941406,43.33000183105469,43.38999938964844,43.130001068115234,43.16999816894531,3385800,0.301,2023-08-18,33,2023,18,Friday,-0.1326,0.4038840180051694
43.28683090209961,43.599998474121094,43.650001525878906,43.439998626708984,43.540000915527344,4121700,0.623,2023-08-21,34,2023,21,Monday,0.20140000000000002,0.9452186519530811
43.197479248046875,43.5099983215332,43.779998779296875,43.4900016784668,43.7599983215332,2052700,-0.206,2023-08-22,34,2023,22,Tuesday,0.20140000000000002,0.9452186519530811
43.87259292602539,44.189998626708984,44.220001220703125,43.959999084472656,43.9900016784668,2050000,1.563,2023-08-23,34,2023,23,Wednesday,0.20140000000000002,0.9452186519530811
43.45561218261719,43.77000045776367,44.0099983215332,43.77000045776367,43.97999954223633,2257800,-0.95,2023-08-24,34,2023,24,Thursday,0.20140000000000002,0.9452186519530811
43.445682525634766,43.7599983215332,43.81999969482422,43.54999923706055,43.70000076293945,2245900,-0.023,2023-08-25,34,2023,25,Friday,0.20140000000000002,0.9452186519530811
43.564823150634766,43.880001068115234,43.97999954223633,43.86000061035156,43.900001525878906,2531700,0.274,2023-08-28,35,2023,28,Monday,0.219,0.46394180669562424
43.87259292602539,44.189998626708984,44.20000076293945,43.790000915527344,43.869998931884766,2625900,0.706,2023-08-29,35,2023,29,Tuesday,0.219,0.46394180669562424
43.813026428222656,44.130001068115234,44.18000030517578,44.04999923706055,44.150001525878906,2136400,-0.136,2023-08-30,35,2023,30,Wednesday,0.219,0.46394180669562424
43.654178619384766,43.970001220703125,44.08000183105469,43.900001525878906,44.08000183105469,3363900,-0.363,2023-08-31,35,2023,31,Thursday,0.219,0.46394180669562424
43.922237396240234,44.2400016784668,44.349998474121094,44.150001525878906,44.2400016784668,2103000,0.614,2023-09-01,35,2023,1,Friday,0.219,0.46394180669562424
44.03144454956055,44.349998474121094,44.45000076293945,44.310001373291016,44.45000076293945,1918000,0.249,2023-09-05,36,2023,5,Tuesday,0.4395,0.6600053030089985
43.85273742675781,44.16999816894531,44.459999084472656,44.150001525878906,44.34000015258789,1930700,-0.406,2023-09-06,36,2023,6,Wednesday,0.4395,0.6600053030089985
44.230010986328125,44.54999923706055,44.58000183105469,44.369998931884766,44.4900016784668,3535800,0.86,2023-09-07,36,2023,7,Thursday,0.4395,0.6600053030089985
44.69663619995117,45.02000045776367,45.029998779296875,44.81999969482422,44.88999938964844,2516100,1.055,2023-09-08,36,2023,8,Friday,0.4395,0.6600053030089985
45.13347244262695,45.459999084472656,45.459999084472656,45.2599983215332,45.36000061035156,2271200,0.977,2023-09-11,37,2023,11,Monday,0.0462,0.6908412987075976
44.73634719848633,45.060001373291016,45.150001525878906,44.97999954223633,45.119998931884766,3523400,-0.88,2023-09-12,37,2023,12,Tuesday,0.0462,0.6908412987075976
44.785987854003906,45.11000061035156,45.189998626708984,45.060001373291016,45.150001525878906,1595300,0.111,2023-09-13,37,2023,13,Wednesday,0.0462,0.6908412987075976
44.92498016357422,45.25,45.33000183105469,45.20000076293945,45.27000045776367,2948600,0.31,2023-09-14,37,2023,14,Thursday,0.0462,0.6908412987075976
44.79591369628906,45.119998931884766,45.27000045776367,45.11000061035156,45.2599983215332,2477700,-0.287,2023-09-15,37,2023,15,Friday,0.0462,0.6908412987075976
44.84555435180664,45.16999816894531,45.189998626708984,45.0099983215332,45.099998474121094,2468300,0.111,2023-09-18,38,2023,18,Monday,-0.2846,0.4307705885967611
44.67677688598633,45.0,45.130001068115234,44.970001220703125,45.119998931884766,2793400,-0.376,2023-09-19,38,2023,19,Tuesday,-0.2846,0.4307705885967611
44.557640075683594,44.880001068115234,45.189998626708984,44.86000061035156,45.06999969482422,3626900,-0.267,2023-09-20,38,2023,20,Wednesday,-0.2846,0.4307705885967611
44.13072967529297,44.45000076293945,44.560001373291016,44.43000030517578,44.52000045776367,4282200,-0.958,2023-09-21,38,2023,21,Thursday,-0.2846,0.4307705885967611
44.1605110168457,44.47999954223633,44.68000030517578,44.439998626708984,44.59000015258789,2600400,0.067,2023-09-22,38,2023,22,Friday,-0.2846,0.4307705885967611
44.3094367980957,44.630001068115234,44.65999984741211,44.470001220703125,44.5,2215000,0.337,2023-09-25,39,2023,25,Monday,-0.11599999999999996,0.6097105870821008
44.00166320800781,44.31999969482422,44.5,44.310001373291016,44.5,2624400,-0.695,2023-09-26,39,2023,26,Tuesday,-0.11599999999999996,0.6097105870821008
44.26972198486328,44.59000015258789,44.77000045776367,44.4900016784668,44.75,5158700,0.609,2023-09-27,39,2023,27,Wednesday,-0.11599999999999996,0.6097105870821008
43.93216323852539,44.25,44.29999923706055,44.099998474121094,44.189998626708984,3781000,-0.763,2023-09-28,39,2023,28,Thursday,-0.11599999999999996,0.6097105870821008
43.902381896972656,44.220001220703125,44.529998779296875,44.15999984741211,44.47999954223633,4992400,-0.068,2023-09-29,39,2023,29,Friday,-0.11599999999999996,0.6097105870821008
43.892452239990234,44.209999084472656,44.290000915527344,44.06999969482422,44.27000045776367,3691500,-0.023,2023-10-02,40,2023,2,Monday,0.1638,0.6297949666359679
43.63431930541992,43.95000076293945,44.189998626708984,43.91999816894531,44.130001068115234,3435100,-0.588,2023-10-03,40,2023,3,Tuesday,0.1638,0.6297949666359679
43.554893493652344,43.869998931884766,43.93000030517578,43.72999954223633,43.93000030517578,3419200,-0.182,2023-10-04,40,2023,4,Wednesday,0.1638,0.6297949666359679
43.842811584472656,44.15999984741211,44.220001220703125,44.02000045776367,44.060001373291016,2164900,0.661,2023-10-05,40,2023,5,Thursday,0.1638,0.6297949666359679
44.259796142578125,44.58000183105469,44.650001525878906,44.20000076293945,44.220001220703125,2109200,0.951,2023-10-06,40,2023,6,Friday,0.1638,0.6297949666359679
43.7733154296875,44.09000015258789,44.130001068115234,43.83000183105469,43.9900016784668,2205500,-1.099,2023-10-09,41,2023,9,Monday,-0.050600000000000034,0.9043300282529603
44.26972198486328,44.59000015258789,44.68000030517578,44.40999984741211,44.470001220703125,2824900,1.134,2023-10-10,41,2023,10,Tuesday,-0.050600000000000034,0.9043300282529603
44.35907745361328,44.68000030517578,44.79999923706055,44.59000015258789,44.72999954223633,3079500,0.202,2023-10-11,41,2023,11,Wednesday,-0.050600000000000034,0.9043300282529603
44.00166320800781,44.31999969482422,44.54999923706055,44.2599983215332,44.54999923706055,4815700,-0.806,2023-10-12,41,2023,12,Thursday,-0.050600000000000034,0.9043300282529603
44.140655517578125,44.459999084472656,44.63999938964844,44.400001525878906,44.47999954223633,2348900,0.316,2023-10-13,41,2023,13,Friday,-0.050600000000000034,0.9043300282529603
44.438499450683594,44.7599983215332,44.81999969482422,44.5,44.630001068115234,2316100,0.675,2023-10-16,42,2023,16,Monday,-0.2144,0.7778748614012411
44.448429107666016,44.77000045776367,44.869998931884766,44.61000061035156,44.65999984741211,2090700,0.022,2023-10-17,42,2023,17,Tuesday,-0.2144,0.7778748614012411
43.902381896972656,44.220001220703125,44.459999084472656,44.20000076293945,44.459999084472656,3553200,-1.228,2023-10-18,42,2023,18,Wednesday,-0.2144,0.7778748614012411
44.011592864990234,44.33000183105469,44.599998474121094,44.33000183105469,44.36000061035156,3050700,0.249,2023-10-19,42,2023,19,Thursday,-0.2144,0.7778748614012411
43.66410446166992,43.97999954223633,44.209999084472656,43.97999954223633,44.189998626708984,2283200,-0.79,2023-10-20,42,2023,20,Friday,-0.2144,0.7778748614012411
43.30669021606445,43.619998931884766,43.72999954223633,43.470001220703125,43.65999984741211,4231900,-0.819,2023-10-23,43,2023,23,Monday,-0.46559999999999996,0.8240669268936838
43.43575668334961,43.75,43.83000183105469,43.630001068115234,43.630001068115234,1987900,0.298,2023-10-24,43,2023,24,Tuesday,-0.46559999999999996,0.8240669268936838
42.93934631347656,43.25,43.38999938964844,43.130001068115234,43.38999938964844,2859200,-1.143,2023-10-25,43,2023,25,Wednesday,-0.46559999999999996,0.8240669268936838
42.42308044433594,42.72999954223633,42.880001068115234,42.66999816894531,42.790000915527344,2968100,-1.202,2023-10-26,43,2023,26,Thursday,-0.46559999999999996,0.8240669268936838
42.65142822265625,42.959999084472656,43.2400016784668,42.91999816894531,43.22999954223633,2555900,0.538,2023-10-27,43,2023,27,Friday,-0.46559999999999996,0.8240669268936838
43.018775939941406,43.33000183105469,43.41999816894531,43.220001220703125,43.2400016784668,2538500,0.861,2023-10-30,44,2023,30,Monday,0.5488,0.4823273784474607
42.929420471191406,43.2400016784668,43.29999923706055,43.040000915527344,43.09000015258789,3261200,-0.208,2023-10-31,44,2023,31,Tuesday,0.5488,0.4823273784474607
43.08827209472656,43.400001525878906,43.439998626708984,43.11000061035156,43.119998931884766,3393600,0.37,2023-11-01,44,2023,1,Wednesday,0.5488,0.4823273784474607
43.51518249511719,43.83000183105469,43.83000183105469,43.65999984741211,43.720001220703125,2303000,0.991,2023-11-02,44,2023,2,Thursday,0.5488,0.4823273784474607
43.8328857421875,44.150001525878906,44.20000076293945,43.86000061035156,43.97999954223633,2602800,0.73,2023-11-03,44,2023,3,Friday,0.5488,0.4823273784474607
43.87259292602539,44.189998626708984,44.279998779296875,44.099998474121094,44.209999084472656,3550100,0.091,2023-11-06,45,2023,6,Monday,0.155,0.5991289510614556
43.892452239990234,44.209999084472656,44.25,44.04999923706055,44.130001068115234,2395200,0.045,2023-11-07,45,2023,7,Tuesday,0.155,0.5991289510614556
44.011592864990234,44.33000183105469,44.36000061035156,44.220001220703125,44.310001373291016,4494600,0.271,2023-11-08,45,2023,8,Wednesday,0.155,0.5991289510614556
43.72367477416992,44.040000915527344,44.290000915527344,44.029998779296875,44.290000915527344,2064300,-0.654,2023-11-09,45,2023,9,Thursday,0.155,0.5991289510614556
44.170440673828125,44.4900016784668,44.5,44.150001525878906,44.150001525878906,3539700,1.022,2023-11-10,45,2023,10,Friday,0.155,0.5991289510614556
44.1009407043457,44.41999816894531,44.4900016784668,44.2599983215332,44.36000061035156,2943700,-0.157,2023-11-13,46,2023,13,Monday,0.2526,0.7146308837434889
44.75620651245117,45.08000183105469,45.09000015258789,44.689998626708984,44.689998626708984,3091100,1.486,2023-11-14,46,2023,14,Tuesday,0.2526,0.7146308837434889
44.61720657348633,44.939998626708984,45.029998779296875,44.869998931884766,44.97999954223633,3390800,-0.311,2023-11-15,46,2023,15,Wednesday,0.2526,0.7146308837434889
44.65692138671875,44.97999954223633,45.060001373291016,44.900001525878906,44.9900016784668,2457600,0.089,2023-11-16,46,2023,16,Thursday,0.2526,0.7146308837434889
44.726417541503906,45.04999923706055,45.11000061035156,45.0,45.060001373291016,1942000,0.156,2023-11-17,46,2023,17,Friday,0.2526,0.7146308837434889
44.726417541503906,45.04999923706055,45.060001373291016,44.84000015258789,44.900001525878906,1600900,0.0,2023-11-20,47,2023,20,Monday,0.07775000000000001,0.17236468122365828
44.73634719848633,45.060001373291016,45.16999816894531,45.029998779296875,45.040000915527344,3206200,0.022,2023-11-21,47,2023,21,Tuesday,0.07775000000000001,0.17236468122365828
44.88526916503906,45.209999084472656,45.2599983215332,45.150001525878906,45.2400016784668,1864700,0.333,2023-11-22,47,2023,22,Wednesday,0.07775000000000001,0.17236468122365828
44.86540985107422,45.189998626708984,45.189998626708984,45.08000183105469,45.099998474121094,673400,-0.044,2023-11-24,47,2023,24,Friday,0.07775000000000001,0.17236468122365828
44.76613235473633,45.09000015258789,45.189998626708984,45.060001373291016,45.15999984741211,2235500,-0.221,2023-11-27,48,2023,27,Monday,0.5309999999999999,0.48321061660522313
45.16326141357422,45.4900016784668,45.529998779296875,45.31999969482422,45.31999969482422,2917100,0.887,2023-11-28,48,2023,28,Tuesday,0.5309999999999999,0.48321061660522313
45.30225372314453,45.630001068115234,45.779998779296875,45.619998931884766,45.66999816894531,2531600,0.308,2023-11-29,48,2023,29,Wednesday,0.5309999999999999,0.48321061660522313
45.689453125,46.02000045776367,46.029998779296875,45.209999084472656,45.88999938964844,3980100,0.855,2023-11-30,48,2023,30,Thursday,0.5309999999999999,0.48321061660522313
46.06672286987305,46.400001525878906,46.470001220703125,46.040000915527344,46.130001068115234,2996000,0.826,2023-12-01,48,2023,1,Friday,0.5309999999999999,0.48321061660522313
46.503562927246094,46.84000015258789,47.02000045776367,46.75,46.97999954223633,4106500,0.948,2023-12-04,49,2023,4,Monday,0.3902,0.5398881365616399
46.93047332763672,47.27000045776367,47.27000045776367,47.029998779296875,47.13999938964844,5326000,0.918,2023-12-05,49,2023,5,Tuesday,0.3902,0.5398881365616399
46.999969482421875,47.34000015258789,47.5099983215332,47.27000045776367,47.4900016784668,2999000,0.148,2023-12-06,49,2023,6,Wednesday,0.3902,0.5398881365616399
47.11910629272461,47.459999084472656,47.459999084472656,47.34000015258789,47.38999938964844,2116000,0.253,2023-12-07,49,2023,7,Thursday,0.3902,0.5398881365616399
46.97018814086914,47.310001373291016,47.34000015258789,47.18000030517578,47.29999923706055,1896300,-0.316,2023-12-08,49,2023,8,Friday,0.3902,0.5398881365616399
47.21839141845703,47.560001373291016,47.56999969482422,47.41999816894531,47.47999954223633,2536300,0.528,2023-12-11,50,2023,11,Monday,0.41679999999999995,0.656279437435
47.0396842956543,47.380001068115234,47.400001525878906,47.119998931884766,47.27000045776367,4212500,-0.378,2023-12-12,50,2023,12,Tuesday,0.41679999999999995,0.656279437435
47.615516662597656,47.959999084472656,47.959999084472656,47.380001068115234,47.45000076293945,6846900,1.224,2023-12-13,50,2023,13,Wednesday,0.41679999999999995,0.656279437435
48.00271224975586,48.349998474121094,48.349998474121094,48.099998474121094,48.16999816894531,4338800,0.813,2023-12-14,50,2023,14,Thursday,0.41679999999999995,0.656279437435
47.95307540893555,48.29999923706055,48.63999938964844,48.279998779296875,48.63999938964844,2937600,-0.103,2023-12-15,50,2023,15,Friday,0.41679999999999995,0.656279437435
48.11192321777344,48.459999084472656,48.5,48.29999923706055,48.439998626708984,3077800,0.331,2023-12-18,51,2023,18,Monday,0.0354,1.6180373296064587
48.370059967041016,48.720001220703125,48.779998779296875,48.52000045776367,48.56999969482422,5379200,0.537,2023-12-19,51,2023,19,Tuesday,0.0354,1.6180373296064587
47.059539794921875,47.400001525878906,47.790000915527344,47.380001068115234,47.7400016784668,5566600,-2.709,2023-12-20,51,2023,20,Wednesday,0.0354,1.6180373296064587
47.81407928466797,48.15999984741211,48.209999084472656,47.959999084472656,48.040000915527344,4118200,1.603,2023-12-21,51,2023,21,Thursday,0.0354,1.6180373296064587
48.01264572143555,48.36000061035156,48.38999938964844,48.22999954223633,48.34000015258789,2254600,0.415,2023-12-22,51,2023,22,Friday,0.0354,1.6180373296064587
48.18142318725586,48.529998779296875,48.61000061035156,48.45000076293945,48.61000061035156,2226600,0.352,2023-12-26,52,2023,26,Tuesday,0.23299999999999998,0.4598601236608077
48.48919677734375,48.84000015258789,48.91999816894531,48.7599983215332,48.900001525878906,2620100,0.639,2023-12-27,52,2023,27,Wednesday,0.23299999999999998,0.4598601236608077
48.667903900146484,49.02000045776367,49.099998474121094,48.9900016784668,49.040000915527344,2786600,0.369,2023-12-28,52,2023,28,Thursday,0.23299999999999998,0.4598601236608077
48.45941162109375,48.810001373291016,48.939998626708984,48.72999954223633,48.88999938964844,4500000,-0.428,2023-12-29,52,2023,29,Friday,0.23299999999999998,0.4598601236608077
48.32041549682617,48.66999816894531,48.7400016784668,48.540000915527344,48.68000030517578,2839200,-0.287,2024-01-02,00,2024,2,Tuesday,0.14400000000000002,0.5161995738084253
48.24099349975586,48.59000015258789,48.66999816894531,48.45000076293945,48.58000183105469,2744900,-0.164,2024-01-03,00,2024,3,Wednesday,0.14400000000000002,0.5161995738084253
48.65797424316406,49.0099983215332,49.15999984741211,48.95000076293945,48.95000076293945,2338500,0.864,2024-01-04,00,2024,4,Thursday,0.14400000000000002,0.5161995738084253
48.73740005493164,49.09000015258789,49.369998931884766,49.060001373291016,49.25,3185000,0.163,2024-01-05,00,2024,5,Friday,0.14400000000000002,0.5161995738084253
48.73740005493164,49.09000015258789,49.11000061035156,48.779998779296875,48.91999816894531,2424900,0.0,2024-01-08,01,2024,8,Monday,0.35419999999999996,0.7817631994408536
48.499122619628906,48.849998474121094,49.040000915527344,48.7400016784668,48.880001068115234,2778600,-0.489,2024-01-09,01,2024,9,Tuesday,0.35419999999999996,0.7817631994408536
48.79697036743164,49.150001525878906,49.150001525878906,49.02000045776367,49.150001525878906,3357600,0.614,2024-01-10,01,2024,10,Wednesday,0.35419999999999996,0.7817631994408536
48.8366813659668,49.189998626708984,49.29999923706055,48.939998626708984,49.2599983215332,2478000,0.081,2024-01-11,01,2024,11,Thursday,0.35419999999999996,0.7817631994408536
49.60115051269531,49.959999084472656,50.20000076293945,49.869998931884766,49.869998931884766,3272400,1.565,2024-01-12,01,2024,12,Friday,0.35419999999999996,0.7817631994408536
49.04517364501953,49.400001525878906,49.880001068115234,49.349998474121094,49.880001068115234,5433400,-1.121,2024-01-16,02,2024,16,Tuesday,-0.181,1.1253115124266702
48.479270935058594,48.83000183105469,48.880001068115234,48.70000076293945,48.880001068115234,4190400,-1.154,2024-01-17,02,2024,17,Wednesday,-0.181,1.1253115124266702
48.727474212646484,49.08000183105469,49.150001525878906,48.91999816894531,49.0099983215332,3679200,0.512,2024-01-18,02,2024,18,Thursday,-0.181,1.1253115124266702
49.23381042480469,49.59000015258789,49.619998931884766,49.2599983215332,49.54999923706055,4018000,1.039,2024-01-19,02,2024,19,Friday,-0.181,1.1253115124266702
49.41251754760742,49.77000045776367,49.95000076293945,49.599998474121094,49.7400016784668,3527900,0.363,2024-01-22,03,2024,22,Monday,-0.1558,1.2254777435759494
48.330345153808594,48.68000030517578,48.779998779296875,48.560001373291016,48.75,4543200,-2.19,2024-01-23,03,2024,23,Tuesday,-0.1558,1.2254777435759494
48.84661102294922,49.20000076293945,49.38999938964844,49.15999984741211,49.2599983215332,7677200,1.068,2024-01-24,03,2024,24,Wednesday,-0.1558,1.2254777435759494
48.75725555419922,49.11000061035156,49.220001220703125,49.029998779296875,49.220001220703125,4583600,-0.183,2024-01-25,03,2024,25,Thursday,-0.1558,1.2254777435759494
48.8366813659668,49.189998626708984,49.380001068115234,49.029998779296875,49.119998931884766,2127200,0.163,2024-01-26,03,2024,26,Friday,-0.1558,1.2254777435759494
49.62100601196289,49.97999954223633,50.0099983215332,49.810001373291016,49.84000015258789,3077200,1.606,2024-01-29,04,2024,29,Monday,0.4828,0.9182443574561185
49.164310455322266,49.52000045776367,49.540000915527344,49.29999923706055,49.36000061035156,4162400,-0.92,2024-01-30,04,2024,30,Tuesday,0.4828,0.9182443574561185
49.531654357910156,49.88999938964844,50.119998931884766,49.77000045776367,49.93000030517578,6993400,0.747,2024-01-31,04,2024,31,Wednesday,0.4828,0.9182443574561185
49.86921310424805,50.22999954223633,50.2400016784668,49.900001525878906,50.08000183105469,5987900,0.682,2024-02-01,04,2024,1,Thursday,0.4828,0.9182443574561185
50.01813507080078,50.380001068115234,50.400001525878906,50.040000915527344,50.22999954223633,3042600,0.299,2024-02-02,04,2024,2,Friday,0.4828,0.9182443574561185
49.75007629394531,50.11000061035156,50.189998626708984,49.97999954223633,50.09000015258789,3863400,-0.536,2024-02-05,05,2024,5,Monday,0.1376,0.8372779108515882
50.415260314941406,50.779998779296875,50.869998931884766,50.61000061035156,50.689998626708984,4130000,1.337,2024-02-06,05,2024,6,Tuesday,0.1376,0.8372779108515882
50.524471282958984,50.88999938964844,50.9900016784668,50.7599983215332,50.880001068115234,3684000,0.217,2024-02-07,05,2024,7,Wednesday,0.1376,0.8372779108515882
50.137271881103516,50.5,50.68000030517578,50.40999984741211,50.68000030517578,5477200,-0.766,2024-02-08,05,2024,8,Thursday,0.1376,0.8372779108515882
50.35569381713867,50.720001220703125,50.7400016784668,50.439998626708984,50.63999938964844,3825200,0.436,2024-02-09,05,2024,9,Friday,0.1376,0.8372779108515882
49.91884994506836,50.279998779296875,50.43000030517578,50.130001068115234,50.31999969482422,4141000,-0.868,2024-02-12,06,2024,12,Monday,0.19240000000000004,1.0138997978104147
49.611080169677734,49.970001220703125,50.16999816894531,49.81999969482422,50.060001373291016,5275300,-0.617,2024-02-13,06,2024,13,Tuesday,0.19240000000000004,1.0138997978104147
50.44504928588867,50.810001373291016,50.84000015258789,50.709999084472656,50.779998779296875,4100900,1.681,2024-02-14,06,2024,14,Wednesday,0.19240000000000004,1.0138997978104147
50.71310806274414,51.08000183105469,51.08000183105469,50.869998931884766,50.970001220703125,4124100,0.531,2024-02-15,06,2024,15,Thursday,0.19240000000000004,1.0138997978104147
50.832244873046875,51.20000076293945,51.29999923706055,51.060001373291016,51.15999984741211,4390900,0.235,2024-02-16,06,2024,16,Friday,0.19240000000000004,1.0138997978104147
51.189659118652344,51.560001373291016,51.61000061035156,51.43000030517578,51.61000061035156,5872600,0.703,2024-02-20,07,2024,20,Tuesday,0.294,0.7885607142129261
50.8123893737793,51.18000030517578,51.22999954223633,51.0099983215332,51.22999954223633,4185200,-0.737,2024-02-21,07,2024,21,Wednesday,0.294,0.7885607142129261
51.358436584472656,51.72999954223633,51.72999954223633,51.5099983215332,51.63999938964844,4207900,1.075,2024-02-22,07,2024,22,Thursday,0.294,0.7885607142129261
51.42793273925781,51.79999923706055,51.83000183105469,51.689998626708984,51.83000183105469,3097100,0.135,2024-02-23,07,2024,23,Friday,0.294,0.7885607142129261
51.189659118652344,51.560001373291016,51.61000061035156,51.5,51.58000183105469,2859200,-0.463,2024-02-26,08,2024,26,Monday,0.05019999999999998,0.95990791224992
51.259159088134766,51.630001068115234,51.650001525878906,51.5099983215332,51.650001525878906,5566700,0.136,2024-02-27,08,2024,27,Tuesday,0.05019999999999998,0.95990791224992
50.69325256347656,51.060001373291016,51.11000061035156,50.810001373291016,51.09000015258789,6698400,-1.104,2024-02-28,08,2024,28,Wednesday,0.05019999999999998,0.95990791224992
50.79253387451172,51.15999984741211,51.400001525878906,51.099998474121094,51.400001525878906,8258300,0.196,2024-02-29,08,2024,29,Thursday,0.05019999999999998,0.95990791224992
51.54707336425781,51.91999816894531,51.97999954223633,51.77000045776367,51.91999816894531,5002100,1.486,2024-03-01,08,2024,1,Friday,0.05019999999999998,0.95990791224992
51.53714370727539,51.90999984741211,51.97999954223633,51.86000061035156,51.97999954223633,2461700,-0.019,2024-03-04,09,2024,4,Monday,0.13899999999999998,0.4259148976027958
51.3485107421875,51.720001220703125,51.93000030517578,51.68000030517578,51.86000061035156,3145100,-0.366,2024-03-05,09,2024,5,Tuesday,0.13899999999999998,0.4259148976027958
51.73571014404297,52.11000061035156,52.15999984741211,52.040000915527344,52.15999984741211,4716100,0.754,2024-03-06,09,2024,6,Wednesday,0.13899999999999998,0.4259148976027958
51.9144172668457,52.290000915527344,52.33000183105469,52.099998474121094,52.189998626708984,4421100,0.345,2024-03-07,09,2024,7,Thursday,0.13899999999999998,0.4259148976027958
51.90448760986328,52.279998779296875,52.45000076293945,52.22999954223633,52.45000076293945,2787700,-0.019,2024-03-08,09,2024,8,Friday,0.13899999999999998,0.4259148976027958
51.527217864990234,51.900001525878906,52.0,51.81999969482422,52.0,5287300,-0.727,2024-03-11,10,2024,11,Monday,-0.678,1.0939181870688504
51.3187255859375,51.689998626708984,51.83000183105469,51.560001373291016,51.83000183105469,6042800,-0.405,2024-03-12,10,2024,12,Tuesday,-0.678,1.0939181870688504
50.06777572631836,50.43000030517578,50.70000076293945,50.290000915527344,50.70000076293945,9900700,-2.438,2024-03-13,10,2024,13,Wednesday,-0.678,1.0939181870688504
50.34576416015625,50.709999084472656,51.06999969482422,50.650001525878906,50.88999938964844,5615800,0.555,2024-03-14,10,2024,14,Thursday,-0.678,1.0939181870688504
50.15713119506836,50.52000045776367,50.849998474121094,50.41999816894531,50.849998474121094,8612300,-0.375,2024-03-15,10,2024,15,Friday,-0.678,1.0939181870688504
50.335838317871094,50.70000076293945,50.86000061035156,50.65999984741211,50.79999923706055,3832600,0.356,2024-03-18,11,2024,18,Monday,-0.010399999999999989,0.6542838069217364
49.77985763549805,50.13999938964844,50.25,50.0099983215332,50.25,5776200,-1.105,2024-03-19,11,2024,19,Tuesday,-0.010399999999999989,0.6542838069217364
50.05784606933594,50.41999816894531,50.47999954223633,50.130001068115234,50.2400016784668,4259200,0.558,2024-03-20,11,2024,20,Wednesday,-0.010399999999999989,0.6542838069217364
50.167057037353516,50.529998779296875,50.81999969482422,50.52000045776367,50.810001373291016,5023200,0.218,2024-03-21,11,2024,21,Thursday,-0.010399999999999989,0.6542838069217364
50.12734603881836,50.4900016784668,50.68000030517578,50.45000076293945,50.68000030517578,3223000,-0.079,2024-03-22,11,2024,22,Friday,-0.010399999999999989,0.6542838069217364
50.17698669433594,50.540000915527344,50.599998474121094,50.5099983215332,50.52000045776367,1710300,0.099,2024-03-25,12,2024,25,Monday,0.54075,0.36983092984047
50.39540481567383,50.7599983215332,50.869998931884766,50.7400016784668,50.869998931884766,2953600,0.435,2024-03-26,12,2024,26,Tuesday,0.54075,0.36983092984047
50.7230339050293,51.09000015258789,51.130001068115234,50.970001220703125,51.060001373291016,3844300,0.65,2024-03-27,12,2024,27,Wednesday,0.54075,0.36983092984047
51.219444274902344,51.59000015258789,51.61000061035156,51.45000076293945,51.4900016784668,3732900,0.979,2024-03-28,12,2024,28,Thursday,0.54075,0.36983092984047
51.12016296386719,51.4900016784668,51.86000061035156,51.45000076293945,51.849998474121094,3611300,-0.194,2024-04-01,13,2024,1,Monday,0.1668,0.4402887688778808
51.199588775634766,51.56999969482422,51.7400016784668,51.540000915527344,51.689998626708984,3743500,0.155,2024-04-02,13,2024,2,Tuesday,0.1668,0.4402887688778808
51.30879592895508,51.68000030517578,51.779998779296875,51.52000045776367,51.599998474121094,4571400,0.213,2024-04-03,13,2024,3,Wednesday,0.1668,0.4402887688778808
51.199588775634766,51.56999969482422,52.0,51.540000915527344,51.900001525878906,4985200,-0.213,2024-04-04,13,2024,4,Thursday,0.1668,0.4402887688778808
51.64635467529297,52.02000045776367,52.08000183105469,51.790000915527344,51.81999969482422,3754100,0.873,2024-04-05,13,2024,5,Friday,0.1668,0.4402887688778808
52.00376892089844,52.380001068115234,52.439998626708984,52.2400016784668,52.279998779296875,3414300,0.692,2024-04-08,14,2024,8,Monday,-0.13279999999999997,0.7569324276314233
52.043479919433594,52.41999816894531,52.45000076293945,52.16999816894531,52.38999938964844,5925400,0.076,2024-04-09,14,2024,9,Tuesday,-0.13279999999999997,0.7569324276314233
51.84492111206055,52.220001220703125,52.25,51.88999938964844,52.040000915527344,12110100,-0.382,2024-04-10,14,2024,10,Wednesday,-0.13279999999999997,0.7569324276314233
51.97398376464844,52.349998474121094,52.369998931884766,51.959999084472656,52.16999816894531,8662200,0.249,2024-04-11,14,2024,11,Thursday,-0.13279999999999997,0.7569324276314233
51.298866271972656,51.66999816894531,52.0099983215332,51.599998474121094,51.9900016784668,5555600,-1.299,2024-04-12,14,2024,12,Friday,-0.13279999999999997,0.7569324276314233
50.89181137084961,51.2599983215332,51.81999969482422,51.220001220703125,51.709999084472656,4698500,-0.793,2024-04-15,15,2024,15,Monday,-0.131,0.5026604221539628
50.7826042175293,51.150001525878906,51.25,51.060001373291016,51.18000030517578,3581700,-0.215,2024-04-16,15,2024,16,Tuesday,-0.131,0.5026604221539628
50.60389709472656,50.970001220703125,51.25,50.90999984741211,51.25,7476000,-0.352,2024-04-17,15,2024,17,Wednesday,-0.131,0.5026604221539628
50.70317840576172,51.06999969482422,51.15999984741211,50.81999969482422,50.970001220703125,4467100,0.196,2024-04-18,15,2024,18,Thursday,-0.131,0.5026604221539628
50.96131134033203,51.33000183105469,51.349998474121094,51.099998474121094,51.099998474121094,4544400,0.509,2024-04-19,15,2024,19,Friday,-0.131,0.5026604221539628
51.51728820800781,51.88999938964844,51.959999084472656,51.709999084472656,51.779998779296875,3165000,1.091,2024-04-22,16,2024,22,Monday,0.3834,0.44759278367730637
51.63642501831055,52.0099983215332,52.04999923706055,51.77000045776367,51.88999938964844,3852700,0.231,2024-04-23,16,2024,23,Tuesday,0.3834,0.44759278367730637
51.63642501831055,52.0099983215332,52.02000045776367,51.88999938964844,52.0099983215332,3700600,0.0,2024-04-24,16,2024,24,Wednesday,0.3834,0.44759278367730637
51.9144172668457,52.290000915527344,52.310001373291016,51.93000030517578,52.119998931884766,5915400,0.538,2024-04-25,16,2024,25,Thursday,0.3834,0.44759278367730637
51.94419860839844,52.31999969482422,52.33000183105469,52.189998626708984,52.25,2615600,0.057,2024-04-26,16,2024,26,Friday,0.3834,0.44759278367730637
52.15269088745117,52.529998779296875,52.58000183105469,52.40999984741211,52.459999084472656,3995500,0.401,2024-04-29,17,2024,29,Monday,0.15780000000000002,0.6272357610978507
51.97398376464844,52.349998474121094,52.5099983215332,52.34000015258789,52.36000061035156,3345200,-0.343,2024-04-30,17,2024,30,Tuesday,0.15780000000000002,0.6272357610978507
52.03355407714844,52.40999984741211,52.630001068115234,52.33000183105469,52.470001220703125,4162100,0.115,2024-05-01,17,2024,1,Wednesday,0.15780000000000002,0.6272357610978507
52.59946060180664,52.97999954223633,53.060001373291016,52.65999984741211,52.77000045776367,6696000,1.088,2024-05-02,17,2024,2,Thursday,0.15780000000000002,0.6272357610978507
52.351253509521484,52.72999954223633,52.7400016784668,52.52000045776367,52.63999938964844,5585100,-0.472,2024-05-03,17,2024,3,Friday,0.15780000000000002,0.6272357610978507
51.993839263916016,52.369998931884766,52.52000045776367,52.220001220703125,52.380001068115234,3899600,-0.683,2024-05-06,18,2024,6,Monday,-0.5204000000000001,0.4546991312945297
51.53714370727539,51.90999984741211,51.97999954223633,51.75,51.79999923706055,4871000,-0.878,2024-05-07,18,2024,7,Tuesday,-0.5204000000000001,0.4546991312945297
51.64635467529297,52.02000045776367,52.130001068115234,51.970001220703125,51.970001220703125,5351200,0.212,2024-05-08,18,2024,8,Wednesday,-0.5204000000000001,0.4546991312945297
51.199588775634766,51.56999969482422,51.61000061035156,51.47999954223633,51.54999923706055,5793900,-0.865,2024-05-09,18,2024,9,Thursday,-0.5204000000000001,0.4546991312945297
51.00102233886719,51.369998931884766,51.650001525878906,51.2400016784668,51.650001525878906,5804000,-0.388,2024-05-10,18,2024,10,Friday,-0.5204000000000001,0.4546991312945297
51.3485107421875,51.720001220703125,51.83000183105469,51.709999084472656,51.709999084472656,2995800,0.681,2024-05-13,19,2024,13,Monday,0.6154,0.23870965627724405
51.775421142578125,52.150001525878906,52.16999816894531,52.0099983215332,52.06999969482422,3644600,0.831,2024-05-14,19,2024,14,Tuesday,0.6154,0.23870965627724405
51.954132080078125,52.33000183105469,52.349998474121094,52.15999984741211,52.25,3750500,0.345,2024-05-15,19,2024,15,Wednesday,0.6154,0.23870965627724405
52.15269088745117,52.529998779296875,52.56999969482422,52.4900016784668,52.560001373291016,3917400,0.382,2024-05-16,19,2024,16,Thursday,0.6154,0.23870965627724405
52.58953094482422,52.970001220703125,53.0,52.790000915527344,52.86000061035156,3252300,0.838,2024-05-17,19,2024,17,Friday,0.6154,0.23870965627724405
52.73845291137695,53.119998931884766,53.20000076293945,53.04999923706055,53.13999938964844,3192200,0.283,2024-05-20,20,2024,20,Monday,0.4122,0.34185918153532163
52.82780838012695,53.209999084472656,53.310001373291016,53.16999816894531,53.2400016784668,3564900,0.169,2024-05-21,20,2024,21,Tuesday,0.4122,0.34185918153532163
52.90723419189453,53.290000915527344,53.33000183105469,53.209999084472656,53.31999969482422,3736500,0.15,2024-05-22,20,2024,22,Wednesday,0.4122,0.34185918153532163
53.423500061035156,53.810001373291016,54.06999969482422,53.72999954223633,54.06999969482422,6980900,0.976,2024-05-23,20,2024,23,Thursday,0.4122,0.34185918153532163
53.6816291809082,54.06999969482422,54.150001525878906,54.02000045776367,54.08000183105469,3943300,0.483,2024-05-24,20,2024,24,Friday,0.4122,0.34185918153532163
53.175296783447266,53.560001373291016,53.810001373291016,53.4900016784668,53.75,3911400,-0.943,2024-05-28,21,2024,28,Tuesday,-0.49324999999999997,0.37013544818079774
52.89730453491211,53.279998779296875,53.290000915527344,53.20000076293945,53.290000915527344,3852700,-0.523,2024-05-29,21,2024,29,Wednesday,-0.49324999999999997,0.37013544818079774
52.64909744262695,53.029998779296875,53.08000183105469,52.93000030517578,53.0,4685700,-0.469,2024-05-30,21,2024,30,Thursday,-0.49324999999999997,0.37013544818079774
52.629241943359375,53.0099983215332,53.099998474121094,52.72999954223633,53.099998474121094,7364600,-0.038,2024-05-31,21,2024,31,Friday,-0.49324999999999997,0.37013544818079774
54.40638732910156,54.79999923706055,54.86000061035156,54.599998474121094,54.810001373291016,13613100,3.377,2024-06-03,22,2024,3,Monday,0.4282,3.8614284533058485
51.09037780761719,51.459999084472656,51.540000915527344,50.84000015258789,51.0099983215332,26569000,-6.095,2024-06-04,22,2024,4,Tuesday,0.4282,3.8614284533058485
52.73845291137695,53.119998931884766,53.130001068115234,52.70000076293945,52.72999954223633,11097400,3.226,2024-06-05,22,2024,5,Wednesday,0.4282,3.8614284533058485
52.97673034667969,53.36000061035156,53.43000030517578,53.2599983215332,53.40999984741211,5544100,0.452,2024-06-06,22,2024,6,Thursday,0.4282,3.8614284533058485
53.60220718383789,53.9900016784668,54.189998626708984,53.95000076293945,54.189998626708984,5696700,1.181,2024-06-07,22,2024,7,Friday,0.4282,3.8614284533058485
53.76105880737305,54.150001525878906,54.220001220703125,54.060001373291016,54.209999084472656,3538900,0.296,2024-06-10,23,2024,10,Monday,0.43420000000000003,0.46476682325656593
53.87026596069336,54.2599983215332,54.29999923706055,54.04999923706055,54.29999923706055,4050700,0.203,2024-06-11,23,2024,11,Tuesday,0.43420000000000003,0.46476682325656593
54.277320861816406,54.66999816894531,54.810001373291016,54.599998474121094,54.790000915527344,3813100,0.756,2024-06-12,23,2024,12,Wednesday,0.43420000000000003,0.46476682325656593
54.207820892333984,54.599998474121094,54.7400016784668,54.5099983215332,54.720001220703125,4751000,-0.128,2024-06-13,23,2024,13,Thursday,0.43420000000000003,0.46476682325656593
54.77372741699219,55.16999816894531,55.20000076293945,54.77000045776367,54.779998779296875,7031400,1.044,2024-06-14,23,2024,14,Friday,0.43420000000000003,0.46476682325656593
54.853153228759766,55.25,55.310001373291016,55.119998931884766,55.220001220703125,5977000,0.145,2024-06-17,24,2024,17,Monday,-0.21649999999999997,0.6575679939494216
55.11128616333008,55.5099983215332,55.5099983215332,55.31999969482422,55.34000015258789,2481900,0.471,2024-06-18,24,2024,18,Tuesday,-0.21649999999999997,0.6575679939494216
54.5553092956543,54.95000076293945,55.08000183105469,54.81999969482422,55.04999923706055,4731800,-1.009,2024-06-20,24,2024,20,Thursday,-0.21649999999999997,0.6575679939494216
54.297176361083984,54.689998626708984,54.93000030517578,54.66999816894531,54.93000030517578,3543900,-0.473,2024-06-21,24,2024,21,Friday,-0.21649999999999997,0.6575679939494216
54.73401641845703,55.130001068115234,55.29999923706055,55.02000045776367,55.06999969482422,3767700,0.805,2024-06-24,25,2024,24,Monday,0.3964,0.4948790761388079
54.78365707397461,55.18000030517578,55.220001220703125,55.099998474121094,55.11000061035156,3265700,0.091,2024-06-25,25,2024,25,Tuesday,0.3964,0.4948790761388079
54.82337188720703,55.220001220703125,55.34000015258789,55.130001068115234,55.34000015258789,3473700,0.072,2024-06-26,25,2024,26,Wednesday,0.3964,0.4948790761388079
55.39920425415039,55.79999923706055,55.849998474121094,55.720001220703125,55.72999954223633,3424800,1.05,2024-06-27,25,2024,27,Thursday,0.3964,0.4948790761388079
55.37934494018555,55.779998779296875,55.91999816894531,55.689998626708984,55.86000061035156,3301200,-0.036,2024-06-28,25,2024,28,Friday,0.3964,0.4948790761388079
55.77647399902344,56.18000030517578,56.220001220703125,56.040000915527344,56.040000915527344,3618100,0.717,2024-07-01,26,2024,1,Monday,0.39225,0.30416593607218195
55.766544342041016,56.16999816894531,56.220001220703125,56.0099983215332,56.13999938964844,4079400,-0.018,2024-07-02,26,2024,2,Tuesday,0.39225,0.30416593607218195
56.00482177734375,56.40999984741211,56.470001220703125,56.279998779296875,56.31999969482422,2889500,0.427,2024-07-03,26,2024,3,Wednesday,0.39225,0.30416593607218195
56.253028869628906,56.65999984741211,56.7599983215332,56.5,56.7400016784668,3324700,0.443,2024-07-05,26,2024,5,Friday,0.39225,0.30416593607218195
56.223243713378906,56.630001068115234,56.810001373291016,56.61000061035156,56.72999954223633,3936200,-0.053,2024-07-08,27,2024,8,Monday,0.1444,0.25293141362827987
56.4416618347168,56.849998474121094,56.91999816894531,56.77000045776367,56.810001373291016,3226200,0.388,2024-07-09,27,2024,9,Tuesday,0.1444,0.25293141362827987
56.332454681396484,56.7400016784668,56.77000045776367,56.58000183105469,56.75,3464400,-0.193,2024-07-10,27,2024,10,Wednesday,0.1444,0.25293141362827987
56.48137283325195,56.88999938964844,56.9900016784668,56.83000183105469,56.95000076293945,3453400,0.264,2024-07-11,27,2024,11,Thursday,0.1444,0.25293141362827987
56.66008377075195,57.06999969482422,57.189998626708984,56.95000076293945,56.95000076293945,3727000,0.316,2024-07-12,27,2024,12,Friday,0.1444,0.25293141362827987
56.74943542480469,57.15999984741211,57.20000076293945,57.04999923706055,57.13999938964844,4484400,0.158,2024-07-15,28,2024,15,Monday,-0.31100000000000005,0.8331467457777172
56.947998046875,57.36000061035156,57.41999816894531,57.060001373291016,57.13999938964844,4671400,0.35,2024-07-16,28,2024,16,Tuesday,-0.31100000000000005,0.8331467457777172
56.67993927001953,57.09000015258789,57.220001220703125,57.09000015258789,57.18000030517578,3052900,-0.471,2024-07-17,28,2024,17,Wednesday,-0.31100000000000005,0.8331467457777172
56.73950958251953,57.150001525878906,57.400001525878906,57.11000061035156,57.279998779296875,4932600,0.105,2024-07-18,28,2024,18,Thursday,-0.31100000000000005,0.8331467457777172
55.77647399902344,56.18000030517578,56.4900016784668,56.150001525878906,56.470001220703125,5613600,-1.697,2024-07-19,28,2024,19,Friday,-0.31100000000000005,0.8331467457777172
56.223243713378906,56.630001068115234,56.72999954223633,56.529998779296875,56.61000061035156,3625700,0.801,2024-07-22,29,2024,22,Monday,0.2338,1.314512723407423
55.34956359863281,55.75,56.189998626708984,55.52000045776367,56.18000030517578,7766300,-1.554,2024-07-23,29,2024,23,Tuesday,0.2338,1.314512723407423
55.0616455078125,55.459999084472656,55.91999816894531,55.439998626708984,55.790000915527344,8055600,-0.52,2024-07-24,29,2024,24,Wednesday,0.2338,1.314512723407423
55.36941909790039,55.77000045776367,55.95000076293945,55.630001068115234,55.630001068115234,3780100,0.559,2024-07-25,29,2024,25,Thursday,0.2338,1.314512723407423
56.4118766784668,56.81999969482422,56.880001068115234,56.720001220703125,56.880001068115234,4215300,1.883,2024-07-26,29,2024,26,Friday,0.2338,1.314512723407423
56.43173599243164,56.84000015258789,56.93000030517578,56.709999084472656,56.93000030517578,3545800,0.035,2024-07-29,30,2024,29,Monday,-0.195,0.8450514777219197
56.45159149169922,56.86000061035156,56.959999084472656,56.75,56.95000076293945,3379900,0.035,2024-07-30,30,2024,30,Tuesday,-0.195,0.8450514777219197
57.007568359375,57.41999816894531,57.5,57.150001525878906,57.150001525878906,6295600,0.985,2024-07-31,30,2024,31,Wednesday,-0.195,0.8450514777219197
56.38209533691406,56.790000915527344,57.209999084472656,56.709999084472656,57.209999084472656,5582000,-1.097,2024-08-01,30,2024,1,Thursday,-0.195,0.8450514777219197
55.855899810791016,56.2599983215332,56.40999984741211,56.08000183105469,56.27000045776367,4922900,-0.933,2024-08-02,30,2024,2,Friday,-0.195,0.8450514777219197
54.46595764160156,54.86000061035156,55.2599983215332,54.22999954223633,54.470001220703125,12499000,-2.488,2024-08-05,31,2024,5,Monday,-0.16019999999999998,1.339847267415208
54.67444610595703,55.06999969482422,55.290000915527344,54.81999969482422,54.880001068115234,4600500,0.383,2024-08-06,31,2024,6,Tuesday,-0.16019999999999998,1.339847267415208
54.86308288574219,55.2599983215332,55.790000915527344,55.2400016784668,55.72999954223633,4455700,0.345,2024-08-07,31,2024,7,Wednesday,-0.16019999999999998,1.339847267415208
55.36941909790039,55.77000045776367,55.81999969482422,55.439998626708984,55.5,4547000,0.923,2024-08-08,31,2024,8,Thursday,-0.16019999999999998,1.339847267415208
55.389278411865234,55.790000915527344,55.93000030517578,55.56999969482422,55.7599983215332,3662700,0.036,2024-08-09,31,2024,9,Friday,-0.16019999999999998,1.339847267415208
55.270137786865234,55.66999816894531,55.84000015258789,55.63999938964844,55.779998779296875,2647900,-0.215,2024-08-12,32,2024,12,Monday,0.2088,0.6305982873430597
55.131141662597656,55.529998779296875,55.560001373291016,55.34000015258789,55.34000015258789,3080800,-0.251,2024-08-13,32,2024,13,Tuesday,0.2088,0.6305982873430597
54.9722900390625,55.369998931884766,55.43000030517578,55.2599983215332,55.380001068115234,2236400,-0.288,2024-08-14,32,2024,14,Wednesday,0.2088,0.6305982873430597
55.46870040893555,55.869998931884766,55.95000076293945,55.619998931884766,55.689998626708984,4420900,0.903,2024-08-15,32,2024,15,Thursday,0.2088,0.6305982873430597
55.965110778808594,56.369998931884766,56.40999984741211,56.09000015258789,56.189998626708984,2669400,0.895,2024-08-16,32,2024,16,Friday,0.2088,0.6305982873430597
56.084251403808594,56.4900016784668,56.560001373291016,56.380001068115234,56.439998626708984,1631300,0.213,2024-08-19,33,2024,19,Monday,0.251,0.3319947288738181
56.183528900146484,56.59000015258789,56.7599983215332,56.56999969482422,56.70000076293945,3961900,0.177,2024-08-20,33,2024,20,Tuesday,0.251,0.3319947288738181
56.51115798950195,56.91999816894531,56.95000076293945,56.709999084472656,56.849998474121094,7313900,0.583,2024-08-21,33,2024,21,Wednesday,0.251,0.3319947288738181
56.37216567993164,56.779998779296875,56.91999816894531,56.720001220703125,56.91999816894531,3486200,-0.246,2024-08-22,33,2024,22,Thursday,0.251,0.3319947288738181
56.670013427734375,57.08000183105469,57.130001068115234,56.84000015258789,56.93000030517578,3138300,0.528,2024-08-23,33,2024,23,Friday,0.251,0.3319947288738181
56.77922058105469,57.189998626708984,57.369998931884766,57.13999938964844,57.33000183105469,2267300,0.193,2024-08-26,34,2024,26,Monday,0.2238,0.3358432670160294
56.759361267089844,57.16999816894531,57.220001220703125,57.029998779296875,57.04999923706055,2717600,-0.035,2024-08-27,34,2024,27,Tuesday,0.2238,0.3358432670160294
56.73950958251953,57.150001525878906,57.2400016784668,57.060001373291016,57.209999084472656,2497700,-0.035,2024-08-28,34,2024,28,Wednesday,0.2238,0.3358432670160294
56.858646392822266,57.27000045776367,57.41999816894531,57.220001220703125,57.220001220703125,2685800,0.21,2024-08-29,34,2024,29,Thursday,0.2238,0.3358432670160294
57.305416107177734,57.720001220703125,57.75,57.5,57.529998779296875,5411400,0.786,2024-08-30,34,2024,30,Friday,0.2238,0.3358432670160294
56.86857223510742,57.279998779296875,57.650001525878906,57.189998626708984,57.650001525878906,4129700,-0.762,2024-09-03,35,2024,3,Tuesday,-0.52625,0.7327743513524474
57.136634826660156,57.54999923706055,57.61000061035156,57.40999984741211,57.40999984741211,3587500,0.471,2024-09-04,35,2024,4,Wednesday,-0.52625,0.7327743513524474
56.828861236572266,57.2400016784668,57.439998626708984,57.209999084472656,57.31999969482422,3658700,-0.539,2024-09-05,35,2024,5,Thursday,-0.52625,0.7327743513524474
56.104103088378906,56.5099983215332,56.95000076293945,56.47999954223633,56.88999938964844,5968000,-1.275,2024-09-06,35,2024,6,Friday,-0.52625,0.7327743513524474
56.54094314575195,56.95000076293945,57.099998474121094,56.869998931884766,56.90999984741211,2634800,0.779,2024-09-09,36,2024,9,Monday,0.4708,0.4442552194403573
56.63029861450195,57.040000915527344,57.209999084472656,56.95000076293945,57.209999084472656,3217700,0.158,2024-09-10,36,2024,10,Tuesday,0.4708,0.4442552194403573
56.71965408325195,57.130001068115234,57.150001525878906,56.61000061035156,57.040000915527344,2290000,0.158,2024-09-11,36,2024,11,Wednesday,0.4708,0.4442552194403573
57.345123291015625,57.7599983215332,57.77000045776367,57.540000915527344,57.560001373291016,4840400,1.103,2024-09-12,36,2024,12,Thursday,0.4708,0.4442552194403573
57.434478759765625,57.849998474121094,57.900001525878906,57.709999084472656,57.779998779296875,3747600,0.156,2024-09-13,36,2024,13,Friday,0.4708,0.4442552194403573
57.71247100830078,58.130001068115234,58.13999938964844,57.95000076293945,58.040000915527344,4502200,0.484,2024-09-16,37,2024,16,Monday,0.3076,0.6888779282282167
57.5436897277832,57.959999084472656,58.13999938964844,57.869998931884766,58.13999938964844,4345900,-0.292,2024-09-17,37,2024,17,Tuesday,0.3076,0.6888779282282167
57.245845794677734,57.65999984741211,58.06999969482422,57.63999938964844,57.77000045776367,4614400,-0.518,2024-09-18,37,2024,18,Wednesday,0.3076,0.6888779282282167
57.69261169433594,58.11000061035156,58.16999816894531,57.83000183105469,57.959999084472656,6901000,0.78,2024-09-19,37,2024,19,Thursday,0.3076,0.6888779282282167
58.31808853149414,58.7400016784668,58.83000183105469,58.56999969482422,58.650001525878906,5085800,1.084,2024-09-20,37,2024,20,Friday,0.3076,0.6888779282282167
58.735069274902344,59.15999984741211,59.2400016784668,59.060001373291016,59.189998626708984,2950300,0.715,2024-09-23,38,2024,23,Monday,0.13340000000000002,0.45984051583130425
58.467010498046875,58.88999938964844,59.119998931884766,58.880001068115234,59.11000061035156,7122000,-0.456,2024-09-24,38,2024,24,Tuesday,0.13340000000000002,0.45984051583130425
58.51665115356445,58.939998626708984,59.150001525878906,58.91999816894531,59.130001068115234,4101700,0.085,2024-09-25,38,2024,25,Wednesday,0.13340000000000002,0.45984051583130425
58.774784088134766,59.20000076293945,59.4900016784668,59.099998474121094,59.4900016784668,4135600,0.441,2024-09-26,38,2024,26,Thursday,0.13340000000000002,0.45984051583130425
58.70528793334961,59.130001068115234,59.369998931884766,59.11000061035156,59.349998474121094,5766600,-0.118,2024-09-27,38,2024,27,Friday,0.13340000000000002,0.45984051583130425
58.10959243774414,58.529998779296875,58.58000183105469,58.349998474121094,58.58000183105469,4623100,-1.015,2024-09-30,39,2024,30,Monday,-0.6956,0.3834648614932012
57.76211166381836,58.18000030517578,58.66999816894531,58.0,58.66999816894531,6259600,-0.598,2024-10-01,39,2024,1,Tuesday,-0.6956,0.3834648614932012
57.59333038330078,58.0099983215332,58.25,57.79999923706055,58.220001220703125,5704700,-0.292,2024-10-02,39,2024,2,Wednesday,-0.6956,0.3834648614932012
56.918216705322266,57.33000183105469,57.65999984741211,57.310001373291016,57.59000015258789,5397500,-1.172,2024-10-03,39,2024,3,Thursday,-0.6956,0.3834648614932012
56.68986511230469,57.099998474121094,57.209999084472656,57.0,57.08000183105469,5885500,-0.401,2024-10-04,39,2024,4,Friday,-0.6956,0.3834648614932012
55.66726303100586,56.06999969482422,56.599998474121094,56.04999923706055,56.560001373291016,8277600,-1.804,2024-10-07,40,2024,7,Monday,0.038199999999999984,1.3132279695467957
56.670013427734375,57.08000183105469,57.189998626708984,56.959999084472656,57.15999984741211,6188200,1.801,2024-10-08,40,2024,8,Tuesday,0.038199999999999984,1.3132279695467957
56.92814254760742,57.34000015258789,57.400001525878906,57.099998474121094,57.25,4680500,0.455,2024-10-09,40,2024,9,Wednesday,0.038199999999999984,1.3132279695467957
56.68986511230469,57.099998474121094,57.16999816894531,56.970001220703125,57.16999816894531,3756700,-0.419,2024-10-10,40,2024,10,Thursday,0.038199999999999984,1.3132279695467957
56.77922058105469,57.189998626708984,57.189998626708984,56.91999816894531,57.0,3524000,0.158,2024-10-11,40,2024,11,Friday,0.038199999999999984,1.3132279695467957
56.908287048339844,57.31999969482422,57.31999969482422,57.16999816894531,57.2599983215332,2336400,0.227,2024-10-14,41,2024,14,Monday,-0.21960000000000007,0.6766906974386452
56.59058380126953,57.0,57.20000076293945,56.9900016784668,57.02000045776367,4664200,-0.558,2024-10-15,41,2024,15,Tuesday,-0.21960000000000007,0.6766906974386452
56.64022445678711,57.04999923706055,57.09000015258789,56.939998626708984,57.060001373291016,1976600,0.088,2024-10-16,41,2024,16,Wednesday,-0.21960000000000007,0.6766906974386452
55.935325622558594,56.34000015258789,56.52000045776367,56.27000045776367,56.5,4600200,-1.245,2024-10-17,41,2024,17,Thursday,-0.21960000000000007,0.6766906974386452
56.15374755859375,56.560001373291016,56.72999954223633,56.5,56.72999954223633,5016300,0.39,2024-10-18,41,2024,18,Friday,-0.21960000000000007,0.6766906974386452
55.77647399902344,56.18000030517578,56.290000915527344,56.06999969482422,56.119998931884766,8027300,-0.672,2024-10-21,42,2024,21,Monday,-0.6618,0.505522699787062
55.190711975097656,55.59000015258789,55.7400016784668,55.47999954223633,55.619998931884766,4037200,-1.05,2024-10-22,42,2024,22,Tuesday,-0.6618,0.505522699787062
55.0616455078125,55.459999084472656,55.560001373291016,55.310001373291016,55.5,4904800,-0.234,2024-10-23,42,2024,23,Wednesday,-0.6618,0.505522699787062
55.01200485229492,55.40999984741211,55.439998626708984,55.310001373291016,55.41999816894531,4252000,-0.09,2024-10-24,42,2024,24,Thursday,-0.6618,0.505522699787062
54.31703186035156,54.709999084472656,55.0,54.68000030517578,54.97999954223633,4634800,-1.263,2024-10-25,42,2024,25,Friday,-0.6618,0.505522699787062
54.77372741699219,55.16999816894531,55.20000076293945,55.0,55.0,5575200,0.841,2024-10-28,43,2024,28,Monday,0.055799999999999995,0.5034532748925167
54.84322738647461,55.2400016784668,55.349998474121094,55.18000030517578,55.18000030517578,3473700,0.127,2024-10-29,43,2024,29,Tuesday,0.055799999999999995,0.5034532748925167
54.59502410888672,54.9900016784668,55.13999938964844,54.959999084472656,55.060001373291016,6478400,-0.453,2024-10-30,43,2024,30,Wednesday,0.055799999999999995,0.5034532748925167
54.42624282836914,54.81999969482422,54.959999084472656,54.70000076293945,54.91999816894531,8088900,-0.309,2024-10-31,43,2024,31,Thursday,0.055799999999999995,0.5034532748925167
54.46595764160156,54.86000061035156,55.119998931884766,54.81999969482422,54.869998931884766,5100800,0.073,2024-11-01,43,2024,1,Friday,0.055799999999999995,0.5034532748925167
53.909976959228516,54.29999923706055,54.540000915527344,54.279998779296875,54.4900016784668,3944400,-1.021,2024-11-04,44,2024,4,Monday,-0.17980000000000002,0.9113027488162208
54.356746673583984,54.75,54.75,54.599998474121094,54.599998474121094,4810200,0.829,2024-11-05,44,2024,5,Tuesday,-0.17980000000000002,0.9113027488162208
54.74394607543945,55.13999938964844,55.279998779296875,54.959999084472656,55.279998779296875,8735800,0.712,2024-11-06,44,2024,6,Wednesday,-0.17980000000000002,0.9113027488162208
54.545379638671875,54.939998626708984,55.029998779296875,54.65999984741211,55.029998779296875,5216500,-0.363,2024-11-07,44,2024,7,Thursday,-0.17980000000000002,0.9113027488162208
53.969547271728516,54.36000061035156,54.599998474121094,54.290000915527344,54.5099983215332,3607400,-1.056,2024-11-08,44,2024,8,Friday,-0.17980000000000002,0.9113027488162208
54.14825439453125,54.540000915527344,54.599998474121094,54.470001220703125,54.470001220703125,2656500,0.331,2024-11-11,45,2024,11,Monday,-0.4958,0.749201708487107
53.423500061035156,53.810001373291016,54.0,53.75,53.9900016784668,7512600,-1.338,2024-11-12,45,2024,12,Tuesday,-0.4958,0.749201708487107
52.88737869262695,53.27000045776367,53.349998474121094,53.06999969482422,53.34000015258789,7972000,-1.004,2024-11-13,45,2024,13,Wednesday,-0.4958,0.749201708487107
53.01644515991211,53.400001525878906,53.52000045776367,53.369998931884766,53.47999954223633,4823600,0.244,2024-11-14,45,2024,14,Thursday,-0.4958,0.749201708487107
52.6391716003418,53.02000045776367,53.400001525878906,52.939998626708984,53.400001525878906,4131200,-0.712,2024-11-15,45,2024,15,Friday,-0.4958,0.749201708487107
52.88737869262695,53.27000045776367,53.31999969482422,53.13999938964844,53.13999938964844,5329500,0.472,2024-11-18,46,2024,18,Monday,0.45640000000000003,1.0006519374887555
53.18522262573242,53.56999969482422,53.650001525878906,53.25,53.31999969482422,4933000,0.563,2024-11-19,46,2024,19,Tuesday,0.45640000000000003,1.0006519374887555
53.24479293823242,53.630001068115234,53.7400016784668,53.5,53.7400016784668,5344400,0.112,2024-11-20,46,2024,20,Wednesday,0.45640000000000003,1.0006519374887555
52.80794906616211,53.189998626708984,53.20000076293945,52.88999938964844,53.130001068115234,6067000,-0.82,2024-11-21,46,2024,21,Thursday,0.45640000000000003,1.0006519374887555
53.84048080444336,54.22999954223633,54.2400016784668,53.81999969482422,53.81999969482422,7402100,1.955,2024-11-22,46,2024,22,Friday,0.45640000000000003,1.0006519374887555
54.48581314086914,54.880001068115234,54.95000076293945,54.70000076293945,54.81999969482422,9049500,1.199,2024-11-25,47,2024,25,Monday,0.2545,0.6886849787820264
54.31703186035156,54.709999084472656,54.79999923706055,54.619998931884766,54.79999923706055,3555900,-0.31,2024-11-26,47,2024,26,Tuesday,0.2545,0.6886849787820264
54.4957389831543,54.88999938964844,55.0,54.68000030517578,54.97999954223633,3603900,0.329,2024-11-27,47,2024,27,Wednesday,0.2545,0.6886849787820264
54.38652801513672,54.779998779296875,54.880001068115234,54.439998626708984,54.5099983215332,4676900,-0.2,2024-11-29,47,2024,29,Friday,0.2545,0.6886849787820264
54.47588348388672,54.869998931884766,54.90999984741211,54.709999084472656,54.84000015258789,3251600,0.164,2024-12-02,48,2024,2,Monday,0.3238,0.4842434305181641
54.68437957763672,55.08000183105469,55.08000183105469,54.91999816894531,54.970001220703125,3636900,0.383,2024-12-03,48,2024,3,Tuesday,0.3238,0.4842434305181641
54.77372741699219,55.16999816894531,55.20000076293945,55.060001373291016,55.08000183105469,3229200,0.163,2024-12-04,48,2024,4,Wednesday,0.3238,0.4842434305181641
55.37934494018555,55.779998779296875,55.779998779296875,55.54999923706055,55.599998474121094,4501700,1.106,2024-12-05,48,2024,5,Thursday,0.3238,0.4842434305181641
55.270137786865234,55.66999816894531,55.849998474121094,55.599998474121094,55.72999954223633,4916200,-0.197,2024-12-06,48,2024,6,Friday,0.3238,0.4842434305181641
55.1510009765625,55.54999923706055,55.77000045776367,55.529998779296875,55.65999984741211,4922100,-0.216,2024-12-09,49,2024,9,Monday,-0.03879999999999999,0.49411860924276063
55.11128616333008,55.5099983215332,55.59000015258789,55.439998626708984,55.56999969482422,3896800,-0.072,2024-12-10,49,2024,10,Tuesday,-0.03879999999999999,0.49411860924276063
55.31977844238281,55.720001220703125,55.790000915527344,55.63999938964844,55.790000915527344,2266600,0.378,2024-12-11,49,2024,11,Wednesday,-0.03879999999999999,0.49411860924276063
54.902793884277344,55.29999923706055,55.43000030517578,55.279998779296875,55.43000030517578,7484800,-0.754,2024-12-12,49,2024,12,Thursday,-0.03879999999999999,0.49411860924276063
55.16093063354492,55.560001373291016,55.779998779296875,55.560001373291016,55.77000045776367,4824100,0.47,2024-12-13,49,2024,13,Friday,-0.03879999999999999,0.49411860924276063
55.1510009765625,55.54999923706055,55.65999984741211,55.5099983215332,55.5099983215332,4721300,-0.018,2024-12-16,50,2024,16,Monday,-0.6364,0.8435670097864189
54.56999969482422,54.56999969482422,54.72999954223633,54.540000915527344,54.599998474121094,7627400,-1.053,2024-12-17,50,2024,17,Tuesday,-0.6364,0.8435670097864189
53.59000015258789,53.59000015258789,54.439998626708984,53.529998779296875,54.310001373291016,7272000,-1.796,2024-12-18,50,2024,18,Wednesday,-0.6364,0.8435670097864189
53.77000045776367,53.77000045776367,54.02000045776367,53.72999954223633,54.02000045776367,5978100,0.336,2024-12-19,50,2024,19,Thursday,-0.6364,0.8435670097864189
53.41999816894531,53.41999816894531,53.630001068115234,53.130001068115234,53.13999938964844,8176400,-0.651,2024-12-20,50,2024,20,Friday,-0.6364,0.8435670097864189
53.27000045776367,53.27000045776367,53.31999969482422,53.060001373291016,53.2400016784668,5075100,-0.281,2024-12-23,51,2024,23,Monday,-0.15000000000000002,0.25016927602458827
53.38999938964844,53.38999938964844,53.38999938964844,53.150001525878906,53.16999816894531,1590000,0.225,2024-12-24,51,2024,24,Tuesday,-0.15000000000000002,0.25016927602458827
53.25,53.25,53.25,53.099998474121094,53.16999816894531,1586200,-0.262,2024-12-26,51,2024,26,Thursday,-0.15000000000000002,0.25016927602458827
53.099998474121094,53.099998474121094,53.119998931884766,52.90999984741211,53.0,3244900,-0.282,2024-12-27,51,2024,27,Friday,-0.15000000000000002,0.25016927602458827
52.650001525878906,52.650001525878906,52.7400016784668,52.529998779296875,52.7400016784668,3240400,-0.847,2024-12-30,52,2024,30,Monday,-0.433,0.5854844148224614
52.63999938964844,52.63999938964844,52.779998779296875,52.59000015258789,52.70000076293945,2907300,-0.019,2024-12-31,52,2024,31,Tuesday,-0.433,0.5854844148224614
53.400001525878906,53.400001525878906,53.68000030517578,53.349998474121094,53.58000183105469,5788000,1.444,2025-01-02,00,2025,2,Thursday,0.694,1.0606601717798212
53.369998931884766,53.369998931884766,53.459999084472656,53.29999923706055,53.310001373291016,3972800,-0.056,2025-01-03,00,2025,3,Friday,0.694,1.0606601717798212
52.63999938964844,52.63999938964844,52.81999969482422,52.560001373291016,52.650001525878906,5532300,-1.368,2025-01-06,01,2025,6,Monday,-1.0245000000000002,0.9033834549440602
52.43000030517578,52.43000030517578,52.83000183105469,52.40999984741211,52.75,5840100,-0.399,2025-01-07,01,2025,7,Tuesday,-1.0245000000000002,0.9033834549440602
52.33000183105469,52.33000183105469,52.380001068115234,52.209999084472656,52.34000015258789,3481200,-0.191,2025-01-08,01,2025,8,Wednesday,-1.0245000000000002,0.9033834549440602
51.209999084472656,51.209999084472656,51.56999969482422,51.150001525878906,51.4900016784668,5755500,-2.14,2025-01-10,01,2025,10,Friday,-1.0245000000000002,0.9033834549440602
50.650001525878906,50.650001525878906,50.650001525878906,50.36000061035156,50.36000061035156,6515900,-1.094,2025-01-13,02,2025,13,Monday,-0.009599999999999997,0.7484616222626248
50.93000030517578,50.93000030517578,51.029998779296875,50.779998779296875,51.0,4204900,0.553,2025-01-14,02,2025,14,Tuesday,-0.009599999999999997,0.7484616222626248
51.279998779296875,51.279998779296875,51.41999816894531,51.2400016784668,51.31999969482422,3905100,0.687,2025-01-15,02,2025,15,Wednesday,-0.009599999999999997,0.7484616222626248
51.04999923706055,51.04999923706055,51.27000045776367,51.040000915527344,51.2400016784668,3780800,-0.449,2025-01-16,02,2025,16,Thursday,-0.009599999999999997,0.7484616222626248
51.18000030517578,51.18000030517578,51.290000915527344,51.02000045776367,51.11000061035156,5475000,0.255,2025-01-17,02,2025,17,Friday,-0.009599999999999997,0.7484616222626248
50.83000183105469,50.83000183105469,50.869998931884766,50.70000076293945,50.72999954223633,7076800,-0.684,2025-01-21,03,2025,21,Tuesday,-0.24300000000000002,0.7975424753578959
50.619998931884766,50.619998931884766,50.709999084472656,50.58000183105469,50.68000030517578,5556300,-0.413,2025-01-22,03,2025,22,Wednesday,-0.24300000000000002,0.7975424753578959
51.09000015258789,51.09000015258789,51.13999938964844,50.959999084472656,51.0099983215332,4430900,0.928,2025-01-23,03,2025,23,Thursday,-0.24300000000000002,0.7975424753578959
50.68000030517578,50.68000030517578,50.790000915527344,50.63999938964844,50.779998779296875,7540700,-0.803,2025-01-24,03,2025,24,Friday,-0.24300000000000002,0.7975424753578959
50.09000015258789,50.09000015258789,50.150001525878906,49.90999984741211,50.0,6545700,-1.164,2025-01-27,04,2025,27,Monday,0.1248,0.7937674092579009
50.16999816894531,50.16999816894531,50.18000030517578,49.970001220703125,50.04999923706055,3214800,0.16,2025-01-28,04,2025,28,Tuesday,0.1248,0.7937674092579009
50.52000045776367,50.52000045776367,50.59000015258789,50.439998626708984,50.56999969482422,4648200,0.698,2025-01-29,04,2025,29,Wednesday,0.1248,0.7937674092579009
50.95000076293945,50.95000076293945,51.0,50.72999954223633,50.72999954223633,5895000,0.851,2025-01-30,04,2025,30,Thursday,0.1248,0.7937674092579009
50.9900016784668,50.9900016784668,51.29999923706055,50.9900016784668,51.209999084472656,7149000,0.079,2025-01-31,04,2025,31,Friday,0.1248,0.7937674092579009
50.900001525878906,50.900001525878906,50.970001220703125,50.5099983215332,50.5099983215332,4275800,-0.177,2025-02-03,05,2025,3,Monday,-0.191,0.7407992305611555
51.43000030517578,51.43000030517578,51.5,51.2599983215332,51.34000015258789,5383900,1.041,2025-02-04,05,2025,4,Tuesday,-0.191,0.7407992305611555
51.279998779296875,51.279998779296875,51.310001373291016,51.150001525878906,51.2599983215332,2659000,-0.292,2025-02-05,05,2025,5,Wednesday,-0.191,0.7407992305611555
50.849998474121094,50.849998474121094,50.939998626708984,50.79999923706055,50.88999938964844,5626300,-0.839,2025-02-06,05,2025,6,Thursday,-0.191,0.7407992305611555
50.5,50.5,50.84000015258789,50.400001525878906,50.779998779296875,5697300,-0.688,2025-02-07,05,2025,7,Friday,-0.191,0.7407992305611555
50.58000183105469,50.58000183105469,50.59000015258789,50.40999984741211,50.40999984741211,3325200,0.158,2025-02-10,06,2025,10,Monday,-0.35860000000000003,1.0635491526017968
50.13999938964844,50.13999938964844,50.2400016784668,50.08000183105469,50.20000076293945,4847300,-0.87,2025-02-11,06,2025,11,Tuesday,-0.35860000000000003,1.0635491526017968
49.79999923706055,49.79999923706055,50.0099983215332,49.65999984741211,49.75,8692100,-0.678,2025-02-12,06,2025,12,Wednesday,-0.35860000000000003,1.0635491526017968
50.38999938964844,50.38999938964844,50.41999816894531,49.9900016784668,50.029998779296875,7071000,1.185,2025-02-13,06,2025,13,Thursday,-0.35860000000000003,1.0635491526017968
49.59000015258789,49.59000015258789,49.83000183105469,49.56999969482422,49.77000045776367,5354200,-1.588,2025-02-14,06,2025,14,Friday,-0.35860000000000003,1.0635491526017968
49.58000183105469,49.58000183105469,49.689998626708984,49.4900016784668,49.4900016784668,7321700,-0.02,2025-02-18,07,2025,18,Tuesday,-0.14300000000000002,0.981696830323225
49.7599983215332,49.7599983215332,49.77000045776367,49.59000015258789,49.619998931884766,3902900,0.363,2025-02-19,07,2025,19,Wednesday,-0.14300000000000002,0.981696830323225
50.08000183105469,50.08000183105469,50.189998626708984,49.93000030517578,50.06999969482422,5752200,0.643,2025-02-20,07,2025,20,Thursday,-0.14300000000000002,0.981696830323225
49.29999923706055,49.29999923706055,49.810001373291016,49.27000045776367,49.810001373291016,8215100,-1.558,2025-02-21,07,2025,21,Friday,-0.14300000000000002,0.981696830323225
49.2599983215332,49.2599983215332,49.29999923706055,49.150001525878906,49.220001220703125,5240600,-0.081,2025-02-24,08,2025,24,Monday,-0.49079999999999996,0.4471120664889285
49.25,49.25,49.279998779296875,48.9900016784668,49.040000915527344,9078800,-0.02,2025-02-25,08,2025,25,Tuesday,-0.49079999999999996,0.4471120664889285
49.02000045776367,49.02000045776367,49.2599983215332,49.02000045776367,49.04999923706055,7363700,-0.467,2025-02-26,08,2025,26,Wednesday,-0.49079999999999996,0.4471120664889285
48.54999923706055,48.54999923706055,48.810001373291016,48.529998779296875,48.720001220703125,6677900,-0.959,2025-02-27,08,2025,27,Thursday,-0.49079999999999996,0.4471120664889285
48.099998474121094,48.099998474121094,48.4900016784668,47.650001525878906,47.91999816894531,7127100,-0.927,2025-02-28,08,2025,28,Friday,-0.49079999999999996,0.4471120664889285
47.79999923706055,47.79999923706055,48.31999969482422,47.70000076293945,48.02000045776367,6505100,-0.624,2025-03-03,09,2025,3,Monday,0.4088,1.0886986268017425
47.849998474121094,47.849998474121094,48.06999969482422,47.599998474121094,47.810001373291016,5565400,0.105,2025-03-04,09,2025,4,Tuesday,0.4088,1.0886986268017425
48.93000030517578,48.93000030517578,48.9900016784668,48.43000030517578,48.43000030517578,11913100,2.257,2025-03-05,09,2025,5,Wednesday,0.4088,1.0886986268017425
48.939998626708984,48.939998626708984,49.22999954223633,48.900001525878906,49.0,8058400,0.02,2025-03-06,09,2025,6,Thursday,0.4088,1.0886986268017425
49.08000183105469,49.08000183105469,49.119998931884766,48.72999954223633,48.90999984741211,5165300,0.286,2025-03-07,09,2025,7,Friday,0.4088,1.0886986268017425
48.36000061035156,48.36000061035156,48.529998779296875,48.18000030517578,48.45000076293945,6237500,-1.467,2025-03-10,10,2025,10,Monday,-0.06580000000000004,0.9246084035958142
48.65999984741211,48.65999984741211,48.810001373291016,48.349998474121094,48.77000045776367,4836100,0.62,2025-03-11,10,2025,11,Tuesday,-0.06580000000000004,0.9246084035958142
48.72999954223633,48.72999954223633,48.77000045776367,48.529998779296875,48.689998626708984,6623100,0.144,2025-03-12,10,2025,12,Wednesday,-0.06580000000000004,0.9246084035958142
48.5099983215332,48.5099983215332,48.59000015258789,48.43000030517578,48.45000076293945,5909200,-0.451,2025-03-13,10,2025,13,Thursday,-0.06580000000000004,0.9246084035958142
48.90999984741211,48.90999984741211,48.90999984741211,48.720001220703125,48.84000015258789,4968100,0.825,2025-03-14,10,2025,14,Friday,-0.06580000000000004,0.9246084035958142
49.439998626708984,49.439998626708984,49.459999084472656,49.119998931884766,49.20000076293945,3974000,1.084,2025-03-17,11,2025,17,Monday,1.0266,0.4705664671435907
49.880001068115234,49.880001068115234,49.97999954223633,49.7599983215332,49.97999954223633,7205300,0.89,2025-03-18,11,2025,18,Tuesday,1.0266,0.4705664671435907
50.61000061035156,50.61000061035156,50.70000076293945,50.33000183105469,50.45000076293945,10709500,1.464,2025-03-19,11,2025,19,Wednesday,1.0266,0.4705664671435907
50.7599983215332,50.7599983215332,50.81999969482422,50.529998779296875,50.650001525878906,4600300,0.296,2025-03-20,11,2025,20,Thursday,1.0266,0.4705664671435907
51.470001220703125,51.470001220703125,51.52000045776367,51.290000915527344,51.380001068115234,7835900,1.399,2025-03-21,11,2025,21,Friday,1.0266,0.4705664671435907
52.119998931884766,52.119998931884766,52.150001525878906,52.02000045776367,52.06999969482422,5524500,1.263,2025-03-24,12,2025,24,Monday,-0.06920000000000001,1.078638122819697
52.040000915527344,52.040000915527344,52.06999969482422,51.709999084472656,51.91999816894531,10997300,-0.153,2025-03-25,12,2025,25,Tuesday,-0.06920000000000001,1.078638122819697
51.400001525878906,51.400001525878906,51.65999984741211,51.400001525878906,51.599998474121094,8790500,-1.23,2025-03-26,12,2025,26,Wednesday,-0.06920000000000001,1.078638122819697
51.790000915527344,51.790000915527344,51.880001068115234,51.70000076293945,51.83000183105469,4408100,0.759,2025-03-27,12,2025,27,Thursday,-0.06920000000000001,1.078638122819697
51.279998779296875,51.279998779296875,51.66999816894531,51.22999954223633,51.56999969482422,7358400,-0.985,2025-03-28,12,2025,28,Friday,-0.06920000000000001,1.078638122819697
51.47999954223633,51.47999954223633,51.52000045776367,50.9900016784668,50.9900016784668,4226200,0.39,2025-03-31,13,2025,31,Monday,-0.8141999999999999,1.8836421369251646
51.04999923706055,51.04999923706055,51.150001525878906,50.84000015258789,50.86000061035156,4158400,-0.835,2025-04-01,13,2025,1,Tuesday,-0.8141999999999999,1.8836421369251646
51.560001373291016,51.560001373291016,51.66999816894531,51.31999969482422,51.33000183105469,6192700,0.999,2025-04-02,13,2025,2,Wednesday,-0.8141999999999999,1.8836421369251646
51.18000030517578,51.18000030517578,51.36000061035156,51.0099983215332,51.0099983215332,12191000,-0.737,2025-04-03,13,2025,3,Thursday,-0.8141999999999999,1.8836421369251646
49.189998626708984,49.189998626708984,49.869998931884766,49.08000183105469,49.70000076293945,14074300,-3.888,2025-04-04,13,2025,4,Friday,-0.8141999999999999,1.8836421369251646
49.130001068115234,49.130001068115234,49.959999084472656,48.66999816894531,48.959999084472656,16810700,-0.122,2025-04-07,14,2025,7,Monday,0.6474000000000001,2.096031082784795
49.15999984741211,49.15999984741211,50.18000030517578,48.88999938964844,50.18000030517578,8866900,0.061,2025-04-08,14,2025,8,Tuesday,0.6474000000000001,2.096031082784795
51.220001220703125,51.220001220703125,51.33000183105469,48.54999923706055,48.900001525878906,25535800,4.19,2025-04-09,14,2025,9,Wednesday,0.6474000000000001,2.096031082784795
50.52000045776367,50.52000045776367,50.630001068115234,49.720001220703125,50.380001068115234,10303000,-1.367,2025-04-10,14,2025,10,Thursday,0.6474000000000001,2.096031082784795
50.7599983215332,50.7599983215332,50.790000915527344,50.029998779296875,50.119998931884766,11175600,0.475,2025-04-11,14,2025,11,Friday,0.6474000000000001,2.096031082784795
51.029998779296875,51.029998779296875,51.369998931884766,50.900001525878906,51.369998931884766,5646600,0.532,2025-04-14,15,2025,14,Monday,0.7344999999999999,1.0078986390836466
51.130001068115234,51.130001068115234,51.58000183105469,51.029998779296875,51.400001525878906,18598100,0.196,2025-04-15,15,2025,15,Tuesday,0.7344999999999999,1.0078986390836466
51.130001068115234,51.130001068115234,51.630001068115234,51.08000183105469,51.31999969482422,7200500,0.0,2025-04-16,15,2025,16,Wednesday,0.7344999999999999,1.0078986390836466
52.2599983215332,52.2599983215332,52.54999923706055,52.04999923706055,52.04999923706055,9225500,2.21,2025-04-17,15,2025,17,Thursday,0.7344999999999999,1.0078986390836466
53.0,53.0,53.130001068115234,52.709999084472656,53.040000915527344,9552000,1.416,2025-04-21,16,2025,21,Monday,0.23159999999999997,1.307178373444114
53.5,53.5,53.70000076293945,53.33000183105469,53.45000076293945,10236800,0.943,2025-04-22,16,2025,22,Tuesday,0.23159999999999997,1.307178373444114
53.18000030517578,53.18000030517578,53.58000183105469,53.119998931884766,53.58000183105469,7364000,-0.598,2025-04-23,16,2025,23,Wednesday,0.23159999999999997,1.307178373444114
53.7400016784668,53.7400016784668,53.77000045776367,53.15999984741211,53.2599983215332,4285900,1.053,2025-04-24,16,2025,24,Thursday,0.23159999999999997,1.307178373444114
52.849998474121094,52.849998474121094,52.86000061035156,52.599998474121094,52.599998474121094,6679600,-1.656,2025-04-25,16,2025,25,Friday,0.23159999999999997,1.307178373444114
53.290000915527344,53.290000915527344,53.619998931884766,53.119998931884766,53.59000015258789,7111400,0.833,2025-04-28,17,2025,28,Monday,0.39859999999999995,0.3883275679114219
53.540000915527344,53.540000915527344,53.560001373291016,53.27000045776367,53.400001525878906,4082400,0.469,2025-04-29,17,2025,29,Tuesday,0.39859999999999995,0.3883275679114219
53.56999969482422,53.56999969482422,53.779998779296875,53.290000915527344,53.459999084472656,7088100,0.056,2025-04-30,17,2025,30,Wednesday,0.39859999999999995,0.3883275679114219
53.540000915527344,53.540000915527344,53.720001220703125,53.4900016784668,53.650001525878906,5259300,-0.056,2025-05-01,17,2025,1,Thursday,0.39859999999999995,0.3883275679114219
53.90999984741211,53.90999984741211,54.119998931884766,53.790000915527344,54.040000915527344,4991000,0.691,2025-05-02,17,2025,2,Friday,0.39859999999999995,0.3883275679114219
54.31999969482422,54.31999969482422,54.45000076293945,54.279998779296875,54.34000015258789,3341700,0.761,2025-05-05,18,2025,5,Monday,-0.5564,1.8600537089019769
53.68000030517578,53.68000030517578,53.91999816894531,53.65999984741211,53.869998931884766,5075800,-1.178,2025-05-06,18,2025,6,Tuesday,-0.5564,1.8600537089019769
53.220001220703125,53.220001220703125,53.63999938964844,53.209999084472656,53.540000915527344,10842100,-0.857,2025-05-07,18,2025,7,Wednesday,-0.5564,1.8600537089019769
51.540000915527344,51.540000915527344,52.380001068115234,51.25,52.380001068115234,20432100,-3.157,2025-05-08,18,2025,8,Thursday,-0.5564,1.8600537089019769
52.38999938964844,52.38999938964844,52.720001220703125,52.15999984741211,52.68000030517578,12712700,1.649,2025-05-09,18,2025,9,Friday,-0.5564,1.8600537089019769
54.31999969482422,54.31999969482422,54.45000076293945,54.08000183105469,54.45000076293945,9393600,3.684,2025-05-12,19,2025,12,Monday,0.8640000000000001,1.7612224447808973
54.0099983215332,54.0099983215332,54.130001068115234,53.66999816894531,53.66999816894531,9045900,-0.571,2025-05-13,19,2025,13,Tuesday,0.8640000000000001,1.7612224447808973
53.970001220703125,53.970001220703125,54.04999923706055,53.849998474121094,53.88999938964844,9337500,-0.074,2025-05-14,19,2025,14,Wednesday,0.8640000000000001,1.7612224447808973
54.77000045776367,54.77000045776367,54.779998779296875,54.5099983215332,54.529998779296875,7618700,1.482,2025-05-15,19,2025,15,Thursday,0.8640000000000001,1.7612224447808973
54.65999984741211,54.65999984741211,54.70000076293945,54.45000076293945,54.540000915527344,6707100,-0.201,2025-05-16,19,2025,16,Friday,0.8640000000000001,1.7612224447808973
54.779998779296875,54.779998779296875,54.810001373291016,54.5,54.5099983215332,4610000,0.22,2025-05-19,20,2025,19,Monday,-0.025,1.010626538341439
54.06999969482422,54.06999969482422,54.18000030517578,54.0099983215332,54.08000183105469,5683300,-1.296,2025-05-20,20,2025,20,Tuesday,-0.025,1.010626538341439
54.029998779296875,54.029998779296875,54.33000183105469,54.0,54.18000030517578,5471700,-0.074,2025-05-21,20,2025,21,Wednesday,-0.025,1.010626538341439
53.790000915527344,53.790000915527344,53.86000061035156,53.650001525878906,53.70000076293945,4063800,-0.444,2025-05-22,20,2025,22,Thursday,-0.025,1.010626538341439
54.58000183105469,54.58000183105469,54.619998931884766,54.20000076293945,54.29999923706055,7156600,1.469,2025-05-23,20,2025,23,Friday,-0.025,1.010626538341439
54.529998779296875,54.529998779296875,54.560001373291016,54.38999938964844,54.560001373291016,4000700,-0.092,2025-05-27,21,2025,27,Tuesday,-0.12299999999999997,0.48666415524466156
54.290000915527344,54.290000915527344,54.33000183105469,54.16999816894531,54.25,5567100,-0.44,2025-05-28,21,2025,28,Wednesday,-0.12299999999999997,0.48666415524466156
54.59000015258789,54.59000015258789,54.650001525878906,54.400001525878906,54.45000076293945,8197700,0.553,2025-05-29,21,2025,29,Thursday,-0.12299999999999997,0.48666415524466156
54.310001373291016,54.310001373291016,54.40999984741211,54.09000015258789,54.34000015258789,10605800,-0.513,2025-05-30,21,2025,30,Friday,-0.12299999999999997,0.48666415524466156
54.540000915527344,54.540000915527344,54.560001373291016,54.27000045776367,54.380001068115234,5665600,0.423,2025-06-02,22,2025,2,Monday,0.223,0.8821085534105199
53.959999084472656,53.959999084472656,54.130001068115234,53.880001068115234,53.970001220703125,5410600,-1.063,2025-06-03,22,2025,3,Tuesday,0.223,0.8821085534105199
53.91999816894531,53.91999816894531,54.04999923706055,53.91999816894531,54.02000045776367,5175200,-0.074,2025-06-04,22,2025,4,Wednesday,0.223,0.8821085534105199
54.18000030517578,54.18000030517578,54.33000183105469,54.13999938964844,54.279998779296875,3770000,0.482,2025-06-05,22,2025,5,Thursday,0.223,0.8821085534105199
54.90999984741211,54.90999984741211,54.939998626708984,54.810001373291016,54.869998931884766,5718100,1.347,2025-06-06,22,2025,6,Friday,0.223,0.8821085534105199
55.2400016784668,55.2400016784668,55.31999969482422,55.04999923706055,55.099998474121094,9424800,0.601,2025-06-09,23,2025,9,Monday,-0.3162,0.8246585353951053
55.2599983215332,55.2599983215332,55.29999923706055,55.15999984741211,55.22999954223633,6390900,0.036,2025-06-10,23,2025,10,Tuesday,-0.3162,0.8246585353951053
55.33000183105469,55.33000183105469,55.43000030517578,55.2599983215332,55.40999984741211,4050600,0.127,2025-06-11,23,2025,11,Wednesday,-0.3162,0.8246585353951053
54.79999923706055,54.79999923706055,54.83000183105469,54.66999816894531,54.66999816894531,4882300,-0.958,2025-06-12,23,2025,12,Thursday,-0.3162,0.8246585353951053
54.040000915527344,54.040000915527344,54.2599983215332,53.95000076293945,54.08000183105469,6279700,-1.387,2025-06-13,23,2025,13,Friday,-0.3162,0.8246585353951053
54.560001373291016,54.560001373291016,54.84000015258789,54.5099983215332,54.630001068115234,4772700,0.962,2025-06-16,24,2025,16,Monday,-0.06125000000000003,0.957110712857539
53.83000183105469,53.83000183105469,54.150001525878906,53.79999923706055,54.06999969482422,6089100,-1.338,2025-06-17,24,2025,17,Tuesday,-0.06125000000000003,0.957110712857539
53.790000915527344,53.790000915527344,53.93000030517578,53.709999084472656,53.86000061035156,4537900,-0.074,2025-06-18,24,2025,18,Wednesday,-0.06125000000000003,0.957110712857539
53.900001525878906,53.900001525878906,54.16999816894531,53.900001525878906,54.150001525878906,7134800,0.205,2025-06-20,24,2025,20,Friday,-0.06125000000000003,0.957110712857539
54.310001373291016,54.310001373291016,54.310001373291016,53.79999923706055,53.810001373291016,5797900,0.761,2025-06-23,25,2025,23,Monday,0.7176,0.4154043812961052
54.79999923706055,54.79999923706055,54.83000183105469,54.4900016784668,54.58000183105469,8184200,0.902,2025-06-24,25,2025,24,Tuesday,0.7176,0.4154043812961052
55.0,55.0,55.02000045776367,54.84000015258789,54.93000030517578,4972300,0.365,2025-06-25,25,2025,25,Wednesday,0.7176,0.4154043812961052
55.709999084472656,55.709999084472656,55.77000045776367,55.560001373291016,55.61000061035156,5036600,1.291,2025-06-26,25,2025,26,Thursday,0.7176,0.4154043812961052
55.86000061035156,55.86000061035156,56.0099983215332,55.81999969482422,55.91999816894531,4846300,0.269,2025-06-27,25,2025,27,Friday,0.7176,0.4154043812961052
55.68000030517578,55.68000030517578,55.709999084472656,55.47999954223633,55.54999923706055,6786600,-0.322,2025-06-30,26,2025,30,Monday,-0.03075,0.4017191182903796
55.84000015258789,55.84000015258789,55.869998931884766,55.72999954223633,55.75,4273300,0.287,2025-07-01,26,2025,1,Tuesday,-0.03075,0.4017191182903796
55.599998474121094,55.599998474121094,55.630001068115234,55.470001220703125,55.5099983215332,3467700,-0.43,2025-07-02,26,2025,2,Wednesday,-0.03075,0.4017191182903796
55.790000915527344,55.790000915527344,55.79999923706055,55.650001525878906,55.66999816894531,2774600,0.342,2025-07-03,26,2025,3,Thursday,-0.03075,0.4017191182903796
55.36000061035156,55.36000061035156,55.599998474121094,55.290000915527344,55.540000915527344,6250300,-0.771,2025-07-07,27,2025,7,Monday,-0.32720000000000005,0.5931085060931094
55.689998626708984,55.689998626708984,55.720001220703125,55.529998779296875,55.63999938964844,9395800,0.596,2025-07-08,27,2025,8,Tuesday,-0.32720000000000005,0.5931085060931094
55.65999984741211,55.65999984741211,55.689998626708984,55.5,55.58000183105469,8153000,-0.054,2025-07-09,27,2025,9,Wednesday,-0.32720000000000005,0.5931085060931094
55.27000045776367,55.27000045776367,55.29999923706055,55.16999816894531,55.2599983215332,3542300,-0.701,2025-07-10,27,2025,10,Thursday,-0.32720000000000005,0.5931085060931094
54.880001068115234,54.880001068115234,54.97999954223633,54.869998931884766,54.95000076293945,5000500,-0.706,2025-07-11,27,2025,11,Friday,-0.32720000000000005,0.5931085060931094
54.91999816894531,54.91999816894531,54.95000076293945,54.810001373291016,54.86000061035156,4182500,0.073,2025-07-14,28,2025,14,Monday,-0.13720000000000002,0.6128394569542663
54.880001068115234,54.880001068115234,55.209999084472656,54.869998931884766,55.189998626708984,4572800,-0.073,2025-07-15,28,2025,15,Tuesday,-0.13720000000000002,0.6128394569542663
55.27000045776367,55.27000045776367,55.279998779296875,54.90999984741211,54.97999954223633,6105100,0.711,2025-07-16,28,2025,16,Wednesday,-0.13720000000000002,0.6128394569542663
55.0099983215332,55.0099983215332,55.040000915527344,54.720001220703125,54.77000045776367,6059200,-0.47,2025-07-17,28,2025,17,Thursday,-0.13720000000000002,0.6128394569542663
54.5,54.5,54.709999084472656,54.47999954223633,54.619998931884766,8929600,-0.927,2025-07-18,28,2025,18,Friday,-0.13720000000000002,0.6128394569542663
54.75,54.75,54.91999816894531,54.63999938964844,54.70000076293945,7720700,0.459,2025-07-21,29,2025,21,Monday,-0.2564,0.6567817750212014
54.61000061035156,54.61000061035156,54.63999938964844,54.459999084472656,54.47999954223633,4075700,-0.256,2025-07-22,29,2025,22,Tuesday,-0.2564,0.6567817750212014
54.72999954223633,54.72999954223633,54.84000015258789,54.619998931884766,54.650001525878906,9413000,0.22,2025-07-23,29,2025,23,Wednesday,-0.2564,0.6567817750212014
54.060001373291016,54.060001373291016,54.439998626708984,54.060001373291016,54.43000030517578,7304700,-1.224,2025-07-24,29,2025,24,Thursday,-0.2564,0.6567817750212014
53.79999923706055,53.79999923706055,53.86000061035156,53.599998474121094,53.709999084472656,5425000,-0.481,2025-07-25,29,2025,25,Friday,-0.2564,0.6567817750212014
53.22999954223633,53.22999954223633,53.43000030517578,53.18000030517578,53.43000030517578,7839200,-1.059,2025-07-28,30,2025,28,Monday,-0.402,0.8320507797003738
53.4900016784668,53.4900016784668,53.540000915527344,53.31999969482422,53.52000045776367,8042200,0.488,2025-07-29,30,2025,29,Tuesday,-0.402,0.8320507797003738
52.70000076293945,52.70000076293945,52.95000076293945,52.65999984741211,52.83000183105469,9229200,-1.477,2025-07-30,30,2025,30,Wednesday,-0.402,0.8320507797003738
52.63999938964844,52.63999938964844,53.0,52.61000061035156,52.849998474121094,7235700,-0.114,2025-07-31,30,2025,31,Thursday,-0.402,0.8320507797003738
52.720001220703125,52.720001220703125,52.84000015258789,52.560001373291016,52.72999954223633,7302900,0.152,2025-08-01,30,2025,1,Friday,-0.402,0.8320507797003738
52.47999954223633,52.47999954223633,52.900001525878906,52.36000061035156,52.869998931884766,10072100,-0.455,2025-08-04,31,2025,4,Monday,-0.22759999999999997,0.4808199247119445
52.40999984741211,52.40999984741211,52.650001525878906,52.40999984741211,52.599998474121094,11234200,-0.133,2025-08-05,31,2025,5,Tuesday,-0.22759999999999997,0.4808199247119445
52.2599983215332,52.2599983215332,52.459999084472656,51.90999984741211,52.43000030517578,12217600,-0.286,2025-08-06,31,2025,6,Wednesday,-0.22759999999999997,0.4808199247119445
52.529998779296875,52.529998779296875,52.810001373291016,52.439998626708984,52.72999954223633,5790400,0.517,2025-08-07,31,2025,7,Thursday,-0.22759999999999997,0.4808199247119445
52.119998931884766,52.119998931884766,52.15999984741211,51.95000076293945,52.040000915527344,4584600,-0.781,2025-08-08,31,2025,8,Friday,-0.22759999999999997,0.4808199247119445
52.27000045776367,52.27000045776367,52.400001525878906,52.209999084472656,52.310001373291016,3890200,0.288,2025-08-11,32,2025,11,Monday,0.2262,0.45650706456746093
52.470001220703125,52.470001220703125,52.529998779296875,52.20000076293945,52.2599983215332,8487200,0.383,2025-08-12,32,2025,12,Tuesday,0.2262,0.45650706456746093
52.709999084472656,52.709999084472656,52.77000045776367,52.61000061035156,52.630001068115234,5237400,0.457,2025-08-13,32,2025,13,Wednesday,0.2262,0.45650706456746093
52.40999984741211,52.40999984741211,52.459999084472656,52.2599983215332,52.369998931884766,4455900,-0.569,2025-08-14,32,2025,14,Thursday,0.2262,0.45650706456746093
52.709999084472656,52.709999084472656,52.75,52.529998779296875,52.689998626708984,5118200,0.572,2025-08-15,32,2025,15,Friday,0.2262,0.45650706456746093
53.5,53.5,53.540000915527344,53.22999954223633,53.22999954223633,9368100,1.499,2025-08-18,33,2025,18,Monday,0.33,0.7146408188733695
53.650001525878906,53.650001525878906,53.720001220703125,53.59000015258789,53.70000076293945,5349200,0.28,2025-08-19,33,2025,19,Tuesday,0.33,0.7146408188733695
53.79999923706055,53.79999923706055,53.900001525878906,53.709999084472656,53.880001068115234,4664500,0.28,2025-08-20,33,2025,20,Wednesday,0.33,0.7146408188733695
53.56999969482422,53.56999969482422,53.65999984741211,53.470001220703125,53.650001525878906,8982200,-0.428,2025-08-21,33,2025,21,Thursday,0.33,0.7146408188733695
53.58000183105469,53.58000183105469,54.09000015258789,53.2400016784668,53.2599983215332,5811000,0.019,2025-08-22,33,2025,22,Friday,0.33,0.7146408188733695
53.22999954223633,53.22999954223633,53.47999954223633,53.209999084472656,53.41999816894531,3967700,-0.653,2025-08-25,34,2025,25,Monday,-0.603,0.6138432210263465
52.54999923706055,52.54999923706055,52.650001525878906,52.5099983215332,52.58000183105469,6591000,-1.277,2025-08-26,34,2025,26,Tuesday,-0.603,0.6138432210263465
52.68000030517578,52.68000030517578,52.70000076293945,52.40999984741211,52.43000030517578,5421400,0.247,2025-08-27,34,2025,27,Wednesday,-0.603,0.6138432210263465
52.540000915527344,52.540000915527344,52.599998474121094,52.40999984741211,52.439998626708984,4135900,-0.266,2025-08-28,34,2025,28,Thursday,-0.603,0.6138432210263465
51.97999954223633,51.97999954223633,52.0099983215332,51.83000183105469,52.0,4761600,-1.066,2025-08-29,34,2025,29,Friday,-0.603,0.6138432210263465
52.349998474121094,52.349998474121094,52.400001525878906,52.099998474121094,52.11000061035156,5577800,0.712,2025-09-02,35,2025,2,Tuesday,0.2405,0.44300827682260446
52.619998931884766,52.619998931884766,52.650001525878906,52.5099983215332,52.619998931884766,3445100,0.516,2025-09-03,35,2025,3,Wednesday,0.2405,0.44300827682260446
52.59000015258789,52.59000015258789,52.59000015258789,52.380001068115234,52.529998779296875,5415600,-0.057,2025-09-04,35,2025,4,Thursday,0.2405,0.44300827682260446
52.47999954223633,52.47999954223633,52.709999084472656,52.40999984741211,52.65999984741211,6731300,-0.209,2025-09-05,35,2025,5,Friday,0.2405,0.44300827682260446
52.88999938964844,52.88999938964844,52.939998626708984,52.7599983215332,52.779998779296875,6514200,0.781,2025-09-08,36,2025,8,Monday,0.2552,0.543208707588529
52.709999084472656,52.709999084472656,52.869998931884766,52.689998626708984,52.81999969482422,3565400,-0.34,2025-09-09,36,2025,9,Tuesday,0.2552,0.543208707588529
53.15999984741211,53.15999984741211,53.2400016784668,53.029998779296875,53.04999923706055,3296300,0.854,2025-09-10,36,2025,10,Wednesday,0.2552,0.543208707588529
53.2400016784668,53.2400016784668,53.2599983215332,53.040000915527344,53.040000915527344,4038400,0.15,2025-09-11,36,2025,11,Thursday,0.2552,0.543208707588529
53.150001525878906,53.150001525878906,53.33000183105469,53.119998931884766,53.31999969482422,2154600,-0.169,2025-09-12,36,2025,12,Friday,0.2552,0.543208707588529
53.43000030517578,53.43000030517578,53.45000076293945,53.33000183105469,53.369998931884766,4749100,0.527,2025-09-15,37,2025,15,Monday,0.29660000000000003,0.5002097560024195
53.869998931884766,53.869998931884766,53.880001068115234,53.65999984741211,53.72999954223633,4539300,0.824,2025-09-16,37,2025,16,Tuesday,0.29660000000000003,0.5002097560024195
54.02000045776367,54.02000045776367,54.45000076293945,54.0,54.0,6512900,0.278,2025-09-17,37,2025,17,Wednesday,0.29660000000000003,0.5002097560024195
53.7400016784668,53.7400016784668,53.88999938964844,53.65999984741211,53.88999938964844,4096300,-0.518,2025-09-18,37,2025,18,Thursday,0.29660000000000003,0.5002097560024195
53.939998626708984,53.939998626708984,54.0,53.790000915527344,53.93000030517578,4074000,0.372,2025-09-19,37,2025,19,Friday,0.29660000000000003,0.5002097560024195
53.5,53.5,53.650001525878906,53.5,53.63999938964844,2611500,-0.816,2025-09-22,38,2025,22,Monday,-0.6344,0.17773378969683845
53.060001373291016,53.060001373291016,53.22999954223633,53.029998779296875,53.209999084472656,3227600,-0.822,2025-09-23,38,2025,23,Tuesday,-0.6344,0.17773378969683845
52.7400016784668,52.7400016784668,52.88999938964844,52.65999984741211,52.88999938964844,4014400,-0.603,2025-09-24,38,2025,24,Wednesday,-0.6344,0.17773378969683845
52.4900016784668,52.4900016784668,52.61000061035156,52.38999938964844,52.470001220703125,3475200,-0.474,2025-09-25,38,2025,25,Thursday,-0.6344,0.17773378969683845
52.25,52.25,52.290000915527344,52.060001373291016,52.13999938964844,4485700,-0.457,2025-09-26,38,2025,26,Friday,-0.6344,0.17773378969683845
52.15999984741211,52.15999984741211,52.25,52.08000183105469,52.209999084472656,4562600,-0.172,2025-09-29,39,2025,29,Monday,0.077,0.37104986187842737
52.060001373291016,52.060001373291016,52.11000061035156,51.97999954223633,52.04999923706055,3488300,-0.192,2025-09-30,39,2025,30,Tuesday,0.077,0.37104986187842737
52.38999938964844,52.38999938964844,52.63999938964844,52.380001068115234,52.459999084472656,4114900,0.634,2025-10-01,39,2025,1,Wednesday,0.077,0.37104986187842737
52.29999923706055,52.29999923706055,52.459999084472656,52.13999938964844,52.459999084472656,4429000,-0.172,2025-10-02,39,2025,2,Thursday,0.077,0.37104986187842737
52.45000076293945,52.45000076293945,52.5099983215332,52.0,52.47999954223633,2969700,0.287,2025-10-03,39,2025,3,Friday,0.077,0.37104986187842737
52.7599983215332,52.7599983215332,52.83000183105469,52.689998626708984,52.79999923706055,2792800,0.591,2025-10-06,40,2025,6,Monday,0.1222,0.41006548257564907
52.880001068115234,52.880001068115234,52.970001220703125,52.849998474121094,52.970001220703125,3105000,0.227,2025-10-07,40,2025,7,Tuesday,0.1222,0.41006548257564907
52.630001068115234,52.630001068115234,52.689998626708984,52.59000015258789,52.63999938964844,2526000,-0.473,2025-10-08,40,2025,8,Wednesday,0.1222,0.41006548257564907
52.810001373291016,52.810001373291016,52.97999954223633,52.7400016784668,52.93000030517578,3259500,0.342,2025-10-09,40,2025,9,Thursday,0.1222,0.41006548257564907
52.77000045776367,52.77000045776367,53.380001068115234,52.75,53.29999923706055,8108600,-0.076,2025-10-10,40,2025,10,Friday,0.1222,0.41006548257564907
52.970001220703125,52.970001220703125,53.060001373291016,52.86000061035156,53.0,4819600,0.379,2025-10-13,41,2025,13,Monday,0.6314,0.7991838336703264
52.779998779296875,52.779998779296875,52.900001525878906,52.599998474121094,52.7400016784668,3342600,-0.359,2025-10-14,41,2025,14,Tuesday,0.6314,0.7991838336703264
53.7599983215332,53.7599983215332,53.790000915527344,53.470001220703125,53.540000915527344,8336400,1.857,2025-10-15,41,2025,15,Wednesday,0.6314,0.7991838336703264
54.06999969482422,54.06999969482422,54.59000015258789,53.939998626708984,54.11000061035156,5871800,0.577,2025-10-16,41,2025,16,Thursday,0.6314,0.7991838336703264
54.45000076293945,54.45000076293945,54.529998779296875,54.25,54.27000045776367,4582900,0.703,2025-10-17,41,2025,17,Friday,0.6314,0.7991838336703264
54.7400016784668,54.7400016784668,54.77000045776367,54.529998779296875,54.529998779296875,8176700,0.533,2025-10-20,42,2025,20,Monday,0.025800000000000035,0.9805718739592729
54.47999954223633,54.47999954223633,54.59000015258789,54.400001525878906,54.47999954223633,3190600,-0.475,2025-10-21,42,2025,21,Tuesday,0.025800000000000035,0.9805718739592729
55.290000915527344,55.290000915527344,55.5,55.130001068115234,55.369998931884766,10304600,1.487,2025-10-22,42,2025,22,Wednesday,0.025800000000000035,0.9805718739592729
54.7599983215332,54.7599983215332,54.81999969482422,54.619998931884766,54.63999938964844,5730200,-0.959,2025-10-23,42,2025,23,Thursday,0.025800000000000035,0.9805718739592729
54.5099983215332,54.5099983215332,54.61000061035156,54.4900016784668,54.59000015258789,5883200,-0.457,2025-10-24,42,2025,24,Friday,0.025800000000000035,0.9805718739592729
54.720001220703125,54.720001220703125,54.75,54.61000061035156,54.709999084472656,5337000,0.385,2025-10-27,43,2025,27,Monday,-0.1984,0.4387411537569732
54.540000915527344,54.540000915527344,54.66999816894531,54.40999984741211,54.5,4264000,-0.329,2025-10-28,43,2025,28,Tuesday,-0.1984,0.4387411537569732
54.61000061035156,54.61000061035156,54.91999816894531,54.47999954223633,54.880001068115234,8390900,0.128,2025-10-29,43,2025,29,Wednesday,-0.1984,0.4387411537569732
54.27000045776367,54.27000045776367,54.459999084472656,54.220001220703125,54.29999923706055,5083400,-0.623,2025-10-30,43,2025,30,Thursday,-0.1984,0.4387411537569732
53.970001220703125,53.970001220703125,54.11000061035156,53.869998931884766,54.08000183105469,5978800,-0.553,2025-10-31,43,2025,31,Friday,-0.1984,0.4387411537569732
54.2400016784668,54.2400016784668,54.33000183105469,54.11000061035156,54.31999969482422,3545100,0.5,2025-11-03,44,2025,3,Monday,-0.0796,0.7545772326276483
54.02000045776367,54.02000045776367,54.15999984741211,53.88999938964844,53.97999954223633,6828000,-0.406,2025-11-04,44,2025,4,Tuesday,-0.0796,0.7545772326276483
54.29999923706055,54.29999923706055,54.369998931884766,53.9900016784668,53.9900016784668,4193900,0.518,2025-11-05,44,2025,5,Wednesday,-0.0796,0.7545772326276483
53.619998931884766,53.619998931884766,53.880001068115234,53.5,53.869998931884766,6626000,-1.252,2025-11-06,44,2025,6,Thursday,-0.0796,0.7545772326276483
53.75,53.75,53.77000045776367,53.47999954223633,53.720001220703125,4373000,0.242,2025-11-07,44,2025,7,Friday,-0.0796,0.7545772326276483
54.150001525878906,54.150001525878906,54.189998626708984,53.93000030517578,53.959999084472656,4661500,0.744,2025-11-10,45,2025,10,Monday,0.324,0.7683134126123271
54.7400016784668,54.7400016784668,54.84000015258789,54.41999816894531,54.41999816894531,6611100,1.09,2025-11-11,45,2025,11,Tuesday,0.324,0.7683134126123271
54.560001373291016,54.560001373291016,54.58000183105469,54.349998474121094,54.5099983215332,4417300,-0.329,2025-11-12,45,2025,12,Wednesday,0.324,0.7683134126123271
54.20000076293945,54.20000076293945,54.459999084472656,54.130001068115234,54.41999816894531,6434400,-0.66,2025-11-13,45,2025,13,Thursday,0.324,0.7683134126123271
54.619998931884766,54.619998931884766,54.7400016784668,54.34000015258789,54.400001525878906,7468300,0.775,2025-11-14,45,2025,14,Friday,0.324,0.7683134126123271
54.650001525878906,54.650001525878906,54.88999938964844,54.599998474121094,54.77000045776367,3813800,0.055,2025-11-17,46,2025,17,Monday,-0.1496,0.4919062918890142
54.61000061035156,54.61000061035156,54.709999084472656,54.34000015258789,54.34000015258789,5360900,-0.073,2025-11-18,46,2025,18,Tuesday,-0.1496,0.4919062918890142
54.83000183105469,54.83000183105469,55.02000045776367,54.75,54.779998779296875,3990800,0.403,2025-11-19,46,2025,19,Wednesday,-0.1496,0.4919062918890142
54.720001220703125,54.720001220703125,55.099998474121094,54.63999938964844,55.040000915527344,6950000,-0.201,2025-11-20,46,2025,20,Thursday,-0.1496,0.4919062918890142
54.209999084472656,54.209999084472656,54.279998779296875,53.939998626708984,54.04999923706055,5518200,-0.932,2025-11-21,46,2025,21,Friday,-0.1496,0.4919062918890142
54.220001220703125,54.220001220703125,54.310001373291016,54.06999969482422,54.06999969482422,6743000,0.018,2025-11-24,47,2025,24,Monday,0.22999999999999998,0.32756576947741856
54.279998779296875,54.279998779296875,54.279998779296875,53.970001220703125,54.0,4827600,0.111,2025-11-25,47,2025,25,Tuesday,0.22999999999999998,0.32756576947741856
54.66999816894531,54.66999816894531,54.689998626708984,54.5,54.54999923706055,4585600,0.718,2025-11-26,47,2025,26,Wednesday,0.22999999999999998,0.32756576947741856
54.709999084472656,54.709999084472656,54.83000183105469,54.560001373291016,54.61000061035156,3992700,0.073,2025-11-28,47,2025,28,Friday,0.22999999999999998,0.32756576947741856
54.33000183105469,54.33000183105469,54.45000076293945,54.130001068115234,54.380001068115234,3578600,-0.695,2025-12-01,48,2025,1,Monday,-0.26979999999999993,0.7326217987474847
53.880001068115234,53.880001068115234,54.0099983215332,53.79999923706055,53.97999954223633,5965800,-0.828,2025-12-02,48,2025,2,Tuesday,-0.26979999999999993,0.7326217987474847
53.40999984741211,53.40999984741211,53.599998474121094,53.310001373291016,53.5099983215332,7367500,-0.872,2025-12-03,48,2025,3,Wednesday,-0.26979999999999993,0.7326217987474847
53.7599983215332,53.7599983215332,53.849998474121094,53.650001525878906,53.779998779296875,4570900,0.655,2025-12-04,48,2025,4,Thursday,-0.26979999999999993,0.7326217987474847
53.970001220703125,53.970001220703125,54.06999969482422,53.91999816894531,54.060001373291016,3027600,0.391,2025-12-05,48,2025,5,Friday,-0.26979999999999993,0.7326217987474847
53.08000183105469,53.08000183105469,53.459999084472656,53.0099983215332,53.33000183105469,4126300,-1.649,2025-12-08,49,2025,8,Monday,-0.3062,0.895429896753509
53.27000045776367,53.27000045776367,53.36000061035156,53.13999938964844,53.13999938964844,5697000,0.358,2025-12-09,49,2025,9,Tuesday,-0.3062,0.895429896753509
53.36000061035156,53.36000061035156,53.43000030517578,53.18000030517578,53.22999954223633,4774000,0.169,2025-12-10,49,2025,10,Wednesday,-0.3062,0.895429896753509
53.56999969482422,53.56999969482422,53.66999816894531,53.31999969482422,53.380001068115234,7105600,0.394,2025-12-11,49,2025,11,Thursday,-0.3062,0.895429896753509
53.13999938964844,53.13999938964844,53.43000030517578,53.02000045776367,53.369998931884766,6546600,-0.803,2025-12-12,49,2025,12,Friday,-0.3062,0.895429896753509
53.099998474121094,53.099998474121094,53.290000915527344,53.099998474121094,53.189998626708984,3824500,-0.075,2025-12-15,50,2025,15,Monday,0.3798,0.7704328004440102
52.95000076293945,52.95000076293945,53.0,52.810001373291016,52.869998931884766,5656900,-0.282,2025-12-16,50,2025,16,Tuesday,0.3798,0.7704328004440102
52.970001220703125,52.970001220703125,53.150001525878906,52.939998626708984,53.08000183105469,4459500,0.038,2025-12-17,50,2025,17,Wednesday,0.3798,0.7704328004440102
53.279998779296875,53.279998779296875,53.439998626708984,53.2400016784668,53.2599983215332,5141500,0.585,2025-12-18,50,2025,18,Thursday,0.3798,0.7704328004440102
54.150001525878906,54.150001525878906,54.599998474121094,53.900001525878906,53.900001525878906,13323200,1.633,2025-12-19,50,2025,19,Friday,0.3798,0.7704328004440102
54.189998626708984,54.189998626708984,54.2400016784668,54.150001525878906,54.22999954223633,5815500,0.074,2025-12-22,51,2025,22,Monday,-0.14225,0.5788133694608881
54.470001220703125,54.470001220703125,54.470001220703125,54.11000061035156,54.119998931884766,5630300,0.517,2025-12-23,51,2025,23,Tuesday,-0.14225,0.5788133694608881
54.0099983215332,54.0099983215332,54.130001068115234,53.95000076293945,54.099998474121094,2395700,-0.845,2025-12-24,51,2025,24,Wednesday,-0.14225,0.5788133694608881
53.84000015258789,53.84000015258789,53.939998626708984,53.75,53.939998626708984,4005600,-0.315,2025-12-26,51,2025,26,Friday,-0.14225,0.5788133694608881
53.470001220703125,53.470001220703125,53.54999923706055,53.40999984741211,53.529998779296875,5717800,-0.687,2025-12-29,52,2025,29,Monday,0.13166666666666665,0.7432296639218144
53.63999938964844,53.63999938964844,53.709999084472656,53.58000183105469,53.58000183105469,5833600,0.318,2025-12-30,52,2025,30,Tuesday,0.13166666666666665,0.7432296639218144
54.04999923706055,54.04999923706055,54.099998474121094,53.91999816894531,53.91999816894531,3769800,0.764,2025-12-31,52,2025,31,Wednesday,0.13166666666666665,0.7432296639218144
