Adj Close,Close,High,Low,Open,Volume,Return,Date,Week_Number,Year,Day,Weekday,mean_return,volatility
38.29350280761719,51.900001525878906,51.95000076293945,51.59000015258789,51.689998626708984,14200,0.0,2011-03-31,13,2011,31,Thursday,0.6935,0.9807571055057415
38.824745178222656,52.619998931884766,52.720001220703125,52.529998779296875,52.58000183105469,2900,1.387,2011-04-01,13,2011,1,Friday,0.6935,0.9807571055057415
39.651126861572266,53.7400016784668,53.779998779296875,53.119998931884766,53.779998779296875,10500,2.128,2011-04-04,14,2011,4,Monday,0.41900000000000004,1.0432250476287463
39.415016174316406,53.41999816894531,53.560001373291016,53.400001525878906,53.5,3700,-0.595,2011-04-05,14,2011,5,Tuesday,0.41900000000000004,1.0432250476287463
39.614219665527344,53.689998626708984,53.970001220703125,53.529998779296875,53.959999084472656,4700,0.505,2011-04-06,14,2011,6,Wednesday,0.41900000000000004,1.0432250476287463
39.54044723510742,53.59000015258789,53.900001525878906,53.38999938964844,53.900001525878906,7400,-0.186,2011-04-07,14,2011,7,Thursday,0.41900000000000004,1.0432250476287463
39.63637161254883,53.720001220703125,54.02000045776367,53.5099983215332,54.02000045776367,6300,0.243,2011-04-08,14,2011,8,Friday,0.41900000000000004,1.0432250476287463
39.053489685058594,52.93000030517578,53.88999938964844,52.91999816894531,53.88999938964844,18500,-1.471,2011-04-11,15,2011,11,Monday,-0.033199999999999986,1.0291526611732587
38.78047180175781,52.560001373291016,52.7400016784668,52.2599983215332,52.59000015258789,7200,-0.699,2011-04-12,15,2011,12,Tuesday,-0.033199999999999986,1.0291526611732587
39.17152404785156,53.09000015258789,53.189998626708984,52.849998474121094,53.189998626708984,2000,1.008,2011-04-13,15,2011,13,Wednesday,-0.033199999999999986,1.0291526611732587
39.289581298828125,53.25,53.349998474121094,53.0099983215332,53.189998626708984,4700,0.301,2011-04-14,15,2011,14,Thursday,-0.033199999999999986,1.0291526611732587
39.562583923339844,53.619998931884766,53.619998931884766,53.16999816894531,53.470001220703125,9700,0.695,2011-04-15,15,2011,15,Friday,-0.033199999999999986,1.0291526611732587
38.94279479980469,52.779998779296875,52.83000183105469,52.2400016784668,52.83000183105469,1900,-1.567,2011-04-18,16,2011,18,Monday,0.30050000000000004,1.482432348091024
38.88377380371094,52.70000076293945,52.849998474121094,52.52000045776367,52.810001373291016,3900,-0.152,2011-04-19,16,2011,19,Tuesday,0.30050000000000004,1.482432348091024
39.57733154296875,53.63999938964844,53.779998779296875,53.439998626708984,53.72999954223633,5300,1.784,2011-04-20,16,2011,20,Wednesday,0.30050000000000004,1.482432348091024
40.027408599853516,54.25,54.25,53.91999816894531,54.189998626708984,2200,1.137,2011-04-21,16,2011,21,Thursday,0.30050000000000004,1.482432348091024
39.614219665527344,53.689998626708984,54.2599983215332,53.59000015258789,54.2599983215332,1000,-1.032,2011-04-25,17,2011,25,Monday,-0.5454000000000001,0.7537229597139787
39.651126861572266,53.7400016784668,53.88999938964844,53.4900016784668,53.86000061035156,4300,0.093,2011-04-26,17,2011,26,Tuesday,-0.5454000000000001,0.7537229597139787
39.038726806640625,52.90999984741211,53.65999984741211,52.66999816894531,53.65999984741211,15100,-1.544,2011-04-27,17,2011,27,Wednesday,-0.5454000000000001,0.7537229597139787
38.84688949584961,52.650001525878906,52.810001373291016,52.5,52.5,1000,-0.491,2011-04-28,17,2011,28,Thursday,-0.5454000000000001,0.7537229597139787
38.94279479980469,52.779998779296875,52.779998779296875,52.119998931884766,52.52000045776367,1800,0.247,2011-04-29,17,2011,29,Friday,-0.5454000000000001,0.7537229597139787
39.11250305175781,53.0099983215332,53.34000015258789,52.91999816894531,53.34000015258789,5600,0.436,2011-05-02,18,2011,2,Monday,-0.6699999999999999,1.2337339664611653
38.10905838012695,51.650001525878906,52.279998779296875,51.61000061035156,52.20000076293945,6600,-2.566,2011-05-03,18,2011,3,Tuesday,-0.6699999999999999,1.2337339664611653
37.68110656738281,51.06999969482422,51.18000030517578,50.880001068115234,51.13999938964844,2000,-1.123,2011-05-04,18,2011,4,Wednesday,-0.6699999999999999,1.2337339664611653
37.5187873840332,50.849998474121094,50.849998474121094,50.720001220703125,50.720001220703125,400,-0.431,2011-05-05,18,2011,5,Thursday,-0.6699999999999999,1.2337339664611653
37.64421463012695,51.02000045776367,51.81999969482422,51.02000045776367,51.81999969482422,7700,0.334,2011-05-06,18,2011,6,Friday,-0.6699999999999999,1.2337339664611653
38.07215881347656,51.599998474121094,51.790000915527344,51.189998626708984,51.36000061035156,27000,1.137,2011-05-09,19,2011,9,Monday,-0.10100000000000002,1.1213904315625314
38.22710418701172,51.810001373291016,51.86000061035156,51.72999954223633,51.72999954223633,4900,0.407,2011-05-10,19,2011,10,Tuesday,-0.10100000000000002,1.1213904315625314
37.526161193847656,50.86000061035156,51.7599983215332,50.86000061035156,51.7599983215332,2100,-1.834,2011-05-11,19,2011,11,Wednesday,-0.10100000000000002,1.1213904315625314
37.614707946777344,50.97999954223633,50.97999954223633,50.97999954223633,50.97999954223633,100,0.236,2011-05-12,19,2011,12,Thursday,-0.10100000000000002,1.1213904315625314
37.445003509521484,50.75,51.29999923706055,50.63999938964844,51.29999923706055,2000,-0.451,2011-05-13,19,2011,13,Friday,-0.10100000000000002,1.1213904315625314
37.57781219482422,50.93000030517578,51.310001373291016,50.84000015258789,50.880001068115234,1500,0.355,2011-05-16,20,2011,16,Monday,0.2894,1.3465193277483989
37.41548538208008,50.709999084472656,51.13999938964844,50.58000183105469,51.13999938964844,5700,-0.432,2011-05-17,20,2011,17,Tuesday,0.2894,1.3465193277483989
38.38942337036133,52.029998779296875,52.029998779296875,51.209999084472656,51.209999084472656,900,2.603,2011-05-18,20,2011,18,Wednesday,0.2894,1.3465193277483989
38.19021987915039,51.7599983215332,52.150001525878906,51.63999938964844,52.150001525878906,6500,-0.519,2011-05-19,20,2011,19,Thursday,0.2894,1.3465193277483989
37.97624588012695,51.470001220703125,51.59000015258789,51.33000183105469,51.45000076293945,4200,-0.56,2011-05-20,20,2011,20,Friday,0.2894,1.3465193277483989
36.95803451538086,50.09000015258789,50.29999923706055,50.09000015258789,50.29999923706055,3200,-2.681,2011-05-23,21,2011,23,Monday,-0.06499999999999999,1.4954903877992665
37.27530288696289,50.52000045776367,50.93000030517578,50.36000061035156,50.88999938964844,12700,0.858,2011-05-24,21,2011,24,Tuesday,-0.06499999999999999,1.4954903877992665
37.526161193847656,50.86000061035156,50.88999938964844,50.41999816894531,50.41999816894531,5400,0.673,2011-05-25,21,2011,25,Wednesday,-0.06499999999999999,1.4954903877992665
37.54829788208008,50.88999938964844,50.95000076293945,50.56999969482422,50.95000076293945,2100,0.059,2011-05-26,21,2011,26,Thursday,-0.06499999999999999,1.4954903877992665
37.83604431152344,51.279998779296875,51.40999984741211,51.25,51.40999984741211,4800,0.766,2011-05-27,21,2011,27,Friday,-0.06499999999999999,1.4954903877992665
38.67717742919922,52.41999816894531,52.41999816894531,52.15999984741211,52.380001068115234,1400,2.223,2011-05-31,22,2011,31,Tuesday,-0.14900000000000002,1.8208853158102334
38.11642837524414,51.65999984741211,52.369998931884766,51.65999984741211,52.369998931884766,1300,-1.45,2011-06-01,22,2011,1,Wednesday,-0.14900000000000002,1.8208853158102334
38.24187088012695,51.83000183105469,51.83000183105469,51.369998931884766,51.47999954223633,14600,0.329,2011-06-02,22,2011,2,Thursday,-0.14900000000000002,1.8208853158102334
37.59257507324219,50.95000076293945,51.15999984741211,50.939998626708984,51.0,2400,-1.698,2011-06-03,22,2011,3,Friday,-0.14900000000000002,1.8208853158102334
37.341697692871094,50.61000061035156,50.779998779296875,50.61000061035156,50.779998779296875,400,-0.667,2011-06-06,23,2011,6,Monday,-0.6494,1.2782919463096059
37.570430755615234,50.91999816894531,51.119998931884766,50.86000061035156,51.11000061035156,1500,0.613,2011-06-07,23,2011,7,Tuesday,-0.6494,1.2782919463096059
36.96540451049805,50.099998474121094,50.470001220703125,50.099998474121094,50.349998474121094,1200,-1.61,2011-06-08,23,2011,8,Wednesday,-0.6494,1.2782919463096059
37.19413757324219,50.40999984741211,50.439998626708984,49.720001220703125,50.130001068115234,5100,0.619,2011-06-09,23,2011,9,Thursday,-0.6494,1.2782919463096059
36.37512969970703,49.29999923706055,49.86000061035156,48.970001220703125,49.86000061035156,2600,-2.202,2011-06-10,23,2011,10,Friday,-0.6494,1.2782919463096059
36.13166046142578,48.970001220703125,49.38999938964844,48.869998931884766,49.38999938964844,144700,-0.669,2011-06-13,24,2011,13,Monday,-0.33740000000000003,1.192758693114412
36.64076614379883,49.65999984741211,49.939998626708984,49.65999984741211,49.68000030517578,10900,1.409,2011-06-14,24,2011,14,Tuesday,-0.33740000000000003,1.192758693114412
35.939823150634766,48.709999084472656,49.380001068115234,48.599998474121094,49.380001068115234,9100,-1.913,2011-06-15,24,2011,15,Wednesday,-0.33740000000000003,1.192758693114412
35.79963684082031,48.52000045776367,48.880001068115234,48.27000045776367,48.47999954223633,7100,-0.39,2011-06-16,24,2011,16,Thursday,-0.33740000000000003,1.192758693114412
35.75535583496094,48.459999084472656,48.849998474121094,48.439998626708984,48.849998474121094,3100,-0.124,2011-06-17,24,2011,17,Friday,-0.33740000000000003,1.192758693114412
35.70371627807617,48.38999938964844,48.38999938964844,48.25,48.29999923706055,700,-0.144,2011-06-20,25,2011,20,Monday,0.36900000000000005,1.622059955735299
36.37512969970703,49.29999923706055,49.33000183105469,48.869998931884766,48.869998931884766,3700,1.881,2011-06-21,25,2011,21,Tuesday,0.36900000000000005,1.622059955735299
36.04710388183594,47.90999984741211,48.130001068115234,47.90999984741211,47.91999816894531,2000,-0.902,2011-06-22,25,2011,22,Wednesday,0.36900000000000005,1.622059955735299
35.5881462097168,47.29999923706055,47.380001068115234,46.959999084472656,47.060001373291016,4400,-1.273,2011-06-23,25,2011,23,Thursday,0.36900000000000005,1.622059955735299
36.400726318359375,48.380001068115234,48.77000045776367,48.349998474121094,48.77000045776367,1000,2.283,2011-06-24,25,2011,24,Friday,0.36900000000000005,1.622059955735299
37.03273010253906,49.220001220703125,49.220001220703125,48.77000045776367,48.79999923706055,5200,1.736,2011-06-27,26,2011,27,Monday,0.915,0.6539269836916045
37.19073486328125,49.43000030517578,49.560001373291016,49.0,49.0,3000,0.427,2011-06-28,26,2011,28,Tuesday,0.915,0.6539269836916045
37.23588180541992,49.4900016784668,49.4900016784668,49.04999923706055,49.18000030517578,2400,0.121,2011-06-29,26,2011,29,Wednesday,0.915,0.6539269836916045
37.59702682495117,49.970001220703125,49.970001220703125,49.959999084472656,49.959999084472656,400,0.97,2011-06-30,26,2011,30,Thursday,0.915,0.6539269836916045
38.093597412109375,50.630001068115234,50.630001068115234,50.130001068115234,50.529998779296875,6900,1.321,2011-07-01,26,2011,1,Friday,0.915,0.6539269836916045
38.12369918823242,50.66999816894531,50.720001220703125,50.630001068115234,50.720001220703125,2400,0.079,2011-07-05,27,2011,5,Tuesday,-0.358,1.5885022295651123
37.529319763183594,49.880001068115234,50.33000183105469,49.880001068115234,50.33000183105469,2600,-1.559,2011-07-06,27,2011,6,Wednesday,-0.358,1.5885022295651123
38.16884994506836,50.72999954223633,50.72999954223633,50.72999954223633,50.72999954223633,500,1.704,2011-07-07,27,2011,7,Thursday,-0.358,1.5885022295651123
37.536834716796875,49.88999938964844,49.88999938964844,49.88999938964844,49.88999938964844,100,-1.656,2011-07-08,27,2011,8,Friday,-0.358,1.5885022295651123
36.776920318603516,48.880001068115234,49.40999984741211,48.880001068115234,49.220001220703125,700,-2.024,2011-07-11,28,2011,11,Monday,-0.4208,1.3969512160415625
36.42329406738281,48.40999984741211,48.599998474121094,48.40999984741211,48.40999984741211,900,-0.962,2011-07-12,28,2011,12,Tuesday,-0.4208,1.3969512160415625
37.04779052734375,49.2400016784668,49.5099983215332,49.2400016784668,49.5099983215332,2000,1.715,2011-07-13,28,2011,13,Wednesday,-0.4208,1.3969512160415625
36.731781005859375,48.81999969482422,48.97999954223633,48.689998626708984,48.97999954223633,1000,-0.853,2011-07-14,28,2011,14,Thursday,-0.4208,1.3969512160415625
36.73929977416992,48.83000183105469,49.0099983215332,48.83000183105469,49.0099983215332,300,0.02,2011-07-15,28,2011,15,Friday,-0.4208,1.3969512160415625
36.588829040527344,48.630001068115234,48.70000076293945,48.290000915527344,48.599998474121094,3600,-0.41,2011-07-18,29,2011,18,Monday,0.4474,0.49425125189522784
36.867210388183594,49.0,49.04999923706055,48.88999938964844,48.91999816894531,600,0.761,2011-07-19,29,2011,19,Tuesday,0.4474,0.49425125189522784
37.040252685546875,49.22999954223633,49.22999954223633,49.06999969482422,49.15999984741211,2500,0.469,2011-07-20,29,2011,20,Wednesday,0.4474,0.49425125189522784
37.2810173034668,49.54999923706055,49.54999923706055,49.36000061035156,49.36000061035156,400,0.65,2011-07-21,29,2011,21,Thursday,0.4474,0.49425125189522784
37.56693649291992,49.93000030517578,49.93000030517578,49.79999923706055,49.79999923706055,700,0.767,2011-07-22,29,2011,22,Friday,0.4474,0.49425125189522784
37.22835922241211,49.47999954223633,49.47999954223633,49.13999938964844,49.13999938964844,1200,-0.901,2011-07-25,30,2011,25,Monday,-0.12180000000000002,0.8329097790277168
37.33369064331055,49.619998931884766,49.7400016784668,49.619998931884766,49.7400016784668,400,0.283,2011-07-26,30,2011,26,Tuesday,-0.12180000000000002,0.8329097790277168
36.94245529174805,49.099998474121094,49.52000045776367,49.099998474121094,49.52000045776367,600,-1.048,2011-07-27,30,2011,27,Wednesday,-0.12180000000000002,0.8329097790277168
37.2810173034668,49.54999923706055,49.619998931884766,49.29999923706055,49.47999954223633,17300,0.916,2011-07-28,30,2011,28,Thursday,-0.12180000000000002,0.8329097790277168
37.33369064331055,49.619998931884766,49.619998931884766,49.619998931884766,49.619998931884766,200,0.141,2011-07-29,30,2011,29,Friday,-0.12180000000000002,0.8329097790277168
36.844635009765625,48.970001220703125,50.0,48.83000183105469,50.0,3100,-1.31,2011-08-01,31,2011,1,Monday,-1.9316,0.9837287735956491
36.596343994140625,48.63999938964844,48.810001373291016,48.33000183105469,48.810001373291016,5000,-0.674,2011-08-02,31,2011,2,Tuesday,-1.9316,0.9837287735956491
35.91167068481445,47.72999954223633,47.72999954223633,47.31999969482422,47.470001220703125,32400,-1.871,2011-08-03,31,2011,3,Wednesday,-1.9316,0.9837287735956491
34.90345764160156,46.38999938964844,47.0,45.939998626708984,47.0,7600,-2.807,2011-08-04,31,2011,4,Thursday,-1.9316,0.9837287735956491
33.85764694213867,45.0,45.459999084472656,43.5,45.13999938964844,30100,-2.996,2011-08-05,31,2011,5,Friday,-1.9316,0.9837287735956491
31.532752990722656,41.90999984741211,44.15999984741211,41.90999984741211,43.66999816894531,3000,-6.867,2011-08-08,32,2011,8,Monday,-0.744,4.111571658137555
32.578575134277344,43.29999923706055,43.43000030517578,42.029998779296875,42.7599983215332,11800,3.317,2011-08-09,32,2011,9,Tuesday,-0.744,4.111571658137555
31.630573272705078,42.040000915527344,42.84000015258789,42.040000915527344,42.599998474121094,3900,-2.91,2011-08-10,32,2011,10,Wednesday,-0.744,4.111571658137555
32.044376373291016,42.59000015258789,42.79999923706055,42.2599983215332,42.2599983215332,68000,1.308,2011-08-11,32,2011,11,Thursday,-0.744,4.111571658137555
32.503326416015625,43.20000076293945,43.380001068115234,43.04999923706055,43.380001068115234,2200,1.432,2011-08-12,32,2011,12,Friday,-0.744,4.111571658137555
33.55668258666992,44.599998474121094,44.599998474121094,44.130001068115234,44.349998474121094,4900,3.241,2011-08-15,33,2011,15,Monday,-0.40540000000000004,2.8773007837207425
33.40620803833008,44.400001525878906,44.5099983215332,44.22999954223633,44.45000076293945,6700,-0.448,2011-08-16,33,2011,16,Tuesday,-0.40540000000000004,2.8773007837207425
33.40620803833008,44.400001525878906,44.400001525878906,44.400001525878906,44.400001525878906,0,0.0,2011-08-17,33,2011,17,Wednesday,-0.40540000000000004,2.8773007837207425
33.40620803833008,44.400001525878906,44.400001525878906,44.400001525878906,44.400001525878906,0,0.0,2011-08-18,33,2011,18,Thursday,-0.40540000000000004,2.8773007837207425
31.79608154296875,42.2599983215332,42.689998626708984,42.220001220703125,42.220001220703125,3400,-4.82,2011-08-19,33,2011,19,Friday,-0.40540000000000004,2.8773007837207425
31.329608917236328,41.63999938964844,42.04999923706055,41.45000076293945,42.04999923706055,4200,-1.467,2011-08-22,34,2011,22,Monday,0.09920000000000001,1.5330220807281285
32.09703826904297,42.65999984741211,42.65999984741211,41.790000915527344,42.04999923706055,1400,2.45,2011-08-23,34,2011,23,Tuesday,0.09920000000000001,1.5330220807281285
31.826181411743164,42.29999923706055,42.54999923706055,42.060001373291016,42.11000061035156,4200,-0.844,2011-08-24,34,2011,24,Wednesday,0.09920000000000001,1.5330220807281285
31.72083854675293,42.15999984741211,42.88999938964844,41.97999954223633,42.88999938964844,4500,-0.331,2011-08-25,34,2011,25,Thursday,0.09920000000000001,1.5330220807281285
31.939037322998047,42.45000076293945,42.45000076293945,41.369998931884766,41.560001373291016,2400,0.688,2011-08-26,34,2011,26,Friday,0.09920000000000001,1.5330220807281285
32.78171157836914,43.56999969482422,43.58000183105469,43.27000045776367,43.27000045776367,900,2.638,2011-08-29,35,2011,29,Monday,0.4598,2.0053153617324133
32.992393493652344,43.849998474121094,43.88999938964844,43.38999938964844,43.70000076293945,1500,0.643,2011-08-30,35,2011,30,Tuesday,0.4598,2.0053153617324133
33.57173156738281,44.619998931884766,44.79999923706055,44.400001525878906,44.650001525878906,8900,1.756,2011-08-31,35,2011,31,Wednesday,0.4598,2.0053153617324133
33.51906967163086,44.54999923706055,44.54999923706055,44.54999923706055,44.54999923706055,500,-0.157,2011-09-01,35,2011,1,Thursday,0.4598,2.0053153617324133
32.65381622314453,43.400001525878906,43.650001525878906,43.400001525878906,43.650001525878906,1900,-2.581,2011-09-02,35,2011,2,Friday,0.4598,2.0053153617324133
32.16476058959961,42.75,42.88999938964844,41.959999084472656,42.08000183105469,11100,-1.498,2011-09-06,36,2011,6,Tuesday,-0.9535,1.150537700381869
32.16476058959961,42.75,42.75,42.75,42.75,0,0.0,2011-09-07,36,2011,7,Wednesday,-0.9535,1.150537700381869
32.16476058959961,42.75,42.75,42.75,42.75,0,0.0,2011-09-08,36,2011,8,Thursday,-0.9535,1.150537700381869
31.419889450073242,41.7599983215332,41.7599983215332,41.7599983215332,41.7599983215332,200,-2.316,2011-09-09,36,2011,9,Friday,-0.9535,1.150537700381869
31.006080627441406,41.209999084472656,41.36000061035156,40.59000015258789,41.18000030517578,4800,-1.317,2011-09-12,37,2011,12,Monday,0.017000000000000015,0.8199503033721007
31.043691635131836,41.2599983215332,41.2599983215332,41.2599983215332,41.2599983215332,200,0.121,2011-09-13,37,2011,13,Tuesday,0.017000000000000015,0.8199503033721007
31.021127700805664,41.22999954223633,41.22999954223633,40.7599983215332,41.0099983215332,2600,-0.073,2011-09-14,37,2011,14,Wednesday,0.017000000000000015,0.8199503033721007
31.261892318725586,41.54999923706055,41.54999923706055,41.54999923706055,41.54999923706055,200,0.776,2011-09-15,37,2011,15,Thursday,0.017000000000000015,0.8199503033721007
31.442461013793945,41.790000915527344,41.790000915527344,41.790000915527344,41.790000915527344,100,0.578,2011-09-16,37,2011,16,Friday,0.017000000000000015,0.8199503033721007
30.539592742919922,40.59000015258789,40.59000015258789,40.59000015258789,40.59000015258789,1100,-2.871,2011-09-19,38,2011,19,Monday,-2.3466,3.7567957490393327
30.44930648803711,40.470001220703125,40.470001220703125,40.470001220703125,40.470001220703125,100,-0.296,2011-09-20,38,2011,20,Tuesday,-2.3466,3.7567957490393327
29.779678344726562,39.58000183105469,39.93000030517578,39.58000183105469,39.93000030517578,2600,-2.199,2011-09-21,38,2011,21,Wednesday,-2.3466,3.7567957490393327
27.33440399169922,36.33000183105469,37.22999954223633,36.15999984741211,37.22999954223633,6200,-8.211,2011-09-22,38,2011,22,Thursday,-2.3466,3.7567957490393327
27.83850860595703,37.0,37.150001525878906,36.599998474121094,36.599998474121094,5200,1.844,2011-09-23,38,2011,23,Friday,-2.3466,3.7567957490393327
27.462305068969727,36.5,36.5,35.900001525878906,35.900001525878906,2100,-1.351,2011-09-26,39,2011,26,Monday,-0.4448,3.215006951780976
28.77147674560547,38.2400016784668,38.790000915527344,38.150001525878906,38.29999923706055,1900,4.767,2011-09-27,39,2011,27,Tuesday,-0.4448,3.215006951780976
28.387752532958984,37.72999954223633,38.2400016784668,37.560001373291016,38.2400016784668,900,-1.334,2011-09-28,39,2011,28,Wednesday,-0.4448,3.215006951780976
28.297466278076172,37.61000061035156,38.15999984741211,37.56999969482422,38.15999984741211,5600,-0.318,2011-09-29,39,2011,29,Thursday,-0.4448,3.215006951780976
27.168882369995117,36.11000061035156,36.95000076293945,35.9900016784668,36.95000076293945,5200,-3.988,2011-09-30,39,2011,30,Friday,-0.4448,3.215006951780976
26.22085952758789,34.849998474121094,34.97999954223633,34.849998474121094,34.900001525878906,3000,-3.489,2011-10-03,40,2011,3,Monday,0.24100000000000002,4.1992508855747115
25.159992218017578,33.439998626708984,33.83000183105469,33.439998626708984,33.83000183105469,700,-4.046,2011-10-04,40,2011,4,Tuesday,0.24100000000000002,4.1992508855747115
26.709915161132812,35.5,35.5,35.06999969482422,35.06999969482422,600,6.16,2011-10-05,40,2011,5,Wednesday,0.24100000000000002,4.1992508855747115
27.244112014770508,36.209999084472656,36.209999084472656,36.209999084472656,36.209999084472656,100,2.0,2011-10-06,40,2011,6,Thursday,0.24100000000000002,4.1992508855747115
27.402114868164062,36.41999816894531,37.29999923706055,36.41999816894531,37.29999923706055,2200,0.58,2011-10-07,40,2011,7,Friday,0.24100000000000002,4.1992508855747115
28.63603973388672,38.060001373291016,38.060001373291016,37.72999954223633,37.72999954223633,2200,4.503,2011-10-10,41,2011,10,Monday,2.0140000000000002,2.484117650192921
29.245473861694336,38.869998931884766,38.869998931884766,37.97999954223633,37.97999954223633,2100,2.128,2011-10-11,41,2011,11,Tuesday,2.0140000000000002,2.484117650192921
30.40415382385254,40.40999984741211,40.41999816894531,40.040000915527344,40.040000915527344,1300,3.962,2011-10-12,41,2011,12,Wednesday,2.0140000000000002,2.484117650192921
29.877477645874023,39.709999084472656,39.709999084472656,39.709999084472656,39.709999084472656,300,-1.732,2011-10-13,41,2011,13,Thursday,2.0140000000000002,2.484117650192921
30.238636016845703,40.189998626708984,40.189998626708984,40.189998626708984,40.189998626708984,100,1.209,2011-10-14,41,2011,14,Friday,2.0140000000000002,2.484117650192921
29.621671676635742,39.369998931884766,40.04999923706055,39.22999954223633,40.04999923706055,3600,-2.04,2011-10-17,42,2011,17,Monday,-1.4382,2.839507210767389
28.67365837097168,38.11000061035156,38.70000076293945,38.11000061035156,38.70000076293945,1800,-3.2,2011-10-18,42,2011,18,Tuesday,-1.4382,2.839507210767389
29.433576583862305,39.119998931884766,39.29999923706055,38.63999938964844,38.63999938964844,87800,2.65,2011-10-19,42,2011,19,Wednesday,-1.4382,2.839507210767389
28.07926368713379,37.31999969482422,37.31999969482422,37.31999969482422,37.31999969482422,1100,-4.601,2011-10-20,42,2011,20,Thursday,-1.4382,2.839507210767389
28.07926368713379,37.31999969482422,37.31999969482422,37.31999969482422,37.31999969482422,0,0.0,2011-10-21,42,2011,21,Friday,-1.4382,2.839507210767389
30.71263885498047,40.81999969482422,40.9900016784668,39.709999084472656,39.709999084472656,2300,9.378,2011-10-24,43,2011,24,Monday,3.2851999999999997,4.788656565259196
30.374055862426758,40.369998931884766,40.63999938964844,40.220001220703125,40.43000030517578,3100,-1.102,2011-10-25,43,2011,25,Tuesday,3.2851999999999997,4.788656565259196
30.637405395507812,40.720001220703125,41.33000183105469,40.720001220703125,41.33000183105469,5200,0.867,2011-10-26,43,2011,26,Wednesday,3.2851999999999997,4.788656565259196
32.92467498779297,43.7599983215332,44.56999969482422,42.970001220703125,43.029998779296875,6100,7.466,2011-10-27,43,2011,27,Thursday,3.2851999999999997,4.788656565259196
32.86448287963867,43.68000030517578,43.81999969482422,43.5,43.599998474121094,1800,-0.183,2011-10-28,43,2011,28,Friday,3.2851999999999997,4.788656565259196
31.480070114135742,41.84000015258789,42.52000045776367,41.84000015258789,42.43000030517578,5000,-4.212,2011-10-31,44,2011,31,Monday,-0.5464,3.237044377205849
30.9609375,41.150001525878906,41.150001525878906,40.36000061035156,40.36000061035156,900,-1.649,2011-11-01,44,2011,1,Tuesday,-0.5464,3.237044377205849
32.14970779418945,42.72999954223633,42.72999954223633,42.65999984741211,42.68000030517578,800,3.84,2011-11-02,44,2011,2,Wednesday,-0.5464,3.237044377205849
32.6763801574707,43.43000030517578,43.7599983215332,43.13999938964844,43.13999938964844,5900,1.638,2011-11-03,44,2011,3,Thursday,-0.5464,3.237044377205849
31.908945083618164,42.40999984741211,43.18000030517578,42.40999984741211,43.18000030517578,200,-2.349,2011-11-04,44,2011,4,Friday,-0.5464,3.237044377205849
32.80430221557617,43.599998474121094,43.599998474121094,42.83000183105469,43.459999084472656,14600,2.806,2011-11-07,45,2011,7,Monday,-0.03500000000000003,2.558205914307916
32.413055419921875,43.08000183105469,43.45000076293945,43.060001373291016,43.41999816894531,1200,-1.193,2011-11-08,45,2011,8,Tuesday,-0.03500000000000003,2.558205914307916
31.171606063842773,41.43000030517578,42.43000030517578,41.310001373291016,42.279998779296875,12400,-3.83,2011-11-09,45,2011,9,Wednesday,-0.03500000000000003,2.558205914307916
31.57036590576172,41.959999084472656,42.13999938964844,41.5,42.13999938964844,2400,1.279,2011-11-10,45,2011,10,Thursday,-0.03500000000000003,2.558205914307916
31.811132431030273,42.279998779296875,42.34000015258789,42.08000183105469,42.08000183105469,1400,0.763,2011-11-11,45,2011,11,Friday,-0.03500000000000003,2.558205914307916
31.419889450073242,41.7599983215332,41.84000015258789,41.7599983215332,41.84000015258789,1100,-1.23,2011-11-14,46,2011,14,Monday,-1.0102,2.411897841949364
32.08199691772461,42.63999938964844,42.84000015258789,42.45000076293945,42.5,6500,2.107,2011-11-15,46,2011,15,Tuesday,-1.0102,2.411897841949364
31.30703353881836,41.61000061035156,41.86000061035156,41.61000061035156,41.66999816894531,4600,-2.416,2011-11-16,46,2011,16,Wednesday,-1.0102,2.411897841949364
30.043006896972656,39.93000030517578,41.47999954223633,39.93000030517578,41.2400016784668,8500,-4.038,2011-11-17,46,2011,17,Thursday,-1.0102,2.411897841949364
30.201013565063477,40.13999938964844,40.34000015258789,40.13999938964844,40.34000015258789,1200,0.526,2011-11-18,46,2011,18,Friday,-1.0102,2.411897841949364
29.38843536376953,39.060001373291016,39.060001373291016,38.65999984741211,38.65999984741211,1000,-2.691,2011-11-21,47,2011,21,Monday,-1.083,1.2687208781551071
29.1401424407959,38.72999954223633,38.72999954223633,38.72999954223633,38.72999954223633,300,-0.845,2011-11-22,47,2011,22,Tuesday,-1.083,1.2687208781551071
28.794038772583008,38.27000045776367,38.650001525878906,38.2599983215332,38.650001525878906,341100,-1.188,2011-11-23,47,2011,23,Wednesday,-1.083,1.2687208781551071
28.90690040588379,38.41999816894531,38.58000183105469,38.41999816894531,38.58000183105469,900,0.392,2011-11-25,47,2011,25,Friday,-1.083,1.2687208781551071
29.55396270751953,39.279998779296875,39.709999084472656,39.279998779296875,39.630001068115234,700,2.238,2011-11-28,48,2011,28,Monday,1.741,2.0314430831308075
29.869964599609375,39.70000076293945,39.91999816894531,39.70000076293945,39.900001525878906,400,1.069,2011-11-29,48,2011,29,Tuesday,1.741,2.0314430831308075
31.37474822998047,41.70000076293945,41.83000183105469,41.70000076293945,41.72999954223633,20900,5.038,2011-11-30,48,2011,30,Wednesday,1.741,2.0314430831308075
31.487606048583984,41.849998474121094,42.119998931884766,41.7400016784668,41.7400016784668,1100,0.36,2011-12-01,48,2011,1,Thursday,1.741,2.0314430831308075
31.487606048583984,41.849998474121094,41.849998474121094,41.849998474121094,41.849998474121094,0,0.0,2011-12-02,48,2011,2,Friday,1.741,2.0314430831308075
31.434938430786133,41.779998779296875,42.369998931884766,41.779998779296875,41.939998626708984,17400,-0.167,2011-12-05,49,2011,5,Monday,-0.3096,1.390855060745008
31.525226593017578,41.900001525878906,41.93000030517578,41.43000030517578,41.459999084472656,10900,0.287,2011-12-06,49,2011,6,Tuesday,-0.3096,1.390855060745008
31.30703353881836,41.61000061035156,41.63999938964844,41.209999084472656,41.349998474121094,18000,-0.692,2011-12-07,49,2011,7,Wednesday,-0.3096,1.390855060745008
30.562158584594727,40.619998931884766,41.36000061035156,40.529998779296875,41.15999984741211,3300,-2.379,2011-12-08,49,2011,8,Thursday,-0.3096,1.390855060745008
30.991018295288086,41.189998626708984,41.220001220703125,41.040000915527344,41.040000915527344,1700,1.403,2011-12-09,49,2011,9,Friday,-0.3096,1.390855060745008
29.79472541809082,39.599998474121094,40.029998779296875,39.599998474121094,40.029998779296875,1300,-3.86,2011-12-12,50,2011,12,Monday,-0.7854,1.850182504511379
29.7194881439209,39.5,40.43000030517578,39.5,40.43000030517578,800,-0.253,2011-12-13,50,2011,13,Tuesday,-0.7854,1.850182504511379
29.478723526000977,39.18000030517578,39.369998931884766,39.18000030517578,39.33000183105469,1400,-0.81,2011-12-14,50,2011,14,Wednesday,-0.7854,1.850182504511379
29.456146240234375,39.150001525878906,39.150001525878906,39.150001525878906,39.150001525878906,20200,-0.077,2011-12-15,50,2011,15,Thursday,-0.7854,1.850182504511379
29.77215576171875,39.56999969482422,39.91999816894531,39.56999969482422,39.7599983215332,1290300,1.073,2011-12-16,50,2011,16,Friday,-0.7854,1.850182504511379
29.44110107421875,39.130001068115234,39.689998626708984,39.130001068115234,39.689998626708984,300,-1.112,2011-12-19,51,2011,19,Monday,0.6128,1.522141813366941
30.2669734954834,40.130001068115234,40.130001068115234,39.86000061035156,39.86000061035156,2200,2.805,2011-12-20,51,2011,20,Tuesday,0.6128,1.522141813366941
30.138763427734375,39.959999084472656,39.959999084472656,39.20000076293945,39.310001373291016,4000,-0.424,2011-12-21,51,2011,21,Wednesday,0.6128,1.522141813366941
30.5158748626709,40.459999084472656,40.63999938964844,40.209999084472656,40.209999084472656,11400,1.251,2011-12-22,51,2011,22,Thursday,0.6128,1.522141813366941
30.681800842285156,40.68000030517578,40.68000030517578,40.380001068115234,40.54999923706055,5500,0.544,2011-12-23,51,2011,23,Friday,0.6128,1.522141813366941
30.31977081298828,40.20000076293945,40.20000076293945,40.20000076293945,40.20000076293945,1700,-1.18,2011-12-27,52,2011,27,Tuesday,-0.27349999999999997,1.0345474050681938
29.972820281982422,39.7400016784668,39.97999954223633,39.7400016784668,39.97999954223633,2100,-1.144,2011-12-28,52,2011,28,Wednesday,-0.27349999999999997,1.0345474050681938
30.108583450317383,39.91999816894531,40.02000045776367,39.84000015258789,39.84000015258789,3200,0.453,2011-12-29,52,2011,29,Thursday,-0.27349999999999997,1.0345474050681938
30.342388153076172,40.22999954223633,40.2400016784668,39.9900016784668,39.9900016784668,6200,0.777,2011-12-30,52,2011,30,Friday,-0.27349999999999997,1.0345474050681938
30.96085548400879,41.04999923706055,41.29999923706055,40.810001373291016,41.0,2300,2.038,2012-01-03,01,2012,3,Tuesday,-0.031750000000000056,1.7805849928230515
30.96085548400879,41.04999923706055,41.04999923706055,41.04999923706055,41.04999923706055,0,0.0,2012-01-04,01,2012,4,Wednesday,-0.031750000000000056,1.7805849928230515
31.006113052368164,41.11000061035156,41.11000061035156,40.58000183105469,40.58000183105469,28400,0.146,2012-01-05,01,2012,5,Thursday,-0.031750000000000056,1.7805849928230515
30.289600372314453,40.15999984741211,40.61000061035156,40.15999984741211,40.61000061035156,2600,-2.311,2012-01-06,01,2012,6,Friday,-0.031750000000000056,1.7805849928230515
30.78738784790039,40.81999969482422,41.040000915527344,40.81999969482422,40.90999984741211,600,1.643,2012-01-09,02,2012,9,Monday,0.8113999999999999,1.3988228265223586
31.669828414916992,41.9900016784668,42.25,41.9900016784668,42.029998779296875,25400,2.866,2012-01-10,02,2012,10,Tuesday,0.8113999999999999,1.3988228265223586
31.707544326782227,42.040000915527344,42.040000915527344,41.84000015258789,41.95000076293945,608800,0.119,2012-01-11,02,2012,11,Wednesday,0.8113999999999999,1.3988228265223586
31.57933235168457,41.869998931884766,42.25,41.869998931884766,42.25,15300,-0.404,2012-01-12,02,2012,12,Thursday,0.8113999999999999,1.3988228265223586
31.526535034179688,41.79999923706055,41.939998626708984,41.459999084472656,41.75,9400,-0.167,2012-01-13,02,2012,13,Friday,0.8113999999999999,1.3988228265223586
32.243038177490234,42.75,43.04999923706055,42.75,43.04999923706055,3600,2.273,2012-01-17,03,2012,17,Tuesday,1.31225,1.0652374930815507
32.79362106323242,43.47999954223633,43.47999954223633,42.900001525878906,42.939998626708984,827100,1.708,2012-01-18,03,2012,18,Wednesday,1.31225,1.0652374930815507
33.276329040527344,44.119998931884766,44.209999084472656,43.939998626708984,44.08000183105469,12300,1.472,2012-01-19,03,2012,19,Thursday,1.31225,1.0652374930815507
33.20843505859375,44.029998779296875,44.029998779296875,43.75,43.7599983215332,10600,-0.204,2012-01-20,03,2012,20,Friday,1.31225,1.0652374930815507
33.59309387207031,44.540000915527344,44.619998931884766,44.38999938964844,44.54999923706055,49400,1.158,2012-01-23,04,2012,23,Monday,0.4878,0.7178563226718839
33.510135650634766,44.43000030517578,44.54999923706055,44.40999984741211,44.43000030517578,44000,-0.247,2012-01-24,04,2012,24,Tuesday,0.4878,0.7178563226718839
33.73640060424805,44.72999954223633,44.810001373291016,44.349998474121094,44.349998474121094,60300,0.675,2012-01-25,04,2012,25,Wednesday,0.4878,0.7178563226718839
33.63834762573242,44.599998474121094,45.380001068115234,44.599998474121094,45.15999984741211,5900,-0.291,2012-01-26,04,2012,26,Thursday,0.4878,0.7178563226718839
34.02301025390625,45.11000061035156,45.11000061035156,44.619998931884766,44.72999954223633,169100,1.144,2012-01-27,04,2012,27,Friday,0.4878,0.7178563226718839
33.095306396484375,43.880001068115234,43.880001068115234,43.349998474121094,43.849998474121094,1145500,-2.727,2012-01-30,05,2012,30,Monday,0.3832000000000001,1.8230122599697456
33.321571350097656,44.18000030517578,44.43000030517578,43.939998626708984,44.43000030517578,505500,0.684,2012-01-31,05,2012,31,Tuesday,0.3832000000000001,1.8230122599697456
33.924957275390625,44.97999954223633,45.310001373291016,44.86000061035156,44.86000061035156,38300,1.811,2012-02-01,05,2012,1,Wednesday,0.3832000000000001,1.8230122599697456
34.113502502441406,45.22999954223633,45.68000030517578,45.150001525878906,45.560001373291016,861300,0.556,2012-02-02,05,2012,2,Thursday,0.3832000000000001,1.8230122599697456
34.656551361083984,45.95000076293945,46.13999938964844,45.95000076293945,46.02000045776367,36600,1.592,2012-02-03,05,2012,3,Friday,0.3832000000000001,1.8230122599697456
34.173851013183594,45.310001373291016,45.45000076293945,45.150001525878906,45.220001220703125,203700,-1.393,2012-02-06,06,2012,6,Monday,-0.49399999999999994,1.9959114459314071
34.16630554199219,45.29999923706055,45.33000183105469,45.29999923706055,45.33000183105469,400,-0.022,2012-02-07,06,2012,7,Tuesday,-0.49399999999999994,1.9959114459314071
34.92807388305664,46.310001373291016,46.310001373291016,45.880001068115234,46.099998474121094,8000,2.23,2012-02-08,06,2012,8,Wednesday,-0.49399999999999994,1.9959114459314071
34.89789962768555,46.27000045776367,46.4900016784668,46.040000915527344,46.369998931884766,6000,-0.086,2012-02-09,06,2012,9,Thursday,-0.49399999999999994,1.9959114459314071
33.781646728515625,44.790000915527344,45.22999954223633,44.790000915527344,45.22999954223633,5500,-3.199,2012-02-10,06,2012,10,Friday,-0.49399999999999994,1.9959114459314071
34.3246955871582,45.5099983215332,45.599998474121094,45.33000183105469,45.56999969482422,11500,1.608,2012-02-13,07,2012,13,Monday,0.8044,1.0552631425383907
34.083335876464844,45.189998626708984,45.4900016784668,45.060001373291016,45.4900016784668,13500,-0.703,2012-02-14,07,2012,14,Tuesday,0.8044,1.0552631425383907
34.679176330566406,45.97999954223633,46.34000015258789,45.880001068115234,46.150001525878906,7900,1.748,2012-02-15,07,2012,15,Wednesday,0.8044,1.0552631425383907
35.10908126831055,46.54999923706055,46.54999923706055,46.099998474121094,46.099998474121094,379700,1.24,2012-02-16,07,2012,16,Thursday,0.8044,1.0552631425383907
35.15434265136719,46.61000061035156,46.790000915527344,46.29999923706055,46.790000915527344,522200,0.129,2012-02-17,07,2012,17,Friday,0.8044,1.0552631425383907
34.89035415649414,46.2599983215332,46.560001373291016,46.040000915527344,46.529998779296875,77700,-0.751,2012-02-21,08,2012,21,Tuesday,0.10974999999999997,0.8515285765414258
35.25992965698242,46.75,46.75,46.5099983215332,46.56999969482422,2800,1.059,2012-02-22,08,2012,22,Wednesday,0.10974999999999997,0.8515285765414258
35.10154342651367,46.540000915527344,46.540000915527344,46.47999954223633,46.47999954223633,600,-0.449,2012-02-23,08,2012,23,Thursday,0.10974999999999997,0.8515285765414258
35.305179595947266,46.810001373291016,46.93000030517578,46.61000061035156,46.72999954223633,24800,0.58,2012-02-24,08,2012,24,Friday,0.10974999999999997,0.8515285765414258
34.96578598022461,46.36000061035156,46.36000061035156,46.0,46.0,7600,-0.961,2012-02-27,09,2012,27,Monday,-0.023199999999999978,0.7711119892726347
35.35044860839844,46.869998931884766,46.880001068115234,46.599998474121094,46.68000030517578,3700,1.1,2012-02-28,09,2012,28,Tuesday,-0.023199999999999978,0.7711119892726347
35.237308502197266,46.720001220703125,47.220001220703125,46.720001220703125,47.029998779296875,10400,-0.32,2012-02-29,09,2012,29,Wednesday,-0.023199999999999978,0.7711119892726347
35.3428955078125,46.86000061035156,46.959999084472656,46.5,46.54999923706055,53000,0.3,2012-03-01,09,2012,1,Thursday,-0.023199999999999978,0.7711119892726347
35.25992965698242,46.75,46.91999816894531,46.70000076293945,46.70000076293945,63400,-0.235,2012-03-02,09,2012,2,Friday,-0.023199999999999978,0.7711119892726347
34.52079772949219,45.77000045776367,46.40999984741211,45.68000030517578,46.40999984741211,5400,-2.096,2012-03-05,10,2012,5,Monday,-0.30959999999999993,2.5543732695125043
33.21599197387695,44.040000915527344,44.15999984741211,43.90999984741211,44.060001373291016,6200,-3.78,2012-03-06,10,2012,6,Tuesday,-0.30959999999999993,2.5543732695125043
33.44979476928711,44.349998474121094,44.5099983215332,44.22999954223633,44.400001525878906,324900,0.704,2012-03-07,10,2012,7,Wednesday,-0.30959999999999993,2.5543732695125043
34.27190017700195,45.439998626708984,45.459999084472656,45.22999954223633,45.459999084472656,177900,2.458,2012-03-08,10,2012,8,Thursday,-0.30959999999999993,2.5543732695125043
34.67164611816406,45.970001220703125,45.97999954223633,45.70000076293945,45.70000076293945,1200,1.166,2012-03-09,10,2012,9,Friday,-0.30959999999999993,2.5543732695125043
34.385032653808594,45.59000015258789,45.790000915527344,45.59000015258789,45.77000045776367,357600,-0.827,2012-03-12,11,2012,12,Monday,-0.006599999999999979,1.9544059967161378
35.31272506713867,46.81999969482422,46.849998474121094,45.97999954223633,46.09000015258789,493300,2.698,2012-03-13,11,2012,13,Tuesday,-0.006599999999999979,1.9544059967161378
34.392578125,45.599998474121094,46.40999984741211,45.599998474121094,46.209999084472656,28800,-2.606,2012-03-14,11,2012,14,Wednesday,-0.006599999999999979,1.9544059967161378
34.6414680480957,45.93000030517578,45.93000030517578,45.59000015258789,45.61000061035156,528200,0.724,2012-03-15,11,2012,15,Thursday,-0.006599999999999979,1.9544059967161378
34.63392639160156,45.91999816894531,46.150001525878906,45.75,45.939998626708984,26600,-0.022,2012-03-16,11,2012,16,Friday,-0.006599999999999979,1.9544059967161378
33.970211029052734,45.040000915527344,45.20000076293945,44.9900016784668,45.040000915527344,9900,-1.916,2012-03-19,12,2012,19,Monday,-0.9316000000000001,1.0733896310287332
33.30648422241211,44.15999984741211,44.15999984741211,43.900001525878906,43.90999984741211,7400,-1.954,2012-03-20,12,2012,20,Tuesday,-0.9316000000000001,1.0733896310287332
33.283870697021484,44.130001068115234,44.25,43.79999923706055,43.970001220703125,517100,-0.068,2012-03-21,12,2012,21,Wednesday,-0.9316000000000001,1.0733896310287332
32.90675354003906,43.630001068115234,43.880001068115234,43.400001525878906,43.790000915527344,24500,-1.133,2012-03-22,12,2012,22,Thursday,-0.9316000000000001,1.0733896310287332
33.042510986328125,43.810001373291016,43.849998474121094,43.529998779296875,43.54999923706055,451400,0.413,2012-03-23,12,2012,23,Friday,-0.9316000000000001,1.0733896310287332
33.35928726196289,44.22999954223633,44.22999954223633,44.0,44.130001068115234,200700,0.959,2012-03-26,13,2012,26,Monday,-0.12599999999999997,1.2860106920239815
33.35928726196289,44.22999954223633,44.5,44.18000030517578,44.5,49200,0.0,2012-03-27,13,2012,27,Tuesday,-0.12599999999999997,1.2860106920239815
32.846412658691406,43.54999923706055,43.939998626708984,43.33000183105469,43.939998626708984,42800,-1.537,2012-03-28,13,2012,28,Wednesday,-0.12599999999999997,1.2860106920239815
32.408973693847656,42.970001220703125,42.970001220703125,42.52000045776367,42.93000030517578,390000,-1.332,2012-03-29,13,2012,29,Thursday,-0.12599999999999997,1.2860106920239815
32.823795318603516,43.52000045776367,43.720001220703125,43.40999984741211,43.720001220703125,1387500,1.28,2012-03-30,13,2012,30,Friday,-0.12599999999999997,1.2860106920239815
33.26123809814453,44.099998474121094,44.2400016784668,43.38999938964844,43.38999938964844,28100,1.333,2012-04-02,14,2012,2,Monday,0.48499999999999993,1.2575449627481847
33.276329040527344,44.119998931884766,44.4900016784668,43.970001220703125,44.38999938964844,37300,0.045,2012-04-03,14,2012,3,Tuesday,0.48499999999999993,1.2575449627481847
32.91429138183594,43.63999938964844,43.709999084472656,43.22999954223633,43.439998626708984,114100,-1.088,2012-04-04,14,2012,4,Wednesday,0.48499999999999993,1.2575449627481847
33.457340240478516,44.36000061035156,44.36000061035156,43.68000030517578,43.68000030517578,29200,1.65,2012-04-05,14,2012,5,Thursday,0.48499999999999993,1.2575449627481847
32.86903762817383,43.58000183105469,43.68000030517578,43.5,43.59000015258789,599500,-1.758,2012-04-09,15,2012,9,Monday,0.06040000000000003,2.2362019810383855
32.288299560546875,42.810001373291016,43.43000030517578,42.650001525878906,43.43000030517578,14500,-1.767,2012-04-10,15,2012,10,Tuesday,0.06040000000000003,2.2362019810383855
32.6654052734375,43.310001373291016,43.38999938964844,43.0099983215332,43.349998474121094,121800,1.168,2012-04-11,15,2012,11,Wednesday,0.06040000000000003,2.2362019810383855
33.78919982910156,44.79999923706055,44.79999923706055,43.61000061035156,43.61000061035156,22500,3.44,2012-04-12,15,2012,12,Thursday,0.06040000000000003,2.2362019810383855
33.52522277832031,44.45000076293945,44.66999816894531,44.189998626708984,44.66999816894531,42500,-0.781,2012-04-13,15,2012,13,Friday,0.06040000000000003,2.2362019810383855
33.178279876708984,43.9900016784668,44.2400016784668,43.939998626708984,44.2400016784668,20700,-1.035,2012-04-16,16,2012,16,Monday,0.24200000000000008,1.0974158282073392
33.713775634765625,44.70000076293945,44.70000076293945,44.09000015258789,44.310001373291016,315700,1.614,2012-04-17,16,2012,17,Tuesday,0.24200000000000008,1.0974158282073392
33.68360137939453,44.65999984741211,44.77000045776367,44.459999084472656,44.459999084472656,10600,-0.09,2012-04-18,16,2012,18,Wednesday,0.24200000000000008,1.0974158282073392
33.5478515625,44.47999954223633,44.900001525878906,44.43000030517578,44.900001525878906,12700,-0.403,2012-04-19,16,2012,19,Thursday,0.24200000000000008,1.0974158282073392
33.924957275390625,44.97999954223633,45.29999923706055,44.93000030517578,45.16999816894531,22000,1.124,2012-04-20,16,2012,20,Friday,0.24200000000000008,1.0974158282073392
33.1556396484375,43.959999084472656,44.06999969482422,43.56999969482422,44.0,1468000,-2.268,2012-04-23,17,2012,23,Monday,0.02080000000000002,1.3689178938124813
33.2235221862793,44.04999923706055,44.36000061035156,44.04999923706055,44.220001220703125,42500,0.205,2012-04-24,17,2012,24,Tuesday,0.02080000000000002,1.3689178938124813
33.44979476928711,44.349998474121094,44.470001220703125,44.33000183105469,44.33000183105469,4200,0.681,2012-04-25,17,2012,25,Wednesday,0.02080000000000002,1.3689178938124813
33.90233612060547,44.95000076293945,44.95000076293945,44.650001525878906,44.70000076293945,17000,1.353,2012-04-26,17,2012,26,Thursday,0.02080000000000002,1.3689178938124813
33.94758605957031,45.0099983215332,45.0099983215332,44.70000076293945,44.900001525878906,86900,0.133,2012-04-27,17,2012,27,Friday,0.02080000000000002,1.3689178938124813
33.82691192626953,44.849998474121094,45.130001068115234,44.79999923706055,45.130001068115234,18000,-0.355,2012-04-30,18,2012,30,Monday,-0.24160000000000004,0.9720047839388446
34.22664260864258,45.380001068115234,45.77000045776367,44.779998779296875,44.779998779296875,51800,1.182,2012-05-01,18,2012,1,Tuesday,-0.24160000000000004,0.9720047839388446
34.22664260864258,45.380001068115234,45.380001068115234,44.869998931884766,45.2599983215332,45000,0.0,2012-05-02,18,2012,2,Wednesday,-0.24160000000000004,0.9720047839388446
34.045623779296875,45.13999938964844,45.41999816894531,45.029998779296875,45.310001373291016,38000,-0.529,2012-05-03,18,2012,3,Thursday,-0.24160000000000004,0.9720047839388446
33.53276062011719,44.459999084472656,44.52000045776367,44.38999938964844,44.40999984741211,27300,-1.506,2012-05-04,18,2012,4,Friday,-0.24160000000000004,0.9720047839388446
33.24616241455078,44.08000183105469,44.2599983215332,44.08000183105469,44.2400016784668,19000,-0.855,2012-05-07,19,2012,7,Monday,-0.9810000000000001,0.429139254788
32.67294692993164,43.31999969482422,43.5099983215332,43.02000045776367,43.5099983215332,34100,-1.724,2012-05-08,19,2012,8,Tuesday,-0.9810000000000001,0.429139254788
32.37126159667969,42.91999816894531,42.97999954223633,42.47999954223633,42.77000045776367,8100,-0.923,2012-05-09,19,2012,9,Wednesday,-0.9810000000000001,0.429139254788
32.12236404418945,42.59000015258789,42.869998931884766,42.59000015258789,42.849998474121094,3200,-0.769,2012-05-10,19,2012,10,Thursday,-0.9810000000000001,0.429139254788
31.91872787475586,42.31999969482422,42.65999984741211,42.18000030517578,42.290000915527344,39000,-0.634,2012-05-11,19,2012,11,Friday,-0.9810000000000001,0.429139254788
31.194669723510742,41.36000061035156,41.560001373291016,41.290000915527344,41.540000915527344,1490800,-2.268,2012-05-14,20,2012,14,Monday,-1.302,0.8361258876508967
31.089078903198242,41.220001220703125,41.619998931884766,41.220001220703125,41.470001220703125,90000,-0.338,2012-05-15,20,2012,15,Tuesday,-1.302,0.8361258876508967
30.523401260375977,40.470001220703125,40.959999084472656,40.41999816894531,40.7400016784668,1038400,-1.82,2012-05-16,20,2012,16,Wednesday,-1.302,0.8361258876508967
30.048250198364258,39.84000015258789,40.540000915527344,39.84000015258789,40.380001068115234,66100,-1.557,2012-05-17,20,2012,17,Thursday,-1.302,0.8361258876508967
29.88986587524414,39.630001068115234,40.060001373291016,39.58000183105469,40.060001373291016,17400,-0.527,2012-05-18,20,2012,18,Friday,-1.302,0.8361258876508967
30.463071823120117,40.38999938964844,40.38999938964844,39.83000183105469,39.83000183105469,128200,1.918,2012-05-21,21,2012,21,Monday,-0.0956,1.1843016085440399
30.432905197143555,40.349998474121094,40.75,40.0,40.619998931884766,359600,-0.099,2012-05-22,21,2012,22,Tuesday,-0.0956,1.1843016085440399
30.206636428833008,40.04999923706055,40.04999923706055,39.400001525878906,39.779998779296875,50000,-0.744,2012-05-23,21,2012,23,Wednesday,-0.0956,1.1843016085440399
29.87477684020996,39.61000061035156,40.20000076293945,39.27000045776367,40.20000076293945,183600,-1.099,2012-05-24,21,2012,24,Thursday,-0.0956,1.1843016085440399
29.73902130126953,39.43000030517578,39.59000015258789,39.220001220703125,39.349998474121094,13800,-0.454,2012-05-25,21,2012,25,Friday,-0.0956,1.1843016085440399
30.749677658081055,40.77000045776367,40.95000076293945,40.54999923706055,40.720001220703125,130100,3.398,2012-05-29,22,2012,29,Tuesday,0.1745000000000001,2.48076795905354
30.402732849121094,40.310001373291016,40.38999938964844,40.13999938964844,40.25,73000,-1.128,2012-05-30,22,2012,30,Wednesday,0.1745000000000001,2.48076795905354
30.621450424194336,40.599998474121094,40.72999954223633,40.400001525878906,40.5,15900,0.719,2012-05-31,22,2012,31,Thursday,0.1745000000000001,2.48076795905354
29.920032501220703,39.66999816894531,39.79999923706055,39.599998474121094,39.75,52300,-2.291,2012-06-01,22,2012,1,Friday,0.1745000000000001,2.48076795905354
29.769184112548828,39.470001220703125,39.58000183105469,39.130001068115234,39.47999954223633,34300,-0.504,2012-06-04,23,2012,4,Monday,0.2532000000000001,1.747182074083866
29.78427505493164,39.4900016784668,39.540000915527344,39.209999084472656,39.529998779296875,27100,0.051,2012-06-05,23,2012,5,Tuesday,0.2532000000000001,1.747182074083866
30.55358123779297,40.5099983215332,40.5099983215332,39.900001525878906,39.90999984741211,78300,2.583,2012-06-06,23,2012,6,Wednesday,0.2532000000000001,1.747182074083866
30.915605545043945,40.9900016784668,41.75,40.88999938964844,41.75,250300,1.185,2012-06-07,23,2012,7,Thursday,0.2532000000000001,1.747182074083866
30.282058715820312,40.150001525878906,40.349998474121094,39.939998626708984,40.189998626708984,137800,-2.049,2012-06-08,23,2012,8,Friday,0.2532000000000001,1.747182074083866
30.25189208984375,40.11000061035156,40.810001373291016,40.02000045776367,40.810001373291016,72500,-0.1,2012-06-11,24,2012,11,Monday,0.741,1.1139631950832127
30.95332145690918,41.040000915527344,41.040000915527344,40.439998626708984,40.689998626708984,28600,2.319,2012-06-12,24,2012,12,Tuesday,0.741,1.1139631950832127
30.840179443359375,40.88999938964844,41.38999938964844,40.88999938964844,40.939998626708984,29900,-0.366,2012-06-13,24,2012,13,Wednesday,0.741,1.1139631950832127
30.9759464263916,41.06999969482422,41.150001525878906,40.61000061035156,40.810001373291016,33700,0.44,2012-06-14,24,2012,14,Thursday,0.741,1.1139631950832127
31.41338539123535,41.650001525878906,41.720001220703125,41.47999954223633,41.54999923706055,10800,1.412,2012-06-15,24,2012,15,Friday,0.741,1.1139631950832127
31.684911727905273,42.0099983215332,42.09000015258789,41.810001373291016,41.81999969482422,207700,0.864,2012-06-18,25,2012,18,Monday,-0.5060000000000001,2.1895475560032946
32.046939849853516,42.4900016784668,42.68000030517578,42.2400016784668,42.2400016784668,27300,1.143,2012-06-19,25,2012,19,Tuesday,-0.5060000000000001,2.1895475560032946
31.843305587768555,42.220001220703125,42.45000076293945,41.95000076293945,42.45000076293945,73100,-0.635,2012-06-20,25,2012,20,Wednesday,-0.5060000000000001,2.1895475560032946
30.496206283569336,39.63999938964844,40.77000045776367,39.61000061035156,40.77000045776367,82400,-4.23,2012-06-21,25,2012,21,Thursday,-0.5060000000000001,2.1895475560032946
30.596220016479492,39.77000045776367,39.959999084472656,39.54999923706055,39.959999084472656,12500,0.328,2012-06-22,25,2012,22,Friday,-0.5060000000000001,2.1895475560032946
29.926898956298828,38.900001525878906,39.400001525878906,38.70000076293945,39.400001525878906,328400,-2.188,2012-06-25,26,2012,25,Monday,0.5877999999999999,2.29464947214166
30.1961669921875,39.25,39.59000015258789,39.130001068115234,39.59000015258789,394300,0.9,2012-06-26,26,2012,26,Tuesday,0.5877999999999999,2.29464947214166
30.73469352722168,39.95000076293945,39.95000076293945,39.81999969482422,39.90999984741211,37200,1.783,2012-06-27,26,2012,27,Wednesday,0.5877999999999999,2.29464947214166
30.388504028320312,39.5,39.5,39.220001220703125,39.41999816894531,12300,-1.126,2012-06-28,26,2012,28,Thursday,0.5877999999999999,2.29464947214166
31.473249435424805,40.90999984741211,40.90999984741211,40.5,40.52000045776367,50300,3.57,2012-06-29,26,2012,29,Friday,0.5877999999999999,2.29464947214166
31.511720657348633,40.959999084472656,41.06999969482422,40.720001220703125,40.93000030517578,34300,0.122,2012-07-02,27,2012,2,Monday,-0.11599999999999999,1.310263332311486
31.996397018432617,41.59000015258789,41.59000015258789,41.0,41.0,118800,1.538,2012-07-03,27,2012,3,Tuesday,-0.11599999999999999,1.310263332311486
31.827146530151367,41.369998931884766,41.529998779296875,41.16999816894531,41.16999816894531,126600,-0.529,2012-07-05,27,2012,5,Thursday,-0.11599999999999999,1.310263332311486
31.319395065307617,40.709999084472656,40.88999938964844,40.400001525878906,40.88999938964844,857100,-1.595,2012-07-06,27,2012,6,Friday,-0.11599999999999999,1.310263332311486
30.911651611328125,40.18000030517578,40.40999984741211,40.04999923706055,40.40999984741211,57200,-1.302,2012-07-09,28,2012,9,Monday,-0.4484,1.3847805963400843
30.411577224731445,39.529998779296875,40.5,39.369998931884766,40.5,1242700,-1.618,2012-07-10,28,2012,10,Tuesday,-0.4484,1.3847805963400843
30.665462493896484,39.86000061035156,40.029998779296875,39.650001525878906,39.97999954223633,150300,0.835,2012-07-11,28,2012,11,Wednesday,-0.4484,1.3847805963400843
30.226932525634766,39.290000915527344,39.369998931884766,38.959999084472656,39.18000030517578,50900,-1.43,2012-07-12,28,2012,12,Thursday,-0.4484,1.3847805963400843
30.61160659790039,39.790000915527344,39.88999938964844,39.459999084472656,39.459999084472656,243500,1.273,2012-07-13,28,2012,13,Friday,-0.4484,1.3847805963400843
30.557748794555664,39.720001220703125,39.790000915527344,39.33000183105469,39.5099983215332,299800,-0.176,2012-07-16,29,2012,16,Monday,0.058399999999999966,1.4369360806939186
31.09628677368164,40.41999816894531,40.529998779296875,39.63999938964844,40.0,185700,1.762,2012-07-17,29,2012,17,Tuesday,0.058399999999999966,1.4369360806939186
30.857791900634766,40.11000061035156,40.189998626708984,39.61000061035156,39.61000061035156,66000,-0.767,2012-07-18,29,2012,18,Wednesday,0.058399999999999966,1.4369360806939186
31.23475456237793,40.599998474121094,40.68000030517578,40.29999923706055,40.41999816894531,27400,1.222,2012-07-19,29,2012,19,Thursday,0.058399999999999966,1.4369360806939186
30.68853187561035,39.88999938964844,40.310001373291016,39.7599983215332,40.279998779296875,104700,-1.749,2012-07-20,29,2012,20,Friday,0.058399999999999966,1.4369360806939186
30.303871154785156,39.38999938964844,39.38999938964844,38.84000015258789,38.970001220703125,41200,-1.253,2012-07-23,30,2012,23,Monday,0.49860000000000004,1.7306041719584522
30.126920700073242,39.15999984741211,39.2400016784668,38.90999984741211,39.2400016784668,294600,-0.584,2012-07-24,30,2012,24,Tuesday,0.49860000000000004,1.7306041719584522
30.02690887451172,39.029998779296875,39.290000915527344,38.91999816894531,39.25,287900,-0.332,2012-07-25,30,2012,25,Wednesday,0.49860000000000004,1.7306041719584522
30.60390853881836,39.779998779296875,39.779998779296875,39.52000045776367,39.58000183105469,39900,1.922,2012-07-26,30,2012,26,Thursday,0.49860000000000004,1.7306041719584522
31.442487716674805,40.869998931884766,40.97999954223633,40.0099983215332,40.08000183105469,246800,2.74,2012-07-27,30,2012,27,Friday,0.49860000000000004,1.7306041719584522
31.165523529052734,40.5099983215332,40.75,40.369998931884766,40.40999984741211,42900,-0.881,2012-07-30,31,2012,30,Monday,0.2801999999999999,1.4068527641512454
31.350160598754883,40.75,41.029998779296875,40.75,40.88999938964844,48100,0.592,2012-07-31,31,2012,31,Tuesday,0.2801999999999999,1.4068527641512454
31.480945587158203,40.91999816894531,41.16999816894531,40.86000061035156,41.11000061035156,44500,0.417,2012-08-01,31,2012,1,Wednesday,0.2801999999999999,1.4068527641512454
31.127063751220703,40.459999084472656,40.72999954223633,40.220001220703125,40.439998626708984,114700,-1.124,2012-08-02,31,2012,2,Thursday,0.2801999999999999,1.4068527641512454
31.873306274414062,41.43000030517578,41.5,41.16999816894531,41.189998626708984,69900,2.397,2012-08-03,31,2012,3,Friday,0.2801999999999999,1.4068527641512454
32.01177978515625,41.61000061035156,41.869998931884766,41.540000915527344,41.560001373291016,41400,0.434,2012-08-06,32,2012,6,Monday,0.2264,0.42188007774721953
32.21950149536133,41.880001068115234,42.040000915527344,41.79999923706055,41.83000183105469,28300,0.649,2012-08-07,32,2012,7,Tuesday,0.2264,0.42188007774721953
32.13486862182617,41.77000045776367,41.97999954223633,41.68000030517578,41.72999954223633,40900,-0.263,2012-08-08,32,2012,8,Wednesday,0.2264,0.42188007774721953
32.29643249511719,41.97999954223633,42.279998779296875,41.939998626708984,42.0,34000,0.503,2012-08-09,32,2012,9,Thursday,0.2264,0.42188007774721953
32.23488998413086,41.900001525878906,41.9900016784668,41.66999816894531,41.66999816894531,43800,-0.191,2012-08-10,32,2012,10,Friday,0.2264,0.42188007774721953
31.95793342590332,41.540000915527344,41.650001525878906,41.31999969482422,41.61000061035156,33300,-0.859,2012-08-13,33,2012,13,Monday,-0.23420000000000002,0.39132173463788084
31.981019973754883,41.56999969482422,41.810001373291016,41.56999969482422,41.720001220703125,19700,0.072,2012-08-14,33,2012,14,Tuesday,-0.23420000000000002,0.39132173463788084
31.934852600097656,41.5099983215332,41.560001373291016,41.400001525878906,41.400001525878906,10300,-0.144,2012-08-15,33,2012,15,Wednesday,-0.23420000000000002,0.39132173463788084
31.827146530151367,41.369998931884766,41.45000076293945,41.22999954223633,41.290000915527344,173400,-0.337,2012-08-16,33,2012,16,Thursday,-0.23420000000000002,0.39132173463788084
31.857921600341797,41.40999984741211,41.45000076293945,41.2599983215332,41.45000076293945,27600,0.097,2012-08-17,33,2012,17,Friday,-0.23420000000000002,0.39132173463788084
31.85022735595703,41.400001525878906,41.47999954223633,41.150001525878906,41.29999923706055,42800,-0.024,2012-08-20,34,2012,20,Monday,-0.2718,0.15340697506958412
31.742509841918945,41.2599983215332,41.61000061035156,41.18000030517578,41.5099983215332,107000,-0.338,2012-08-21,34,2012,21,Tuesday,-0.2718,0.15340697506958412
31.650196075439453,41.13999938964844,41.20000076293945,40.810001373291016,40.900001525878906,49000,-0.291,2012-08-22,34,2012,22,Wednesday,-0.2718,0.15340697506958412
31.565582275390625,41.029998779296875,41.27000045776367,40.970001220703125,41.25,55100,-0.267,2012-08-23,34,2012,23,Thursday,-0.2718,0.15340697506958412
31.427085876464844,40.849998474121094,40.959999084472656,40.54999923706055,40.84000015258789,59100,-0.439,2012-08-24,34,2012,24,Friday,-0.2718,0.15340697506958412
31.06551170349121,40.380001068115234,40.709999084472656,40.22999954223633,40.709999084472656,38100,-1.151,2012-08-27,35,2012,27,Monday,-0.5416,0.8357710810981677
31.019344329833984,40.31999969482422,40.4900016784668,40.22999954223633,40.34000015258789,158100,-0.149,2012-08-28,35,2012,28,Tuesday,-0.5416,0.8357710810981677
30.95780372619629,40.2400016784668,40.33000183105469,40.130001068115234,40.27000045776367,163800,-0.198,2012-08-29,35,2012,29,Wednesday,-0.5416,0.8357710810981677
30.450037002563477,39.58000183105469,39.900001525878906,39.54999923706055,39.900001525878906,333100,-1.64,2012-08-30,35,2012,30,Thursday,-0.5416,0.8357710810981677
30.580835342407227,39.75,39.970001220703125,39.63999938964844,39.810001373291016,71800,0.43,2012-08-31,35,2012,31,Friday,-0.5416,0.8357710810981677
30.280799865722656,39.36000061035156,39.54999923706055,39.209999084472656,39.540000915527344,291900,-0.981,2012-09-04,36,2012,4,Tuesday,0.6182500000000001,1.9293965161849618
29.942293167114258,38.91999816894531,39.08000183105469,38.790000915527344,39.08000183105469,58300,-1.118,2012-09-05,36,2012,5,Wednesday,0.6182500000000001,1.9293965161849618
30.58852767944336,39.7599983215332,39.81999969482422,39.33000183105469,39.33000183105469,42800,2.158,2012-09-06,36,2012,6,Thursday,0.6182500000000001,1.9293965161849618
31.32708168029785,40.720001220703125,40.790000915527344,40.47999954223633,40.54999923706055,561400,2.414,2012-09-07,36,2012,7,Friday,0.6182500000000001,1.9293965161849618
30.97317886352539,40.2599983215332,40.59000015258789,40.20000076293945,40.43000030517578,236900,-1.13,2012-09-10,37,2012,10,Monday,0.8705999999999999,1.2886218607489164
31.24245834350586,40.61000061035156,40.7400016784668,40.45000076293945,40.459999084472656,130400,0.869,2012-09-11,37,2012,11,Tuesday,0.8705999999999999,1.2886218607489164
31.519420623779297,40.970001220703125,41.0,40.79999923706055,40.810001373291016,147700,0.886,2012-09-12,37,2012,12,Wednesday,0.8705999999999999,1.2886218607489164
32.28873825073242,41.970001220703125,42.2400016784668,40.7400016784668,40.869998931884766,450600,2.441,2012-09-13,37,2012,13,Thursday,0.8705999999999999,1.2886218607489164
32.70417404174805,42.5099983215332,42.869998931884766,42.279998779296875,42.52000045776367,121100,1.287,2012-09-14,37,2012,14,Friday,0.8705999999999999,1.2886218607489164
32.28873825073242,41.970001220703125,42.2400016784668,41.90999984741211,42.2400016784668,545000,-1.27,2012-09-17,38,2012,17,Monday,-0.22220000000000004,1.0674472820706415
32.165653228759766,41.810001373291016,41.93000030517578,41.709999084472656,41.880001068115234,90800,-0.381,2012-09-18,38,2012,18,Tuesday,-0.22220000000000004,1.0674472820706415
32.50415802001953,42.25,42.38999938964844,42.029998779296875,42.15999984741211,163700,1.052,2012-09-19,38,2012,19,Wednesday,-0.22220000000000004,1.0674472820706415
32.11180114746094,41.7400016784668,41.84000015258789,41.56999969482422,41.84000015258789,655800,-1.207,2012-09-20,38,2012,20,Thursday,-0.22220000000000004,1.0674472820706415
32.334896087646484,42.029998779296875,42.25,41.97999954223633,42.25,160000,0.695,2012-09-21,38,2012,21,Friday,-0.22220000000000004,1.0674472820706415
32.311824798583984,42.0,42.09000015258789,41.77000045776367,41.84000015258789,97700,-0.071,2012-09-24,39,2012,24,Monday,-0.005400000000000005,1.490814810766247
31.88099479675293,41.439998626708984,42.130001068115234,41.439998626708984,41.9900016784668,92200,-1.333,2012-09-25,39,2012,25,Tuesday,-0.005400000000000005,1.490814810766247
31.604042053222656,41.08000183105469,41.31999969482422,40.970001220703125,41.119998931884766,49100,-0.869,2012-09-26,39,2012,26,Wednesday,-0.005400000000000005,1.490814810766247
32.396446228027344,42.11000061035156,42.11000061035156,41.689998626708984,41.86000061035156,82900,2.507,2012-09-27,39,2012,27,Thursday,-0.005400000000000005,1.490814810766247
32.311824798583984,42.0,42.15999984741211,41.900001525878906,42.150001525878906,130000,-0.261,2012-09-28,39,2012,28,Friday,-0.005400000000000005,1.490814810766247
32.58877944946289,42.36000061035156,42.75,42.20000076293945,42.29999923706055,58400,0.857,2012-10-01,40,2012,1,Monday,0.4304,0.45560432394787476
32.604156494140625,42.380001068115234,42.59000015258789,42.20000076293945,42.459999084472656,41700,0.047,2012-10-02,40,2012,2,Tuesday,0.4304,0.45560432394787476
32.56570053100586,42.33000183105469,42.4900016784668,42.16999816894531,42.380001068115234,459100,-0.118,2012-10-03,40,2012,3,Wednesday,0.4304,0.45560432394787476
32.8503532409668,42.70000076293945,42.72999954223633,42.349998474121094,42.470001220703125,40700,0.874,2012-10-04,40,2012,4,Thursday,0.4304,0.45560432394787476
33.011905670166016,42.90999984741211,43.290000915527344,42.86000061035156,43.25,33700,0.492,2012-10-05,40,2012,5,Friday,0.4304,0.45560432394787476
32.66571044921875,42.459999084472656,42.4900016784668,42.25,42.36000061035156,798600,-1.049,2012-10-08,41,2012,8,Monday,0.2876,1.1349615852529988
32.50415802001953,42.25,42.720001220703125,42.150001525878906,42.720001220703125,1962200,-0.495,2012-10-09,41,2012,9,Tuesday,0.2876,1.1349615852529988
32.70417404174805,42.5099983215332,42.709999084472656,42.40999984741211,42.709999084472656,494000,0.615,2012-10-10,41,2012,10,Wednesday,0.2876,1.1349615852529988
33.327335357666016,43.31999969482422,43.5099983215332,43.27000045776367,43.279998779296875,656900,1.905,2012-10-11,41,2012,11,Thursday,0.2876,1.1349615852529988
33.481204986572266,43.52000045776367,43.619998931884766,43.349998474121094,43.439998626708984,168900,0.462,2012-10-12,41,2012,12,Friday,0.2876,1.1349615852529988
33.60429382324219,43.68000030517578,43.77000045776367,43.380001068115234,43.54999923706055,1012900,0.368,2012-10-15,42,2012,15,Monday,0.3628,0.7613151121579026
33.91971969604492,44.09000015258789,44.2400016784668,43.86000061035156,43.939998626708984,352000,0.939,2012-10-16,42,2012,16,Tuesday,0.3628,0.7613151121579026
34.32746887207031,44.619998931884766,44.75,43.97999954223633,44.220001220703125,846000,1.202,2012-10-17,42,2012,17,Wednesday,0.3628,0.7613151121579026
34.33515548706055,44.630001068115234,44.939998626708984,44.52000045776367,44.59000015258789,133600,0.022,2012-10-18,42,2012,18,Thursday,0.3628,0.7613151121579026
34.08897399902344,44.310001373291016,44.650001525878906,44.209999084472656,44.650001525878906,211300,-0.717,2012-10-19,42,2012,19,Friday,0.3628,0.7613151121579026
34.573646545410156,44.939998626708984,45.09000015258789,44.599998474121094,44.959999084472656,214000,1.422,2012-10-22,43,2012,22,Monday,0.012399999999999967,1.400259011754611
33.965877532958984,44.150001525878906,44.41999816894531,43.970001220703125,44.41999816894531,499400,-1.758,2012-10-23,43,2012,23,Tuesday,0.012399999999999967,1.400259011754611
34.304378509521484,44.59000015258789,44.90999984741211,44.540000915527344,44.869998931884766,284100,0.997,2012-10-24,43,2012,24,Wednesday,0.012399999999999967,1.400259011754611
34.504417419433594,44.849998474121094,45.02000045776367,44.689998626708984,44.880001068115234,1710500,0.583,2012-10-25,43,2012,25,Thursday,0.012399999999999967,1.400259011754611
34.0966682434082,44.31999969482422,44.52000045776367,44.130001068115234,44.45000076293945,140100,-1.182,2012-10-26,43,2012,26,Friday,0.012399999999999967,1.400259011754611
34.12744140625,44.36000061035156,44.83000183105469,44.27000045776367,44.689998626708984,170000,0.09,2012-10-31,44,2012,31,Wednesday,0.8613333333333332,1.8535526249160916
35.142948150634766,45.68000030517578,45.83000183105469,45.41999816894531,45.560001373291016,272800,2.976,2012-11-01,44,2012,1,Thursday,0.8613333333333332,1.8535526249160916
34.97370147705078,45.459999084472656,46.290000915527344,45.45000076293945,46.11000061035156,226800,-0.482,2012-11-02,44,2012,2,Friday,0.8613333333333332,1.8535526249160916
35.366065979003906,45.970001220703125,45.9900016784668,45.560001373291016,45.75,1199700,1.122,2012-11-05,45,2012,5,Monday,-0.4398000000000001,1.441896563557872
35.535308837890625,46.189998626708984,46.2599983215332,45.75,45.81999969482422,724100,0.479,2012-11-06,45,2012,6,Tuesday,-0.4398000000000001,1.441896563557872
34.75059509277344,45.16999816894531,45.540000915527344,44.95000076293945,45.540000915527344,772300,-2.208,2012-11-07,45,2012,7,Wednesday,-0.4398000000000001,1.441896563557872
34.15821075439453,44.400001525878906,45.290000915527344,44.279998779296875,44.97999954223633,570800,-1.705,2012-11-08,45,2012,8,Thursday,-0.4398000000000001,1.441896563557872
34.196685791015625,44.45000076293945,44.7400016784668,44.209999084472656,44.29999923706055,689800,0.113,2012-11-09,45,2012,9,Friday,-0.4398000000000001,1.441896563557872
34.41209411621094,44.72999954223633,44.90999984741211,44.61000061035156,44.709999084472656,958700,0.63,2012-11-12,46,2012,12,Monday,-0.3826,0.8213925979700573
33.88894271850586,44.04999923706055,44.310001373291016,43.7599983215332,44.060001373291016,334600,-1.52,2012-11-13,46,2012,13,Tuesday,-0.3826,0.8213925979700573
33.60429382324219,43.68000030517578,44.400001525878906,43.56999969482422,44.400001525878906,344200,-0.84,2012-11-14,46,2012,14,Wednesday,-0.3826,0.8213925979700573
33.565826416015625,43.630001068115234,43.689998626708984,43.380001068115234,43.630001068115234,75100,-0.114,2012-11-15,46,2012,15,Thursday,-0.3826,0.8213925979700573
33.542755126953125,43.599998474121094,43.68000030517578,43.25,43.66999816894531,612800,-0.069,2012-11-16,46,2012,16,Friday,-0.3826,0.8213925979700573
34.304378509521484,44.59000015258789,44.619998931884766,44.18000030517578,44.220001220703125,446800,2.271,2012-11-19,47,2012,19,Monday,1.058,1.4822638091783797
33.981266021728516,44.16999816894531,44.16999816894531,43.75,44.09000015258789,248400,-0.942,2012-11-20,47,2012,20,Tuesday,1.058,1.4822638091783797
34.25823211669922,44.529998779296875,44.7599983215332,44.29999923706055,44.41999816894531,932100,0.815,2012-11-21,47,2012,21,Wednesday,1.058,1.4822638091783797
34.97370147705078,45.459999084472656,45.5099983215332,45.18000030517578,45.369998931884766,108900,2.088,2012-11-23,47,2012,23,Friday,1.058,1.4822638091783797
34.889068603515625,45.349998474121094,45.349998474121094,45.06999969482422,45.25,52300,-0.242,2012-11-26,48,2012,26,Monday,-0.0776,0.6490414470586605
34.48902130126953,44.83000183105469,45.11000061035156,44.7599983215332,45.040000915527344,86600,-1.147,2012-11-27,48,2012,27,Tuesday,-0.0776,0.6490414470586605
34.61981964111328,45.0,45.029998779296875,44.33000183105469,44.58000183105469,426700,0.379,2012-11-28,48,2012,28,Wednesday,-0.0776,0.6490414470586605
34.712135314941406,45.119998931884766,45.36000061035156,44.95000076293945,45.16999816894531,256400,0.267,2012-11-29,48,2012,29,Thursday,-0.0776,0.6490414470586605
34.83522033691406,45.279998779296875,45.59000015258789,45.2400016784668,45.369998931884766,424600,0.355,2012-11-30,48,2012,30,Friday,-0.0776,0.6490414470586605
34.56594467163086,44.93000030517578,45.209999084472656,44.869998931884766,45.209999084472656,358700,-0.773,2012-12-03,49,2012,3,Monday,0.5436,1.2443923416672091
34.74290466308594,45.15999984741211,45.439998626708984,45.08000183105469,45.16999816894531,713600,0.512,2012-12-04,49,2012,4,Tuesday,0.5436,1.2443923416672091
35.643028259277344,46.33000183105469,46.63999938964844,46.09000015258789,46.150001525878906,454100,2.591,2012-12-05,49,2012,5,Wednesday,0.5436,1.2443923416672091
35.75072479248047,46.470001220703125,46.470001220703125,46.06999969482422,46.20000076293945,304900,0.302,2012-12-06,49,2012,6,Thursday,0.5436,1.2443923416672091
35.781490325927734,46.5099983215332,46.63999938964844,46.380001068115234,46.63999938964844,820400,0.086,2012-12-07,49,2012,7,Friday,0.5436,1.2443923416672091
36.12000274658203,46.95000076293945,47.130001068115234,46.75,46.79999923706055,178700,0.946,2012-12-10,50,2012,10,Monday,0.3238,0.928736884160417
36.1123046875,46.939998626708984,47.119998931884766,46.77000045776367,46.79999923706055,137400,-0.021,2012-12-11,50,2012,11,Tuesday,0.3238,0.928736884160417
36.196937561035156,47.04999923706055,47.45000076293945,47.04999923706055,47.27000045776367,171400,0.234,2012-12-12,50,2012,12,Wednesday,0.3238,0.928736884160417
35.843040466308594,46.59000015258789,46.91999816894531,46.459999084472656,46.900001525878906,98600,-0.978,2012-12-13,50,2012,13,Thursday,0.3238,0.928736884160417
36.35849380493164,47.2599983215332,47.34000015258789,47.06999969482422,47.119998931884766,202100,1.438,2012-12-14,50,2012,14,Friday,0.3238,0.928736884160417
36.435428619384766,47.36000061035156,47.38999938964844,47.20000076293945,47.290000915527344,327900,0.212,2012-12-17,51,2012,17,Monday,0.025,0.814631511789226
36.56107711791992,47.43000030517578,47.560001373291016,46.88999938964844,47.09000015258789,1228900,0.345,2012-12-18,51,2012,18,Tuesday,0.025,0.814631511789226
36.51481628417969,47.369998931884766,47.619998931884766,47.369998931884766,47.58000183105469,107500,-0.127,2012-12-19,51,2012,19,Wednesday,0.025,0.814631511789226
36.8617057800293,47.81999969482422,47.869998931884766,47.470001220703125,47.68000030517578,205500,0.95,2012-12-20,51,2012,20,Thursday,0.025,0.814631511789226
36.399200439453125,47.220001220703125,47.220001220703125,46.869998931884766,46.88999938964844,578100,-1.255,2012-12-21,51,2012,21,Friday,0.025,0.814631511789226
36.30668640136719,47.099998474121094,47.220001220703125,47.0,47.06999969482422,81700,-0.254,2012-12-24,52,2012,24,Monday,0.18575,0.5300750732993708
36.6535758972168,47.54999923706055,47.79999923706055,47.540000915527344,47.540000915527344,69900,0.955,2012-12-26,52,2012,26,Wednesday,0.18575,0.5300750732993708
36.645870208740234,47.540000915527344,47.619998931884766,47.209999084472656,47.400001525878906,50100,-0.021,2012-12-27,52,2012,27,Thursday,0.18575,0.5300750732993708
36.66899490356445,47.56999969482422,47.720001220703125,47.310001373291016,47.43000030517578,95200,0.063,2012-12-28,52,2012,28,Friday,0.18575,0.5300750732993708
37.3858757019043,48.5,48.54999923706055,47.84000015258789,47.84000015258789,227900,1.955,2012-12-31,53,2012,31,Monday,1.955,0.0
38.54216003417969,50.0,50.04999923706055,49.47999954223633,49.47999954223633,507500,3.093,2013-01-02,00,2013,2,Wednesday,0.8643333333333333,1.9394113368064376
38.372554779052734,49.779998779296875,50.13999938964844,49.619998931884766,49.90999984741211,724300,-0.44,2013-01-03,00,2013,3,Thursday,0.8643333333333333,1.9394113368064376
38.34943771362305,49.75,49.86000061035156,49.47999954223633,49.720001220703125,299500,-0.06,2013-01-04,00,2013,4,Friday,0.8643333333333333,1.9394113368064376
38.15671920776367,49.5,49.54999923706055,49.349998474121094,49.529998779296875,546900,-0.503,2013-01-07,01,2013,7,Monday,-0.19660000000000002,1.1612113502717754
37.62483596801758,48.810001373291016,48.959999084472656,48.470001220703125,48.959999084472656,334700,-1.394,2013-01-08,01,2013,8,Tuesday,-0.19660000000000002,1.1612113502717754
37.9485969543457,49.22999954223633,49.380001068115234,49.13999938964844,49.22999954223633,752200,0.86,2013-01-09,01,2013,9,Wednesday,-0.19660000000000002,1.1612113502717754
38.39567947387695,49.810001373291016,49.959999084472656,49.43000030517578,49.66999816894531,1162600,1.178,2013-01-10,01,2013,10,Thursday,-0.19660000000000002,1.1612113502717754
37.96400451660156,49.25,49.2599983215332,49.060001373291016,49.25,504500,-1.124,2013-01-11,01,2013,11,Friday,-0.19660000000000002,1.1612113502717754
38.04880142211914,49.36000061035156,49.58000183105469,49.220001220703125,49.58000183105469,104400,0.223,2013-01-14,02,2013,14,Monday,0.2182,0.1443041925932854
38.04880142211914,49.36000061035156,49.41999816894531,49.27000045776367,49.40999984741211,104600,0.0,2013-01-15,02,2013,15,Tuesday,0.2182,0.1443041925932854
38.11817932128906,49.45000076293945,49.5,49.09000015258789,49.27000045776367,181500,0.182,2013-01-16,02,2013,16,Wednesday,0.2182,0.1443041925932854
38.233795166015625,49.599998474121094,49.810001373291016,49.34000015258789,49.34000015258789,404300,0.303,2013-01-17,02,2013,17,Thursday,0.2182,0.1443041925932854
38.3802604675293,49.790000915527344,50.0,49.619998931884766,49.7599983215332,286500,0.383,2013-01-18,02,2013,18,Friday,0.2182,0.1443041925932854
38.44193649291992,49.869998931884766,50.099998474121094,49.790000915527344,50.04999923706055,80200,0.161,2013-01-22,03,2013,22,Tuesday,-0.3215,0.5686366736912654
38.26464080810547,49.63999938964844,49.81999969482422,49.52000045776367,49.81999969482422,681900,-0.461,2013-01-23,03,2013,23,Wednesday,-0.3215,0.5686366736912654
38.29547119140625,49.68000030517578,49.95000076293945,49.619998931884766,49.70000076293945,224100,0.081,2013-01-24,03,2013,24,Thursday,-0.3215,0.5686366736912654
37.886924743652344,49.150001525878906,49.40999984741211,48.88999938964844,49.40999984741211,289400,-1.067,2013-01-25,03,2013,25,Friday,-0.3215,0.5686366736912654
37.76359558105469,48.9900016784668,49.369998931884766,48.970001220703125,49.369998931884766,120400,-0.326,2013-01-28,04,2013,28,Monday,0.31799999999999995,0.8294516260759274
38.357139587402344,49.7599983215332,49.849998474121094,49.2599983215332,49.2599983215332,318700,1.572,2013-01-29,04,2013,29,Tuesday,0.31799999999999995,0.8294516260759274
38.3802604675293,49.790000915527344,49.959999084472656,49.75,49.81999969482422,194100,0.06,2013-01-30,04,2013,30,Wednesday,0.31799999999999995,0.8294516260759274
38.21839141845703,49.58000183105469,49.7400016784668,49.4900016784668,49.72999954223633,405300,-0.422,2013-01-31,04,2013,31,Thursday,0.31799999999999995,0.8294516260759274
38.48818588256836,49.93000030517578,50.029998779296875,49.650001525878906,49.849998474121094,849400,0.706,2013-02-01,04,2013,1,Friday,0.31799999999999995,0.8294516260759274
37.532325744628906,48.689998626708984,49.400001525878906,48.599998474121094,49.400001525878906,1495200,-2.484,2013-02-04,05,2013,4,Monday,-0.5414000000000001,1.5351991076078697
37.68650436401367,48.88999938964844,49.0099983215332,48.599998474121094,48.880001068115234,1082000,0.411,2013-02-05,05,2013,5,Tuesday,-0.5414000000000001,1.5351991076078697
37.62483596801758,48.810001373291016,48.810001373291016,48.41999816894531,48.599998474121094,1358800,-0.164,2013-02-06,05,2013,6,Wednesday,-0.5414000000000001,1.5351991076078697
36.97732925415039,47.970001220703125,48.400001525878906,47.7599983215332,48.400001525878906,1227600,-1.721,2013-02-07,05,2013,7,Thursday,-0.5414000000000001,1.5351991076078697
37.4398307800293,48.56999969482422,48.599998474121094,48.220001220703125,48.2599983215332,352400,1.251,2013-02-08,05,2013,8,Friday,-0.5414000000000001,1.5351991076078697
37.40129852294922,48.52000045776367,48.560001373291016,48.27000045776367,48.52000045776367,122800,-0.103,2013-02-11,06,2013,11,Monday,0.20540000000000003,0.3068212834860059
37.424415588378906,48.54999923706055,48.79999923706055,48.43000030517578,48.599998474121094,306200,0.062,2013-02-12,06,2013,12,Tuesday,0.20540000000000003,0.3068212834860059
37.67879104614258,48.880001068115234,48.95000076293945,48.720001220703125,48.72999954223633,663300,0.68,2013-02-13,06,2013,13,Wednesday,0.20540000000000003,0.3068212834860059
37.70191955566406,48.90999984741211,48.95000076293945,48.79999923706055,48.869998931884766,274600,0.061,2013-02-14,06,2013,14,Thursday,0.20540000000000003,0.3068212834860059
37.825252532958984,49.06999969482422,49.16999816894531,48.88999938964844,49.11000061035156,448700,0.327,2013-02-15,06,2013,15,Friday,0.20540000000000003,0.3068212834860059
37.154632568359375,48.20000076293945,48.369998931884766,48.16999816894531,48.27000045776367,1413000,-1.773,2013-02-19,07,2013,19,Tuesday,-1.0115,0.8256231989634658
36.81544876098633,47.7599983215332,48.33000183105469,47.689998626708984,48.310001373291016,644000,-0.913,2013-02-20,07,2013,20,Wednesday,-1.0115,0.8256231989634658
36.2758674621582,47.060001373291016,47.2400016784668,46.7599983215332,47.220001220703125,1205400,-1.466,2013-02-21,07,2013,21,Thursday,-1.0115,0.8256231989634658
36.31440353393555,47.11000061035156,47.15999984741211,46.869998931884766,47.15999984741211,630900,0.106,2013-02-22,07,2013,22,Friday,-1.0115,0.8256231989634658
35.743980407714844,46.369998931884766,47.4900016784668,46.369998931884766,47.13999938964844,997300,-1.571,2013-02-25,08,2013,25,Monday,0.030200000000000025,1.1046495824468499
35.77482223510742,46.40999984741211,46.59000015258789,46.04999923706055,46.380001068115234,913500,0.086,2013-02-26,08,2013,26,Tuesday,0.030200000000000025,1.1046495824468499
36.24502944946289,47.02000045776367,47.150001525878906,46.400001525878906,46.470001220703125,819500,1.314,2013-02-27,08,2013,27,Wednesday,0.030200000000000025,1.1046495824468499
36.507110595703125,47.36000061035156,47.7599983215332,47.349998474121094,47.47999954223633,501300,0.723,2013-02-28,08,2013,28,Thursday,0.030200000000000025,1.1046495824468499
36.36064529418945,47.16999816894531,47.33000183105469,46.86000061035156,47.15999984741211,201400,-0.401,2013-03-01,08,2013,1,Friday,0.030200000000000025,1.1046495824468499
35.8133544921875,46.459999084472656,46.4900016784668,46.15999984741211,46.439998626708984,742100,-1.505,2013-03-04,09,2013,4,Monday,0.26180000000000003,1.0450089473301172
36.12169647216797,46.86000061035156,47.02000045776367,46.630001068115234,46.630001068115234,980900,0.861,2013-03-05,09,2013,5,Tuesday,0.26180000000000003,1.0450089473301172
36.2758674621582,47.060001373291016,47.22999954223633,46.900001525878906,47.150001525878906,405300,0.427,2013-03-06,09,2013,6,Wednesday,0.26180000000000003,1.0450089473301172
36.399200439453125,47.220001220703125,47.25,46.9900016784668,47.040000915527344,637800,0.34,2013-03-07,09,2013,7,Thursday,0.26180000000000003,1.0450089473301172
36.830867767333984,47.779998779296875,47.939998626708984,47.5099983215332,47.84000015258789,509700,1.186,2013-03-08,09,2013,8,Friday,0.26180000000000003,1.0450089473301172
36.399200439453125,47.220001220703125,47.529998779296875,47.13999938964844,47.380001068115234,1338800,-1.172,2013-03-11,10,2013,11,Monday,-0.8618,1.3454488842018488
35.79022979736328,46.43000030517578,46.790000915527344,46.220001220703125,46.66999816894531,1054200,-1.673,2013-03-12,10,2013,12,Tuesday,-0.8618,1.3454488842018488
35.15043258666992,45.599998474121094,45.959999084472656,45.540000915527344,45.95000076293945,609900,-1.788,2013-03-13,10,2013,13,Wednesday,-0.8618,1.3454488842018488
35.67460632324219,46.279998779296875,46.34000015258789,46.0,46.08000183105469,1158300,1.491,2013-03-14,10,2013,14,Thursday,-0.8618,1.3454488842018488
35.25834655761719,45.7400016784668,45.880001068115234,45.459999084472656,45.540000915527344,1051500,-1.167,2013-03-15,10,2013,15,Friday,-0.8618,1.3454488842018488
34.633968353271484,44.93000030517578,45.16999816894531,44.880001068115234,45.119998931884766,214600,-1.771,2013-03-18,11,2013,18,Monday,-0.14719999999999994,1.6386818483158958
34.364166259765625,44.58000183105469,44.810001373291016,44.189998626708984,44.79999923706055,397900,-0.779,2013-03-19,11,2013,19,Tuesday,-0.14719999999999994,1.6386818483158958
35.19668197631836,45.65999984741211,45.81999969482422,45.439998626708984,45.52000045776367,503400,2.423,2013-03-20,11,2013,20,Wednesday,-0.14719999999999994,1.6386818483158958
34.83437728881836,45.189998626708984,45.5099983215332,45.099998474121094,45.349998474121094,2422400,-1.029,2013-03-21,11,2013,21,Thursday,-0.14719999999999994,1.6386818483158958
34.9808464050293,45.380001068115234,45.47999954223633,45.22999954223633,45.439998626708984,957000,0.42,2013-03-22,11,2013,22,Friday,-0.14719999999999994,1.6386818483158958
34.74959182739258,45.08000183105469,45.59000015258789,44.95000076293945,45.47999954223633,722500,-0.661,2013-03-25,12,2013,25,Monday,-0.035250000000000004,0.9759891990522573
35.188968658447266,45.650001525878906,45.779998779296875,45.41999816894531,45.41999816894531,1213600,1.264,2013-03-26,12,2013,26,Tuesday,-0.035250000000000004,0.9759891990522573
35.24292755126953,45.720001220703125,45.720001220703125,45.279998779296875,45.4900016784668,851800,0.153,2013-03-27,12,2013,27,Wednesday,-0.035250000000000004,0.9759891990522573
34.92688751220703,45.310001373291016,45.40999984741211,45.060001373291016,45.22999954223633,1040300,-0.897,2013-03-28,12,2013,28,Thursday,-0.035250000000000004,0.9759891990522573
34.533756256103516,44.79999923706055,45.290000915527344,44.68000030517578,45.16999816894531,617500,-1.126,2013-04-01,13,2013,1,Monday,-0.6642,0.7336120909581575
34.58000183105469,44.86000061035156,45.150001525878906,44.810001373291016,45.029998779296875,186600,0.134,2013-04-02,13,2013,2,Tuesday,-0.6642,0.7336120909581575
34.071250915527344,44.20000076293945,44.86000061035156,44.09000015258789,44.81999969482422,1408600,-1.471,2013-04-03,13,2013,3,Wednesday,-0.6642,0.7336120909581575
34.10209274291992,44.2400016784668,44.290000915527344,43.81999969482422,44.290000915527344,406900,0.091,2013-04-04,13,2013,4,Thursday,-0.6642,0.7336120909581575
33.7783317565918,43.81999969482422,43.900001525878906,42.88999938964844,43.11000061035156,798800,-0.949,2013-04-05,13,2013,5,Friday,-0.6642,0.7336120909581575
33.81686782836914,43.869998931884766,43.97999954223633,43.45000076293945,43.52000045776367,295000,0.114,2013-04-08,14,2013,8,Monday,0.21280000000000002,0.9392048232414483
34.31791687011719,44.52000045776367,44.790000915527344,44.119998931884766,44.189998626708984,2452800,1.482,2013-04-09,14,2013,9,Tuesday,0.21280000000000002,0.9392048232414483
34.58000183105469,44.86000061035156,45.08000183105469,44.65999984741211,44.720001220703125,508700,0.764,2013-04-10,14,2013,10,Wednesday,0.21280000000000002,0.9392048232414483
34.44125747680664,44.68000030517578,44.869998931884766,44.58000183105469,44.70000076293945,213500,-0.401,2013-04-11,14,2013,11,Thursday,0.21280000000000002,0.9392048232414483
34.13291549682617,44.279998779296875,44.52000045776367,43.91999816894531,44.52000045776367,356400,-0.895,2013-04-12,14,2013,12,Friday,0.21280000000000002,0.9392048232414483
33.15394973754883,43.0099983215332,43.619998931884766,43.0,43.61000061035156,503400,-2.868,2013-04-15,15,2013,15,Monday,0.07779999999999995,2.4248465312262546
33.762916564941406,43.79999923706055,43.810001373291016,43.43000030517578,43.619998931884766,127600,1.837,2013-04-16,15,2013,16,Tuesday,0.07779999999999995,2.4248465312262546
33.138526916503906,42.9900016784668,43.2400016784668,42.63999938964844,43.2400016784668,360600,-1.849,2013-04-17,15,2013,17,Wednesday,0.07779999999999995,2.4248465312262546
33.261871337890625,43.150001525878906,43.40999984741211,42.88999938964844,43.33000183105469,581800,0.372,2013-04-18,15,2013,18,Thursday,0.07779999999999995,2.4248465312262546
34.22541427612305,44.400001525878906,44.560001373291016,44.150001525878906,44.2400016784668,795900,2.897,2013-04-19,15,2013,19,Friday,0.07779999999999995,2.4248465312262546
34.5491828918457,44.81999969482422,44.81999969482422,44.400001525878906,44.66999816894531,605200,0.946,2013-04-22,16,2013,22,Monday,0.374,0.823503187607674
34.418128967285156,44.650001525878906,44.810001373291016,44.18000030517578,44.189998626708984,624100,-0.379,2013-04-23,16,2013,23,Tuesday,0.374,0.823503187607674
34.726463317871094,45.04999923706055,45.220001220703125,44.58000183105469,44.65999984741211,331000,0.896,2013-04-24,16,2013,24,Wednesday,0.374,0.823503187607674
35.09647750854492,45.529998779296875,45.810001373291016,45.310001373291016,45.310001373291016,720600,1.066,2013-04-25,16,2013,25,Thursday,0.374,0.823503187607674
34.86521530151367,45.22999954223633,45.79999923706055,45.0,45.79999923706055,359600,-0.659,2013-04-26,16,2013,26,Friday,0.374,0.823503187607674
35.29689025878906,45.790000915527344,45.900001525878906,45.33000183105469,45.459999084472656,280000,1.238,2013-04-29,17,2013,29,Monday,0.45599999999999996,1.0771989138501765
35.60523223876953,46.189998626708984,46.220001220703125,45.63999938964844,45.790000915527344,144400,0.874,2013-04-30,17,2013,30,Tuesday,0.45599999999999996,1.0771989138501765
35.09647750854492,45.529998779296875,46.040000915527344,45.470001220703125,46.040000915527344,152500,-1.429,2013-05-01,17,2013,1,Wednesday,0.45599999999999996,1.0771989138501765
35.31230926513672,45.810001373291016,45.810001373291016,45.470001220703125,45.63999938964844,207200,0.615,2013-05-02,17,2013,2,Thursday,0.45599999999999996,1.0771989138501765
35.65918731689453,46.2599983215332,46.540000915527344,46.06999969482422,46.06999969482422,139400,0.982,2013-05-03,17,2013,3,Friday,0.45599999999999996,1.0771989138501765
35.77482223510742,46.40999984741211,46.4900016784668,46.22999954223633,46.33000183105469,121600,0.324,2013-05-06,18,2013,6,Monday,0.38,0.7942228906295763
36.175655364990234,46.93000030517578,47.06999969482422,46.779998779296875,46.939998626708984,173700,1.12,2013-05-07,18,2013,7,Tuesday,0.38,0.7942228906295763
36.51481628417969,47.369998931884766,47.369998931884766,46.959999084472656,47.09000015258789,146400,0.938,2013-05-08,18,2013,8,Wednesday,0.38,0.7942228906295763
36.183353424072266,46.939998626708984,47.16999816894531,46.810001373291016,47.029998779296875,304700,-0.908,2013-05-09,18,2013,9,Thursday,0.38,0.7942228906295763
36.3375358581543,47.13999938964844,47.209999084472656,46.93000030517578,47.130001068115234,121800,0.426,2013-05-10,18,2013,10,Friday,0.38,0.7942228906295763
35.79793930053711,46.439998626708984,46.54999923706055,46.380001068115234,46.54999923706055,179500,-1.485,2013-05-13,19,2013,13,Monday,-0.14960000000000004,0.9480945627942394
35.836483001708984,46.4900016784668,46.599998474121094,46.22999954223633,46.22999954223633,975400,0.108,2013-05-14,19,2013,14,Tuesday,-0.14960000000000004,0.9480945627942394
35.875030517578125,46.540000915527344,46.56999969482422,46.290000915527344,46.400001525878906,455600,0.108,2013-05-15,19,2013,15,Wednesday,-0.14960000000000004,0.9480945627942394
35.67460632324219,46.279998779296875,46.52000045776367,46.209999084472656,46.38999938964844,1145500,-0.559,2013-05-16,19,2013,16,Thursday,-0.14960000000000004,0.9480945627942394
36.06001663208008,46.779998779296875,46.790000915527344,46.5099983215332,46.5099983215332,105100,1.08,2013-05-17,19,2013,17,Friday,-0.14960000000000004,0.9480945627942394
36.41461944580078,47.2400016784668,47.25,46.970001220703125,47.06999969482422,347500,0.983,2013-05-20,20,2013,20,Monday,-0.671,1.1181576364717096
36.28356170654297,47.06999969482422,47.209999084472656,46.709999084472656,46.959999084472656,341400,-0.36,2013-05-21,20,2013,21,Tuesday,-0.671,1.1181576364717096
35.64377212524414,46.2400016784668,47.119998931884766,46.029998779296875,46.7599983215332,275500,-1.763,2013-05-22,20,2013,22,Wednesday,-0.671,1.1181576364717096
35.44335174560547,45.97999954223633,45.9900016784668,44.959999084472656,45.290000915527344,934200,-0.562,2013-05-23,20,2013,23,Thursday,-0.671,1.1181576364717096
34.85751724243164,45.220001220703125,45.33000183105469,44.959999084472656,45.31999969482422,242500,-1.653,2013-05-24,20,2013,24,Friday,-0.671,1.1181576364717096
35.458770751953125,46.0,46.31999969482422,45.939998626708984,46.31999969482422,243900,1.725,2013-05-28,21,2013,28,Tuesday,-0.24574999999999997,1.5948371651467537
35.05022430419922,45.470001220703125,45.66999816894531,45.27000045776367,45.66999816894531,258300,-1.152,2013-05-29,21,2013,29,Wednesday,-0.24574999999999997,1.5948371651467537
35.158138275146484,45.61000061035156,45.90999984741211,45.4900016784668,45.630001068115234,307100,0.308,2013-05-30,21,2013,30,Thursday,-0.24574999999999997,1.5948371651467537
34.502925872802734,44.7599983215332,45.54999923706055,44.68000030517578,45.54999923706055,444100,-1.864,2013-05-31,21,2013,31,Friday,-0.24574999999999997,1.5948371651467537
34.950008392333984,45.34000015258789,45.400001525878906,44.849998474121094,45.029998779296875,393600,1.296,2013-06-03,22,2013,3,Monday,-0.23659999999999998,1.2028575559890706
34.556888580322266,44.83000183105469,45.29999923706055,44.61000061035156,45.16999816894531,217100,-1.125,2013-06-04,22,2013,4,Tuesday,-0.23659999999999998,1.2028575559890706
34.078956604003906,44.209999084472656,44.7400016784668,44.189998626708984,44.720001220703125,183800,-1.383,2013-06-05,22,2013,5,Wednesday,-0.23659999999999998,1.2028575559890706
34.3487548828125,44.560001373291016,44.56999969482422,43.91999816894531,44.040000915527344,268800,0.792,2013-06-06,22,2013,6,Thursday,-0.23659999999999998,1.2028575559890706
34.086666107177734,44.220001220703125,44.56999969482422,43.95000076293945,44.27000045776367,417600,-0.763,2013-06-07,22,2013,7,Friday,-0.23659999999999998,1.2028575559890706
33.708946228027344,43.72999954223633,43.959999084472656,43.54999923706055,43.91999816894531,125400,-1.108,2013-06-10,23,2013,10,Monday,-0.9042000000000001,1.398791692854944
33.17707443237305,43.040000915527344,43.2599983215332,42.7599983215332,42.86000061035156,583500,-1.578,2013-06-11,23,2013,11,Tuesday,-0.9042000000000001,1.398791692854944
33.07686233520508,42.90999984741211,43.189998626708984,42.630001068115234,43.189998626708984,1127400,-0.302,2013-06-12,23,2013,12,Wednesday,-0.9042000000000001,1.398791692854944
33.43916320800781,43.380001068115234,43.459999084472656,42.439998626708984,42.439998626708984,1300300,1.095,2013-06-13,23,2013,13,Thursday,-0.9042000000000001,1.398791692854944
32.5604133605957,42.2400016784668,42.72999954223633,42.040000915527344,42.689998626708984,318600,-2.628,2013-06-14,23,2013,14,Friday,-0.9042000000000001,1.398791692854944
33.08456802368164,42.91999816894531,43.20000076293945,42.689998626708984,42.84000015258789,126200,1.61,2013-06-17,24,2013,17,Monday,-0.7696,2.440769202526122
33.09998321533203,42.939998626708984,43.02000045776367,42.79999923706055,42.91999816894531,1294100,0.047,2013-06-18,24,2013,18,Tuesday,-0.7696,2.440769202526122
32.167266845703125,41.72999954223633,42.709999084472656,41.65999984741211,42.5099983215332,2573900,-2.818,2013-06-19,24,2013,19,Wednesday,-0.7696,2.440769202526122
30.926210403442383,40.119998931884766,41.08000183105469,39.58000183105469,41.06999969482422,2065100,-3.858,2013-06-20,24,2013,20,Thursday,-0.7696,2.440769202526122
31.28850746154785,40.59000015258789,41.0,39.970001220703125,40.650001525878906,1395900,1.171,2013-06-21,24,2013,21,Friday,-0.7696,2.440769202526122
30.5330867767334,39.61000061035156,39.93000030517578,39.0,39.47999954223633,749800,-2.414,2013-06-24,25,2013,24,Monday,0.6026,1.7796805331294716
31.0033016204834,40.220001220703125,40.43000030517578,39.869998931884766,40.189998626708984,1183300,1.54,2013-06-25,25,2013,25,Tuesday,0.6026,1.7796805331294716
31.673927307128906,41.09000015258789,41.220001220703125,40.720001220703125,41.099998474121094,473500,2.163,2013-06-26,25,2013,26,Wednesday,0.6026,1.7796805331294716
32.02485275268555,40.61000061035156,40.84000015258789,40.34000015258789,40.34000015258789,413100,1.108,2013-06-27,25,2013,27,Thursday,0.6026,1.7796805331294716
32.22200012207031,40.86000061035156,41.119998931884766,40.529998779296875,40.75,289100,0.616,2013-06-28,25,2013,28,Friday,0.6026,1.7796805331294716
32.12737274169922,40.7400016784668,41.099998474121094,40.599998474121094,41.099998474121094,559400,-0.294,2013-07-01,26,2013,1,Monday,-0.53425,0.7701222305582407
31.677867889404297,40.16999816894531,40.88999938964844,39.88999938964844,40.72999954223633,1196300,-1.399,2013-07-02,26,2013,2,Tuesday,-0.53425,0.7701222305582407
31.409753799438477,39.83000183105469,40.15999984741211,39.5099983215332,39.599998474121094,358500,-0.846,2013-07-03,26,2013,3,Wednesday,-0.53425,0.7701222305582407
31.53592300415039,39.9900016784668,40.27000045776367,39.619998931884766,40.27000045776367,339400,0.402,2013-07-05,26,2013,5,Friday,-0.53425,0.7701222305582407
31.693641662597656,40.189998626708984,40.52000045776367,40.060001373291016,40.060001373291016,273900,0.5,2013-07-08,27,2013,8,Monday,0.7566,2.6399639770269596
31.819812774658203,40.349998474121094,40.54999923706055,40.15999984741211,40.33000183105469,1380200,0.398,2013-07-09,27,2013,9,Tuesday,0.7566,2.6399639770269596
31.756738662719727,40.27000045776367,40.52000045776367,40.150001525878906,40.36000061035156,493500,-0.198,2013-07-10,27,2013,10,Wednesday,0.7566,2.6399639770269596
33.38124465942383,42.33000183105469,42.400001525878906,41.650001525878906,41.66999816894531,429800,5.115,2013-07-11,27,2013,11,Thursday,0.7566,2.6399639770269596
32.703041076660156,41.470001220703125,41.66999816894531,41.31999969482422,41.56999969482422,201300,-2.032,2013-07-12,27,2013,12,Friday,0.7566,2.6399639770269596
33.042137145996094,41.900001525878906,42.02000045776367,41.66999816894531,41.689998626708984,157300,1.037,2013-07-15,28,2013,15,Monday,0.25579999999999997,0.6023231690712221
33.20774841308594,42.11000061035156,42.130001068115234,41.77000045776367,42.0099983215332,440500,0.501,2013-07-16,28,2013,16,Tuesday,0.25579999999999997,0.6023231690712221
33.2471809387207,42.15999984741211,42.4900016784668,42.09000015258789,42.33000183105469,780100,0.119,2013-07-17,28,2013,17,Wednesday,0.25579999999999997,0.6023231690712221
33.042137145996094,41.900001525878906,42.20000076293945,41.869998931884766,42.06999969482422,138600,-0.617,2013-07-18,28,2013,18,Thursday,0.25579999999999997,0.6023231690712221
33.12100601196289,42.0,42.150001525878906,41.810001373291016,41.900001525878906,245100,0.239,2013-07-19,28,2013,19,Friday,0.25579999999999997,0.6023231690712221
33.2235221862793,42.130001068115234,42.16999816894531,41.75,41.86000061035156,188500,0.31,2013-07-22,29,2013,22,Monday,0.6082,1.2219599829781662
34.05942153930664,43.189998626708984,43.45000076293945,42.880001068115234,43.099998474121094,517700,2.516,2013-07-23,29,2013,23,Tuesday,0.6082,1.2219599829781662
33.783416748046875,42.84000015258789,43.209999084472656,42.52000045776367,43.209999084472656,254900,-0.81,2013-07-24,29,2013,24,Wednesday,0.6082,1.2219599829781662
34.06732177734375,43.20000076293945,43.2599983215332,42.84000015258789,42.90999984741211,155000,0.84,2013-07-25,29,2013,25,Thursday,0.6082,1.2219599829781662
34.130401611328125,43.279998779296875,43.369998931884766,42.709999084472656,43.06999969482422,390800,0.185,2013-07-26,29,2013,26,Friday,0.6082,1.2219599829781662
33.680912017822266,42.709999084472656,42.88999938964844,42.61000061035156,42.81999969482422,381700,-1.317,2013-07-29,30,2013,29,Monday,0.18240000000000003,1.35130984603828
33.69667434692383,42.72999954223633,43.060001373291016,42.63999938964844,43.0099983215332,222400,0.047,2013-07-30,30,2013,30,Tuesday,0.18240000000000003,1.35130984603828
33.56261444091797,42.560001373291016,43.06999969482422,42.41999816894531,42.7599983215332,376900,-0.398,2013-07-31,30,2013,31,Wednesday,0.18240000000000003,1.35130984603828
34.35121154785156,43.560001373291016,43.81999969482422,43.11000061035156,43.2400016784668,405800,2.35,2013-08-01,30,2013,1,Thursday,0.18240000000000003,1.35130984603828
34.43006896972656,43.65999984741211,43.7599983215332,43.380001068115234,43.380001068115234,162700,0.23,2013-08-02,30,2013,2,Friday,0.18240000000000003,1.35130984603828
34.10674285888672,43.25,43.369998931884766,43.06999969482422,43.369998931884766,216600,-0.939,2013-08-05,31,2013,5,Monday,-0.1956,1.2847615732111541
33.893829345703125,42.97999954223633,43.209999084472656,42.81999969482422,43.18000030517578,157000,-0.624,2013-08-06,31,2013,6,Tuesday,-0.1956,1.2847615732111541
33.3654670715332,42.310001373291016,42.63999938964844,42.25,42.619998931884766,625000,-1.559,2013-08-07,31,2013,7,Wednesday,-0.1956,1.2847615732111541
33.93325424194336,43.029998779296875,43.18000030517578,42.439998626708984,42.72999954223633,254700,1.702,2013-08-08,31,2013,8,Thursday,-0.1956,1.2847615732111541
34.08308410644531,43.220001220703125,43.459999084472656,43.02000045776367,43.06999969482422,187500,0.442,2013-08-09,31,2013,9,Friday,-0.1956,1.2847615732111541
35.037288665771484,44.43000030517578,44.470001220703125,43.91999816894531,43.97999954223633,494600,2.8,2013-08-12,32,2013,12,Monday,0.6661999999999999,1.4633301746359226
35.534095764160156,45.060001373291016,45.279998779296875,44.79999923706055,44.970001220703125,173700,1.418,2013-08-13,32,2013,13,Tuesday,0.6661999999999999,1.4633301746359226
35.620845794677734,45.16999816894531,45.27000045776367,45.060001373291016,45.11000061035156,910900,0.244,2013-08-14,32,2013,14,Wednesday,0.6661999999999999,1.4633301746359226
35.29752731323242,44.7599983215332,44.959999084472656,44.529998779296875,44.90999984741211,610800,-0.908,2013-08-15,32,2013,15,Thursday,0.6661999999999999,1.4633301746359226
35.218666076660156,44.65999984741211,45.11000061035156,44.63999938964844,45.029998779296875,554600,-0.223,2013-08-16,32,2013,16,Friday,0.6661999999999999,1.4633301746359226
35.053062438964844,44.45000076293945,44.939998626708984,44.43000030517578,44.91999816894531,520100,-0.47,2013-08-19,33,2013,19,Monday,-0.2052,1.6236713645316283
34.65876388549805,43.95000076293945,44.18000030517578,43.81999969482422,43.88999938964844,600200,-1.125,2013-08-20,33,2013,20,Tuesday,-0.2052,1.6236713645316283
34.03578567504883,43.15999984741211,43.529998779296875,42.90999984741211,43.52000045776367,611900,-1.797,2013-08-21,33,2013,21,Wednesday,-0.2052,1.6236713645316283
34.871681213378906,44.220001220703125,44.310001373291016,43.939998626708984,43.939998626708984,345400,2.456,2013-08-22,33,2013,22,Thursday,-0.2052,1.6236713645316283
34.84013748168945,44.18000030517578,44.2400016784668,43.7400016784668,44.06999969482422,345800,-0.09,2013-08-23,33,2013,23,Friday,-0.2052,1.6236713645316283
34.75339126586914,44.06999969482422,44.4900016784668,43.93000030517578,44.400001525878906,100100,-0.249,2013-08-26,34,2013,26,Monday,-0.21140000000000003,0.76511881430272
34.240814208984375,43.41999816894531,43.880001068115234,43.34000015258789,43.880001068115234,671700,-1.475,2013-08-27,34,2013,27,Tuesday,-0.21140000000000003,0.76511881430272
34.21714782714844,43.38999938964844,43.65999984741211,43.04999923706055,43.220001220703125,855800,-0.069,2013-08-28,34,2013,28,Wednesday,-0.21140000000000003,0.76511881430272
34.288124084472656,43.47999954223633,43.849998474121094,43.400001525878906,43.61000061035156,367600,0.207,2013-08-29,34,2013,29,Thursday,-0.21140000000000003,0.76511881430272
34.46949768066406,43.709999084472656,43.79999923706055,43.279998779296875,43.689998626708984,2251700,0.529,2013-08-30,34,2013,30,Friday,-0.21140000000000003,0.76511881430272
35.27386474609375,44.72999954223633,45.22999954223633,44.65999984741211,45.029998779296875,590200,2.334,2013-09-03,35,2013,3,Tuesday,1.3475,0.78519318217451
35.80222702026367,45.400001525878906,45.470001220703125,45.0099983215332,45.130001068115234,758200,1.498,2013-09-04,35,2013,4,Wednesday,1.3475,0.78519318217451
36.196529388427734,45.900001525878906,46.040000915527344,45.59000015258789,45.63999938964844,457700,1.101,2013-09-05,35,2013,5,Thursday,1.3475,0.78519318217451
36.362125396728516,46.11000061035156,46.560001373291016,45.779998779296875,46.560001373291016,384900,0.457,2013-09-06,35,2013,6,Friday,1.3475,0.78519318217451
37.19014358520508,47.15999984741211,47.27000045776367,46.52000045776367,46.65999984741211,692600,2.277,2013-09-09,36,2013,9,Monday,0.4344,1.4772666651623871
37.694854736328125,47.79999923706055,47.83000183105469,47.36000061035156,47.540000915527344,1398000,1.357,2013-09-10,36,2013,10,Tuesday,0.4344,1.4772666651623871
37.33998107910156,47.349998474121094,47.459999084472656,47.060001373291016,47.290000915527344,403300,-0.941,2013-09-11,36,2013,11,Wednesday,0.4344,1.4772666651623871
36.9062614440918,46.79999923706055,47.189998626708984,46.709999084472656,47.189998626708984,237600,-1.162,2013-09-12,36,2013,12,Thursday,0.4344,1.4772666651623871
37.1428337097168,47.099998474121094,47.130001068115234,46.75,46.81999969482422,814900,0.641,2013-09-13,36,2013,13,Friday,0.4344,1.4772666651623871
37.39519119262695,47.41999816894531,47.70000076293945,47.279998779296875,47.689998626708984,1103800,0.679,2013-09-16,37,2013,16,Monday,0.0662,1.3053845027423912
37.21380615234375,47.189998626708984,47.45000076293945,47.04999923706055,47.38999938964844,3240400,-0.485,2013-09-17,37,2013,17,Tuesday,0.0662,1.3053845027423912
37.9787483215332,48.15999984741211,48.209999084472656,46.7400016784668,47.02000045776367,552200,2.056,2013-09-18,37,2013,18,Wednesday,0.0662,1.3053845027423912
37.68696212768555,47.790000915527344,47.93000030517578,47.43000030517578,47.88999938964844,332500,-0.768,2013-09-19,37,2013,19,Thursday,0.0662,1.3053845027423912
37.25324249267578,47.2400016784668,48.040000915527344,47.189998626708984,48.040000915527344,533100,-1.151,2013-09-20,37,2013,20,Friday,0.0662,1.3053845027423912
37.56867980957031,47.63999938964844,47.790000915527344,47.369998931884766,47.439998626708984,643800,0.847,2013-09-23,38,2013,23,Monday,-0.2704,0.7268980671318366
37.1428337097168,47.099998474121094,47.349998474121094,46.91999816894531,47.22999954223633,224400,-1.134,2013-09-24,38,2013,24,Tuesday,-0.2704,0.7268980671318366
36.9456901550293,46.849998474121094,47.20000076293945,46.75,47.15999984741211,392900,-0.531,2013-09-25,38,2013,25,Wednesday,-0.2704,0.7268980671318366
36.9062614440918,46.79999923706055,46.97999954223633,46.5099983215332,46.72999954223633,730400,-0.107,2013-09-26,38,2013,26,Thursday,-0.2704,0.7268980671318366
36.748538970947266,46.599998474121094,46.689998626708984,46.43000030517578,46.63999938964844,200500,-0.427,2013-09-27,38,2013,27,Friday,-0.2704,0.7268980671318366
36.31481170654297,46.04999923706055,46.099998474121094,45.75,45.970001220703125,358200,-1.18,2013-09-30,39,2013,30,Monday,0.28680000000000005,1.1153634833541934
36.811622619628906,46.68000030517578,46.68000030517578,46.150001525878906,46.150001525878906,277800,1.368,2013-10-01,39,2013,1,Tuesday,0.28680000000000005,1.1153634833541934
36.890480041503906,46.779998779296875,46.779998779296875,46.290000915527344,46.29999923706055,356000,0.214,2013-10-02,39,2013,2,Wednesday,0.28680000000000005,1.1153634833541934
36.75642395019531,46.61000061035156,47.11000061035156,46.34000015258789,47.040000915527344,227200,-0.363,2013-10-03,39,2013,3,Thursday,0.28680000000000005,1.1153634833541934
37.26901626586914,47.2599983215332,47.38999938964844,46.900001525878906,46.900001525878906,656200,1.395,2013-10-04,39,2013,4,Friday,0.28680000000000005,1.1153634833541934
36.890480041503906,46.779998779296875,46.970001220703125,46.560001373291016,46.619998931884766,214500,-1.016,2013-10-07,40,2013,7,Monday,0.25579999999999997,0.9088559841911149
36.81951141357422,46.689998626708984,47.290000915527344,46.689998626708984,47.189998626708984,332800,-0.192,2013-10-08,40,2013,8,Tuesday,0.25579999999999997,0.9088559841911149
37.032440185546875,46.959999084472656,47.130001068115234,46.56999969482422,46.97999954223633,915700,0.578,2013-10-09,40,2013,9,Wednesday,0.25579999999999997,0.9088559841911149
37.55290985107422,47.619998931884766,47.650001525878906,47.08000183105469,47.11000061035156,562000,1.405,2013-10-10,40,2013,10,Thursday,0.25579999999999997,0.9088559841911149
37.74216842651367,47.86000061035156,47.90999984741211,47.380001068115234,47.400001525878906,201400,0.504,2013-10-11,40,2013,11,Friday,0.25579999999999997,0.9088559841911149
37.91565704345703,48.08000183105469,48.22999954223633,47.459999084472656,47.47999954223633,135400,0.46,2013-10-14,41,2013,14,Monday,-0.086,0.7228609824855675
37.43461990356445,47.470001220703125,47.91999816894531,47.400001525878906,47.86000061035156,247500,-1.269,2013-10-15,41,2013,15,Tuesday,-0.086,0.7228609824855675
37.59233856201172,47.66999816894531,47.86000061035156,47.47999954223633,47.5099983215332,751600,0.421,2013-10-16,41,2013,16,Wednesday,-0.086,0.7228609824855675
37.48981857299805,47.540000915527344,47.619998931884766,47.150001525878906,47.2400016784668,223900,-0.273,2013-10-17,41,2013,17,Thursday,-0.086,0.7228609824855675
37.57657241821289,47.650001525878906,47.959999084472656,47.650001525878906,47.81999969482422,613500,0.231,2013-10-18,41,2013,18,Friday,-0.086,0.7228609824855675
37.734283447265625,47.849998474121094,48.0,47.790000915527344,47.970001220703125,370400,0.42,2013-10-21,42,2013,21,Monday,-0.7464000000000001,1.3731992936205581
37.71062088012695,47.81999969482422,48.27000045776367,47.79999923706055,47.939998626708984,594100,-0.063,2013-10-22,42,2013,22,Tuesday,-0.7464000000000001,1.3731992936205581
36.58293533325195,46.38999938964844,46.630001068115234,46.31999969482422,46.59000015258789,1147400,-2.99,2013-10-23,42,2013,23,Wednesday,-0.7464000000000001,1.3731992936205581
36.180763244628906,45.880001068115234,46.29999923706055,45.75,46.2400016784668,1066700,-1.099,2013-10-24,42,2013,24,Thursday,-0.7464000000000001,1.3731992936205581
36.180763244628906,45.880001068115234,45.90999984741211,45.689998626708984,45.86000061035156,111200,0.0,2013-10-25,42,2013,25,Friday,-0.7464000000000001,1.3731992936205581
36.24384689331055,45.959999084472656,46.2400016784668,45.90999984741211,46.02000045776367,158300,0.174,2013-10-28,43,2013,28,Monday,0.5993999999999999,0.4200622572905116
36.59870910644531,46.40999984741211,46.560001373291016,46.36000061035156,46.41999816894531,455300,0.979,2013-10-29,43,2013,29,Tuesday,0.5993999999999999,0.4200622572905116
36.96934509277344,46.880001068115234,47.22999954223633,46.689998626708984,47.130001068115234,121900,1.013,2013-10-30,43,2013,30,Wednesday,0.5993999999999999,0.4200622572905116
37.02455520629883,46.95000076293945,47.34000015258789,46.869998931884766,47.279998779296875,368600,0.149,2013-10-31,43,2013,31,Thursday,0.5993999999999999,0.4200622572905116
37.27689743041992,47.27000045776367,47.4900016784668,46.95000076293945,47.25,330200,0.682,2013-11-01,43,2013,1,Friday,0.5993999999999999,0.4200622572905116
37.34787368774414,47.36000061035156,47.47999954223633,47.220001220703125,47.349998474121094,1015900,0.19,2013-11-04,44,2013,4,Monday,-0.48040000000000005,0.8036229215247659
36.96147155761719,46.869998931884766,46.959999084472656,46.599998474121094,46.79999923706055,2794400,-1.035,2013-11-05,44,2013,5,Tuesday,-0.48040000000000005,0.8036229215247659
36.9062614440918,46.79999923706055,47.119998931884766,46.77000045776367,47.119998931884766,135500,-0.149,2013-11-06,44,2013,6,Wednesday,-0.48040000000000005,0.8036229215247659
36.31481170654297,46.04999923706055,46.70000076293945,45.97999954223633,46.70000076293945,294800,-1.603,2013-11-07,44,2013,7,Thursday,-0.48040000000000005,0.8036229215247659
36.38578796386719,46.13999938964844,46.20000076293945,45.709999084472656,45.95000076293945,527600,0.195,2013-11-08,44,2013,8,Friday,-0.48040000000000005,0.8036229215247659
36.590816497802734,46.400001525878906,46.7400016784668,46.36000061035156,46.7400016784668,394400,0.563,2013-11-11,45,2013,11,Monday,0.8826,1.870499211440625
36.33847427368164,46.08000183105469,46.38999938964844,45.86000061035156,46.38999938964844,278900,-0.69,2013-11-12,45,2013,12,Tuesday,0.8826,1.870499211440625
36.14921188354492,45.84000015258789,45.91999816894531,45.06999969482422,45.36000061035156,707800,-0.521,2013-11-13,45,2013,13,Wednesday,0.8826,1.870499211440625
36.55139923095703,46.349998474121094,46.459999084472656,45.709999084472656,45.939998626708984,534100,1.113,2013-11-14,45,2013,14,Thursday,0.8826,1.870499211440625
37.994529724121094,48.18000030517578,48.72999954223633,47.439998626708984,47.61000061035156,1483000,3.948,2013-11-15,45,2013,15,Friday,0.8826,1.870499211440625
39.011810302734375,49.470001220703125,49.90999984741211,49.13999938964844,49.13999938964844,873400,2.677,2013-11-18,46,2013,18,Monday,0.48840000000000006,1.3792769120086075
38.91718292236328,49.349998474121094,49.630001068115234,49.29999923706055,49.560001373291016,409800,-0.243,2013-11-19,46,2013,19,Tuesday,0.48840000000000006,1.3792769120086075
38.52287673950195,48.849998474121094,49.33000183105469,48.83000183105469,49.150001525878906,1048200,-1.013,2013-11-20,46,2013,20,Wednesday,0.48840000000000006,1.3792769120086075
38.67271423339844,49.040000915527344,49.16999816894531,48.66999816894531,48.779998779296875,1433700,0.389,2013-11-21,46,2013,21,Thursday,0.48840000000000006,1.3792769120086075
38.91718292236328,49.349998474121094,49.41999816894531,48.869998931884766,49.189998626708984,1987100,0.632,2013-11-22,46,2013,22,Friday,0.48840000000000006,1.3792769120086075
38.231101989746094,48.47999954223633,49.11000061035156,48.45000076293945,49.11000061035156,279100,-1.763,2013-11-25,47,2013,25,Monday,0.27675000000000005,1.5750497082102943
38.5701904296875,48.90999984741211,49.029998779296875,48.560001373291016,48.599998474121094,1510300,0.887,2013-11-26,47,2013,26,Tuesday,0.27675000000000005,1.5750497082102943
39.32725524902344,49.869998931884766,49.880001068115234,49.189998626708984,49.439998626708984,2610500,1.963,2013-11-27,47,2013,27,Wednesday,0.27675000000000005,1.5750497082102943
39.33512496948242,49.880001068115234,49.97999954223633,49.650001525878906,49.88999938964844,409500,0.02,2013-11-29,47,2013,29,Friday,0.27675000000000005,1.5750497082102943
38.798885345458984,49.20000076293945,50.08000183105469,49.119998931884766,50.08000183105469,1099500,-1.363,2013-12-02,48,2013,2,Monday,0.03860000000000001,1.2816714867703034
38.593849182128906,48.939998626708984,49.40999984741211,48.63999938964844,49.40999984741211,1175200,-0.528,2013-12-03,48,2013,3,Tuesday,0.03860000000000001,1.2816714867703034
38.84621047973633,49.2599983215332,49.4900016784668,48.7599983215332,48.81999969482422,434300,0.654,2013-12-04,48,2013,4,Wednesday,0.03860000000000001,1.2816714867703034
38.6490478515625,49.0099983215332,49.349998474121094,48.91999816894531,49.31999969482422,314200,-0.508,2013-12-05,48,2013,5,Thursday,0.03860000000000001,1.2816714867703034
39.398216247558594,49.959999084472656,50.119998931884766,49.630001068115234,49.77000045776367,676900,1.938,2013-12-06,48,2013,6,Friday,0.03860000000000001,1.2816714867703034
39.185298919677734,49.689998626708984,49.869998931884766,49.58000183105469,49.58000183105469,352600,-0.54,2013-12-09,49,2013,9,Monday,-0.7158,1.3218985210673322
39.145870208740234,49.63999938964844,49.68000030517578,49.25,49.290000915527344,255800,-0.101,2013-12-10,49,2013,10,Tuesday,-0.7158,1.3218985210673322
38.02606201171875,48.220001220703125,48.959999084472656,48.08000183105469,48.95000076293945,405200,-2.861,2013-12-11,49,2013,11,Wednesday,-0.7158,1.3218985210673322
37.734283447265625,47.849998474121094,48.09000015258789,47.70000076293945,48.09000015258789,292000,-0.767,2013-12-12,49,2013,12,Thursday,-0.7158,1.3218985210673322
37.994529724121094,48.18000030517578,48.38999938964844,47.90999984741211,48.38999938964844,168800,0.69,2013-12-13,49,2013,13,Friday,-0.7158,1.3218985210673322
37.962982177734375,48.13999938964844,48.560001373291016,48.13999938964844,48.20000076293945,211400,-0.083,2013-12-16,50,2013,16,Monday,-0.47119999999999995,1.403860997392548
37.466156005859375,47.5099983215332,47.90999984741211,47.439998626708984,47.900001525878906,306600,-1.309,2013-12-17,50,2013,17,Tuesday,-0.47119999999999995,1.403860997392548
38.09917068481445,48.09000015258789,48.36000061035156,46.95000076293945,47.59000015258789,329500,1.69,2013-12-18,50,2013,18,Wednesday,-0.47119999999999995,1.403860997392548
37.33861541748047,47.130001068115234,47.310001373291016,46.77000045776367,47.22999954223633,721100,-1.996,2013-12-19,50,2013,19,Thursday,-0.47119999999999995,1.403860997392548
37.093017578125,46.81999969482422,47.11000061035156,46.7400016784668,47.04999923706055,534000,-0.658,2013-12-20,50,2013,20,Friday,-0.47119999999999995,1.403860997392548
37.053401947021484,46.77000045776367,47.119998931884766,46.709999084472656,46.95000076293945,858500,-0.107,2013-12-23,51,2013,23,Monday,0.577,1.1955893943992646
37.63965606689453,47.5099983215332,47.72999954223633,47.0,47.25,90100,1.582,2013-12-24,51,2013,24,Tuesday,0.577,1.1955893943992646
37.35445785522461,47.150001525878906,47.380001068115234,46.81999969482422,47.380001068115234,136500,-0.758,2013-12-26,51,2013,26,Thursday,0.577,1.1955893943992646
37.94863510131836,47.900001525878906,47.93000030517578,47.56999969482422,47.56999969482422,323900,1.591,2013-12-27,51,2013,27,Friday,0.577,1.1955893943992646
37.79811477661133,47.709999084472656,47.79999923706055,47.52000045776367,47.630001068115234,141800,-0.397,2013-12-30,52,2013,30,Monday,0.33599999999999997,1.0366185412194786
38.2021598815918,48.220001220703125,48.220001220703125,47.720001220703125,47.81999969482422,91200,1.069,2013-12-31,52,2013,31,Tuesday,0.33599999999999997,1.0366185412194786
37.077171325683594,46.79999923706055,47.72999954223633,46.75,47.72999954223633,480700,-2.945,2014-01-02,00,2014,2,Thursday,-1.9535,1.4021927470929236
36.720664978027344,46.349998474121094,46.70000076293945,46.189998626708984,46.63999938964844,522300,-0.962,2014-01-03,00,2014,3,Friday,-1.9535,1.4021927470929236
36.166080474853516,45.650001525878906,46.11000061035156,45.650001525878906,46.11000061035156,1275800,-1.51,2014-01-06,01,2014,6,Monday,-0.013200000000000012,1.4306280788520824
36.18193054199219,45.66999816894531,45.810001373291016,45.4900016784668,45.630001068115234,232100,0.044,2014-01-07,01,2014,7,Tuesday,-0.013200000000000012,1.4306280788520824
36.56221008300781,46.150001525878906,46.2400016784668,45.97999954223633,46.119998931884766,640600,1.051,2014-01-08,01,2014,8,Wednesday,-0.013200000000000012,1.4306280788520824
36.063087463378906,45.52000045776367,45.84000015258789,45.25,45.790000915527344,458600,-1.365,2014-01-09,01,2014,9,Thursday,-0.013200000000000012,1.4306280788520824
36.68104553222656,46.29999923706055,46.380001068115234,45.779998779296875,45.90999984741211,410300,1.714,2014-01-10,01,2014,10,Friday,-0.013200000000000012,1.4306280788520824
36.04724884033203,45.5,46.0,45.41999816894531,46.0,217100,-1.728,2014-01-13,02,2014,13,Monday,-0.2292,1.1235251221045304
36.54635238647461,46.130001068115234,46.209999084472656,45.599998474121094,45.790000915527344,655100,1.385,2014-01-14,02,2014,14,Tuesday,-0.2292,1.1235251221045304
36.47506332397461,46.040000915527344,46.209999084472656,45.93000030517578,46.04999923706055,583300,-0.195,2014-01-15,02,2014,15,Wednesday,-0.2292,1.1235251221045304
36.25322341918945,45.7599983215332,46.0099983215332,45.66999816894531,46.0099983215332,298300,-0.608,2014-01-16,02,2014,16,Thursday,-0.2292,1.1235251221045304
36.25322341918945,45.7599983215332,45.9900016784668,45.56999969482422,45.9900016784668,704200,0.0,2014-01-17,02,2014,17,Friday,-0.2292,1.1235251221045304
36.213623046875,45.709999084472656,46.0,45.40999984741211,45.93000030517578,191100,-0.109,2014-01-21,03,2014,21,Tuesday,-1.1320000000000001,2.5239961700974645
36.91872024536133,46.599998474121094,46.68000030517578,46.130001068115234,46.310001373291016,662800,1.947,2014-01-22,03,2014,22,Wednesday,-1.1320000000000001,2.5239961700974645
35.635284423828125,44.97999954223633,45.68000030517578,44.810001373291016,45.0099983215332,1766500,-3.476,2014-01-23,03,2014,23,Thursday,-1.1320000000000001,2.5239961700974645
34.605350494384766,43.68000030517578,44.56999969482422,43.65999984741211,44.56999969482422,732200,-2.89,2014-01-24,03,2014,24,Friday,-1.1320000000000001,2.5239961700974645
34.494441986083984,43.540000915527344,43.97999954223633,43.2400016784668,43.369998931884766,672600,-0.32,2014-01-27,04,2014,27,Monday,0.10659999999999996,0.5563257139482229
34.84303283691406,43.97999954223633,44.119998931884766,43.77000045776367,43.79999923706055,695500,1.011,2014-01-28,04,2014,28,Tuesday,0.10659999999999996,0.5563257139482229
34.72419738769531,43.83000183105469,44.04999923706055,43.439998626708984,43.90999984741211,515600,-0.341,2014-01-29,04,2014,29,Wednesday,0.10659999999999996,0.5563257139482229
34.80341720581055,43.93000030517578,44.380001068115234,43.93000030517578,44.220001220703125,324300,0.228,2014-01-30,04,2014,30,Thursday,0.10659999999999996,0.5563257139482229
34.78758239746094,43.90999984741211,44.09000015258789,43.34000015258789,43.68000030517578,537200,-0.045,2014-01-31,04,2014,31,Friday,0.10659999999999996,0.5563257139482229
33.88441848754883,42.77000045776367,43.83000183105469,42.7400016784668,43.83000183105469,269200,-2.596,2014-02-03,05,2014,3,Monday,-0.05120000000000002,1.7627344383088452
34.33599853515625,43.34000015258789,43.54999923706055,42.869998931884766,42.900001525878906,1763900,1.333,2014-02-04,05,2014,4,Tuesday,-0.05120000000000002,1.7627344383088452
33.94778823852539,42.849998474121094,43.119998931884766,42.529998779296875,42.91999816894531,865000,-1.131,2014-02-05,05,2014,5,Wednesday,-0.05120000000000002,1.7627344383088452
34.454833984375,43.4900016784668,43.54999923706055,42.970001220703125,42.9900016784668,393800,1.494,2014-02-06,05,2014,6,Thursday,-0.05120000000000002,1.7627344383088452
34.67665481567383,43.77000045776367,44.099998474121094,43.56999969482422,43.97999954223633,376400,0.644,2014-02-07,05,2014,7,Friday,-0.05120000000000002,1.7627344383088452
34.4469108581543,43.47999954223633,43.7400016784668,43.220001220703125,43.7400016784668,383900,-0.663,2014-02-10,06,2014,10,Monday,0.7505999999999999,1.4116530381081607
35.492671966552734,44.79999923706055,44.81999969482422,44.11000061035156,44.119998931884766,226300,3.036,2014-02-11,06,2014,11,Tuesday,0.7505999999999999,1.4116530381081607
35.453067779541016,44.75,45.439998626708984,44.720001220703125,45.11000061035156,297900,-0.112,2014-02-12,06,2014,12,Wednesday,0.7505999999999999,1.4116530381081607
35.69865036010742,45.060001373291016,45.060001373291016,44.45000076293945,44.47999954223633,254800,0.693,2014-02-13,06,2014,13,Thursday,0.7505999999999999,1.4116530381081607
35.98386764526367,45.41999816894531,45.59000015258789,45.0099983215332,45.15999984741211,134400,0.799,2014-02-14,06,2014,14,Friday,0.7505999999999999,1.4116530381081607
35.928409576416016,45.349998474121094,45.560001373291016,45.220001220703125,45.470001220703125,113300,-0.154,2014-02-18,07,2014,18,Tuesday,-0.0325,0.3439500932790492
36.03140640258789,45.47999954223633,45.779998779296875,45.209999084472656,45.4900016784668,536200,0.287,2014-02-19,07,2014,19,Wednesday,-0.0325,0.3439500932790492
35.86502456665039,45.27000045776367,45.43000030517578,44.810001373291016,45.150001525878906,304300,-0.462,2014-02-20,07,2014,20,Thursday,-0.0325,0.3439500932790492
35.936336517333984,45.36000061035156,45.369998931884766,45.09000015258789,45.209999084472656,101400,0.199,2014-02-21,07,2014,21,Friday,-0.0325,0.3439500932790492
35.54813766479492,44.869998931884766,45.16999816894531,44.66999816894531,44.83000183105469,208700,-1.08,2014-02-24,08,2014,24,Monday,-0.0284,1.6740050179136263
34.93810272216797,44.099998474121094,44.66999816894531,43.970001220703125,44.65999984741211,1099800,-1.716,2014-02-25,08,2014,25,Tuesday,-0.0284,1.6740050179136263
35.096553802490234,44.29999923706055,44.68000030517578,44.279998779296875,44.470001220703125,272400,0.454,2014-02-26,08,2014,26,Wednesday,-0.0284,1.6740050179136263
36.00764083862305,45.45000076293945,45.560001373291016,45.119998931884766,45.279998779296875,306300,2.596,2014-02-27,08,2014,27,Thursday,-0.0284,1.6740050179136263
35.86502456665039,45.27000045776367,45.79999923706055,45.06999969482422,45.79999923706055,362300,-0.396,2014-02-28,08,2014,28,Friday,-0.0284,1.6740050179136263
35.5005989074707,44.810001373291016,44.91999816894531,44.459999084472656,44.83000183105469,756200,-1.016,2014-03-03,09,2014,3,Monday,-0.20259999999999997,1.2077776285392936
35.90464401245117,45.31999969482422,45.45000076293945,45.13999938964844,45.380001068115234,402700,1.138,2014-03-04,09,2014,4,Tuesday,-0.20259999999999997,1.2077776285392936
35.556053161621094,44.880001068115234,44.90999984741211,44.540000915527344,44.810001373291016,183500,-0.971,2014-03-05,09,2014,5,Wednesday,-0.20259999999999997,1.2077776285392936
35.94425582885742,45.369998931884766,45.599998474121094,44.880001068115234,45.16999816894531,515400,1.092,2014-03-06,09,2014,6,Thursday,-0.20259999999999997,1.2077776285392936
35.492671966552734,44.79999923706055,45.22999954223633,44.52000045776367,44.900001525878906,1390900,-1.256,2014-03-07,09,2014,7,Friday,-0.20259999999999997,1.2077776285392936
34.993560791015625,44.16999816894531,44.16999816894531,43.779998779296875,44.040000915527344,1253200,-1.406,2014-03-10,10,2014,10,Monday,-1.0826,0.8515960309912207
34.54197311401367,43.599998474121094,44.33000183105469,43.47999954223633,44.290000915527344,953200,-1.29,2014-03-11,10,2014,11,Tuesday,-1.0826,0.8515960309912207
34.42314910888672,43.45000076293945,43.52000045776367,43.029998779296875,43.2400016784668,373100,-0.344,2014-03-12,10,2014,12,Wednesday,-1.0826,0.8515960309912207
33.654659271240234,42.47999954223633,43.33000183105469,42.25,43.290000915527344,226700,-2.232,2014-03-13,10,2014,13,Thursday,-1.0826,0.8515960309912207
33.60712814331055,42.41999816894531,42.83000183105469,42.290000915527344,42.5,655900,-0.141,2014-03-14,10,2014,14,Friday,-1.0826,0.8515960309912207
33.686344146728516,42.52000045776367,42.86000061035156,42.5,42.66999816894531,445700,0.236,2014-03-17,11,2014,17,Monday,0.4528,1.486715406525405
34.22508239746094,43.20000076293945,43.33000183105469,42.93000030517578,42.939998626708984,542100,1.599,2014-03-18,11,2014,18,Tuesday,0.4528,1.486715406525405
33.74972915649414,42.599998474121094,43.13999938964844,42.369998931884766,42.720001220703125,152000,-1.389,2014-03-19,11,2014,19,Wednesday,0.4528,1.486715406525405
33.59920883178711,42.40999984741211,42.470001220703125,41.88999938964844,42.15999984741211,105500,-0.446,2014-03-20,11,2014,20,Thursday,0.4528,1.486715406525405
34.35976028442383,43.369998931884766,43.939998626708984,43.13999938964844,43.150001525878906,396500,2.264,2014-03-21,11,2014,21,Friday,0.4528,1.486715406525405
34.6212043762207,43.70000076293945,43.869998931884766,43.54999923706055,43.869998931884766,1367600,0.761,2014-03-24,12,2014,24,Monday,0.7114,0.7476210938704178
34.866798400878906,44.0099983215332,44.189998626708984,43.79999923706055,43.880001068115234,677400,0.709,2014-03-25,12,2014,25,Tuesday,0.7114,0.7476210938704178
34.7796516418457,43.900001525878906,44.369998931884766,43.88999938964844,44.130001068115234,172500,-0.25,2014-03-26,12,2014,26,Wednesday,0.7114,0.7476210938704178
34.95395278930664,44.119998931884766,44.2400016784668,43.91999816894531,43.939998626708984,407400,0.501,2014-03-27,12,2014,27,Thursday,0.7114,0.7476210938704178
35.595672607421875,44.93000030517578,45.2599983215332,44.70000076293945,44.70000076293945,369000,1.836,2014-03-28,12,2014,28,Friday,0.7114,0.7476210938704178
35.64319610595703,44.9900016784668,45.2400016784668,44.93000030517578,45.0099983215332,228300,0.134,2014-03-31,13,2014,31,Monday,0.028200000000000024,0.6072167652494453
35.928409576416016,45.349998474121094,45.470001220703125,45.099998474121094,45.470001220703125,872700,0.8,2014-04-01,13,2014,1,Tuesday,0.028200000000000024,0.6072167652494453
36.02348327636719,45.470001220703125,45.560001373291016,45.20000076293945,45.31999969482422,440000,0.265,2014-04-02,13,2014,2,Wednesday,0.028200000000000024,0.6072167652494453
35.94425582885742,45.369998931884766,45.400001525878906,44.93000030517578,45.38999938964844,410000,-0.22,2014-04-03,13,2014,3,Thursday,0.028200000000000024,0.6072167652494453
35.64319610595703,44.9900016784668,45.900001525878906,44.90999984741211,45.540000915527344,619800,-0.838,2014-04-04,13,2014,4,Friday,0.028200000000000024,0.6072167652494453
35.75411605834961,45.130001068115234,45.2599983215332,44.86000061035156,45.099998474121094,1054900,0.311,2014-04-07,14,2014,7,Monday,0.4008,0.9842998526871778
36.18984603881836,45.68000030517578,46.04999923706055,45.58000183105469,45.59000015258789,382600,1.219,2014-04-08,14,2014,8,Tuesday,0.4008,0.9842998526871778
36.68104553222656,46.29999923706055,46.43000030517578,45.720001220703125,46.22999954223633,281800,1.357,2014-04-09,14,2014,9,Wednesday,0.4008,0.9842998526871778
36.7602653503418,46.400001525878906,47.27000045776367,46.31999969482422,46.790000915527344,529100,0.216,2014-04-10,14,2014,10,Thursday,0.4008,0.9842998526871778
36.35622787475586,45.88999938964844,45.970001220703125,45.720001220703125,45.81999969482422,567400,-1.099,2014-04-11,14,2014,11,Friday,0.4008,0.9842998526871778
36.34831237792969,45.880001068115234,46.16999816894531,45.65999984741211,46.16999816894531,438700,-0.022,2014-04-14,15,2014,14,Monday,-0.2422499999999999,1.5860738475871796
35.44514846801758,44.7400016784668,45.15999984741211,44.33000183105469,45.15999984741211,698900,-2.485,2014-04-15,15,2014,15,Tuesday,-0.2422499999999999,1.5860738475871796
35.88087463378906,45.290000915527344,45.43000030517578,45.029998779296875,45.11000061035156,320700,1.229,2014-04-16,15,2014,16,Wednesday,-0.2422499999999999,1.5860738475871796
35.99179458618164,45.43000030517578,45.630001068115234,45.11000061035156,45.34000015258789,203500,0.309,2014-04-17,15,2014,17,Thursday,-0.2422499999999999,1.5860738475871796
35.762046813964844,45.13999938964844,45.349998474121094,44.88999938964844,45.31999969482422,135700,-0.638,2014-04-21,16,2014,21,Monday,-0.6098,0.36812253394759736
35.5639762878418,44.88999938964844,45.279998779296875,44.81999969482422,45.060001373291016,2823400,-0.554,2014-04-22,16,2014,22,Tuesday,-0.6098,0.36812253394759736
35.22330856323242,44.459999084472656,44.529998779296875,44.20000076293945,44.529998779296875,202300,-0.958,2014-04-23,16,2014,23,Wednesday,-0.6098,0.36812253394759736
35.21539306640625,44.45000076293945,44.58000183105469,44.09000015258789,44.52000045776367,808500,-0.022,2014-04-24,16,2014,24,Thursday,-0.6098,0.36812253394759736
34.90641403198242,44.060001373291016,44.08000183105469,43.56999969482422,43.900001525878906,205000,-0.877,2014-04-25,16,2014,25,Friday,-0.6098,0.36812253394759736
34.54197311401367,43.599998474121094,43.7599983215332,43.380001068115234,43.630001068115234,645100,-1.044,2014-04-28,17,2014,28,Monday,0.030600000000000006,0.937232521842899
34.98563003540039,44.15999984741211,44.400001525878906,43.91999816894531,43.91999816894531,443700,1.284,2014-04-29,17,2014,29,Tuesday,0.030600000000000006,0.937232521842899
34.73212432861328,43.84000015258789,43.880001068115234,43.630001068115234,43.84000015258789,207600,-0.725,2014-04-30,17,2014,30,Wednesday,0.030600000000000006,0.937232521842899
34.78758239746094,43.90999984741211,44.13999938964844,43.7400016784668,43.88999938964844,185000,0.16,2014-05-01,17,2014,1,Thursday,0.030600000000000006,0.937232521842899
34.95395278930664,44.119998931884766,44.22999954223633,43.88999938964844,43.959999084472656,184400,0.478,2014-05-02,17,2014,2,Friday,0.030600000000000006,0.937232521842899
34.63705062866211,43.720001220703125,43.77000045776367,43.52000045776367,43.68000030517578,99300,-0.907,2014-05-05,18,2014,5,Monday,-0.37860000000000005,0.36453161728442707
34.64496994018555,43.72999954223633,44.0099983215332,43.59000015258789,43.75,77600,0.023,2014-05-06,18,2014,6,Tuesday,-0.37860000000000005,0.36453161728442707
34.53404998779297,43.59000015258789,43.630001068115234,43.27000045776367,43.459999084472656,1633400,-0.32,2014-05-07,18,2014,7,Wednesday,-0.37860000000000005,0.36453161728442707
34.34391403198242,43.349998474121094,43.63999938964844,43.31999969482422,43.58000183105469,225000,-0.551,2014-05-08,18,2014,8,Thursday,-0.37860000000000005,0.36453161728442707
34.296382904052734,43.290000915527344,43.47999954223633,43.16999816894531,43.22999954223633,255400,-0.138,2014-05-09,18,2014,9,Friday,-0.37860000000000005,0.36453161728442707
35.06486511230469,44.2599983215332,44.290000915527344,44.0099983215332,44.0099983215332,313100,2.241,2014-05-12,19,2014,12,Monday,0.817,0.9325650111386337
35.21539306640625,44.45000076293945,44.560001373291016,44.220001220703125,44.25,307200,0.429,2014-05-13,19,2014,13,Tuesday,0.817,0.9325650111386337
35.556053161621094,44.880001068115234,45.06999969482422,44.849998474121094,44.93000030517578,251700,0.967,2014-05-14,19,2014,14,Wednesday,0.817,0.9325650111386337
35.44514846801758,44.7400016784668,44.83000183105469,44.45000076293945,44.83000183105469,114800,-0.312,2014-05-15,19,2014,15,Thursday,0.817,0.9325650111386337
35.714500427246094,45.08000183105469,45.11000061035156,44.689998626708984,44.79999923706055,107000,0.76,2014-05-16,19,2014,16,Friday,0.817,0.9325650111386337
35.60358810424805,44.939998626708984,44.97999954223633,44.810001373291016,44.869998931884766,826700,-0.311,2014-05-19,20,2014,19,Monday,0.32399999999999995,0.755525644832788
35.453067779541016,44.75,44.93000030517578,44.54999923706055,44.810001373291016,147200,-0.423,2014-05-20,20,2014,20,Tuesday,0.32399999999999995,0.755525644832788
35.85710906982422,45.2599983215332,45.31999969482422,45.15999984741211,45.279998779296875,218000,1.14,2014-05-21,20,2014,21,Wednesday,0.32399999999999995,0.755525644832788
36.25322341918945,45.7599983215332,45.79999923706055,45.63999938964844,45.63999938964844,75000,1.105,2014-05-22,20,2014,22,Thursday,0.32399999999999995,0.755525644832788
36.292842864990234,45.810001373291016,45.880001068115234,45.72999954223633,45.79999923706055,326400,0.109,2014-05-23,20,2014,23,Friday,0.32399999999999995,0.755525644832788
36.118560791015625,45.59000015258789,45.84000015258789,45.41999816894531,45.779998779296875,120800,-0.48,2014-05-27,21,2014,27,Tuesday,0.028250000000000018,0.48207079355629917
36.36415481567383,45.900001525878906,46.029998779296875,45.77000045776367,46.02000045776367,236200,0.68,2014-05-28,21,2014,28,Wednesday,0.028250000000000018,0.48207079355629917
36.33245849609375,45.86000061035156,45.91999816894531,45.7599983215332,45.79999923706055,72100,-0.087,2014-05-29,21,2014,29,Thursday,0.028250000000000018,0.48207079355629917
36.33245849609375,45.86000061035156,46.15999984741211,45.790000915527344,46.040000915527344,381200,0.0,2014-05-30,21,2014,30,Friday,0.028250000000000018,0.48207079355629917
36.61766815185547,46.220001220703125,46.29999923706055,45.970001220703125,45.970001220703125,164700,0.785,2014-06-02,22,2014,2,Monday,0.233,0.847249372971146
36.96625900268555,46.65999984741211,46.790000915527344,46.22999954223633,46.22999954223633,689500,0.952,2014-06-03,22,2014,3,Tuesday,0.233,0.847249372971146
36.633514404296875,46.2400016784668,46.290000915527344,46.06999969482422,46.06999969482422,157600,-0.9,2014-06-04,22,2014,4,Wednesday,0.233,0.847249372971146
36.91872024536133,46.599998474121094,46.65999984741211,46.33000183105469,46.439998626708984,145700,0.779,2014-06-05,22,2014,5,Thursday,0.233,0.847249372971146
36.752349853515625,46.38999938964844,46.43000030517578,46.290000915527344,46.290000915527344,157000,-0.451,2014-06-06,22,2014,6,Friday,0.233,0.847249372971146
37.08509826660156,46.810001373291016,46.880001068115234,46.54999923706055,46.56999969482422,592000,0.905,2014-06-09,23,2014,9,Monday,0.42140000000000005,0.7838381848315379
37.346534729003906,47.13999938964844,47.15999984741211,46.9900016784668,47.130001068115234,155500,0.705,2014-06-10,23,2014,10,Tuesday,0.42140000000000005,0.7838381848315379
37.08509826660156,46.810001373291016,46.939998626708984,46.720001220703125,46.939998626708984,146500,-0.7,2014-06-11,23,2014,11,Wednesday,0.42140000000000005,0.7838381848315379
37.069244384765625,46.790000915527344,46.9900016784668,46.599998474121094,46.91999816894531,670800,-0.043,2014-06-12,23,2014,12,Thursday,0.42140000000000005,0.7838381848315379
37.528751373291016,47.369998931884766,47.41999816894531,47.06999969482422,47.119998931884766,269400,1.24,2014-06-13,23,2014,13,Friday,0.42140000000000005,0.7838381848315379
37.425758361816406,47.2400016784668,47.290000915527344,47.06999969482422,47.27000045776367,123200,-0.274,2014-06-16,24,2014,16,Monday,-0.1642,0.49569718578987315
37.425758361816406,47.2400016784668,47.72999954223633,47.0,47.02000045776367,223800,0.0,2014-06-17,24,2014,17,Tuesday,-0.1642,0.49569718578987315
37.60797882080078,47.470001220703125,47.5,46.86000061035156,47.189998626708984,649700,0.487,2014-06-18,24,2014,18,Wednesday,-0.1642,0.49569718578987315
37.275238037109375,47.04999923706055,47.130001068115234,46.91999816894531,47.06999969482422,610900,-0.885,2014-06-19,24,2014,19,Thursday,-0.1642,0.49569718578987315
37.21976852416992,46.97999954223633,47.06999969482422,46.900001525878906,47.06999969482422,134100,-0.149,2014-06-20,24,2014,20,Friday,-0.1642,0.49569718578987315
36.768192291259766,46.40999984741211,46.529998779296875,46.29999923706055,46.45000076293945,136700,-1.213,2014-06-23,25,2014,23,Monday,0.09399999999999997,0.9033376998664453
36.633514404296875,46.2400016784668,46.68000030517578,46.20000076293945,46.529998779296875,224100,-0.366,2014-06-24,25,2014,24,Tuesday,0.09399999999999997,0.9033376998664453
36.91361999511719,45.86000061035156,45.91999816894531,45.599998474121094,45.599998474121094,109500,0.765,2014-06-25,25,2014,25,Wednesday,0.09399999999999997,0.9033376998664453
37.29193115234375,46.33000183105469,46.45000076293945,46.2400016784668,46.369998931884766,77900,1.025,2014-06-26,25,2014,26,Thursday,0.09399999999999997,0.9033376998664453
37.38852310180664,46.45000076293945,46.47999954223633,46.189998626708984,46.27000045776367,52900,0.259,2014-06-27,25,2014,27,Friday,0.09399999999999997,0.9033376998664453
37.32413101196289,46.369998931884766,46.54999923706055,46.310001373291016,46.52000045776367,92100,-0.172,2014-06-30,26,2014,30,Monday,0.72575,0.6564106311347088
37.58976364135742,46.70000076293945,46.83000183105469,46.650001525878906,46.66999816894531,86600,0.712,2014-07-01,26,2014,1,Tuesday,0.72575,0.6564106311347088
38.10490798950195,47.34000015258789,47.38999938964844,47.220001220703125,47.31999969482422,391100,1.37,2014-07-02,26,2014,2,Wednesday,0.72575,0.6564106311347088
38.48322296142578,47.810001373291016,47.849998474121094,47.529998779296875,47.54999923706055,1190900,0.993,2014-07-03,26,2014,3,Thursday,0.72575,0.6564106311347088
38.587860107421875,47.939998626708984,47.939998626708984,47.68000030517578,47.779998779296875,138600,0.272,2014-07-07,27,2014,7,Monday,-0.16279999999999997,0.48919035149929113
38.37052536010742,47.66999816894531,47.810001373291016,47.470001220703125,47.810001373291016,84200,-0.563,2014-07-08,27,2014,8,Tuesday,-0.16279999999999997,0.48919035149929113
38.23368835449219,47.5,47.529998779296875,47.150001525878906,47.18000030517578,288400,-0.357,2014-07-09,27,2014,9,Wednesday,-0.16279999999999997,0.48919035149929113
38.00027084350586,47.209999084472656,47.220001220703125,46.52000045776367,46.68000030517578,154000,-0.611,2014-07-10,27,2014,10,Thursday,-0.16279999999999997,0.48919035149929113
38.16929626464844,47.41999816894531,47.45000076293945,47.119998931884766,47.2400016784668,71900,0.445,2014-07-11,27,2014,11,Friday,-0.16279999999999997,0.48919035149929113
38.60395431518555,47.959999084472656,47.959999084472656,47.720001220703125,47.849998474121094,40600,1.139,2014-07-14,28,2014,14,Monday,0.2016,1.0050625851159718
38.61200714111328,47.970001220703125,48.06999969482422,47.709999084472656,47.95000076293945,138100,0.021,2014-07-15,28,2014,15,Tuesday,0.2016,1.0050625851159718
38.853477478027344,48.27000045776367,48.29999923706055,48.099998474121094,48.119998931884766,70900,0.625,2014-07-16,28,2014,16,Wednesday,0.2016,1.0050625851159718
38.2900390625,47.56999969482422,47.939998626708984,47.470001220703125,47.90999984741211,1642900,-1.45,2014-07-17,28,2014,17,Thursday,0.2016,1.0050625851159718
38.547603607177734,47.88999938964844,48.04999923706055,47.83000183105469,47.849998474121094,231400,0.673,2014-07-18,28,2014,18,Friday,0.2016,1.0050625851159718
38.56370162963867,47.90999984741211,47.91999816894531,47.40999984741211,47.47999954223633,66400,0.042,2014-07-21,29,2014,21,Monday,0.7756000000000001,0.7876885805951487
39.288143157958984,48.810001373291016,48.880001068115234,48.689998626708984,48.709999084472656,247700,1.879,2014-07-22,29,2014,22,Tuesday,0.7756000000000001,0.7876885805951487
39.690589904785156,49.310001373291016,49.40999984741211,49.15999984741211,49.22999954223633,621800,1.024,2014-07-23,29,2014,23,Wednesday,0.7756000000000001,0.7876885805951487
40.06890869140625,49.779998779296875,49.93000030517578,49.529998779296875,49.65999984741211,227800,0.953,2014-07-24,29,2014,24,Thursday,0.7756000000000001,0.7876885805951487
40.060855865478516,49.77000045776367,49.849998474121094,49.61000061035156,49.790000915527344,132900,-0.02,2014-07-25,29,2014,25,Friday,0.7756000000000001,0.7876885805951487
40.70479965209961,50.56999969482422,50.599998474121094,50.08000183105469,50.16999816894531,122900,1.607,2014-07-28,30,2014,28,Monday,0.0732,1.1505156235358127
40.59210968017578,50.43000030517578,50.75,50.36000061035156,50.70000076293945,256100,-0.277,2014-07-29,30,2014,29,Tuesday,0.0732,1.1505156235358127
40.294288635253906,50.060001373291016,50.560001373291016,49.83000183105469,50.560001373291016,331200,-0.734,2014-07-30,30,2014,30,Wednesday,0.0732,1.1505156235358127
39.835479736328125,49.4900016784668,50.060001373291016,49.45000076293945,50.040000915527344,1160800,-1.139,2014-07-31,30,2014,31,Thursday,0.0732,1.1505156235358127
40.197696685791016,49.939998626708984,50.11000061035156,49.45000076293945,49.45000076293945,1857600,0.909,2014-08-01,30,2014,1,Friday,0.0732,1.1505156235358127
40.632354736328125,50.47999954223633,50.52000045776367,50.11000061035156,50.27000045776367,469100,1.081,2014-08-04,31,2014,4,Monday,0.12940000000000002,1.1811804688530876
40.21379089355469,49.959999084472656,50.2400016784668,49.79999923706055,50.099998474121094,1048200,-1.03,2014-08-05,31,2014,5,Tuesday,0.12940000000000002,1.1811804688530876
40.044769287109375,49.75,50.0,49.689998626708984,49.779998779296875,812800,-0.42,2014-08-06,31,2014,6,Wednesday,0.12940000000000002,1.1811804688530876
39.77914047241211,49.41999816894531,49.81999969482422,49.25,49.81999969482422,927600,-0.663,2014-08-07,31,2014,7,Thursday,0.12940000000000002,1.1811804688530876
40.44721984863281,50.25,50.33000183105469,49.83000183105469,49.86000061035156,159100,1.679,2014-08-08,31,2014,8,Friday,0.12940000000000002,1.1811804688530876
40.88992691040039,50.79999923706055,50.91999816894531,50.58000183105469,50.59000015258789,670700,1.095,2014-08-11,32,2014,11,Monday,0.2602,0.8321230077338326
40.96236801147461,50.88999938964844,50.88999938964844,50.59000015258789,50.709999084472656,670000,0.177,2014-08-12,32,2014,12,Tuesday,0.2602,0.8321230077338326
41.37287521362305,51.400001525878906,51.540000915527344,51.220001220703125,51.36000061035156,605400,1.002,2014-08-13,32,2014,13,Wednesday,0.2602,0.8321230077338326
40.98651885986328,50.91999816894531,50.970001220703125,50.810001373291016,50.93000030517578,614200,-0.934,2014-08-14,32,2014,14,Thursday,0.2602,0.8321230077338326
40.97041320800781,50.900001525878906,51.18000030517578,50.630001068115234,51.18000030517578,405000,-0.039,2014-08-15,32,2014,15,Friday,0.2602,0.8321230077338326
41.219940185546875,51.209999084472656,51.27000045776367,51.04999923706055,51.11000061035156,198100,0.609,2014-08-18,33,2014,18,Monday,-0.093,0.6269916267383481
41.29238510131836,51.29999923706055,51.349998474121094,51.20000076293945,51.31999969482422,240800,0.176,2014-08-19,33,2014,19,Tuesday,-0.093,0.6269916267383481
41.19580078125,51.18000030517578,51.310001373291016,51.06999969482422,51.06999969482422,169600,-0.234,2014-08-20,33,2014,20,Wednesday,-0.093,0.6269916267383481
40.753089904785156,50.630001068115234,50.91999816894531,50.58000183105469,50.90999984741211,338700,-1.075,2014-08-21,33,2014,21,Thursday,-0.093,0.6269916267383481
40.77724838256836,50.65999984741211,50.90999984741211,50.59000015258789,50.900001525878906,356500,0.059,2014-08-22,33,2014,22,Friday,-0.093,0.6269916267383481
41.09115982055664,51.04999923706055,51.04999923706055,50.869998931884766,50.93000030517578,212100,0.77,2014-08-25,34,2014,25,Monday,-0.20739999999999995,0.8097022909687238
41.099212646484375,51.060001373291016,51.08000183105469,50.900001525878906,50.900001525878906,250600,0.02,2014-08-26,34,2014,26,Tuesday,-0.20739999999999995,0.8097022909687238
40.881874084472656,50.790000915527344,50.810001373291016,50.689998626708984,50.779998779296875,67200,-0.529,2014-08-27,34,2014,27,Wednesday,-0.20739999999999995,0.8097022909687238
40.310394287109375,50.08000183105469,50.11000061035156,49.869998931884766,50.0,136200,-1.398,2014-08-28,34,2014,28,Thursday,-0.20739999999999995,0.8097022909687238
40.35063552856445,50.130001068115234,50.4900016784668,50.060001373291016,50.33000183105469,763600,0.1,2014-08-29,34,2014,29,Friday,-0.20739999999999995,0.8097022909687238
40.60014724731445,50.439998626708984,50.59000015258789,50.369998931884766,50.5099983215332,379600,0.618,2014-09-02,35,2014,2,Tuesday,1.12875,1.2606372396530259
41.79949188232422,51.93000030517578,52.11000061035156,51.77000045776367,51.97999954223633,160800,2.954,2014-09-03,35,2014,3,Wednesday,1.12875,1.2606372396530259
41.8316764831543,51.970001220703125,52.31999969482422,51.86000061035156,52.290000915527344,283900,0.077,2014-09-04,35,2014,4,Thursday,1.12875,1.2606372396530259
42.19389724731445,52.41999816894531,52.41999816894531,51.90999984741211,52.06999969482422,435700,0.866,2014-09-05,35,2014,5,Friday,1.12875,1.2606372396530259
41.960472106933594,52.130001068115234,52.279998779296875,51.939998626708984,52.2400016784668,284000,-0.553,2014-09-08,36,2014,8,Monday,-0.7468,0.31832797552210207
41.630455017089844,51.720001220703125,52.08000183105469,51.66999816894531,52.08000183105469,2009800,-0.786,2014-09-09,36,2014,9,Tuesday,-0.7468,0.31832797552210207
41.099212646484375,51.060001373291016,51.16999816894531,50.709999084472656,50.84000015258789,620800,-1.276,2014-09-10,36,2014,10,Wednesday,-0.7468,0.31832797552210207
40.906028747558594,50.81999969482422,50.88999938964844,50.59000015258789,50.63999938964844,419000,-0.47,2014-09-11,36,2014,11,Thursday,-0.7468,0.31832797552210207
40.640403747558594,50.4900016784668,50.689998626708984,50.349998474121094,50.689998626708984,1250200,-0.649,2014-09-12,36,2014,12,Friday,-0.7468,0.31832797552210207
40.109153747558594,49.83000183105469,50.16999816894531,49.7400016784668,50.09000015258789,551700,-1.307,2014-09-15,37,2014,15,Monday,-0.4528,0.8176822121093255
40.4069709777832,50.20000076293945,50.650001525878906,49.290000915527344,49.349998474121094,993400,0.743,2014-09-16,37,2014,16,Tuesday,-0.4528,0.8176822121093255
40.1413459777832,49.869998931884766,50.310001373291016,49.75,50.209999084472656,371900,-0.657,2014-09-17,37,2014,17,Wednesday,-0.4528,0.8176822121093255
40.1252555847168,49.849998474121094,49.939998626708984,49.7400016784668,49.84000015258789,89700,-0.04,2014-09-18,37,2014,18,Thursday,-0.4528,0.8176822121093255
39.72279357910156,49.349998474121094,49.90999984741211,49.209999084472656,49.84000015258789,271400,-1.003,2014-09-19,37,2014,19,Friday,-0.4528,0.8176822121093255
39.01446533203125,48.470001220703125,49.0,48.31999969482422,49.0,367600,-1.783,2014-09-22,38,2014,22,Monday,-0.3284,1.5880914016516807
38.80517578125,48.209999084472656,48.599998474121094,48.18000030517578,48.369998931884766,423100,-0.536,2014-09-23,38,2014,23,Tuesday,-0.3284,1.5880914016516807
39.60205841064453,49.20000076293945,49.349998474121094,48.709999084472656,48.95000076293945,496300,2.054,2014-09-24,38,2014,24,Wednesday,-0.3284,1.5880914016516807
38.93397521972656,48.369998931884766,48.63999938964844,48.20000076293945,48.63999938964844,229100,-1.687,2014-09-25,38,2014,25,Thursday,-0.3284,1.5880914016516807
39.054710388183594,48.52000045776367,48.689998626708984,48.38999938964844,48.43000030517578,189600,0.31,2014-09-26,38,2014,26,Friday,-0.3284,1.5880914016516807
38.07271194458008,47.29999923706055,47.52000045776367,47.220001220703125,47.52000045776367,382000,-2.514,2014-09-29,39,2014,29,Monday,-0.5728,1.6519983958829985
38.13710403442383,47.380001068115234,47.470001220703125,47.08000183105469,47.16999816894531,796300,0.169,2014-09-30,39,2014,30,Tuesday,-0.5728,1.6519983958829985
37.42072677612305,46.4900016784668,47.18000030517578,46.45000076293945,47.15999984741211,654400,-1.878,2014-10-01,39,2014,1,Wednesday,-0.5728,1.6519983958829985
37.32413101196289,46.369998931884766,46.599998474121094,45.59000015258789,46.459999084472656,1207100,-0.258,2014-10-02,39,2014,2,Thursday,-0.5728,1.6519983958829985
37.92782211303711,47.119998931884766,47.369998931884766,46.9900016784668,47.33000183105469,753800,1.617,2014-10-03,39,2014,3,Friday,-0.5728,1.6519983958829985
38.6764030456543,48.04999923706055,48.220001220703125,47.95000076293945,48.060001373291016,1233600,1.974,2014-10-06,40,2014,6,Monday,-0.10180000000000003,1.790838965401412
38.378578186035156,47.68000030517578,48.09000015258789,47.65999984741211,48.060001373291016,195700,-0.77,2014-10-07,40,2014,7,Tuesday,-0.10180000000000003,1.790838965401412
39.00641632080078,48.459999084472656,48.58000183105469,47.58000183105469,47.790000915527344,974800,1.636,2014-10-08,40,2014,8,Wednesday,-0.10180000000000003,1.790838965401412
38.44297409057617,47.7599983215332,48.25,47.599998474121094,48.189998626708984,1109000,-1.444,2014-10-09,40,2014,9,Thursday,-0.10180000000000003,1.790838965401412
37.71049118041992,46.849998474121094,47.36000061035156,46.83000183105469,47.36000061035156,301400,-1.905,2014-10-10,40,2014,10,Friday,-0.10180000000000003,1.790838965401412
37.935874938964844,47.130001068115234,47.720001220703125,47.099998474121094,47.400001525878906,359400,0.598,2014-10-13,41,2014,13,Monday,0.18039999999999998,0.6338365719962836
37.97611618041992,47.18000030517578,47.45000076293945,46.880001068115234,47.09000015258789,311400,0.106,2014-10-14,41,2014,14,Tuesday,0.18039999999999998,0.6338365719962836
37.799034118652344,46.959999084472656,47.04999923706055,45.900001525878906,46.650001525878906,1375000,-0.466,2014-10-15,41,2014,15,Wednesday,0.18039999999999998,0.6338365719962836
37.66219711303711,46.790000915527344,47.150001525878906,46.02000045776367,46.09000015258789,542900,-0.362,2014-10-16,41,2014,16,Thursday,0.18039999999999998,0.6338365719962836
38.048561096191406,47.27000045776367,47.70000076293945,47.22999954223633,47.5099983215332,386300,1.026,2014-10-17,41,2014,17,Friday,0.18039999999999998,0.6338365719962836
38.14515686035156,47.38999938964844,47.41999816894531,47.0099983215332,47.09000015258789,214300,0.254,2014-10-20,42,2014,20,Monday,0.2364,0.2903580548219732
38.26589584350586,47.540000915527344,47.79999923706055,47.380001068115234,47.380001068115234,279700,0.317,2014-10-21,42,2014,21,Tuesday,0.2364,0.2903580548219732
38.17734909057617,47.43000030517578,47.779998779296875,47.369998931884766,47.709999084472656,291600,-0.231,2014-10-22,42,2014,22,Wednesday,0.2364,0.2903580548219732
38.39468002319336,47.70000076293945,47.939998626708984,47.630001068115234,47.77000045776367,242100,0.569,2014-10-23,42,2014,23,Thursday,0.2364,0.2903580548219732
38.49931716918945,47.83000183105469,48.0099983215332,47.630001068115234,47.720001220703125,110900,0.273,2014-10-24,42,2014,24,Friday,0.2364,0.2903580548219732
38.08880615234375,47.31999969482422,47.31999969482422,46.97999954223633,47.09000015258789,296700,-1.066,2014-10-27,43,2014,27,Monday,0.5771999999999999,1.2943591850796285
39.00641632080078,48.459999084472656,48.54999923706055,48.119998931884766,48.119998931884766,470100,2.409,2014-10-28,43,2014,28,Tuesday,0.5771999999999999,1.2943591850796285
39.127159118652344,48.61000061035156,49.02000045776367,48.369998931884766,48.90999984741211,983700,0.31,2014-10-29,43,2014,29,Wednesday,0.5771999999999999,1.2943591850796285
39.15935134887695,48.650001525878906,48.84000015258789,48.369998931884766,48.369998931884766,171400,0.082,2014-10-30,43,2014,30,Thursday,0.5771999999999999,1.2943591850796285
39.610107421875,49.209999084472656,49.459999084472656,49.099998474121094,49.45000076293945,397700,1.151,2014-10-31,43,2014,31,Friday,0.5771999999999999,1.2943591850796285
39.352535247802734,48.88999938964844,49.02000045776367,48.70000076293945,49.02000045776367,493100,-0.65,2014-11-03,44,2014,3,Monday,-0.2686,0.4397587975242792
39.52156448364258,49.099998474121094,49.13999938964844,48.83000183105469,49.13999938964844,375500,0.43,2014-11-04,44,2014,4,Tuesday,-0.2686,0.4397587975242792
39.272037506103516,48.790000915527344,48.90999984741211,48.619998931884766,48.81999969482422,424600,-0.631,2014-11-05,44,2014,5,Wednesday,-0.2686,0.4397587975242792
39.1995964050293,48.70000076293945,48.84000015258789,48.54999923706055,48.779998779296875,725400,-0.184,2014-11-06,44,2014,6,Thursday,-0.2686,0.4397587975242792
39.078857421875,48.54999923706055,48.599998474121094,48.2599983215332,48.27000045776367,205500,-0.308,2014-11-07,44,2014,7,Friday,-0.2686,0.4397587975242792
39.13520050048828,48.619998931884766,49.0,48.619998931884766,48.95000076293945,133400,0.144,2014-11-10,45,2014,10,Monday,0.6094,0.8498757556254914
39.25594711303711,48.77000045776367,48.849998474121094,48.58000183105469,48.7400016784668,441500,0.309,2014-11-11,45,2014,11,Tuesday,0.6094,0.8498757556254914
39.2237434387207,48.72999954223633,49.04999923706055,48.66999816894531,48.849998474121094,625100,-0.082,2014-11-12,45,2014,12,Wednesday,0.6094,0.8498757556254914
39.46522521972656,49.029998779296875,49.130001068115234,48.84000015258789,49.130001068115234,305700,0.616,2014-11-13,45,2014,13,Thursday,0.6094,0.8498757556254914
40.2781982421875,50.040000915527344,50.150001525878906,49.70000076293945,49.70000076293945,760200,2.06,2014-11-14,45,2014,14,Friday,0.6094,0.8498757556254914
39.175445556640625,48.66999816894531,48.72999954223633,48.54999923706055,48.709999084472656,162200,-2.738,2014-11-17,46,2014,17,Monday,-0.2648,2.2908844798461576
38.79713821411133,48.20000076293945,48.2400016784668,48.099998474121094,48.18000030517578,410900,-0.966,2014-11-18,46,2014,18,Tuesday,-0.2648,2.2908844798461576
38.59590530395508,47.95000076293945,48.09000015258789,47.720001220703125,47.849998474121094,775500,-0.519,2014-11-19,46,2014,19,Wednesday,-0.2648,2.2908844798461576
38.36247634887695,47.65999984741211,47.81999969482422,47.58000183105469,47.650001525878906,1594100,-0.605,2014-11-20,46,2014,20,Thursday,-0.2648,2.2908844798461576
39.706703186035156,49.33000183105469,49.709999084472656,49.2400016784668,49.400001525878906,766400,3.504,2014-11-21,46,2014,21,Friday,-0.2648,2.2908844798461576
39.68254852294922,49.29999923706055,49.52000045776367,49.2400016784668,49.52000045776367,388800,-0.061,2014-11-24,47,2014,24,Monday,0.23850000000000005,1.758384201475889
39.40887451171875,48.959999084472656,49.43000030517578,48.91999816894531,49.40999984741211,449700,-0.69,2014-11-25,47,2014,25,Tuesday,0.23850000000000005,1.758384201475889
40.51162338256836,50.33000183105469,50.369998931884766,50.0099983215332,50.0099983215332,143300,2.798,2014-11-26,47,2014,26,Wednesday,0.23850000000000005,1.758384201475889
40.06890869140625,49.779998779296875,50.099998474121094,49.70000076293945,50.099998474121094,163600,-1.093,2014-11-28,47,2014,28,Friday,0.23850000000000005,1.758384201475889
39.054710388183594,48.52000045776367,48.66999816894531,48.36000061035156,48.66999816894531,387100,-2.531,2014-12-01,48,2014,1,Monday,0.45859999999999995,2.033495832304556
39.85963821411133,49.52000045776367,49.66999816894531,49.34000015258789,49.369998931884766,288000,2.061,2014-12-02,48,2014,2,Tuesday,0.45859999999999995,2.033495832304556
39.6262092590332,49.22999954223633,49.34000015258789,48.970001220703125,49.04999923706055,432100,-0.586,2014-12-03,48,2014,3,Wednesday,0.45859999999999995,2.033495832304556
40.567970275878906,50.400001525878906,50.52000045776367,50.16999816894531,50.40999984741211,324000,2.377,2014-12-04,48,2014,4,Thursday,0.45859999999999995,2.033495832304556
40.96236801147461,50.88999938964844,50.88999938964844,50.41999816894531,50.790000915527344,279100,0.972,2014-12-05,48,2014,5,Friday,0.45859999999999995,2.033495832304556
40.5438117980957,50.369998931884766,50.86000061035156,50.29999923706055,50.849998474121094,330700,-1.022,2014-12-08,49,2014,8,Monday,-1.0974,1.3685760117728207
39.272037506103516,48.790000915527344,48.84000015258789,48.470001220703125,48.65999984741211,293300,-3.137,2014-12-09,49,2014,9,Tuesday,-1.0974,1.3685760117728207
39.054710388183594,48.52000045776367,49.18000030517578,48.459999084472656,49.11000061035156,616800,-0.553,2014-12-10,49,2014,10,Wednesday,-1.0974,1.3685760117728207
39.29618453979492,48.81999969482422,49.25,48.619998931884766,48.65999984741211,932700,0.618,2014-12-11,49,2014,11,Thursday,-1.0974,1.3685760117728207
38.74884033203125,48.13999938964844,48.68000030517578,48.11000061035156,48.540000915527344,528200,-1.393,2014-12-12,49,2014,12,Friday,-1.0974,1.3685760117728207
38.59590530395508,47.95000076293945,48.5099983215332,47.540000915527344,48.5099983215332,419200,-0.395,2014-12-15,50,2014,15,Monday,0.513,1.1166384822313802
38.451019287109375,47.77000045776367,48.5,47.25,47.369998931884766,320700,-0.375,2014-12-16,50,2014,16,Tuesday,0.513,1.1166384822313802
39.352970123291016,48.43000030517578,48.779998779296875,47.29999923706055,47.75,1193600,2.346,2014-12-17,50,2014,17,Wednesday,0.513,1.1166384822313802
39.58050537109375,48.709999084472656,48.790000915527344,48.29999923706055,48.779998779296875,409100,0.578,2014-12-18,50,2014,18,Thursday,0.513,1.1166384822313802
39.743019104003906,48.90999984741211,49.09000015258789,48.45000076293945,48.45000076293945,296200,0.411,2014-12-19,50,2014,19,Friday,0.513,1.1166384822313802
40.49870681762695,49.84000015258789,49.86000061035156,49.40999984741211,49.40999984741211,250500,1.901,2014-12-22,51,2014,22,Monday,0.6052500000000001,1.8460275142406013
39.98679733276367,49.209999084472656,49.459999084472656,49.04999923706055,49.459999084472656,197000,-1.264,2014-12-23,51,2014,23,Tuesday,0.6052500000000001,1.8460275142406013
39.7186393737793,48.880001068115234,48.939998626708984,48.72999954223633,48.880001068115234,68900,-0.671,2014-12-24,51,2014,24,Wednesday,0.6052500000000001,1.8460275142406013
40.69374084472656,50.08000183105469,50.529998779296875,50.040000915527344,50.119998931884766,231500,2.455,2014-12-26,51,2014,26,Friday,0.6052500000000001,1.8460275142406013
40.66934585571289,50.04999923706055,50.2599983215332,50.040000915527344,50.119998931884766,109700,-0.06,2014-12-29,52,2014,29,Monday,0.10599999999999994,1.3755329876088032
40.18992233276367,49.459999084472656,49.68000030517578,49.40999984741211,49.43000030517578,244000,-1.179,2014-12-30,52,2014,30,Tuesday,0.10599999999999994,1.3755329876088032
40.81562042236328,50.22999954223633,50.43000030517578,50.130001068115234,50.290000915527344,144700,1.557,2014-12-31,52,2014,31,Wednesday,0.10599999999999994,1.3755329876088032
40.83999252319336,50.2599983215332,50.79999923706055,50.16999816894531,50.709999084472656,250700,0.06,2015-01-02,00,2015,2,Friday,0.06,0.0
40.783111572265625,50.189998626708984,50.63999938964844,50.09000015258789,50.63999938964844,278200,-0.139,2015-01-05,01,2015,5,Monday,0.42600000000000005,1.3840883281062664
40.393070220947266,49.709999084472656,50.349998474121094,49.5099983215332,50.25,138000,-0.956,2015-01-06,01,2015,6,Tuesday,0.42600000000000005,1.3840883281062664
41.4250373840332,50.97999954223633,51.06999969482422,50.619998931884766,50.79999923706055,198000,2.555,2015-01-07,01,2015,7,Wednesday,0.42600000000000005,1.3840883281062664
41.83945846557617,51.4900016784668,51.63999938964844,51.349998474121094,51.40999984741211,99300,1.0,2015-01-08,01,2015,8,Thursday,0.42600000000000005,1.3840883281062664
41.701324462890625,51.31999969482422,51.70000076293945,51.150001525878906,51.650001525878906,1036000,-0.33,2015-01-09,01,2015,9,Friday,0.42600000000000005,1.3840883281062664
41.31940460205078,50.849998474121094,51.29999923706055,50.7599983215332,51.29999923706055,159200,-0.916,2015-01-12,02,2015,12,Monday,-0.141,0.9604111098899264
41.790706634521484,51.43000030517578,51.90999984741211,50.970001220703125,51.70000076293945,433200,1.141,2015-01-13,02,2015,13,Tuesday,-0.141,0.9604111098899264
41.36003875732422,50.900001525878906,51.16999816894531,50.630001068115234,51.0099983215332,303800,-1.031,2015-01-14,02,2015,14,Wednesday,-0.141,0.9604111098899264
41.603816986083984,51.20000076293945,51.880001068115234,51.18000030517578,51.709999084472656,138300,0.589,2015-01-15,02,2015,15,Thursday,-0.141,0.9604111098899264
41.400665283203125,50.95000076293945,51.040000915527344,50.400001525878906,50.47999954223633,405100,-0.488,2015-01-16,02,2015,16,Friday,-0.141,0.9604111098899264
41.083770751953125,50.560001373291016,50.630001068115234,50.34000015258789,50.41999816894531,1038600,-0.765,2015-01-20,03,2015,20,Tuesday,0.93225,1.859560230269512
42.40013885498047,52.18000030517578,52.209999084472656,51.45000076293945,51.5,446400,3.204,2015-01-21,03,2015,21,Wednesday,0.93225,1.859560230269512
43.115203857421875,53.060001373291016,53.099998474121094,52.11000061035156,52.27000045776367,677800,1.686,2015-01-22,03,2015,22,Thursday,0.93225,1.859560230269512
42.944557189941406,52.849998474121094,53.0,52.79999923706055,52.810001373291016,236000,-0.396,2015-01-23,03,2015,23,Friday,0.93225,1.859560230269512
42.87141799926758,52.7599983215332,52.97999954223633,52.65999984741211,52.77000045776367,258600,-0.17,2015-01-26,04,2015,26,Monday,-0.9391999999999999,1.1729218644052979
42.17262268066406,51.900001525878906,51.97999954223633,51.52000045776367,51.70000076293945,677300,-1.63,2015-01-27,04,2015,27,Tuesday,-0.9391999999999999,1.1729218644052979
41.56318283081055,51.150001525878906,51.68000030517578,51.060001373291016,51.68000030517578,652500,-1.445,2015-01-28,04,2015,28,Wednesday,-0.9391999999999999,1.1729218644052979
41.855709075927734,51.5099983215332,51.58000183105469,50.959999084472656,51.4900016784668,592800,0.704,2015-01-29,04,2015,29,Thursday,-0.9391999999999999,1.1729218644052979
40.95375442504883,50.400001525878906,51.06999969482422,50.310001373291016,50.9900016784668,1428500,-2.155,2015-01-30,04,2015,30,Friday,-0.9391999999999999,1.1729218644052979
41.522544860839844,51.099998474121094,51.18000030517578,50.7400016784668,50.810001373291016,287000,1.389,2015-02-02,05,2015,2,Monday,0.258,1.50469299194221
42.1157341003418,51.83000183105469,51.95000076293945,51.5,51.5,552500,1.429,2015-02-03,05,2015,3,Tuesday,0.258,1.50469299194221
42.448890686035156,52.2400016784668,52.9900016784668,52.18000030517578,52.619998931884766,528400,0.791,2015-02-04,05,2015,4,Wednesday,0.258,1.50469299194221
42.39200973510742,52.16999816894531,52.29999923706055,51.7599983215332,51.849998474121094,715800,-0.134,2015-02-05,05,2015,5,Thursday,0.258,1.50469299194221
41.465667724609375,51.029998779296875,51.47999954223633,51.0,51.279998779296875,366100,-2.185,2015-02-06,05,2015,6,Friday,0.258,1.50469299194221
41.26252746582031,50.779998779296875,51.029998779296875,50.689998626708984,50.939998626708984,503800,-0.49,2015-02-09,06,2015,9,Monday,0.4258,0.7607234714401812
41.522544860839844,51.099998474121094,51.189998626708984,50.88999938964844,51.09000015258789,183000,0.63,2015-02-10,06,2015,10,Tuesday,0.4258,0.7607234714401812
41.48191833496094,51.04999923706055,51.06999969482422,50.720001220703125,50.88999938964844,392700,-0.098,2015-02-11,06,2015,11,Wednesday,0.4258,0.7607234714401812
42.0994873046875,51.810001373291016,51.88999938964844,51.40999984741211,51.650001525878906,453800,1.489,2015-02-12,06,2015,12,Thursday,0.4258,0.7607234714401812
42.351383209228516,52.119998931884766,52.209999084472656,51.95000076293945,51.95000076293945,438200,0.598,2015-02-13,06,2015,13,Friday,0.4258,0.7607234714401812
42.55453109741211,52.369998931884766,52.459999084472656,52.099998474121094,52.31999969482422,447600,0.48,2015-02-17,07,2015,17,Tuesday,0.178,0.48741016266248144
42.408260345458984,52.189998626708984,52.279998779296875,52.0099983215332,52.18000030517578,208300,-0.344,2015-02-18,07,2015,18,Wednesday,0.178,0.48741016266248144
42.35950469970703,52.130001068115234,52.27000045776367,51.91999816894531,52.060001373291016,102600,-0.115,2015-02-19,07,2015,19,Thursday,0.178,0.48741016266248144
42.65202331542969,52.4900016784668,52.5,51.91999816894531,52.040000915527344,142400,0.691,2015-02-20,07,2015,20,Friday,0.178,0.48741016266248144
42.32699966430664,52.09000015258789,52.47999954223633,51.9900016784668,52.47999954223633,192300,-0.762,2015-02-23,08,2015,23,Monday,0.219,0.8543266354269894
42.830806732177734,52.709999084472656,52.900001525878906,52.31999969482422,52.5099983215332,725300,1.19,2015-02-24,08,2015,24,Tuesday,0.219,0.8543266354269894
42.69266128540039,52.540000915527344,52.689998626708984,52.470001220703125,52.619998931884766,482700,-0.323,2015-02-25,08,2015,25,Wednesday,0.219,0.8543266354269894
43.13145065307617,53.08000183105469,53.209999084472656,52.97999954223633,53.08000183105469,338800,1.028,2015-02-26,08,2015,26,Thursday,0.219,0.8543266354269894
43.115203857421875,53.060001373291016,53.25,52.939998626708984,53.220001220703125,488700,-0.038,2015-02-27,08,2015,27,Friday,0.219,0.8543266354269894
43.31021499633789,53.29999923706055,53.29999923706055,52.810001373291016,52.880001068115234,209000,0.452,2015-03-02,09,2015,2,Monday,-0.921,1.0441781457203556
42.253868103027344,52.0,52.220001220703125,51.900001525878906,52.099998474121094,395600,-2.439,2015-03-03,09,2015,3,Tuesday,-0.921,1.0441781457203556
41.831329345703125,51.47999954223633,51.4900016784668,51.18000030517578,51.459999084472656,440200,-1.0,2015-03-04,09,2015,4,Wednesday,-0.921,1.0441781457203556
41.603816986083984,51.20000076293945,51.459999084472656,51.11000061035156,51.380001068115234,293900,-0.544,2015-03-05,09,2015,5,Thursday,-0.921,1.0441781457203556
41.15689468383789,50.650001525878906,51.08000183105469,50.58000183105469,51.0,590700,-1.074,2015-03-06,09,2015,6,Friday,-0.921,1.0441781457203556
41.522544860839844,51.099998474121094,51.31999969482422,51.08000183105469,51.13999938964844,312800,0.888,2015-03-09,10,2015,9,Monday,0.12099999999999997,1.2944494968904734
40.628719329833984,50.0,50.189998626708984,49.880001068115234,50.189998626708984,195900,-2.153,2015-03-10,10,2015,10,Tuesday,0.12099999999999997,1.2944494968904734
40.856239318847656,50.279998779296875,50.41999816894531,50.02000045776367,50.13999938964844,1277800,0.56,2015-03-11,10,2015,11,Wednesday,0.12099999999999997,1.2944494968904734
41.24627685546875,50.7599983215332,51.0099983215332,50.63999938964844,50.880001068115234,1679400,0.955,2015-03-12,10,2015,12,Thursday,0.12099999999999997,1.2944494968904734
41.39254379272461,50.939998626708984,50.97999954223633,50.630001068115234,50.97999954223633,808600,0.355,2015-03-13,10,2015,13,Friday,0.12099999999999997,1.2944494968904734
42.1157341003418,51.83000183105469,51.86000061035156,51.619998931884766,51.65999984741211,698300,1.747,2015-03-16,11,2015,16,Monday,0.7872,0.8155569875857849
42.36763381958008,52.13999938964844,52.25,51.40999984741211,51.40999984741211,4500800,0.598,2015-03-17,11,2015,17,Tuesday,0.7872,0.8155569875857849
42.993316650390625,52.90999984741211,53.119998931884766,51.939998626708984,52.25,992200,1.477,2015-03-18,11,2015,18,Wednesday,0.7872,0.8155569875857849
42.89580535888672,52.790000915527344,52.9900016784668,52.540000915527344,52.849998474121094,544600,-0.227,2015-03-19,11,2015,19,Thursday,0.7872,0.8155569875857849
43.04206848144531,52.970001220703125,53.189998626708984,52.77000045776367,52.880001068115234,446800,0.341,2015-03-20,11,2015,20,Friday,0.7872,0.8155569875857849
42.985191345214844,52.900001525878906,53.060001373291016,52.779998779296875,52.97999954223633,542600,-0.132,2015-03-23,12,2015,23,Monday,-0.045599999999999995,0.9590369127411102
42.814552307128906,52.689998626708984,52.7599983215332,52.529998779296875,52.529998779296875,559700,-0.397,2015-03-24,12,2015,24,Tuesday,-0.045599999999999995,0.9590369127411102
42.31076431274414,52.06999969482422,52.689998626708984,52.02000045776367,52.619998931884766,1068500,-1.177,2015-03-25,12,2015,25,Wednesday,-0.045599999999999995,0.9590369127411102
42.31887435913086,52.08000183105469,52.2400016784668,51.79999923706055,52.06999969482422,1169800,0.019,2015-03-26,12,2015,26,Thursday,-0.045599999999999995,0.9590369127411102
42.93641662597656,52.84000015258789,52.970001220703125,52.599998474121094,52.810001373291016,2647000,1.459,2015-03-27,12,2015,27,Friday,-0.045599999999999995,0.9590369127411102
44.52095031738281,54.790000915527344,54.939998626708984,54.0,54.02000045776367,1364800,3.69,2015-03-30,13,2015,30,Monday,1.5055,1.732483092750595
44.285308837890625,54.5,54.560001373291016,54.02000045776367,54.06999969482422,1688400,-0.529,2015-03-31,13,2015,31,Tuesday,1.5055,1.732483092750595
45.00850296020508,55.38999938964844,55.45000076293945,55.08000183105469,55.15999984741211,2872400,1.633,2015-04-01,13,2015,1,Wednesday,1.5055,1.732483092750595
45.56105041503906,56.06999969482422,56.16999816894531,55.7400016784668,55.7400016784668,838700,1.228,2015-04-02,13,2015,2,Thursday,1.5055,1.732483092750595
46.081092834472656,56.709999084472656,56.959999084472656,56.20000076293945,56.20000076293945,417800,1.141,2015-04-06,14,2015,6,Monday,2.1476,2.9740774704099424
46.11360549926758,56.75,57.11000061035156,56.75,57.02000045776367,658000,0.071,2015-04-07,14,2015,7,Tuesday,2.1476,2.9740774704099424
48.925106048583984,60.209999084472656,60.56999969482422,59.810001373291016,60.130001068115234,979400,6.097,2015-04-08,14,2015,8,Wednesday,2.1476,2.9740774704099424
51.06217956542969,62.84000015258789,62.970001220703125,61.290000915527344,61.290000915527344,3839900,4.368,2015-04-09,14,2015,9,Thursday,2.1476,2.9740774704099424
50.582763671875,62.25,62.40999984741211,61.5,61.84000015258789,907600,-0.939,2015-04-10,14,2015,10,Friday,2.1476,2.9740774704099424
51.00530242919922,62.77000045776367,63.720001220703125,62.75,63.56999969482422,2500800,0.835,2015-04-13,15,2015,13,Monday,-0.31700000000000006,1.9887167973344018
50.550254821777344,62.209999084472656,62.400001525878906,61.439998626708984,61.52000045776367,1601800,-0.892,2015-04-14,15,2015,14,Tuesday,-0.31700000000000006,1.9887167973344018
50.761512756347656,62.470001220703125,62.529998779296875,61.9900016784668,62.22999954223633,1465600,0.418,2015-04-15,15,2015,15,Wednesday,-0.31700000000000006,1.9887167973344018
51.54972457885742,63.439998626708984,63.869998931884766,62.900001525878906,63.09000015258789,737100,1.553,2015-04-16,15,2015,16,Thursday,-0.31700000000000006,1.9887167973344018
49.74580383300781,61.220001220703125,61.540000915527344,60.36000061035156,60.4900016784668,2720500,-3.499,2015-04-17,15,2015,17,Friday,-0.31700000000000006,1.9887167973344018
50.02208709716797,61.560001373291016,61.75,61.189998626708984,61.189998626708984,591500,0.555,2015-04-20,16,2015,20,Monday,0.7528,1.2619792787522304
51.10280990600586,62.88999938964844,63.290000915527344,62.810001373291016,63.22999954223633,643400,2.16,2015-04-21,16,2015,21,Tuesday,0.7528,1.2619792787522304
52.061641693115234,64.06999969482422,64.0999984741211,63.689998626708984,63.79999923706055,892400,1.876,2015-04-22,16,2015,22,Wednesday,0.7528,1.2619792787522304
51.62285232543945,63.529998779296875,63.7400016784668,63.040000915527344,63.25,250800,-0.843,2015-04-23,16,2015,23,Thursday,0.7528,1.2619792787522304
51.6309814453125,63.540000915527344,63.630001068115234,63.40999984741211,63.529998779296875,260200,0.016,2015-04-24,16,2015,24,Friday,0.7528,1.2619792787522304
52.32979965209961,64.4000015258789,64.58000183105469,64.12000274658203,64.30999755859375,356400,1.353,2015-04-27,17,2015,27,Monday,-0.08200000000000003,1.2652074928643127
52.35417175292969,64.43000030517578,64.48999786376953,63.939998626708984,64.2699966430664,2275800,0.047,2015-04-28,17,2015,28,Tuesday,-0.08200000000000003,1.2652074928643127
51.67161178588867,63.59000015258789,63.79999923706055,63.2400016784668,63.650001525878906,394900,-1.304,2015-04-29,17,2015,29,Wednesday,-0.08200000000000003,1.2652074928643127
50.93216323852539,62.68000030517578,63.189998626708984,62.650001525878906,63.060001373291016,810900,-1.431,2015-04-30,17,2015,30,Thursday,-0.08200000000000003,1.2652074928643127
51.40345764160156,63.2599983215332,63.439998626708984,62.790000915527344,62.790000915527344,190900,0.925,2015-05-01,17,2015,1,Friday,-0.08200000000000003,1.2652074928643127
51.825992584228516,63.779998779296875,64.02999877929688,63.08000183105469,63.130001068115234,1660700,0.822,2015-05-04,18,2015,4,Monday,-0.5179999999999999,2.174967241132611
50.249603271484375,61.84000015258789,62.36000061035156,61.68000030517578,62.16999816894531,1425100,-3.042,2015-05-05,18,2015,5,Tuesday,-0.5179999999999999,2.174967241132611
49.168880462646484,60.5099983215332,61.79999923706055,60.40999984741211,61.63999938964844,523700,-2.151,2015-05-06,18,2015,6,Wednesday,-0.5179999999999999,2.174967241132611
48.90074157714844,60.18000030517578,60.220001220703125,59.72999954223633,59.93000030517578,1112500,-0.545,2015-05-07,18,2015,7,Thursday,-0.5179999999999999,2.174967241132611
50.03833770751953,61.58000183105469,61.93000030517578,61.33000183105469,61.470001220703125,1573800,2.326,2015-05-08,18,2015,8,Friday,-0.5179999999999999,2.174967241132611
49.71330642700195,61.18000030517578,62.06999969482422,61.099998474121094,61.95000076293945,1577500,-0.65,2015-05-11,19,2015,11,Monday,0.07279999999999998,1.1078784680640743
49.461402893066406,60.869998931884766,60.90999984741211,60.380001068115234,60.439998626708984,924900,-0.507,2015-05-12,19,2015,12,Tuesday,0.07279999999999998,1.1078784680640743
49.01449203491211,60.31999969482422,60.83000183105469,60.209999084472656,60.61000061035156,372200,-0.904,2015-05-13,19,2015,13,Wednesday,0.07279999999999998,1.1078784680640743
49.36390686035156,60.75,60.84000015258789,60.560001373291016,60.59000015258789,1372300,0.713,2015-05-14,19,2015,14,Thursday,0.07279999999999998,1.1078784680640743
50.2089729309082,61.790000915527344,61.95000076293945,61.43000030517578,61.45000076293945,409300,1.712,2015-05-15,19,2015,15,Friday,0.07279999999999998,1.1078784680640743
49.64016342163086,61.09000015258789,61.18000030517578,60.81999969482422,60.959999084472656,387300,-1.133,2015-05-18,20,2015,18,Monday,0.33540000000000003,1.652331776611465
50.176483154296875,61.75,61.880001068115234,61.56999969482422,61.81999969482422,388800,1.08,2015-05-19,20,2015,19,Tuesday,0.33540000000000003,1.652331776611465
49.80268478393555,61.290000915527344,61.439998626708984,61.0,61.2400016784668,525900,-0.745,2015-05-20,20,2015,20,Wednesday,0.33540000000000003,1.652331776611465
49.59953689575195,61.040000915527344,61.11000061035156,60.88999938964844,61.040000915527344,386000,-0.408,2015-05-21,20,2015,21,Thursday,0.33540000000000003,1.652331776611465
51.0296745300293,62.79999923706055,63.09000015258789,62.369998931884766,62.4900016784668,803100,2.883,2015-05-22,20,2015,22,Friday,0.33540000000000003,1.652331776611465
51.24094009399414,63.060001373291016,63.7400016784668,62.810001373291016,63.43000030517578,2495900,0.414,2015-05-26,21,2015,26,Tuesday,-1.18375,1.770043384590709
51.19218444824219,63.0,63.060001373291016,62.529998779296875,62.66999816894531,307400,-0.095,2015-05-27,21,2015,27,Wednesday,-1.18375,1.770043384590709
49.380149841308594,60.77000045776367,60.939998626708984,60.470001220703125,60.77000045776367,1018300,-3.54,2015-05-28,21,2015,28,Thursday,-1.18375,1.770043384590709
48.63257598876953,59.849998474121094,60.70000076293945,59.79999923706055,60.61000061035156,771100,-1.514,2015-05-29,21,2015,29,Friday,-1.18375,1.770043384590709
49.168880462646484,60.5099983215332,60.779998779296875,60.34000015258789,60.779998779296875,197500,1.103,2015-06-01,22,2015,1,Monday,0.033399999999999985,0.8829058839989685
49.08762741088867,60.40999984741211,60.7400016784668,60.22999954223633,60.29999923706055,849800,-0.165,2015-06-02,22,2015,2,Tuesday,0.033399999999999985,0.8829058839989685
49.4776496887207,60.88999938964844,61.099998474121094,60.439998626708984,60.56999969482422,1124600,0.795,2015-06-03,22,2015,3,Wednesday,0.033399999999999985,0.8829058839989685
49.03886032104492,60.349998474121094,60.720001220703125,60.209999084472656,60.68000030517578,830100,-0.887,2015-06-04,22,2015,4,Thursday,0.033399999999999985,0.8829058839989685
48.705718994140625,59.939998626708984,60.04999923706055,59.47999954223633,59.66999816894531,238200,-0.679,2015-06-05,22,2015,5,Friday,0.033399999999999985,0.8829058839989685
48.81135177612305,60.06999969482422,60.279998779296875,60.0,60.22999954223633,818400,0.217,2015-06-08,23,2015,8,Monday,-0.09979999999999997,0.9597008388034263
48.11253356933594,59.209999084472656,59.209999084472656,58.630001068115234,58.91999816894531,619300,-1.432,2015-06-09,23,2015,9,Tuesday,-0.09979999999999997,0.9597008388034263
47.75499725341797,58.77000045776367,58.83000183105469,58.11000061035156,58.130001068115234,2454700,-0.743,2015-06-10,23,2015,10,Wednesday,-0.09979999999999997,0.9597008388034263
48.0556526184082,59.13999938964844,59.2599983215332,58.869998931884766,59.0099983215332,2369200,0.63,2015-06-11,23,2015,11,Thursday,-0.09979999999999997,0.9597008388034263
48.453819274902344,59.630001068115234,59.75,59.52000045776367,59.65999984741211,262800,0.829,2015-06-12,23,2015,12,Friday,-0.09979999999999997,0.9597008388034263
47.16182327270508,58.040000915527344,58.15999984741211,57.79999923706055,58.02000045776367,800800,-2.666,2015-06-15,24,2015,15,Monday,-0.8004,1.3299478561206826
46.528011322021484,57.2599983215332,57.459999084472656,56.88999938964844,57.459999084472656,262600,-1.344,2015-06-16,24,2015,16,Tuesday,-0.8004,1.3299478561206826
46.74740982055664,57.529998779296875,57.7599983215332,57.15999984741211,57.560001373291016,868100,0.472,2015-06-17,24,2015,17,Wednesday,-0.8004,1.3299478561206826
46.97492599487305,57.810001373291016,57.880001068115234,57.2599983215332,57.27000045776367,550900,0.487,2015-06-18,24,2015,18,Thursday,-0.8004,1.3299478561206826
46.528011322021484,57.2599983215332,57.560001373291016,57.119998931884766,57.189998626708984,405500,-0.951,2015-06-19,24,2015,19,Friday,-0.8004,1.3299478561206826
47.08869171142578,57.95000076293945,58.2599983215332,57.869998931884766,58.08000183105469,841100,1.205,2015-06-22,25,2015,22,Monday,-0.07579999999999991,2.022065948479426
48.218162536621094,59.34000015258789,59.38999938964844,59.16999816894531,59.38999938964844,1403100,2.399,2015-06-23,25,2015,23,Tuesday,-0.07579999999999991,2.022065948479426
48.29941940307617,59.439998626708984,59.959999084472656,59.380001068115234,59.779998779296875,322200,0.169,2015-06-24,25,2015,24,Wednesday,-0.07579999999999991,2.022065948479426
47.5450439453125,57.91999816894531,58.31999969482422,57.91999816894531,58.31999969482422,1127000,-1.562,2015-06-25,25,2015,25,Thursday,-0.07579999999999991,2.022065948479426
46.3137321472168,56.41999816894531,56.9900016784668,56.279998779296875,56.70000076293945,1386200,-2.59,2015-06-26,25,2015,26,Friday,-0.07579999999999991,2.022065948479426
45.00032424926758,54.81999969482422,55.529998779296875,54.810001373291016,55.38999938964844,1501200,-2.836,2015-06-29,26,2015,29,Monday,-0.3177499999999999,2.0898463061510846
46.001800537109375,56.040000915527344,56.4900016784668,55.70000076293945,56.4900016784668,779700,2.225,2015-06-30,26,2015,30,Tuesday,-0.3177499999999999,2.0898463061510846
45.67345428466797,55.63999938964844,55.97999954223633,55.40999984741211,55.63999938964844,396100,-0.714,2015-07-01,26,2015,1,Wednesday,-0.3177499999999999,2.0898463061510846
45.69807434082031,55.66999816894531,56.279998779296875,55.59000015258789,55.939998626708984,465600,0.054,2015-07-02,26,2015,2,Thursday,-0.3177499999999999,2.0898463061510846
43.39141845703125,52.86000061035156,53.400001525878906,52.709999084472656,52.95000076293945,1419500,-5.048,2015-07-06,27,2015,6,Monday,-1.1168,5.740736511981716
41.63475036621094,50.720001220703125,50.83000183105469,49.349998474121094,50.06999969482422,2392400,-4.048,2015-07-07,27,2015,7,Tuesday,-1.1168,5.740736511981716
38.860191345214844,47.34000015258789,48.47999954223633,47.25,48.0,4028400,-6.664,2015-07-08,27,2015,8,Wednesday,-1.1168,5.740736511981716
40.813865661621094,49.720001220703125,51.08000183105469,49.689998626708984,50.33000183105469,4121700,5.027,2015-07-09,27,2015,9,Thursday,-1.1168,5.740736511981716
42.915306091308594,52.279998779296875,52.349998474121094,51.52000045776367,52.18000030517578,2799500,5.149,2015-07-10,27,2015,10,Friday,-1.1168,5.740736511981716
43.13693618774414,52.54999923706055,53.0,52.5,52.95000076293945,3811600,0.516,2015-07-13,28,2015,13,Monday,0.19319999999999998,1.5950779604771674
43.10410690307617,52.5099983215332,52.560001373291016,52.06999969482422,52.130001068115234,952900,-0.076,2015-07-14,28,2015,14,Tuesday,0.19319999999999998,1.5950779604771674
42.09443283081055,51.279998779296875,51.79999923706055,51.18000030517578,51.779998779296875,657800,-2.342,2015-07-15,28,2015,15,Wednesday,0.19319999999999998,1.5950779604771674
42.907100677490234,52.27000045776367,52.310001373291016,51.91999816894531,52.0099983215332,433200,1.931,2015-07-16,28,2015,16,Thursday,0.19319999999999998,1.5950779604771674
43.309322357177734,52.7599983215332,53.0,52.65999984741211,53.0,1518800,0.937,2015-07-17,28,2015,17,Friday,0.19319999999999998,1.5950779604771674
43.12052536010742,52.529998779296875,52.72999954223633,52.220001220703125,52.5,498700,-0.436,2015-07-20,29,2015,20,Monday,-0.4566,0.7578111902050537
43.358577728271484,52.81999969482422,53.130001068115234,52.75,52.93000030517578,729200,0.552,2015-07-21,29,2015,21,Tuesday,-0.4566,0.7578111902050537
42.8086051940918,52.150001525878906,52.400001525878906,52.099998474121094,52.34000015258789,646600,-1.268,2015-07-22,29,2015,22,Wednesday,-0.4566,0.7578111902050537
42.800392150878906,52.13999938964844,52.63999938964844,52.09000015258789,52.63999938964844,830800,-0.019,2015-07-23,29,2015,23,Thursday,-0.4566,0.7578111902050537
42.324275970458984,51.560001373291016,52.0099983215332,51.22999954223633,52.0099983215332,817500,-1.112,2015-07-24,29,2015,24,Friday,-0.4566,0.7578111902050537
40.44447708129883,49.27000045776367,49.79999923706055,49.0,49.47999954223633,3030500,-4.441,2015-07-27,30,2015,27,Monday,-0.5713999999999999,2.496199471196162
41.15864562988281,50.13999938964844,50.150001525878906,49.4900016784668,49.810001373291016,939000,1.766,2015-07-28,30,2015,28,Tuesday,-0.5713999999999999,2.496199471196162
41.716835021972656,50.81999969482422,50.900001525878906,50.0,50.150001525878906,2173000,1.356,2015-07-29,30,2015,29,Wednesday,-0.5713999999999999,2.496199471196162
41.15042495727539,50.130001068115234,50.209999084472656,49.75,50.0,597400,-1.358,2015-07-30,30,2015,30,Thursday,-0.5713999999999999,2.496199471196162
41.07655334472656,50.040000915527344,50.4900016784668,49.810001373291016,50.290000915527344,595100,-0.18,2015-07-31,30,2015,31,Friday,-0.5713999999999999,2.496199471196162
40.4362678527832,49.2599983215332,49.47999954223633,49.0,49.47999954223633,535300,-1.559,2015-08-03,31,2015,3,Monday,-0.08679999999999999,1.171408639203246
40.63328170776367,49.5,49.86000061035156,49.400001525878906,49.599998474121094,1142000,0.487,2015-08-04,31,2015,4,Tuesday,-0.08679999999999999,1.171408639203246
40.92877960205078,49.86000061035156,50.279998779296875,49.689998626708984,50.119998931884766,330500,0.727,2015-08-05,31,2015,5,Wednesday,-0.08679999999999999,1.171408639203246
40.46909713745117,49.29999923706055,49.79999923706055,49.189998626708984,49.689998626708984,976500,-1.123,2015-08-06,31,2015,6,Thursday,-0.08679999999999999,1.171408639203246
40.88774871826172,49.810001373291016,50.09000015258789,49.65999984741211,50.08000183105469,258300,1.034,2015-08-07,31,2015,7,Friday,-0.08679999999999999,1.171408639203246
41.823543548583984,50.95000076293945,51.150001525878906,50.58000183105469,50.58000183105469,618600,2.289,2015-08-10,32,2015,10,Monday,-0.02119999999999995,1.641480642590707
41.306396484375,50.31999969482422,50.369998931884766,49.77000045776367,50.02000045776367,302400,-1.236,2015-08-11,32,2015,11,Tuesday,-0.02119999999999995,1.641480642590707
40.51014709472656,49.349998474121094,49.459999084472656,48.7400016784668,48.9900016784668,2980800,-1.928,2015-08-12,32,2015,12,Wednesday,-0.02119999999999995,1.641480642590707
40.666114807128906,49.540000915527344,49.9900016784668,49.52000045776367,49.68000030517578,1431800,0.385,2015-08-13,32,2015,13,Thursday,-0.02119999999999995,1.641480642590707
40.82207489013672,49.72999954223633,49.79999923706055,49.540000915527344,49.540000915527344,249500,0.384,2015-08-14,32,2015,14,Friday,-0.02119999999999995,1.641480642590707
40.64148712158203,49.5099983215332,49.540000915527344,49.0,49.09000015258789,178500,-0.442,2015-08-17,33,2015,17,Monday,-2.1624000000000003,1.0489377007239276
39.75494384765625,48.43000030517578,48.68000030517578,48.36000061035156,48.52000045776367,597400,-2.181,2015-08-18,33,2015,18,Tuesday,-2.1624000000000003,1.0489377007239276
38.893028259277344,47.380001068115234,47.90999984741211,46.95000076293945,47.90999984741211,550400,-2.168,2015-08-19,33,2015,19,Wednesday,-2.1624000000000003,1.0489377007239276
37.735599517822266,45.970001220703125,46.54999923706055,45.93000030517578,46.36000061035156,885900,-2.976,2015-08-20,33,2015,20,Thursday,-2.1624000000000003,1.0489377007239276
36.58637237548828,44.56999969482422,45.900001525878906,44.529998779296875,45.59000015258789,2630500,-3.045,2015-08-21,33,2015,21,Friday,-2.1624000000000003,1.0489377007239276
33.967777252197266,41.380001068115234,43.439998626708984,39.77000045776367,40.630001068115234,2948900,-7.157,2015-08-24,34,2015,24,Monday,0.14400000000000004,4.931400105446728
35.002071380615234,42.63999938964844,44.7599983215332,42.20000076293945,44.58000183105469,3476600,3.045,2015-08-25,34,2015,25,Tuesday,0.14400000000000004,4.931400105446728
35.9050407409668,43.7400016784668,43.81999969482422,42.150001525878906,43.36000061035156,2317600,2.58,2015-08-26,34,2015,26,Wednesday,0.14400000000000004,4.931400105446728
37.64529800415039,45.86000061035156,46.04999923706055,44.75,44.900001525878906,2100300,4.847,2015-08-27,34,2015,27,Thursday,0.14400000000000004,4.931400105446728
36.6684684753418,44.66999816894531,45.029998779296875,44.439998626708984,44.95000076293945,387500,-2.595,2015-08-28,34,2015,28,Friday,0.14400000000000004,4.931400105446728
36.2005500793457,44.099998474121094,44.61000061035156,43.95000076293945,44.41999816894531,325900,-1.276,2015-08-31,35,2015,31,Monday,-1.3567999999999998,2.41405544675345
34.53418731689453,42.06999969482422,42.75,41.79999923706055,42.5,302400,-4.603,2015-09-01,35,2015,1,Tuesday,-1.3567999999999998,2.41405544675345
34.977455139160156,42.61000061035156,42.61000061035156,42.0,42.59000015258789,159100,1.284,2015-09-02,35,2015,2,Wednesday,-1.3567999999999998,2.41405544675345
35.182674407958984,42.86000061035156,43.65999984741211,42.7599983215332,42.93000030517578,367900,0.587,2015-09-03,35,2015,3,Thursday,-1.3567999999999998,2.41405544675345
34.205833435058594,41.66999816894531,42.0099983215332,41.33000183105469,42.0099983215332,1692600,-2.776,2015-09-04,35,2015,4,Friday,-1.3567999999999998,2.41405544675345
36.45503616333008,44.40999984741211,44.5099983215332,43.97999954223633,44.380001068115234,526000,6.575,2015-09-08,36,2015,8,Tuesday,1.91875,3.1189900475420997
36.44681930541992,44.400001525878906,45.540000915527344,44.34000015258789,45.459999084472656,1900600,-0.023,2015-09-09,36,2015,9,Wednesday,1.91875,3.1189900475420997
36.59458541870117,44.58000183105469,44.97999954223633,44.31999969482422,44.33000183105469,449100,0.405,2015-09-10,36,2015,10,Thursday,1.91875,3.1189900475420997
36.857261657714844,44.900001525878906,44.91999816894531,44.25,44.36000061035156,279100,0.718,2015-09-11,36,2015,11,Friday,1.91875,3.1189900475420997
36.48786163330078,44.45000076293945,44.470001220703125,44.060001373291016,44.40999984741211,358400,-1.002,2015-09-14,37,2015,14,Monday,-0.049799999999999976,2.0726896053196198
36.91471862792969,44.970001220703125,45.11000061035156,44.38999938964844,44.459999084472656,226200,1.17,2015-09-15,37,2015,15,Tuesday,-0.049799999999999976,2.0726896053196198
38.014686584472656,46.310001373291016,46.45000076293945,45.779998779296875,45.91999816894531,477100,2.98,2015-09-16,37,2015,16,Wednesday,-0.049799999999999976,2.0726896053196198
37.481117248535156,45.65999984741211,46.65999984741211,45.220001220703125,45.36000061035156,2330200,-1.404,2015-09-17,37,2015,17,Thursday,-0.049799999999999976,2.0726896053196198
36.734134674072266,44.75,45.470001220703125,44.650001525878906,45.119998931884766,549100,-1.993,2015-09-18,37,2015,18,Friday,-0.049799999999999976,2.0726896053196198
37.38261795043945,45.540000915527344,45.709999084472656,45.2400016784668,45.43000030517578,305700,1.765,2015-09-21,38,2015,21,Monday,-0.4842000000000001,1.3850751604154916
36.77516555786133,44.79999923706055,44.86000061035156,44.400001525878906,44.7400016784668,309800,-1.625,2015-09-22,38,2015,22,Tuesday,-0.4842000000000001,1.3850751604154916
36.175933837890625,44.06999969482422,44.459999084472656,43.91999816894531,44.41999816894531,1213700,-1.629,2015-09-23,38,2015,23,Wednesday,-0.4842000000000001,1.3850751604154916
35.99533462524414,43.849998474121094,44.02000045776367,43.20000076293945,43.47999954223633,260200,-0.499,2015-09-24,38,2015,24,Thursday,-0.4842000000000001,1.3850751604154916
35.839378356933594,43.65999984741211,44.4900016784668,43.540000915527344,44.41999816894531,297100,-0.433,2015-09-25,38,2015,25,Friday,-0.4842000000000001,1.3850751604154916
34.993873596191406,42.630001068115234,43.33000183105469,42.560001373291016,43.33000183105469,2564400,-2.359,2015-09-28,39,2015,28,Monday,1.0022,2.3953804916964656
35.067745208740234,42.720001220703125,43.0,42.38999938964844,42.61000061035156,531800,0.211,2015-09-29,39,2015,29,Tuesday,1.0022,2.3953804916964656
35.962501525878906,43.810001373291016,43.90999984741211,43.34000015258789,43.709999084472656,431300,2.552,2015-09-30,39,2015,30,Wednesday,1.0022,2.3953804916964656
36.20876693725586,44.11000061035156,44.27000045776367,43.68000030517578,44.11000061035156,399200,0.685,2015-10-01,39,2015,1,Thursday,1.0022,2.3953804916964656
37.62887954711914,45.84000015258789,45.88999938964844,44.33000183105469,44.41999816894531,988500,3.922,2015-10-02,39,2015,2,Friday,1.0022,2.3953804916964656
38.13782501220703,46.459999084472656,46.56999969482422,46.08000183105469,46.18000030517578,685400,1.353,2015-10-05,40,2015,5,Monday,0.746,1.9422772716581944
37.62887954711914,45.84000015258789,46.119998931884766,45.77000045776367,45.900001525878906,823500,-1.334,2015-10-06,40,2015,6,Tuesday,0.746,1.9422772716581944
38.99974060058594,47.5099983215332,47.84000015258789,47.04999923706055,47.459999084472656,808800,3.643,2015-10-07,40,2015,7,Wednesday,0.746,1.9422772716581944
39.28704833984375,47.86000061035156,47.900001525878906,47.04999923706055,47.04999923706055,527300,0.737,2015-10-08,40,2015,8,Thursday,0.746,1.9422772716581944
39.02436828613281,47.540000915527344,47.97999954223633,47.279998779296875,47.810001373291016,631100,-0.669,2015-10-09,40,2015,9,Friday,0.746,1.9422772716581944
39.08183288574219,47.61000061035156,48.0,47.529998779296875,47.9900016784668,187600,0.147,2015-10-12,41,2015,12,Monday,0.5868,1.8009631312161836
38.61393737792969,47.040000915527344,47.65999984741211,47.040000915527344,47.2400016784668,209700,-1.197,2015-10-13,41,2015,13,Tuesday,0.5868,1.8009631312161836
38.67138671875,47.11000061035156,47.599998474121094,47.04999923706055,47.290000915527344,488900,0.149,2015-10-14,41,2015,14,Wednesday,0.5868,1.8009631312161836
40.0750732421875,48.81999969482422,48.81999969482422,48.04999923706055,48.27000045776367,886300,3.63,2015-10-15,41,2015,15,Thursday,0.5868,1.8009631312161836
40.15717315673828,48.91999816894531,48.91999816894531,48.459999084472656,48.619998931884766,716900,0.205,2015-10-16,41,2015,16,Friday,0.5868,1.8009631312161836
39.804203033447266,48.4900016784668,48.560001373291016,48.22999954223633,48.540000915527344,352300,-0.879,2015-10-19,42,2015,19,Monday,0.40380000000000005,1.5997586380451272
39.81240463256836,48.5,48.619998931884766,48.310001373291016,48.40999984741211,236800,0.021,2015-10-20,42,2015,20,Tuesday,0.40380000000000005,1.5997586380451272
39.311676025390625,47.88999938964844,48.38999938964844,47.779998779296875,48.27000045776367,577700,-1.258,2015-10-21,42,2015,21,Wednesday,0.40380000000000005,1.5997586380451272
40.23105239868164,49.0099983215332,49.119998931884766,48.349998474121094,48.349998474121094,523400,2.339,2015-10-22,42,2015,22,Thursday,0.40380000000000005,1.5997586380451272
40.95341491699219,49.88999938964844,50.06999969482422,49.45000076293945,49.79999923706055,593100,1.796,2015-10-23,42,2015,23,Friday,0.40380000000000005,1.5997586380451272
40.140750885009766,48.900001525878906,49.0099983215332,48.63999938964844,48.86000061035156,1554300,-1.984,2015-10-26,43,2015,26,Monday,-1.059,0.6148882012203519
39.8370246887207,48.529998779296875,48.59000015258789,48.2599983215332,48.41999816894531,305100,-0.757,2015-10-27,43,2015,27,Tuesday,-1.059,0.6148882012203519
39.36913299560547,47.959999084472656,48.560001373291016,47.540000915527344,48.380001068115234,616500,-1.175,2015-10-28,43,2015,28,Wednesday,-1.059,0.6148882012203519
38.95048522949219,47.45000076293945,47.63999938964844,47.380001068115234,47.45000076293945,861900,-1.063,2015-10-29,43,2015,29,Thursday,-1.059,0.6148882012203519
38.82735824584961,47.29999923706055,47.58000183105469,47.290000915527344,47.58000183105469,396100,-0.316,2015-10-30,43,2015,30,Friday,-1.059,0.6148882012203519
39.204959869384766,47.7599983215332,47.790000915527344,47.220001220703125,47.25,290600,0.973,2015-11-02,44,2015,2,Monday,0.409,0.697696567284088
39.262413024902344,47.83000183105469,48.06999969482422,47.38999938964844,47.400001525878906,344500,0.147,2015-11-03,44,2015,3,Tuesday,0.409,0.697696567284088
39.689266204833984,48.349998474121094,48.97999954223633,48.16999816894531,48.880001068115234,541000,1.087,2015-11-04,44,2015,4,Wednesday,0.409,0.697696567284088
39.878074645996094,48.58000183105469,48.810001373291016,48.400001525878906,48.560001373291016,942800,0.476,2015-11-05,44,2015,5,Thursday,0.409,0.697696567284088
39.62360382080078,48.27000045776367,48.380001068115234,47.720001220703125,48.0099983215332,422700,-0.638,2015-11-06,44,2015,6,Friday,0.409,0.697696567284088
38.794517517089844,47.2599983215332,47.959999084472656,47.099998474121094,47.900001525878906,475300,-2.092,2015-11-09,45,2015,9,Monday,-0.8688,0.983808772069044
38.548248291015625,46.959999084472656,47.16999816894531,46.810001373291016,47.099998474121094,364900,-0.635,2015-11-10,45,2015,10,Tuesday,-0.8688,0.983808772069044
38.61393737792969,47.040000915527344,47.400001525878906,46.970001220703125,47.400001525878906,199400,0.17,2015-11-11,45,2015,11,Wednesday,-0.8688,0.983808772069044
38.572879791259766,46.9900016784668,47.58000183105469,46.95000076293945,47.529998779296875,303600,-0.106,2015-11-12,45,2015,12,Thursday,-0.8688,0.983808772069044
37.92439270019531,46.20000076293945,46.5099983215332,46.0,46.459999084472656,491900,-1.681,2015-11-13,45,2015,13,Friday,-0.8688,0.983808772069044
38.572879791259766,46.9900016784668,47.04999923706055,46.290000915527344,46.290000915527344,775300,1.71,2015-11-16,46,2015,16,Monday,0.7792,0.9314878957882384
38.37587356567383,46.75,47.0099983215332,46.630001068115234,46.900001525878906,2728800,-0.511,2015-11-17,46,2015,17,Tuesday,0.7792,0.9314878957882384
38.753475189208984,47.209999084472656,47.220001220703125,46.65999984741211,46.65999984741211,367500,0.984,2015-11-18,46,2015,18,Wednesday,0.7792,0.9314878957882384
38.82735824584961,47.29999923706055,47.61000061035156,47.22999954223633,47.279998779296875,561900,0.191,2015-11-19,46,2015,19,Thursday,0.7792,0.9314878957882384
39.41838073730469,48.02000045776367,48.189998626708984,47.869998931884766,47.869998931884766,1005700,1.522,2015-11-20,46,2015,20,Friday,0.7792,0.9314878957882384
39.098243713378906,47.630001068115234,47.86000061035156,47.540000915527344,47.77000045776367,246800,-0.812,2015-11-23,47,2015,23,Monday,-0.92425,1.1490037351259277
39.10645294189453,47.63999938964844,47.84000015258789,47.02000045776367,47.02000045776367,301500,0.021,2015-11-24,47,2015,24,Tuesday,-0.92425,1.1490037351259277
38.97511291503906,47.47999954223633,47.58000183105469,47.279998779296875,47.4900016784668,789400,-0.336,2015-11-25,47,2015,25,Wednesday,-0.92425,1.1490037351259277
37.97364044189453,46.2599983215332,46.47999954223633,46.04999923706055,46.279998779296875,1886800,-2.57,2015-11-27,47,2015,27,Friday,-0.92425,1.1490037351259277
38.37587356567383,46.75,46.77000045776367,46.20000076293945,46.220001220703125,1917500,1.059,2015-11-30,48,2015,30,Monday,0.21419999999999995,0.9085750932091413
38.5400505065918,46.95000076293945,47.029998779296875,46.63999938964844,46.689998626708984,2184000,0.428,2015-12-01,48,2015,1,Tuesday,0.21419999999999995,0.9085750932091413
38.21990203857422,46.560001373291016,47.040000915527344,46.47999954223633,46.959999084472656,2152000,-0.831,2015-12-02,48,2015,2,Wednesday,0.21419999999999995,0.9085750932091413
37.97364044189453,46.2599983215332,46.79999923706055,46.029998779296875,46.79999923706055,662000,-0.644,2015-12-03,48,2015,3,Thursday,0.21419999999999995,0.9085750932091413
38.37587356567383,46.75,46.90999984741211,46.18000030517578,46.18000030517578,507900,1.059,2015-12-04,48,2015,4,Friday,0.21419999999999995,0.9085750932091413
37.98185348510742,46.27000045776367,46.5,46.02000045776367,46.5,672000,-1.027,2015-12-07,49,2015,7,Monday,-1.3554,0.8559081726447061
37.448280334472656,45.619998931884766,45.709999084472656,45.02000045776367,45.22999954223633,912000,-1.405,2015-12-08,49,2015,8,Tuesday,-1.3554,0.8559081726447061
37.111724853515625,45.209999084472656,45.869998931884766,45.02000045776367,45.34000015258789,694400,-0.899,2015-12-09,49,2015,9,Wednesday,-1.3554,0.8559081726447061
36.87366485595703,44.91999816894531,45.189998626708984,44.72999954223633,44.959999084472656,1931400,-0.641,2015-12-10,49,2015,10,Thursday,-1.3554,0.8559081726447061
35.839378356933594,43.65999984741211,44.040000915527344,43.560001373291016,44.02000045776367,1055300,-2.805,2015-12-11,49,2015,11,Friday,-1.3554,0.8559081726447061
36.28265380859375,44.20000076293945,44.2400016784668,43.56999969482422,44.0099983215332,569800,1.237,2015-12-14,50,2015,14,Monday,0.7684,1.2230512254194426
36.89009094238281,44.939998626708984,45.2400016784668,44.779998779296875,44.849998474121094,1011000,1.674,2015-12-15,50,2015,15,Tuesday,0.7684,1.2230512254194426
37.50574493408203,45.689998626708984,45.880001068115234,45.02000045776367,45.5,622700,1.669,2015-12-16,50,2015,16,Wednesday,0.7684,1.2230512254194426
37.037845611572266,45.119998931884766,45.83000183105469,45.11000061035156,45.72999954223633,1154400,-1.248,2015-12-17,50,2015,17,Thursday,0.7684,1.2230512254194426
37.22663879394531,45.349998474121094,45.630001068115234,45.11000061035156,45.380001068115234,2987700,0.51,2015-12-18,50,2015,18,Friday,0.7684,1.2230512254194426
37.58543014526367,45.150001525878906,45.27000045776367,44.709999084472656,45.2599983215332,2700300,0.964,2015-12-21,51,2015,21,Monday,0.60675,0.7795474648794646
37.69365692138672,45.279998779296875,45.349998474121094,44.849998474121094,45.02000045776367,964700,0.288,2015-12-22,51,2015,22,Tuesday,0.60675,0.7795474648794646
38.251399993896484,45.95000076293945,46.029998779296875,45.70000076293945,45.72999954223633,885000,1.48,2015-12-23,51,2015,23,Wednesday,0.60675,0.7795474648794646
38.134864807128906,45.810001373291016,45.959999084472656,45.75,45.81999969482422,177600,-0.305,2015-12-24,51,2015,24,Thursday,0.60675,0.7795474648794646
37.63538360595703,45.209999084472656,45.27000045776367,44.90999984741211,45.220001220703125,1297500,-1.31,2015-12-28,52,2015,28,Monday,-0.654,0.7219579858505156
37.71030807495117,45.29999923706055,45.4900016784668,45.15999984741211,45.369998931884766,4712800,0.199,2015-12-29,52,2015,29,Tuesday,-0.654,0.7219579858505156
37.26078414916992,44.7599983215332,45.0,44.709999084472656,44.81999969482422,927700,-1.192,2015-12-30,52,2015,30,Wednesday,-0.654,0.7219579858505156
37.144229888916016,44.619998931884766,44.90999984741211,44.52000045776367,44.650001525878906,400400,-0.313,2015-12-31,52,2015,31,Thursday,-0.654,0.7219579858505156
35.85392761230469,43.06999969482422,43.20000076293945,42.599998474121094,43.060001373291016,647200,-3.474,2016-01-04,01,2016,4,Monday,-2.1616,1.614082030133537
35.82063293457031,43.029998779296875,43.15999984741211,42.77000045776367,43.060001373291016,1168100,-0.093,2016-01-05,01,2016,5,Tuesday,-2.1616,1.614082030133537
35.22126007080078,42.310001373291016,42.540000915527344,42.06999969482422,42.13999938964844,2661500,-1.673,2016-01-06,01,2016,6,Wednesday,-2.1616,1.614082030133537
33.78110885620117,40.58000183105469,41.66999816894531,40.54999923706055,40.90999984741211,1963000,-4.089,2016-01-07,01,2016,7,Thursday,-2.1616,1.614082030133537
33.281639099121094,39.97999954223633,40.9900016784668,39.97999954223633,40.86000061035156,1641700,-1.479,2016-01-08,01,2016,8,Friday,-2.1616,1.614082030133537
33.1401252746582,39.810001373291016,40.27000045776367,39.380001068115234,40.11000061035156,889500,-0.425,2016-01-11,02,2016,11,Monday,-1.0939999999999999,2.2707764090724565
33.231689453125,39.91999816894531,40.29999923706055,39.59000015258789,40.02000045776367,3808200,0.276,2016-01-12,02,2016,12,Tuesday,-1.0939999999999999,2.2707764090724565
32.515777587890625,39.060001373291016,40.150001525878906,38.90999984741211,40.040000915527344,1370000,-2.154,2016-01-13,02,2016,13,Wednesday,-1.0939999999999999,2.2707764090724565
32.94032669067383,39.56999969482422,39.75,38.619998931884766,39.040000915527344,1649400,1.306,2016-01-14,02,2016,14,Thursday,-1.0939999999999999,2.2707764090724565
31.466875076293945,37.79999923706055,38.029998779296875,37.150001525878906,37.779998779296875,1199400,-4.473,2016-01-15,02,2016,15,Friday,-1.0939999999999999,2.2707764090724565
32.18279266357422,38.65999984741211,39.16999816894531,38.2599983215332,38.9900016784668,1022500,2.275,2016-01-19,03,2016,19,Tuesday,0.77975,2.7080567910096223
31.250436782836914,37.540000915527344,37.88999938964844,36.599998474121094,37.310001373291016,1957300,-2.897,2016-01-20,03,2016,20,Wednesday,0.77975,2.7080567910096223
31.400285720825195,37.720001220703125,38.18000030517578,37.119998931884766,37.47999954223633,964800,0.48,2016-01-21,03,2016,21,Thursday,0.77975,2.7080567910096223
32.42420196533203,38.95000076293945,39.029998779296875,38.54999923706055,38.90999984741211,1052000,3.261,2016-01-22,03,2016,22,Friday,0.77975,2.7080567910096223
31.758230209350586,38.150001525878906,38.68000030517578,38.119998931884766,38.599998474121094,1067300,-2.054,2016-01-25,04,2016,25,Monday,0.185,2.0114857692760344
31.974681854248047,38.40999984741211,38.5099983215332,38.0099983215332,38.099998474121094,418100,0.682,2016-01-26,04,2016,26,Tuesday,0.185,2.0114857692760344
31.48352813720703,37.81999969482422,38.4900016784668,37.61000061035156,37.959999084472656,604900,-1.536,2016-01-27,04,2016,27,Wednesday,0.185,2.0114857692760344
31.77488899230957,38.16999816894531,38.66999816894531,37.88999938964844,38.540000915527344,2259500,0.925,2016-01-28,04,2016,28,Thursday,0.185,2.0114857692760344
32.69891357421875,39.279998779296875,39.29999923706055,38.7400016784668,38.84000015258789,972700,2.908,2016-01-29,04,2016,29,Friday,0.185,2.0114857692760344
32.15781021118164,38.630001068115234,38.75,38.31999969482422,38.5099983215332,490000,-1.655,2016-02-01,05,2016,1,Monday,-0.9826,1.5337256273532105
31.275409698486328,37.56999969482422,38.4900016784668,37.41999816894531,38.4900016784668,3637600,-2.744,2016-02-02,05,2016,2,Tuesday,-0.9826,1.5337256273532105
31.724937438964844,38.11000061035156,38.16999816894531,36.9900016784668,37.779998779296875,1122400,1.437,2016-02-03,05,2016,3,Wednesday,-0.9826,1.5337256273532105
31.41693687438965,37.7400016784668,38.33000183105469,37.56999969482422,37.97999954223633,536700,-0.971,2016-02-04,05,2016,4,Thursday,-0.9826,1.5337256273532105
31.108917236328125,37.369998931884766,37.93000030517578,37.18000030517578,37.93000030517578,445800,-0.98,2016-02-05,05,2016,5,Friday,-0.9826,1.5337256273532105
30.451276779174805,36.58000183105469,36.86000061035156,36.09000015258789,36.79999923706055,1002500,-2.114,2016-02-08,06,2016,8,Monday,-0.42219999999999996,1.9511631659089916
30.01007652282715,36.04999923706055,36.529998779296875,35.79999923706055,36.0,1827000,-1.449,2016-02-09,06,2016,9,Tuesday,-0.42219999999999996,1.9511631659089916
30.251495361328125,36.34000015258789,37.11000061035156,36.310001373291016,36.52000045776367,885600,0.804,2016-02-10,06,2016,10,Wednesday,-0.42219999999999996,1.9511631659089916
29.718719482421875,35.70000076293945,35.97999954223633,35.27000045776367,35.38999938964844,774300,-1.761,2016-02-11,06,2016,11,Thursday,-0.42219999999999996,1.9511631659089916
30.434633255004883,36.560001373291016,36.59000015258789,35.93000030517578,36.0,540500,2.409,2016-02-12,06,2016,12,Friday,-0.42219999999999996,1.9511631659089916
31.65833282470703,38.029998779296875,38.060001373291016,37.68000030517578,37.70000076293945,1242700,4.021,2016-02-16,07,2016,16,Tuesday,1.3435,2.0779806704266206
32.18279266357422,38.65999984741211,38.77000045776367,38.220001220703125,38.25,405500,1.657,2016-02-17,07,2016,17,Wednesday,1.3435,2.0779806704266206
31.88311004638672,38.29999923706055,38.9900016784668,38.2400016784668,38.95000076293945,981800,-0.931,2016-02-18,07,2016,18,Thursday,1.3435,2.0779806704266206
32.0828971862793,38.540000915527344,38.7400016784668,38.279998779296875,38.40999984741211,301700,0.627,2016-02-19,07,2016,19,Friday,1.3435,2.0779806704266206
32.92367935180664,39.54999923706055,39.61000061035156,39.16999816894531,39.18000030517578,371700,2.621,2016-02-22,08,2016,22,Monday,-0.042800000000000026,1.8874757481885696
32.04127883911133,38.4900016784668,39.13999938964844,38.47999954223633,39.04999923706055,553000,-2.68,2016-02-23,08,2016,23,Tuesday,-0.042800000000000026,1.8874757481885696
32.09122085571289,38.54999923706055,38.689998626708984,37.54999923706055,37.900001525878906,1156500,0.156,2016-02-24,08,2016,24,Wednesday,-0.042800000000000026,1.8874757481885696
31.958026885986328,38.38999938964844,38.400001525878906,37.630001068115234,37.90999984741211,1956600,-0.415,2016-02-25,08,2016,25,Thursday,-0.042800000000000026,1.8874757481885696
31.9913330078125,38.43000030517578,38.93000030517578,38.41999816894531,38.810001373291016,576700,0.104,2016-02-26,08,2016,26,Friday,-0.042800000000000026,1.8874757481885696
31.924720764160156,38.349998474121094,38.79999923706055,38.33000183105469,38.43000030517578,1134900,-0.208,2016-02-29,09,2016,29,Monday,1.5151999999999999,1.6328970267594953
33.03189468383789,39.68000030517578,39.779998779296875,39.02000045776367,39.060001373291016,906400,3.468,2016-03-01,09,2016,1,Tuesday,1.5151999999999999,1.6328970267594953
33.58132553100586,40.34000015258789,40.380001068115234,39.880001068115234,39.97999954223633,1625500,1.663,2016-03-02,09,2016,2,Wednesday,1.5151999999999999,1.6328970267594953
33.564659118652344,40.31999969482422,40.380001068115234,39.90999984741211,39.95000076293945,689500,-0.05,2016-03-03,09,2016,3,Thursday,1.5151999999999999,1.6328970267594953
34.472042083740234,41.40999984741211,41.61000061035156,40.61000061035156,40.83000183105469,2238100,2.703,2016-03-04,09,2016,4,Friday,1.5151999999999999,1.6328970267594953
34.13074493408203,41.0,41.209999084472656,40.689998626708984,40.880001068115234,949600,-0.99,2016-03-07,10,2016,7,Monday,-0.029400000000000048,2.184563983956524
33.36488342285156,40.08000183105469,40.529998779296875,40.0099983215332,40.529998779296875,906500,-2.244,2016-03-08,10,2016,8,Tuesday,-0.029400000000000048,2.184563983956524
33.489749908447266,40.22999954223633,40.459999084472656,40.11000061035156,40.31999969482422,857000,0.374,2016-03-09,10,2016,9,Wednesday,-0.029400000000000048,2.184563983956524
33.22336196899414,39.90999984741211,40.5,39.470001220703125,40.349998474121094,1079900,-0.795,2016-03-10,10,2016,10,Thursday,-0.029400000000000048,2.184563983956524
34.38881301879883,41.310001373291016,41.31999969482422,40.7400016784668,40.790000915527344,669700,3.508,2016-03-11,10,2016,11,Friday,-0.029400000000000048,2.184563983956524
34.405452728271484,41.33000183105469,41.5099983215332,41.189998626708984,41.20000076293945,501000,0.048,2016-03-14,11,2016,14,Monday,0.4056,0.7369052177858425
34.164031982421875,41.040000915527344,41.09000015258789,40.63999938964844,40.900001525878906,414700,-0.702,2016-03-15,11,2016,15,Tuesday,0.4056,0.7369052177858425
34.53864669799805,41.4900016784668,41.59000015258789,40.5099983215332,40.630001068115234,583600,1.097,2016-03-16,11,2016,16,Wednesday,0.4056,0.7369052177858425
34.76340103149414,41.7599983215332,41.88999938964844,41.27000045776367,41.400001525878906,613300,0.651,2016-03-17,11,2016,17,Thursday,0.4056,0.7369052177858425
35.088069915771484,42.150001525878906,42.439998626708984,42.119998931884766,42.150001525878906,1077300,0.934,2016-03-18,11,2016,18,Friday,0.4056,0.7369052177858425
35.279541015625,42.380001068115234,42.560001373291016,42.2400016784668,42.400001525878906,709800,0.546,2016-03-21,12,2016,21,Monday,-0.5415,0.851121025471701
35.02979278564453,42.08000183105469,42.290000915527344,41.90999984741211,42.029998779296875,609300,-0.708,2016-03-22,12,2016,22,Tuesday,-0.5415,0.851121025471701
34.49701690673828,41.439998626708984,41.9900016784668,41.400001525878906,41.97999954223633,748800,-1.521,2016-03-23,12,2016,23,Wednesday,-0.5415,0.851121025471701
34.33052444458008,41.2400016784668,41.25,40.77000045776367,41.040000915527344,2437700,-0.483,2016-03-24,12,2016,24,Thursday,-0.5415,0.851121025471701
34.588592529296875,41.54999923706055,41.59000015258789,41.20000076293945,41.2599983215332,503900,0.752,2016-03-28,13,2016,28,Monday,0.5396000000000001,0.7468351893155545
35.01314926147461,42.060001373291016,42.099998474121094,41.13999938964844,41.22999954223633,471300,1.227,2016-03-29,13,2016,29,Tuesday,0.5396000000000001,0.7468351893155545
35.43769836425781,42.56999969482422,42.91999816894531,42.529998779296875,42.63999938964844,1026500,1.213,2016-03-30,13,2016,30,Wednesday,0.5396000000000001,0.7468351893155545
35.38774490356445,42.5099983215332,42.79999923706055,42.40999984741211,42.560001373291016,1044200,-0.141,2016-03-31,13,2016,31,Thursday,0.5396000000000001,0.7468351893155545
35.26288604736328,42.36000061035156,42.5,41.470001220703125,41.65999984741211,688500,-0.353,2016-04-01,13,2016,1,Friday,0.5396000000000001,0.7468351893155545
34.854976654052734,41.869998931884766,42.459999084472656,41.810001373291016,42.369998931884766,556900,-1.157,2016-04-04,14,2016,4,Monday,-0.3624,1.8400436951333519
34.13074493408203,41.0,41.45000076293945,40.95000076293945,41.369998931884766,531700,-2.078,2016-04-05,14,2016,5,Tuesday,-0.3624,1.8400436951333519
34.87995529174805,41.900001525878906,41.90999984741211,41.119998931884766,41.18000030517578,689400,2.195,2016-04-06,14,2016,6,Wednesday,-0.3624,1.8400436951333519
34.28890609741211,41.189998626708984,41.54999923706055,40.97999954223633,41.5,561900,-1.695,2016-04-07,14,2016,7,Thursday,-0.3624,1.8400436951333519
34.60525131225586,41.56999969482422,42.0099983215332,41.4900016784668,41.90999984741211,1207900,0.923,2016-04-08,14,2016,8,Friday,-0.3624,1.8400436951333519
34.98817443847656,42.029998779296875,42.5,42.02000045776367,42.209999084472656,669800,1.107,2016-04-11,15,2016,11,Monday,0.9106,1.785755946371172
35.47931671142578,42.619998931884766,42.849998474121094,42.029998779296875,42.310001373291016,526200,1.404,2016-04-12,15,2016,12,Tuesday,0.9106,1.785755946371172
36.71135330200195,44.099998474121094,44.150001525878906,43.81999969482422,43.81999969482422,1095000,3.473,2016-04-13,15,2016,13,Wednesday,0.9106,1.785755946371172
36.65309524536133,44.029998779296875,44.13999938964844,43.880001068115234,43.97999954223633,953400,-0.159,2016-04-14,15,2016,14,Thursday,0.9106,1.785755946371172
36.18691635131836,43.470001220703125,43.79999923706055,43.43000030517578,43.790000915527344,1135900,-1.272,2016-04-15,15,2016,15,Friday,0.9106,1.785755946371172
36.45330047607422,43.790000915527344,43.9900016784668,43.33000183105469,43.47999954223633,620300,0.736,2016-04-18,16,2016,18,Monday,-0.0842,0.9098124532012078
36.82789993286133,44.2400016784668,44.279998779296875,43.84000015258789,43.939998626708984,940900,1.028,2016-04-19,16,2016,19,Tuesday,-0.0842,0.9098124532012078
36.46162796020508,43.79999923706055,44.060001373291016,43.380001068115234,43.459999084472656,1775600,-0.995,2016-04-20,16,2016,20,Wednesday,-0.0842,0.9098124532012078
36.18691635131836,43.470001220703125,43.869998931884766,43.369998931884766,43.869998931884766,693300,-0.753,2016-04-21,16,2016,21,Thursday,-0.0842,0.9098124532012078
36.028743743896484,43.279998779296875,43.70000076293945,43.119998931884766,43.45000076293945,699800,-0.437,2016-04-22,16,2016,22,Friday,-0.0842,0.9098124532012078
35.73738098144531,42.93000030517578,43.029998779296875,42.709999084472656,42.959999084472656,733600,-0.809,2016-04-25,17,2016,25,Monday,-0.46900000000000003,0.7250610319138658
35.812313079833984,43.02000045776367,43.09000015258789,42.779998779296875,42.95000076293945,731500,0.21,2016-04-26,17,2016,26,Tuesday,-0.46900000000000003,0.7250610319138658
35.95381546020508,43.189998626708984,43.36000061035156,42.709999084472656,42.72999954223633,861400,0.395,2016-04-27,17,2016,27,Wednesday,-0.46900000000000003,0.7250610319138658
35.629154205322266,42.79999923706055,43.25,42.7400016784668,42.900001525878906,845600,-0.903,2016-04-28,17,2016,28,Thursday,-0.46900000000000003,0.7250610319138658
35.18796157836914,42.27000045776367,42.54999923706055,41.97999954223633,42.380001068115234,1040500,-1.238,2016-04-29,17,2016,29,Friday,-0.46900000000000003,0.7250610319138658
35.046443939208984,42.099998474121094,42.38999938964844,41.91999816894531,42.38999938964844,1091800,-0.402,2016-05-02,18,2016,2,Monday,-0.7794000000000001,0.9956223179499343
34.230628967285156,41.119998931884766,41.560001373291016,41.06999969482422,41.560001373291016,1766100,-2.328,2016-05-03,18,2016,3,Tuesday,-0.7794000000000001,0.9956223179499343
33.864356994628906,40.68000030517578,41.060001373291016,40.529998779296875,40.959999084472656,1556100,-1.07,2016-05-04,18,2016,4,Wednesday,-0.7794000000000001,0.9956223179499343
33.97257614135742,40.810001373291016,41.209999084472656,40.689998626708984,41.04999923706055,815400,0.32,2016-05-05,18,2016,5,Thursday,-0.7794000000000001,0.9956223179499343
33.831058502197266,40.63999938964844,40.81999969482422,40.369998931884766,40.439998626708984,1083000,-0.417,2016-05-06,18,2016,6,Friday,-0.7794000000000001,0.9956223179499343
33.28995895385742,39.9900016784668,40.4900016784668,39.95000076293945,40.369998931884766,1289000,-1.599,2016-05-09,19,2016,9,Monday,-0.6154,1.3836066276221721
33.864356994628906,40.68000030517578,40.7400016784668,40.279998779296875,40.279998779296875,1134700,1.725,2016-05-10,19,2016,10,Tuesday,-0.6154,1.3836066276221721
33.464778900146484,40.20000076293945,40.540000915527344,40.20000076293945,40.36000061035156,996100,-1.18,2016-05-11,19,2016,11,Wednesday,-0.6154,1.3836066276221721
33.306610107421875,40.0099983215332,40.5,39.91999816894531,40.40999984741211,701700,-0.473,2016-05-12,19,2016,12,Thursday,-0.6154,1.3836066276221721
32.79048156738281,39.38999938964844,39.939998626708984,39.2400016784668,39.810001373291016,1051800,-1.55,2016-05-13,19,2016,13,Friday,-0.6154,1.3836066276221721
33.606292724609375,40.369998931884766,40.529998779296875,39.970001220703125,40.0,2325100,2.488,2016-05-16,20,2016,16,Monday,0.31660000000000005,1.4858801432147886
33.48142623901367,40.220001220703125,40.5,40.06999969482422,40.29999923706055,468000,-0.372,2016-05-17,20,2016,17,Tuesday,0.31660000000000005,1.4858801432147886
33.190067291259766,39.869998931884766,40.41999816894531,39.66999816894531,40.0,1158800,-0.87,2016-05-18,20,2016,18,Wednesday,0.31660000000000005,1.4858801432147886
32.89870834350586,39.52000045776367,39.7400016784668,39.279998779296875,39.63999938964844,4890600,-0.878,2016-05-19,20,2016,19,Thursday,0.31660000000000005,1.4858801432147886
33.298282623291016,40.0,40.150001525878906,39.88999938964844,39.93000030517578,2281800,1.215,2016-05-20,20,2016,20,Friday,0.31660000000000005,1.4858801432147886
33.25666427612305,39.95000076293945,40.150001525878906,39.880001068115234,39.93000030517578,1368300,-0.125,2016-05-23,21,2016,23,Monday,0.7464000000000001,0.8094107733407061
33.88100051879883,40.70000076293945,40.849998474121094,40.189998626708984,40.220001220703125,876200,1.877,2016-05-24,21,2016,24,Tuesday,0.7464000000000001,0.8094107733407061
34.213985443115234,41.099998474121094,41.27000045776367,40.959999084472656,40.959999084472656,1146500,0.983,2016-05-25,21,2016,25,Wednesday,0.7464000000000001,0.8094107733407061
34.230628967285156,41.119998931884766,41.13999938964844,40.91999816894531,41.04999923706055,796100,0.049,2016-05-26,21,2016,26,Thursday,0.7464000000000001,0.8094107733407061
34.5552978515625,41.5099983215332,41.630001068115234,41.27000045776367,41.470001220703125,1114500,0.948,2016-05-27,21,2016,27,Friday,0.7464000000000001,0.8094107733407061
35.17131042480469,42.25,42.41999816894531,41.790000915527344,41.93000030517578,3497400,1.783,2016-05-31,22,2016,31,Tuesday,0.37149999999999994,1.2394672242540339
34.780059814453125,41.779998779296875,42.0099983215332,41.689998626708984,41.91999816894531,1453100,-1.112,2016-06-01,22,2016,1,Wednesday,0.37149999999999994,1.2394672242540339
35.07974624633789,42.13999938964844,42.189998626708984,41.72999954223633,41.79999923706055,754600,0.862,2016-06-02,22,2016,2,Thursday,0.37149999999999994,1.2394672242540339
35.0630989074707,42.119998931884766,42.220001220703125,41.790000915527344,42.11000061035156,1484900,-0.047,2016-06-03,22,2016,3,Friday,0.37149999999999994,1.2394672242540339
35.537593841552734,42.689998626708984,42.810001373291016,42.33000183105469,42.40999984741211,838200,1.353,2016-06-06,23,2016,6,Monday,-0.2538,1.4666685719684596
35.78733444213867,42.9900016784668,43.189998626708984,42.939998626708984,43.029998779296875,1980100,0.703,2016-06-07,23,2016,7,Tuesday,-0.2538,1.4666685719684596
35.704078674316406,42.88999938964844,43.08000183105469,42.790000915527344,42.970001220703125,1594700,-0.233,2016-06-08,23,2016,8,Wednesday,-0.2538,1.4666685719684596
35.48764419555664,42.630001068115234,42.709999084472656,42.400001525878906,42.459999084472656,1008300,-0.606,2016-06-09,23,2016,9,Thursday,-0.2538,1.4666685719684596
34.60525131225586,41.56999969482422,41.81999969482422,41.41999816894531,41.68000030517578,1139100,-2.486,2016-06-10,23,2016,10,Friday,-0.2538,1.4666685719684596
33.97257614135742,40.810001373291016,41.27000045776367,40.75,40.84000015258789,1081000,-1.828,2016-06-13,24,2016,13,Monday,-0.3794,0.949804874697956
34.08079528808594,40.939998626708984,41.09000015258789,40.5,40.84000015258789,1662500,0.319,2016-06-14,24,2016,14,Tuesday,-0.3794,0.949804874697956
34.25560760498047,41.150001525878906,41.5,41.08000183105469,41.22999954223633,1211900,0.513,2016-06-15,24,2016,15,Wednesday,-0.3794,0.949804874697956
34.213985443115234,41.099998474121094,41.16999816894531,40.16999816894531,40.5,1182900,-0.122,2016-06-16,24,2016,16,Thursday,-0.3794,0.949804874697956
33.94759750366211,40.779998779296875,40.88999938964844,40.52000045776367,40.88999938964844,933000,-0.779,2016-06-17,24,2016,17,Friday,-0.3794,0.949804874697956
34.49701690673828,41.439998626708984,41.77000045776367,41.40999984741211,41.439998626708984,1054900,1.618,2016-06-20,25,2016,20,Monday,-0.015000000000000036,2.9995714693935867
34.780059814453125,41.779998779296875,41.88999938964844,41.5,41.72999954223633,1156300,0.82,2016-06-21,25,2016,21,Tuesday,-0.015000000000000036,2.9995714693935867
34.941890716552734,41.66999816894531,42.06999969482422,41.650001525878906,41.849998474121094,1947500,0.465,2016-06-22,25,2016,22,Wednesday,-0.015000000000000036,2.9995714693935867
35.73011779785156,42.61000061035156,42.63999938964844,42.16999816894531,42.27000045776367,1335200,2.256,2016-06-23,25,2016,23,Thursday,-0.015000000000000036,2.9995714693935867
33.86017990112305,40.380001068115234,41.400001525878906,40.209999084472656,40.400001525878906,2189100,-5.234,2016-06-24,25,2016,24,Friday,-0.015000000000000036,2.9995714693935867
33.541534423828125,40.0,40.36000061035156,39.560001373291016,40.36000061035156,2218900,-0.941,2016-06-27,26,2016,27,Monday,1.1304,1.3209950037755631
34.3716926574707,40.9900016784668,41.09000015258789,40.58000183105469,40.790000915527344,3098100,2.475,2016-06-28,26,2016,28,Tuesday,1.1304,1.3209950037755631
35.0257453918457,41.77000045776367,41.86000061035156,41.650001525878906,41.650001525878906,1513500,1.903,2016-06-29,26,2016,29,Wednesday,1.1304,1.3209950037755631
35.5456428527832,42.38999938964844,42.63999938964844,41.959999084472656,42.02000045776367,918600,1.484,2016-06-30,26,2016,30,Thursday,1.1304,1.3209950037755631
35.80558776855469,42.70000076293945,42.869998931884766,42.380001068115234,42.54999923706055,708000,0.731,2016-07-01,26,2016,1,Friday,1.1304,1.3209950037755631
35.08444595336914,41.84000015258789,42.08000183105469,41.66999816894531,41.9900016784668,979900,-2.014,2016-07-05,27,2016,5,Tuesday,-0.20325,1.449610148741148
35.03413772583008,41.779998779296875,41.79999923706055,41.119998931884766,41.290000915527344,1439700,-0.143,2016-07-06,27,2016,6,Wednesday,-0.20325,1.449610148741148
34.9670524597168,41.70000076293945,42.060001373291016,41.5099983215332,41.849998474121094,1241100,-0.191,2016-07-07,27,2016,7,Thursday,-0.20325,1.449610148741148
35.50371551513672,42.34000015258789,42.41999816894531,41.900001525878906,42.02000045776367,1191800,1.535,2016-07-08,27,2016,8,Friday,-0.20325,1.449610148741148
35.99846267700195,42.93000030517578,43.099998474121094,42.47999954223633,42.47999954223633,776900,1.394,2016-07-11,28,2016,11,Monday,0.6981999999999999,1.0111865307647248
36.526729583740234,43.560001373291016,43.720001220703125,43.400001525878906,43.400001525878906,1334900,1.467,2016-07-12,28,2016,12,Tuesday,0.6981999999999999,1.0111865307647248
36.31710433959961,43.310001373291016,43.43000030517578,43.099998474121094,43.41999816894531,1170300,-0.574,2016-07-13,28,2016,13,Wednesday,0.6981999999999999,1.0111865307647248
36.83698654174805,43.93000030517578,44.0099983215332,43.68000030517578,43.72999954223633,1314300,1.432,2016-07-14,28,2016,14,Thursday,0.6981999999999999,1.0111865307647248
36.75313949584961,43.83000183105469,44.02000045776367,43.689998626708984,44.02000045776367,875100,-0.228,2016-07-15,28,2016,15,Friday,0.6981999999999999,1.0111865307647248
37.08855056762695,44.22999954223633,44.2400016784668,43.630001068115234,43.72999954223633,622700,0.913,2016-07-18,29,2016,18,Monday,0.2142,1.1147004978916981
36.518348693847656,43.54999923706055,43.81999969482422,43.45000076293945,43.72999954223633,893600,-1.537,2016-07-19,29,2016,19,Tuesday,0.2142,1.1147004978916981
36.97954559326172,44.099998474121094,44.130001068115234,43.880001068115234,43.959999084472656,349800,1.263,2016-07-20,29,2016,20,Wednesday,0.2142,1.1147004978916981
36.9124641418457,44.02000045776367,44.2599983215332,43.900001525878906,44.06999969482422,1066200,-0.181,2016-07-21,29,2016,21,Thursday,0.2142,1.1147004978916981
37.13887023925781,44.290000915527344,44.290000915527344,44.060001373291016,44.099998474121094,365100,0.613,2016-07-22,29,2016,22,Friday,0.2142,1.1147004978916981
36.862152099609375,43.959999084472656,44.20000076293945,43.86000061035156,44.20000076293945,486200,-0.745,2016-07-25,30,2016,25,Monday,-0.12000000000000002,0.7405730888980505
37.2898063659668,44.470001220703125,44.470001220703125,44.150001525878906,44.16999816894531,358200,1.16,2016-07-26,30,2016,26,Tuesday,-0.12000000000000002,0.7405730888980505
37.19755554199219,44.36000061035156,44.470001220703125,44.0099983215332,44.36000061035156,876200,-0.247,2016-07-27,30,2016,27,Wednesday,-0.12000000000000002,0.7405730888980505
37.080169677734375,44.220001220703125,44.279998779296875,44.060001373291016,44.279998779296875,505800,-0.316,2016-07-28,30,2016,28,Thursday,-0.12000000000000002,0.7405730888980505
36.9124641418457,44.02000045776367,44.13999938964844,43.66999816894531,43.849998474121094,757300,-0.452,2016-07-29,30,2016,29,Friday,-0.12000000000000002,0.7405730888980505
36.929229736328125,44.040000915527344,44.279998779296875,43.93000030517578,44.11000061035156,883100,0.045,2016-08-01,31,2016,1,Monday,0.3318,0.7647334176038079
36.75313949584961,43.83000183105469,43.97999954223633,43.5,43.83000183105469,1323600,-0.477,2016-08-02,31,2016,2,Tuesday,0.3318,0.7647334176038079
36.820220947265625,43.90999984741211,43.959999084472656,43.56999969482422,43.619998931884766,977800,0.183,2016-08-03,31,2016,3,Wednesday,0.3318,0.7647334176038079
36.9376106262207,44.04999923706055,44.220001220703125,43.880001068115234,44.0,576500,0.319,2016-08-04,31,2016,4,Thursday,0.3318,0.7647334176038079
37.524600982666016,44.75,44.75,44.369998931884766,44.369998931884766,574300,1.589,2016-08-05,31,2016,5,Friday,0.3318,0.7647334176038079
37.75099563598633,45.02000045776367,45.099998474121094,44.93000030517578,44.95000076293945,773800,0.603,2016-08-08,32,2016,8,Monday,0.7986000000000001,0.8174712838993184
37.98579025268555,45.29999923706055,45.459999084472656,45.189998626708984,45.2599983215332,182300,0.622,2016-08-09,32,2016,9,Tuesday,0.7986000000000001,0.8174712838993184
37.927093505859375,45.22999954223633,45.47999954223633,45.150001525878906,45.369998931884766,1410300,-0.155,2016-08-10,32,2016,10,Wednesday,0.7986000000000001,0.8174712838993184
38.72370529174805,46.18000030517578,46.2599983215332,45.88999938964844,45.91999816894531,1493500,2.1,2016-08-11,32,2016,11,Thursday,0.7986000000000001,0.8174712838993184
39.04235076904297,46.560001373291016,46.59000015258789,46.119998931884766,46.119998931884766,964900,0.823,2016-08-12,32,2016,12,Friday,0.7986000000000001,0.8174712838993184
39.72994613647461,47.380001068115234,47.40999984741211,47.0099983215332,47.099998474121094,2051000,1.761,2016-08-15,33,2016,15,Monday,0.34859999999999997,0.8676798372671799
39.62094497680664,47.25,47.40999984741211,47.029998779296875,47.40999984741211,1603200,-0.274,2016-08-16,33,2016,16,Tuesday,0.34859999999999997,0.8676798372671799
39.553855895996094,47.16999816894531,47.22999954223633,46.720001220703125,47.040000915527344,3051900,-0.169,2016-08-17,33,2016,17,Wednesday,0.34859999999999997,0.8676798372671799
39.797035217285156,47.459999084472656,47.529998779296875,47.27000045776367,47.36000061035156,1393800,0.615,2016-08-18,33,2016,18,Thursday,0.34859999999999997,0.8676798372671799
39.7215576171875,47.369998931884766,47.40999984741211,47.06999969482422,47.29999923706055,1137700,-0.19,2016-08-19,33,2016,19,Friday,0.34859999999999997,0.8676798372671799
39.360992431640625,46.939998626708984,47.209999084472656,46.81999969482422,47.209999084472656,1567200,-0.908,2016-08-22,34,2016,22,Monday,-0.33520000000000005,0.35781517575418736
39.285518646240234,46.849998474121094,47.349998474121094,46.849998474121094,47.16999816894531,1044900,-0.192,2016-08-23,34,2016,23,Tuesday,-0.33520000000000005,0.35781517575418736
39.10942840576172,46.63999938964844,46.869998931884766,46.529998779296875,46.869998931884766,1536300,-0.448,2016-08-24,34,2016,24,Wednesday,-0.33520000000000005,0.35781517575418736
39.101043701171875,46.630001068115234,46.75,46.439998626708984,46.439998626708984,825500,-0.021,2016-08-25,34,2016,25,Thursday,-0.33520000000000005,0.35781517575418736
39.059120178222656,46.58000183105469,47.290000915527344,46.220001220703125,46.75,1491000,-0.107,2016-08-26,34,2016,26,Friday,-0.33520000000000005,0.35781517575418736
39.27714157104492,46.84000015258789,47.0099983215332,46.65999984741211,46.779998779296875,1092100,0.558,2016-08-29,35,2016,29,Monday,0.5728,0.9892407189354875
39.60417175292969,47.22999954223633,47.41999816894531,47.11000061035156,47.119998931884766,479700,0.833,2016-08-30,35,2016,30,Tuesday,0.5728,0.9892407189354875
39.21005630493164,46.7599983215332,46.93000030517578,46.5,46.93000030517578,1527800,-0.995,2016-08-31,35,2016,31,Wednesday,0.5728,0.9892407189354875
39.49516296386719,47.099998474121094,47.22999954223633,46.869998931884766,47.0,764600,0.727,2016-09-01,35,2016,1,Thursday,0.5728,0.9892407189354875
40.18275833129883,47.91999816894531,48.099998474121094,47.72999954223633,47.7599983215332,2021200,1.741,2016-09-02,35,2016,2,Friday,0.5728,0.9892407189354875
41.1973991394043,49.130001068115234,49.150001525878906,48.689998626708984,48.689998626708984,2879200,2.525,2016-09-06,36,2016,6,Tuesday,0.07400000000000007,2.1057136557471434
41.01291275024414,48.90999984741211,49.04999923706055,48.810001373291016,49.04999923706055,1829600,-0.448,2016-09-07,36,2016,7,Wednesday,0.07400000000000007,2.1057136557471434
41.306400299072266,49.2599983215332,49.43000030517578,49.029998779296875,49.06999969482422,1538300,0.716,2016-09-08,36,2016,8,Thursday,0.07400000000000007,2.1057136557471434
40.275001525878906,48.029998779296875,48.939998626708984,47.97999954223633,48.939998626708984,1464300,-2.497,2016-09-09,36,2016,9,Friday,0.07400000000000007,2.1057136557471434
40.55172348022461,48.36000061035156,48.459999084472656,47.13999938964844,47.209999084472656,1444800,0.687,2016-09-12,37,2016,12,Monday,0.0816,1.3108927492361837
39.771873474121094,47.43000030517578,47.7400016784668,46.900001525878906,47.529998779296875,3391200,-1.923,2016-09-13,37,2016,13,Tuesday,0.0816,1.3108927492361837
39.87249755859375,47.54999923706055,47.95000076293945,47.470001220703125,47.70000076293945,2739100,0.253,2016-09-14,37,2016,14,Wednesday,0.0816,1.3108927492361837
40.51817321777344,48.31999969482422,48.5,47.75,47.880001068115234,2144600,1.619,2016-09-15,37,2016,15,Thursday,0.0816,1.3108927492361837
40.425926208496094,48.209999084472656,48.25,47.83000183105469,48.13999938964844,1211800,-0.228,2016-09-16,37,2016,16,Friday,0.0816,1.3108927492361837
40.30854415893555,48.06999969482422,48.560001373291016,48.040000915527344,48.36000061035156,1165300,-0.29,2016-09-19,38,2016,19,Monday,0.36880000000000007,1.6161228913668666
40.32530975341797,48.09000015258789,48.4900016784668,48.09000015258789,48.459999084472656,629000,0.042,2016-09-20,38,2016,20,Tuesday,0.36880000000000007,1.6161228913668666
41.423797607421875,49.400001525878906,49.5,48.58000183105469,48.58000183105469,1802700,2.724,2016-09-21,38,2016,21,Wednesday,0.36880000000000007,1.6161228913668666
41.83468246459961,49.88999938964844,49.95000076293945,49.63999938964844,49.68000030517578,1482000,0.992,2016-09-22,38,2016,22,Thursday,0.36880000000000007,1.6161228913668666
41.15546417236328,49.08000183105469,49.400001525878906,49.06999969482422,49.369998931884766,787600,-1.624,2016-09-23,38,2016,23,Friday,0.36880000000000007,1.6161228913668666
40.32530975341797,48.09000015258789,48.470001220703125,48.06999969482422,48.369998931884766,928500,-2.017,2016-09-26,39,2016,26,Monday,-0.22979999999999995,1.3889113362630459
40.85359573364258,48.720001220703125,48.810001373291016,48.45000076293945,48.5,3954100,1.31,2016-09-27,39,2016,27,Tuesday,-0.22979999999999995,1.3889113362630459
41.13029861450195,49.04999923706055,49.11000061035156,48.400001525878906,48.79999923706055,1190700,0.677,2016-09-28,39,2016,28,Wednesday,-0.22979999999999995,1.3889113362630459
40.59364318847656,48.40999984741211,49.0099983215332,48.20000076293945,48.90999984741211,2129800,-1.305,2016-09-29,39,2016,29,Thursday,-0.22979999999999995,1.3889113362630459
40.66912078857422,48.5,48.689998626708984,48.22999954223633,48.439998626708984,1157400,0.186,2016-09-30,39,2016,30,Friday,-0.22979999999999995,1.3889113362630459
40.761348724365234,48.61000061035156,48.65999984741211,48.310001373291016,48.47999954223633,953500,0.227,2016-10-03,40,2016,3,Monday,0.20259999999999997,1.1478818754558326
40.61880111694336,48.439998626708984,48.970001220703125,48.290000915527344,48.75,1025100,-0.35,2016-10-04,40,2016,4,Tuesday,0.20259999999999997,1.1478818754558326
41.47410583496094,49.459999084472656,49.470001220703125,48.9900016784668,49.04999923706055,2555100,2.106,2016-10-05,40,2016,5,Wednesday,0.20259999999999997,1.1478818754558326
41.457340240478516,49.439998626708984,49.5099983215332,49.13999938964844,49.36000061035156,570100,-0.04,2016-10-06,40,2016,6,Thursday,0.20259999999999997,1.1478818754558326
41.07161331176758,48.97999954223633,49.369998931884766,48.7599983215332,49.36000061035156,886700,-0.93,2016-10-07,40,2016,7,Friday,0.20259999999999997,1.1478818754558326
41.72566223144531,49.7599983215332,49.93000030517578,49.189998626708984,49.189998626708984,1377200,1.592,2016-10-10,41,2016,10,Monday,-0.45780000000000004,1.7319202348838123
40.55172348022461,48.36000061035156,48.97999954223633,48.13999938964844,48.880001068115234,2428300,-2.813,2016-10-11,41,2016,11,Tuesday,-0.45780000000000004,1.7319202348838123
40.5684928894043,48.380001068115234,48.40999984741211,48.04999923706055,48.2400016784668,7479400,0.041,2016-10-12,41,2016,12,Wednesday,-0.45780000000000004,1.7319202348838123
39.9395866394043,47.630001068115234,47.75,47.029998779296875,47.369998931884766,1795300,-1.55,2016-10-13,41,2016,13,Thursday,-0.45780000000000004,1.7319202348838123
40.115684509277344,47.84000015258789,48.22999954223633,47.720001220703125,48.06999969482422,1075200,0.441,2016-10-14,41,2016,14,Friday,-0.45780000000000004,1.7319202348838123
39.889278411865234,47.56999969482422,47.77000045776367,47.5099983215332,47.52000045776367,1060000,-0.564,2016-10-17,42,2016,17,Monday,0.223,0.7810624174801909
40.46785354614258,48.2599983215332,48.5,48.209999084472656,48.5,891800,1.45,2016-10-18,42,2016,18,Tuesday,0.223,0.7810624174801909
40.59364318847656,48.40999984741211,48.4900016784668,48.189998626708984,48.310001373291016,442300,0.311,2016-10-19,42,2016,19,Wednesday,0.223,0.7810624174801909
40.45947265625,48.25,48.43000030517578,48.130001068115234,48.27000045776367,890700,-0.331,2016-10-20,42,2016,20,Thursday,0.223,0.7810624174801909
40.56010055541992,48.369998931884766,48.38999938964844,47.9900016784668,48.04999923706055,850600,0.249,2016-10-21,42,2016,21,Friday,0.223,0.7810624174801909
40.74457931518555,48.59000015258789,48.779998779296875,48.52000045776367,48.63999938964844,806800,0.455,2016-10-24,43,2016,24,Monday,-0.5292,0.5939223013155845
40.585262298583984,48.400001525878906,48.68000030517578,48.380001068115234,48.68000030517578,914100,-0.391,2016-10-25,43,2016,25,Tuesday,-0.5292,0.5939223013155845
40.199527740478516,47.939998626708984,48.18000030517578,47.79999923706055,48.029998779296875,875500,-0.95,2016-10-26,43,2016,26,Wednesday,-0.5292,0.5939223013155845
39.84735107421875,47.52000045776367,47.81999969482422,47.459999084472656,47.709999084472656,514100,-0.876,2016-10-27,43,2016,27,Thursday,-0.5292,0.5939223013155845
39.49516296386719,47.099998474121094,47.5,46.91999816894531,47.34000015258789,1217500,-0.884,2016-10-28,43,2016,28,Friday,-0.5292,0.5939223013155845
39.470001220703125,47.06999969482422,47.25,47.029998779296875,47.189998626708984,997300,-0.064,2016-10-31,44,2016,31,Monday,-0.5346,0.7034122546558312
39.470001220703125,47.06999969482422,47.59000015258789,46.650001525878906,47.59000015258789,1079800,0.0,2016-11-01,44,2016,1,Tuesday,-0.5346,0.7034122546558312
38.82432556152344,46.29999923706055,47.02000045776367,46.060001373291016,46.97999954223633,1426700,-1.636,2016-11-02,44,2016,2,Wednesday,-0.5346,0.7034122546558312
38.774017333984375,46.2400016784668,46.47999954223633,46.099998474121094,46.369998931884766,1546900,-0.13,2016-11-03,44,2016,3,Thursday,-0.5346,0.7034122546558312
38.44698715209961,45.849998474121094,46.08000183105469,45.75,45.959999084472656,1866200,-0.843,2016-11-04,44,2016,4,Friday,-0.5346,0.7034122546558312
39.662872314453125,47.29999923706055,47.52000045776367,46.90999984741211,46.90999984741211,2708200,3.162,2016-11-07,45,2016,7,Monday,-0.23079999999999998,2.191224475036732
39.89766311645508,47.58000183105469,47.86000061035156,46.959999084472656,47.040000915527344,1500700,0.592,2016-11-08,45,2016,8,Tuesday,-0.23079999999999998,2.191224475036732
38.916568756103516,46.40999984741211,46.939998626708984,46.25,46.38999938964844,3748000,-2.459,2016-11-09,45,2016,9,Wednesday,-0.23079999999999998,2.191224475036732
38.363128662109375,45.75,46.56999969482422,45.380001068115234,46.52000045776367,2033600,-1.422,2016-11-10,45,2016,10,Thursday,-0.23079999999999998,2.191224475036732
37.969017028808594,45.279998779296875,45.439998626708984,44.619998931884766,45.0,2021600,-1.027,2016-11-11,45,2016,11,Friday,-0.23079999999999998,2.191224475036732
37.40719985961914,44.61000061035156,45.09000015258789,44.31999969482422,44.970001220703125,2345800,-1.48,2016-11-14,46,2016,14,Monday,0.02980000000000004,1.3904260857737099
38.153499603271484,45.5,45.650001525878906,44.900001525878906,44.900001525878906,4036300,1.995,2016-11-15,46,2016,15,Tuesday,0.02980000000000004,1.3904260857737099
37.76776885986328,45.040000915527344,45.279998779296875,44.90999984741211,45.0,1778700,-1.011,2016-11-16,46,2016,16,Wednesday,0.02980000000000004,1.3904260857737099
38.04448318481445,45.369998931884766,45.4900016784668,45.220001220703125,45.310001373291016,2154000,0.733,2016-11-17,46,2016,17,Thursday,0.02980000000000004,1.3904260857737099
38.010948181152344,45.33000183105469,45.5,45.11000061035156,45.439998626708984,527400,-0.088,2016-11-18,46,2016,18,Friday,0.02980000000000004,1.3904260857737099
38.270896911621094,45.63999938964844,45.720001220703125,45.47999954223633,45.540000915527344,753800,0.684,2016-11-21,47,2016,21,Monday,0.49475,0.7058467137653426
38.66501235961914,46.11000061035156,46.2400016784668,45.93000030517578,46.2400016784668,1079500,1.03,2016-11-22,47,2016,22,Tuesday,0.49475,0.7058467137653426
38.45537567138672,45.86000061035156,45.93000030517578,45.619998931884766,45.77000045776367,787000,-0.542,2016-11-23,47,2016,23,Wednesday,0.49475,0.7058467137653426
38.76563262939453,46.22999954223633,46.369998931884766,46.13999938964844,46.279998779296875,594000,0.807,2016-11-25,47,2016,25,Friday,0.49475,0.7058467137653426
38.89980697631836,46.38999938964844,46.70000076293945,46.31999969482422,46.439998626708984,1049300,0.346,2016-11-28,48,2016,28,Monday,-0.14579999999999999,0.6394632123898919
39.13458251953125,46.66999816894531,46.810001373291016,46.290000915527344,46.349998474121094,1007300,0.604,2016-11-29,48,2016,29,Tuesday,-0.14579999999999999,0.6394632123898919
39.09267044067383,46.619998931884766,46.869998931884766,46.5099983215332,46.869998931884766,1347300,-0.107,2016-11-30,48,2016,30,Wednesday,-0.14579999999999999,0.6394632123898919
38.75725173950195,46.220001220703125,46.65999984741211,46.08000183105469,46.65999984741211,993700,-0.858,2016-12-01,48,2016,1,Thursday,-0.14579999999999999,0.6394632123898919
38.480525970458984,45.88999938964844,46.18000030517578,45.81999969482422,45.97999954223633,669600,-0.714,2016-12-02,48,2016,2,Friday,-0.14579999999999999,0.6394632123898919
38.530845642089844,45.95000076293945,46.040000915527344,45.709999084472656,45.72999954223633,1033800,0.131,2016-12-05,49,2016,5,Monday,0.1412,0.7152721160509474
38.505680084228516,45.91999816894531,46.0099983215332,45.790000915527344,46.0099983215332,620700,-0.065,2016-12-06,49,2016,6,Tuesday,0.1412,0.7152721160509474
39.00880432128906,46.52000045776367,46.630001068115234,45.939998626708984,46.029998779296875,1581700,1.307,2016-12-07,49,2016,7,Wednesday,0.1412,0.7152721160509474
39.00041580200195,46.5099983215332,46.56999969482422,46.22999954223633,46.290000915527344,1676700,-0.022,2016-12-08,49,2016,8,Thursday,0.1412,0.7152721160509474
38.748863220214844,46.209999084472656,46.2599983215332,46.06999969482422,46.119998931884766,1181000,-0.645,2016-12-09,49,2016,9,Friday,0.1412,0.7152721160509474
37.96063232421875,45.27000045776367,45.5,45.08000183105469,45.45000076293945,1104700,-2.034,2016-12-12,50,2016,12,Monday,-0.9640000000000001,1.2895914081599644
38.40506362915039,45.79999923706055,45.970001220703125,45.56999969482422,45.58000183105469,1077900,1.171,2016-12-13,50,2016,13,Tuesday,-0.9640000000000001,1.2895914081599644
37.66714859008789,44.91999816894531,45.869998931884766,44.79999923706055,45.33000183105469,1528600,-1.921,2016-12-14,50,2016,14,Wednesday,-0.9640000000000001,1.2895914081599644
37.239501953125,44.40999984741211,44.68000030517578,44.400001525878906,44.59000015258789,3566400,-1.135,2016-12-15,50,2016,15,Thursday,-0.9640000000000001,1.2895914081599644
36.90407180786133,44.0099983215332,44.41999816894531,43.93000030517578,44.2599983215332,1603200,-0.901,2016-12-16,50,2016,16,Friday,-0.9640000000000001,1.2895914081599644
36.80345153808594,43.88999938964844,44.040000915527344,43.79999923706055,43.91999816894531,1028700,-0.273,2016-12-19,51,2016,19,Monday,-0.36360000000000003,0.4251426819316076
36.820220947265625,43.90999984741211,44.0,43.81999969482422,43.849998474121094,962100,0.046,2016-12-20,51,2016,20,Tuesday,-0.36360000000000003,0.4251426819316076
36.71100616455078,43.36000061035156,43.560001373291016,43.31999969482422,43.560001373291016,903600,-0.297,2016-12-21,51,2016,21,Wednesday,-0.36360000000000003,0.4251426819316076
36.31307601928711,42.88999938964844,43.04999923706055,42.7400016784668,43.04999923706055,2741600,-1.084,2016-12-22,51,2016,22,Thursday,-0.36360000000000003,0.4251426819316076
36.236873626708984,42.79999923706055,42.91999816894531,42.709999084472656,42.709999084472656,794900,-0.21,2016-12-23,51,2016,23,Friday,-0.36360000000000003,0.4251426819316076
36.38079833984375,42.970001220703125,43.09000015258789,42.83000183105469,42.83000183105469,954900,0.397,2016-12-27,52,2016,27,Tuesday,0.54025,0.6379798194300506
36.6517448425293,43.290000915527344,43.54999923706055,43.22999954223633,43.40999984741211,653300,0.745,2016-12-28,52,2016,28,Wednesday,0.54025,0.6379798194300506
37.117401123046875,43.84000015258789,44.0099983215332,43.68000030517578,43.68000030517578,894000,1.27,2016-12-29,52,2016,29,Thursday,0.54025,0.6379798194300506
37.02426528930664,43.72999954223633,44.119998931884766,43.630001068115234,44.0,809900,-0.251,2016-12-30,52,2016,30,Friday,0.54025,0.6379798194300506
37.41372299194336,44.189998626708984,44.459999084472656,44.09000015258789,44.18000030517578,1333800,1.052,2017-01-03,01,2017,3,Tuesday,0.91225,1.060143504437017
37.90478515625,44.77000045776367,44.939998626708984,44.34000015258789,44.34000015258789,1085900,1.313,2017-01-04,01,2017,4,Wednesday,0.91225,1.060143504437017
38.61598205566406,45.61000061035156,45.720001220703125,45.18000030517578,45.18000030517578,3145800,1.876,2017-01-05,01,2017,5,Thursday,0.91225,1.060143504437017
38.38738250732422,45.34000015258789,45.5,45.15999984741211,45.5,1371300,-0.592,2017-01-06,01,2017,6,Friday,0.91225,1.060143504437017
38.53131103515625,45.5099983215332,45.66999816894531,45.400001525878906,45.5,909800,0.375,2017-01-09,02,2017,9,Monday,0.4262,0.6970729517059172
39.115509033203125,46.20000076293945,46.5,45.849998474121094,45.88999938964844,2087600,1.516,2017-01-10,02,2017,10,Tuesday,0.4262,0.6970729517059172
39.25943374633789,46.369998931884766,46.47999954223633,46.02000045776367,46.349998474121094,1979200,0.368,2017-01-11,02,2017,11,Wednesday,0.4262,0.6970729517059172
39.09010314941406,46.16999816894531,46.2599983215332,45.90999984741211,46.18000030517578,1389200,-0.431,2017-01-12,02,2017,12,Thursday,0.4262,0.6970729517059172
39.208641052246094,46.310001373291016,46.439998626708984,46.18000030517578,46.18000030517578,975600,0.303,2017-01-13,02,2017,13,Friday,0.4262,0.6970729517059172
39.132442474365234,46.220001220703125,46.27000045776367,46.060001373291016,46.220001220703125,786900,-0.194,2017-01-17,03,2017,17,Tuesday,-0.09675,0.3699958333098721
39.29330062866211,46.40999984741211,46.630001068115234,46.29999923706055,46.540000915527344,686000,0.411,2017-01-18,03,2017,18,Wednesday,-0.09675,0.3699958333098721
39.10703659057617,46.189998626708984,46.400001525878906,46.04999923706055,46.369998931884766,1366800,-0.474,2017-01-19,03,2017,19,Thursday,-0.09675,0.3699958333098721
39.056236267089844,46.130001068115234,46.290000915527344,45.91999816894531,46.2400016784668,585400,-0.13,2017-01-20,03,2017,20,Friday,-0.09675,0.3699958333098721
39.3695068359375,46.5,46.540000915527344,46.16999816894531,46.209999084472656,808600,0.802,2017-01-23,04,2017,23,Monday,0.4354,0.5569280025281544
39.76742172241211,46.970001220703125,47.029998779296875,46.720001220703125,46.7400016784668,1638300,1.011,2017-01-24,04,2017,24,Tuesday,0.4354,0.5569280025281544
40.02989196777344,47.279998779296875,47.290000915527344,47.040000915527344,47.04999923706055,539800,0.66,2017-01-25,04,2017,25,Wednesday,0.4354,0.5569280025281544
40.02989196777344,47.279998779296875,47.470001220703125,47.220001220703125,47.38999938964844,822200,0.0,2017-01-26,04,2017,26,Thursday,0.4354,0.5569280025281544
39.91135787963867,47.13999938964844,47.27000045776367,47.02000045776367,47.20000076293945,837000,-0.296,2017-01-27,04,2017,27,Friday,0.4354,0.5569280025281544
39.7504997253418,46.95000076293945,46.9900016784668,46.689998626708984,46.86000061035156,709300,-0.403,2017-01-30,05,2017,30,Monday,-0.012600000000000004,0.2279151157777825
39.80128860473633,47.0099983215332,47.130001068115234,46.810001373291016,46.810001373291016,878900,0.128,2017-01-31,05,2017,31,Tuesday,-0.012600000000000004,0.2279151157777825
39.80976104736328,47.02000045776367,47.34000015258789,46.900001525878906,47.290000915527344,1234500,0.021,2017-02-01,05,2017,1,Wednesday,-0.012600000000000004,0.2279151157777825
39.87749481201172,47.099998474121094,47.130001068115234,46.849998474121094,46.97999954223633,1390200,0.17,2017-02-02,05,2017,2,Thursday,-0.012600000000000004,0.2279151157777825
39.885963439941406,47.11000061035156,47.20000076293945,46.9900016784668,47.11000061035156,1120300,0.021,2017-02-03,05,2017,3,Friday,-0.012600000000000004,0.2279151157777825
40.038368225097656,47.290000915527344,47.40999984741211,47.2400016784668,47.2400016784668,539900,0.382,2017-02-06,06,2017,6,Monday,0.5972000000000001,0.5780646157654004
40.021419525146484,47.27000045776367,47.540000915527344,47.209999084472656,47.45000076293945,909600,-0.042,2017-02-07,06,2017,7,Tuesday,0.5972000000000001,0.5780646157654004
40.60561752319336,47.959999084472656,48.09000015258789,47.61000061035156,47.689998626708984,475600,1.46,2017-02-08,06,2017,8,Wednesday,0.5972000000000001,0.5780646157654004
40.9527473449707,48.369998931884766,48.5099983215332,48.209999084472656,48.27000045776367,735800,0.855,2017-02-09,06,2017,9,Thursday,0.5972000000000001,0.5780646157654004
41.088218688964844,48.529998779296875,48.56999969482422,48.290000915527344,48.34000015258789,1324400,0.331,2017-02-10,06,2017,10,Friday,0.5972000000000001,0.5780646157654004
41.291412353515625,48.77000045776367,49.029998779296875,48.70000076293945,48.709999084472656,2562200,0.495,2017-02-13,07,2017,13,Monday,0.19860000000000003,0.6497347920498024
41.19828414916992,48.65999984741211,48.75,48.310001373291016,48.56999969482422,943100,-0.226,2017-02-14,07,2017,14,Tuesday,0.19860000000000003,0.6497347920498024
41.680877685546875,49.22999954223633,49.27000045776367,48.88999938964844,48.900001525878906,1518800,1.171,2017-02-15,07,2017,15,Wednesday,0.19860000000000003,0.6497347920498024
41.68933868408203,49.2400016784668,49.459999084472656,49.18000030517578,49.33000183105469,2019300,0.02,2017-02-16,07,2017,16,Thursday,0.19860000000000003,0.6497347920498024
41.49460983276367,49.0099983215332,49.040000915527344,48.77000045776367,48.84000015258789,1415600,-0.467,2017-02-17,07,2017,17,Friday,0.19860000000000003,0.6497347920498024
41.8332633972168,49.40999984741211,49.470001220703125,49.150001525878906,49.220001220703125,1103900,0.816,2017-02-21,08,2017,21,Tuesday,0.03925000000000001,0.9886116106270787
42.188865661621094,49.83000183105469,49.90999984741211,49.63999938964844,49.63999938964844,1303100,0.85,2017-02-22,08,2017,22,Wednesday,0.03925000000000001,0.9886116106270787
42.061866760253906,49.68000030517578,50.02000045776367,49.529998779296875,50.0,1662600,-0.301,2017-02-23,08,2017,23,Thursday,0.03925000000000001,0.9886116106270787
41.55387878417969,49.08000183105469,49.11000061035156,48.880001068115234,49.0,1148200,-1.208,2017-02-24,08,2017,24,Friday,0.03925000000000001,0.9886116106270787
41.443817138671875,48.95000076293945,48.970001220703125,48.75,48.79999923706055,1167900,-0.265,2017-02-27,09,2017,27,Monday,-0.17120000000000002,1.072312780862002
41.2406120300293,48.709999084472656,48.86000061035156,48.619998931884766,48.72999954223633,1112300,-0.49,2017-02-28,09,2017,28,Tuesday,-0.17120000000000002,1.072312780862002
41.71474075317383,49.27000045776367,49.369998931884766,49.02000045776367,49.11000061035156,1224000,1.15,2017-03-01,09,2017,1,Wednesday,-0.17120000000000002,1.072312780862002
41.0035514831543,48.43000030517578,48.75,48.43000030517578,48.65999984741211,1402800,-1.705,2017-03-02,09,2017,2,Thursday,-0.17120000000000002,1.072312780862002
41.1898193359375,48.650001525878906,48.72999954223633,48.4900016784668,48.58000183105469,718800,0.454,2017-03-03,09,2017,3,Friday,-0.17120000000000002,1.072312780862002
41.14748001098633,48.599998474121094,48.619998931884766,48.41999816894531,48.54999923706055,707200,-0.103,2017-03-06,10,2017,6,Monday,-0.019199999999999995,0.5797475312582194
41.2829475402832,48.7599983215332,48.88999938964844,48.68000030517578,48.810001373291016,1228800,0.329,2017-03-07,10,2017,7,Tuesday,-0.019199999999999995,0.5797475312582194
41.32527160644531,48.810001373291016,49.09000015258789,48.720001220703125,49.02000045776367,938400,0.103,2017-03-08,10,2017,8,Wednesday,-0.019199999999999995,0.5797475312582194
40.92735290527344,48.34000015258789,48.5099983215332,48.060001373291016,48.369998931884766,759800,-0.963,2017-03-09,10,2017,9,Thursday,-0.019199999999999995,0.5797475312582194
41.14748001098633,48.599998474121094,48.650001525878906,48.40999984741211,48.540000915527344,468000,0.538,2017-03-10,10,2017,10,Friday,-0.019199999999999995,0.5797475312582194
41.81634521484375,49.38999938964844,49.52000045776367,49.25,49.310001373291016,850500,1.626,2017-03-13,11,2017,13,Monday,0.6942,1.0217060242555096
41.579280853271484,49.11000061035156,49.36000061035156,49.06999969482422,49.33000183105469,1317800,-0.567,2017-03-14,11,2017,14,Tuesday,0.6942,1.0217060242555096
42.19733428955078,49.84000015258789,50.0,49.150001525878906,49.310001373291016,5210500,1.486,2017-03-15,11,2017,15,Wednesday,0.6942,1.0217060242555096
42.68838882446289,50.41999816894531,50.5,50.31999969482422,50.439998626708984,4193200,1.164,2017-03-16,11,2017,16,Thursday,0.6942,1.0217060242555096
42.58679962158203,50.29999923706055,50.459999084472656,50.27000045776367,50.459999084472656,1990100,-0.238,2017-03-17,11,2017,17,Friday,0.6942,1.0217060242555096
43.1794548034668,51.0,51.06999969482422,50.720001220703125,50.790000915527344,2678400,1.392,2017-03-20,12,2017,20,Monday,0.11519999999999997,1.0267763631872326
42.544464111328125,50.25,51.2599983215332,50.119998931884766,51.25,2093200,-1.471,2017-03-21,12,2017,21,Tuesday,0.11519999999999997,1.0267763631872326
42.696861267089844,50.43000030517578,50.540000915527344,49.959999084472656,50.040000915527344,1681200,0.358,2017-03-22,12,2017,22,Wednesday,0.11519999999999997,1.0267763631872326
42.78998947143555,50.540000915527344,50.720001220703125,50.27000045776367,50.29999923706055,1305800,0.218,2017-03-23,12,2017,23,Thursday,0.11519999999999997,1.0267763631872326
42.8238525390625,50.58000183105469,50.66999816894531,50.380001068115234,50.43000030517578,1198700,0.079,2017-03-24,12,2017,24,Friday,0.11519999999999997,1.0267763631872326
42.66299057006836,50.38999938964844,50.459999084472656,49.869998931884766,50.0,1168900,-0.376,2017-03-27,13,2017,27,Monday,-0.25780000000000003,0.4266886452672487
42.815391540527344,50.56999969482422,50.72999954223633,50.310001373291016,50.310001373291016,1945800,0.357,2017-03-28,13,2017,28,Tuesday,-0.25780000000000003,0.4266886452672487
42.80693054199219,50.560001373291016,50.59000015258789,50.31999969482422,50.34000015258789,950100,-0.02,2017-03-29,13,2017,29,Wednesday,-0.25780000000000003,0.4266886452672487
42.56985855102539,50.279998779296875,50.34000015258789,50.15999984741211,50.189998626708984,1172400,-0.554,2017-03-30,13,2017,30,Thursday,-0.25780000000000003,0.4266886452672487
42.27352523803711,49.93000030517578,50.04999923706055,49.86000061035156,49.9900016784668,1875800,-0.696,2017-03-31,13,2017,31,Friday,-0.25780000000000003,0.4266886452672487
42.62912368774414,50.349998474121094,50.400001525878906,50.0,50.22999954223633,1155500,0.841,2017-04-03,14,2017,3,Monday,0.18419999999999997,0.36852164115557723
42.64605712890625,50.369998931884766,50.4900016784668,50.189998626708984,50.279998779296875,1029000,0.04,2017-04-04,14,2017,4,Tuesday,0.18419999999999997,0.36852164115557723
42.67146682739258,50.400001525878906,50.66999816894531,50.310001373291016,50.650001525878906,4122700,0.06,2017-04-05,14,2017,5,Wednesday,0.18419999999999997,0.36852164115557723
42.66299057006836,50.38999938964844,50.40999984741211,50.189998626708984,50.34000015258789,1150500,-0.02,2017-04-06,14,2017,6,Thursday,0.18419999999999997,0.36852164115557723
42.66299057006836,50.38999938964844,50.540000915527344,50.18000030517578,50.34000015258789,1120200,0.0,2017-04-07,14,2017,7,Friday,0.18419999999999997,0.36852164115557723
42.58679962158203,50.29999923706055,50.349998474121094,50.130001068115234,50.16999816894531,815000,-0.179,2017-04-10,15,2017,10,Monday,-0.20825,0.4281856100649188
42.33279800415039,50.0,50.189998626708984,49.709999084472656,50.15999984741211,1515400,-0.596,2017-04-11,15,2017,11,Tuesday,-0.20825,0.4281856100649188
42.4936637878418,50.189998626708984,50.2400016784668,50.0,50.209999084472656,1352500,0.38,2017-04-12,15,2017,12,Wednesday,-0.20825,0.4281856100649188
42.307403564453125,49.970001220703125,50.41999816894531,49.970001220703125,50.2400016784668,1330600,-0.438,2017-04-13,15,2017,13,Thursday,-0.20825,0.4281856100649188
42.62912368774414,50.349998474121094,50.41999816894531,50.0,50.08000183105469,5053900,0.76,2017-04-17,16,2017,17,Monday,0.15259999999999999,1.0992357799853496
42.04494094848633,49.65999984741211,49.79999923706055,49.52000045776367,49.63999938964844,925700,-1.37,2017-04-18,16,2017,18,Tuesday,0.15259999999999999,1.0992357799853496
41.9941291809082,49.599998474121094,49.959999084472656,49.52000045776367,49.790000915527344,462100,-0.121,2017-04-19,16,2017,19,Wednesday,0.15259999999999999,1.0992357799853496
42.65453338623047,50.380001068115234,50.41999816894531,50.099998474121094,50.119998931884766,1361100,1.573,2017-04-20,16,2017,20,Thursday,0.15259999999999999,1.0992357799853496
42.620670318603516,50.34000015258789,50.38999938964844,50.15999984741211,50.18000030517578,816800,-0.079,2017-04-21,16,2017,21,Friday,0.15259999999999999,1.0992357799853496
42.942386627197266,50.720001220703125,50.790000915527344,50.65999984741211,50.66999816894531,598900,0.755,2017-04-24,17,2017,24,Monday,0.3252,0.6039248297594659
43.441917419433594,51.310001373291016,51.45000076293945,51.2599983215332,51.29999923706055,1067000,1.163,2017-04-25,17,2017,25,Tuesday,0.3252,0.6039248297594659
43.36572265625,51.220001220703125,51.38999938964844,51.15999984741211,51.290000915527344,2760600,-0.175,2017-04-26,17,2017,26,Wednesday,0.3252,0.6039248297594659
43.289520263671875,51.130001068115234,51.2599983215332,51.040000915527344,51.119998931884766,792000,-0.176,2017-04-27,17,2017,27,Thursday,0.3252,0.6039248297594659
43.31492233276367,51.15999984741211,51.16999816894531,50.93000030517578,51.11000061035156,1423600,0.059,2017-04-28,17,2017,28,Friday,0.3252,0.6039248297594659
43.4842529296875,51.36000061035156,51.529998779296875,51.220001220703125,51.279998779296875,474200,0.391,2017-05-01,18,2017,1,Monday,-0.21000000000000002,0.7042109059081662
43.46731948852539,51.34000015258789,51.529998779296875,51.22999954223633,51.290000915527344,1090400,-0.039,2017-05-02,18,2017,2,Tuesday,-0.21000000000000002,0.7042109059081662
43.289520263671875,51.130001068115234,51.290000915527344,50.95000076293945,51.25,954200,-0.409,2017-05-03,18,2017,3,Wednesday,-0.21000000000000002,0.7042109059081662
42.713802337646484,50.45000076293945,50.790000915527344,50.310001373291016,50.790000915527344,1266300,-1.33,2017-05-04,18,2017,4,Thursday,-0.21000000000000002,0.7042109059081662
42.85771560668945,50.619998931884766,50.630001068115234,50.209999084472656,50.29999923706055,1419300,0.337,2017-05-05,18,2017,5,Friday,-0.21000000000000002,0.7042109059081662
42.916996002197266,50.689998626708984,50.88999938964844,50.650001525878906,50.81999969482422,796500,0.138,2017-05-08,19,2017,8,Monday,0.6998,0.777075092896433
43.6959114074707,51.61000061035156,51.77000045776367,51.38999938964844,51.38999938964844,1815800,1.815,2017-05-09,19,2017,9,Tuesday,0.6998,0.777075092896433
44.093841552734375,52.08000183105469,52.099998474121094,51.81999969482422,51.939998626708984,1554400,0.911,2017-05-10,19,2017,10,Wednesday,0.6998,0.777075092896433
44.009185791015625,51.97999954223633,52.04999923706055,51.65999984741211,51.959999084472656,1424000,-0.192,2017-05-11,19,2017,11,Thursday,0.6998,0.777075092896433
44.37324523925781,52.40999984741211,52.45000076293945,52.16999816894531,52.189998626708984,1621700,0.827,2017-05-12,19,2017,12,Friday,0.6998,0.777075092896433
44.805023193359375,52.91999816894531,52.970001220703125,52.439998626708984,52.58000183105469,2244400,0.973,2017-05-15,20,2017,15,Monday,0.3196,1.1252356642055032
45.01670455932617,53.16999816894531,53.189998626708984,52.790000915527344,52.790000915527344,1204100,0.472,2017-05-16,20,2017,16,Tuesday,0.3196,1.1252356642055032
44.33936309814453,52.369998931884766,52.900001525878906,52.33000183105469,52.900001525878906,1611300,-1.505,2017-05-17,20,2017,17,Wednesday,0.3196,1.1252356642055032
44.4325065612793,52.47999954223633,52.650001525878906,51.68000030517578,52.029998779296875,1835500,0.21,2017-05-18,20,2017,18,Thursday,0.3196,1.1252356642055032
45.075965881347656,53.2400016784668,53.38999938964844,52.869998931884766,52.90999984741211,1002300,1.448,2017-05-19,20,2017,19,Friday,0.3196,1.1252356642055032
45.59241485595703,53.849998474121094,53.93000030517578,53.61000061035156,53.689998626708984,981000,1.146,2017-05-22,21,2017,22,Monday,0.357,0.7848671862168783
45.3045539855957,53.5099983215332,53.849998474121094,53.439998626708984,53.7400016784668,3336600,-0.631,2017-05-23,21,2017,23,Tuesday,0.357,0.7848671862168783
45.329959869384766,53.540000915527344,53.59000015258789,53.40999984741211,53.560001373291016,970100,0.056,2017-05-24,21,2017,24,Wednesday,0.357,0.7848671862168783
45.863346099853516,54.16999816894531,54.22999954223633,53.9900016784668,54.04999923706055,1250900,1.177,2017-05-25,21,2017,25,Thursday,0.357,0.7848671862168783
45.880279541015625,54.189998626708984,54.22999954223633,54.029998779296875,54.06999969482422,755700,0.037,2017-05-26,21,2017,26,Friday,0.357,0.7848671862168783
45.905677795410156,54.220001220703125,54.2599983215332,54.0099983215332,54.040000915527344,1310500,0.055,2017-05-30,22,2017,30,Tuesday,0.13125000000000003,0.8433814380219665
45.524696350097656,53.77000045776367,54.11000061035156,53.650001525878906,54.11000061035156,1335200,-0.83,2017-05-31,22,2017,31,Wednesday,0.13125000000000003,0.8433814380219665
46.08348846435547,54.43000030517578,54.43000030517578,53.939998626708984,54.029998779296875,1532200,1.227,2017-06-01,22,2017,1,Thursday,0.13125000000000003,0.8433814380219665
46.11735153198242,54.470001220703125,54.4900016784668,54.22999954223633,54.36000061035156,473600,0.073,2017-06-02,22,2017,2,Friday,0.13125000000000003,0.8433814380219665
46.04115295410156,54.380001068115234,54.54999923706055,54.33000183105469,54.38999938964844,858000,-0.165,2017-06-05,23,2017,5,Monday,0.21739999999999995,1.144136486613376
46.2528190612793,54.630001068115234,54.779998779296875,54.470001220703125,54.5099983215332,1194700,0.46,2017-06-06,23,2017,6,Tuesday,0.21739999999999995,1.144136486613376
46.39674758911133,54.79999923706055,54.79999923706055,54.54999923706055,54.599998474121094,799400,0.311,2017-06-07,23,2017,7,Wednesday,0.21739999999999995,1.144136486613376
47.24340057373047,55.79999923706055,56.06999969482422,55.349998474121094,56.0099983215332,2081500,1.825,2017-06-08,23,2017,8,Thursday,0.21739999999999995,1.144136486613376
46.608402252197266,55.04999923706055,55.97999954223633,54.66999816894531,55.83000183105469,2775900,-1.344,2017-06-09,23,2017,9,Friday,0.21739999999999995,1.144136486613376
46.21894454956055,54.59000015258789,54.77000045776367,54.150001525878906,54.61000061035156,3149600,-0.836,2017-06-12,24,2017,12,Monday,-0.4204,0.5222703322992797
46.2528190612793,54.630001068115234,55.08000183105469,54.560001373291016,54.939998626708984,4248300,0.073,2017-06-13,24,2017,13,Tuesday,-0.4204,0.5222703322992797
46.04961395263672,54.38999938964844,54.88999938964844,54.22999954223633,54.810001373291016,1868000,-0.439,2017-06-14,24,2017,14,Wednesday,-0.4204,0.5222703322992797
45.575496673583984,53.83000183105469,53.869998931884766,53.540000915527344,53.84000015258789,1926300,-1.03,2017-06-15,24,2017,15,Thursday,-0.4204,0.5222703322992797
45.63475799560547,53.900001525878906,54.0,53.65999984741211,54.0,2699200,0.13,2017-06-16,24,2017,16,Friday,-0.4204,0.5222703322992797
46.51527404785156,54.939998626708984,55.0,54.61000061035156,54.630001068115234,1476600,1.929,2017-06-19,25,2017,19,Monday,0.48979999999999996,0.980900708532724
46.14314270019531,54.310001373291016,54.540000915527344,54.27000045776367,54.470001220703125,1789100,-0.8,2017-06-20,25,2017,20,Tuesday,0.48979999999999996,0.980900708532724
46.4320182800293,54.650001525878906,54.7599983215332,54.459999084472656,54.4900016784668,1530400,0.626,2017-06-21,25,2017,21,Wednesday,0.48979999999999996,0.980900708532724
46.66990661621094,54.93000030517578,55.150001525878906,54.810001373291016,55.0,891700,0.512,2017-06-22,25,2017,22,Thursday,0.48979999999999996,0.980900708532724
46.7548713684082,55.029998779296875,55.119998931884766,54.810001373291016,54.810001373291016,921500,0.182,2017-06-23,25,2017,23,Friday,0.48979999999999996,0.980900708532724
47.12870788574219,55.470001220703125,55.77000045776367,55.2599983215332,55.61000061035156,1806400,0.8,2017-06-26,26,2017,26,Monday,-0.11959999999999997,0.9984214040173619
46.66141891479492,54.91999816894531,55.45000076293945,54.90999984741211,55.41999816894531,1076000,-0.992,2017-06-27,26,2017,27,Tuesday,-0.11959999999999997,0.9984214040173619
47.009761810302734,55.33000183105469,55.369998931884766,54.88999938964844,55.06999969482422,1362900,0.747,2017-06-28,26,2017,28,Wednesday,-0.11959999999999997,0.9984214040173619
46.37255096435547,54.58000183105469,55.130001068115234,54.13999938964844,55.130001068115234,2132700,-1.355,2017-06-29,26,2017,29,Thursday,-0.11959999999999997,0.9984214040173619
46.465999603271484,54.689998626708984,54.939998626708984,54.59000015258789,54.849998474121094,1700300,0.202,2017-06-30,26,2017,30,Friday,-0.11959999999999997,0.9984214040173619
46.7548713684082,55.029998779296875,55.36000061035156,54.95000076293945,55.189998626708984,995600,0.622,2017-07-03,27,2017,3,Monday,-0.1715,0.8116166993517733
46.68690872192383,54.95000076293945,55.0,54.41999816894531,54.68000030517578,1930700,-0.145,2017-07-05,27,2017,5,Wednesday,-0.1715,0.8116166993517733
46.08367156982422,54.2400016784668,54.65999984741211,54.189998626708984,54.599998474121094,1011200,-1.292,2017-07-06,27,2017,6,Thursday,-0.1715,0.8116166993517733
46.14314270019531,54.310001373291016,54.439998626708984,54.13999938964844,54.369998931884766,1385100,0.129,2017-07-07,27,2017,7,Friday,-0.1715,0.8116166993517733
46.4320182800293,54.650001525878906,54.72999954223633,54.290000915527344,54.310001373291016,831500,0.626,2017-07-10,28,2017,10,Monday,1.2348,0.7990730254488634
47.281639099121094,55.650001525878906,55.70000076293945,55.29999923706055,55.47999954223633,963000,1.83,2017-07-11,28,2017,11,Tuesday,1.2348,0.7990730254488634
48.27569580078125,56.81999969482422,56.88999938964844,56.36000061035156,56.40999984741211,1679800,2.102,2017-07-12,28,2017,12,Wednesday,1.2348,0.7990730254488634
48.377655029296875,56.939998626708984,56.970001220703125,56.720001220703125,56.880001068115234,1307400,0.211,2017-07-13,28,2017,13,Thursday,1.2348,0.7990730254488634
49.0573616027832,57.7400016784668,57.810001373291016,57.18000030517578,57.18000030517578,655200,1.405,2017-07-14,28,2017,14,Friday,1.2348,0.7990730254488634
48.76848220825195,57.400001525878906,57.540000915527344,57.220001220703125,57.529998779296875,1522100,-0.589,2017-07-17,29,2017,17,Monday,0.14040000000000002,0.7656603685708174
49.023380279541016,57.70000076293945,57.75,57.13999938964844,57.310001373291016,737600,0.523,2017-07-18,29,2017,18,Tuesday,0.14040000000000002,0.7656603685708174
49.65209197998047,58.439998626708984,58.720001220703125,58.36000061035156,58.47999954223633,2272400,1.282,2017-07-19,29,2017,19,Wednesday,0.14040000000000002,0.7656603685708174
49.44818115234375,58.20000076293945,58.529998779296875,58.15999984741211,58.529998779296875,2546700,-0.411,2017-07-20,29,2017,20,Thursday,0.14040000000000002,0.7656603685708174
49.3972053527832,58.13999938964844,58.16999816894531,57.939998626708984,58.11000061035156,596500,-0.103,2017-07-21,29,2017,21,Friday,0.14040000000000002,0.7656603685708174
49.686073303222656,58.47999954223633,58.54999923706055,58.349998474121094,58.38999938964844,1040600,0.585,2017-07-24,30,2017,24,Monday,0.3842,0.6528435494052154
49.65209197998047,58.439998626708984,58.650001525878906,58.349998474121094,58.56999969482422,1020000,-0.068,2017-07-25,30,2017,25,Tuesday,0.3842,0.6528435494052154
50.161869049072266,59.040000915527344,59.060001373291016,58.459999084472656,58.58000183105469,1742700,1.027,2017-07-26,30,2017,26,Wednesday,0.3842,0.6528435494052154
49.90699005126953,58.7400016784668,59.52000045776367,58.13999938964844,59.47999954223633,1676000,-0.508,2017-07-27,30,2017,27,Thursday,0.3842,0.6528435494052154
50.348785400390625,59.2599983215332,59.34000015258789,58.56999969482422,58.779998779296875,1474900,0.885,2017-07-28,30,2017,28,Friday,0.3842,0.6528435494052154
50.47622299194336,59.40999984741211,59.75,59.34000015258789,59.75,1030100,0.253,2017-07-31,31,2017,31,Monday,0.11560000000000001,0.5523330516997874
50.81608581542969,59.810001373291016,60.029998779296875,59.70000076293945,60.0,1325100,0.673,2017-08-01,31,2017,1,Tuesday,0.11560000000000001,0.5523330516997874
50.41675567626953,59.34000015258789,59.83000183105469,59.0,59.81999969482422,1438500,-0.786,2017-08-02,31,2017,2,Wednesday,0.11560000000000001,0.5523330516997874
50.44225311279297,59.369998931884766,59.41999816894531,58.959999084472656,59.29999923706055,973800,0.051,2017-08-03,31,2017,3,Thursday,0.11560000000000001,0.5523330516997874
50.637657165527344,59.599998474121094,59.65999984741211,59.33000183105469,59.560001373291016,673700,0.387,2017-08-04,31,2017,4,Friday,0.11560000000000001,0.5523330516997874
51.274879455566406,60.349998474121094,60.36000061035156,59.939998626708984,60.0,926100,1.258,2017-08-07,32,2017,7,Monday,-0.32539999999999997,1.7506135495876864
51.66571044921875,60.810001373291016,61.150001525878906,60.650001525878906,60.77000045776367,1052600,0.762,2017-08-08,32,2017,8,Tuesday,-0.32539999999999997,1.7506135495876864
51.546756744384766,60.66999816894531,60.66999816894531,60.20000076293945,60.59000015258789,1249500,-0.23,2017-08-09,32,2017,9,Wednesday,-0.32539999999999997,1.7506135495876864
49.87300109863281,58.70000076293945,59.9900016784668,58.630001068115234,59.9900016784668,2089700,-3.247,2017-08-10,32,2017,10,Thursday,-0.32539999999999997,1.7506135495876864
49.78803253173828,58.599998474121094,58.7599983215332,58.040000915527344,58.31999969482422,1887400,-0.17,2017-08-11,32,2017,11,Friday,-0.32539999999999997,1.7506135495876864
50.4592399597168,59.38999938964844,59.52000045776367,59.20000076293945,59.400001525878906,745300,1.348,2017-08-14,33,2017,14,Monday,0.3702,1.384042882283638
50.39126205444336,59.310001373291016,59.369998931884766,58.9900016784668,59.369998931884766,1356100,-0.135,2017-08-15,33,2017,15,Tuesday,0.3702,1.384042882283638
51.32585906982422,60.40999984741211,60.5,60.2400016784668,60.349998474121094,2712200,1.855,2017-08-16,33,2017,16,Wednesday,0.3702,1.384042882283638
50.4592399597168,59.38999938964844,60.209999084472656,59.310001373291016,60.099998474121094,2308600,-1.688,2017-08-17,33,2017,17,Thursday,0.3702,1.384042882283638
50.69712829589844,59.66999816894531,60.02000045776367,59.290000915527344,59.52000045776367,1778900,0.471,2017-08-18,33,2017,18,Friday,0.3702,1.384042882283638
51.26637649536133,60.34000015258789,60.38999938964844,60.02000045776367,60.18000030517578,880200,1.123,2017-08-21,34,2017,21,Monday,0.6924,0.5888453107565688
51.99706268310547,61.20000076293945,61.220001220703125,60.70000076293945,60.70000076293945,3209400,1.425,2017-08-22,34,2017,22,Tuesday,0.6924,0.5888453107565688
52.319923400878906,61.58000183105469,61.65999984741211,60.95000076293945,60.95000076293945,1859800,0.621,2017-08-23,34,2017,23,Wednesday,0.6924,0.5888453107565688
52.30292510986328,61.560001373291016,61.790000915527344,61.36000061035156,61.7599983215332,913200,-0.032,2017-08-24,34,2017,24,Thursday,0.6924,0.5888453107565688
52.47285461425781,61.7599983215332,62.2400016784668,61.70000076293945,62.13999938964844,1474700,0.325,2017-08-25,34,2017,25,Friday,0.6924,0.5888453107565688
52.05653762817383,61.27000045776367,61.7599983215332,61.15999984741211,61.7599983215332,1046900,-0.793,2017-08-28,35,2017,28,Monday,0.11779999999999999,0.5834738211779514
52.065032958984375,61.279998779296875,61.369998931884766,60.529998779296875,60.599998474121094,1097000,0.016,2017-08-29,35,2017,29,Tuesday,0.11779999999999999,0.5834738211779514
52.47285461425781,61.7599983215332,61.849998474121094,61.41999816894531,61.52000045776367,1451600,0.783,2017-08-30,35,2017,30,Wednesday,0.11779999999999999,0.5834738211779514
52.676761627197266,62.0,62.099998474121094,61.79999923706055,61.95000076293945,1177100,0.389,2017-08-31,35,2017,31,Thursday,0.11779999999999999,0.5834738211779514
52.77872085571289,62.119998931884766,62.209999084472656,61.86000061035156,62.08000183105469,775200,0.194,2017-09-01,35,2017,1,Friday,0.11779999999999999,0.5834738211779514
52.099029541015625,61.31999969482422,61.790000915527344,60.97999954223633,61.59000015258789,1357200,-1.288,2017-09-05,36,2017,5,Tuesday,-0.23075,0.952017288008294
52.3369140625,61.599998474121094,61.75,61.369998931884766,61.630001068115234,1332600,0.457,2017-09-06,36,2017,6,Wednesday,-0.23075,0.952017288008294
52.693756103515625,62.02000045776367,62.02000045776367,61.630001068115234,61.7599983215332,932300,0.682,2017-09-07,36,2017,7,Thursday,-0.23075,0.952017288008294
52.285926818847656,61.540000915527344,62.060001373291016,61.5099983215332,62.060001373291016,1084300,-0.774,2017-09-08,36,2017,8,Friday,-0.23075,0.952017288008294
53.39044952392578,62.84000015258789,62.849998474121094,62.310001373291016,62.310001373291016,903900,2.112,2017-09-11,37,2017,11,Monday,0.6796,0.8717162955916334
53.52638626098633,63.0,63.04999923706055,62.790000915527344,63.040000915527344,1995400,0.255,2017-09-12,37,2017,12,Tuesday,0.6796,0.8717162955916334
53.65383529663086,63.150001525878906,63.279998779296875,62.869998931884766,63.0,3194400,0.238,2017-09-13,37,2017,13,Wednesday,0.6796,0.8717162955916334
53.61134719848633,63.099998474121094,63.209999084472656,62.810001373291016,62.880001068115234,3590300,-0.079,2017-09-14,37,2017,14,Thursday,0.6796,0.8717162955916334
54.07864761352539,63.650001525878906,63.75,63.0099983215332,63.27000045776367,3057400,0.872,2017-09-15,37,2017,15,Friday,0.6796,0.8717162955916334
54.5969123840332,64.26000213623047,64.33999633789062,64.05000305175781,64.08999633789062,889100,0.958,2017-09-18,38,2017,18,Monday,0.05800000000000001,0.6032018733392661
54.69886779785156,64.37999725341797,64.41000366210938,64.06999969482422,64.38999938964844,831000,0.187,2017-09-19,38,2017,19,Tuesday,0.05800000000000001,0.6032018733392661
54.60541534423828,64.2699966430664,64.70999908447266,63.540000915527344,64.62000274658203,2206400,-0.171,2017-09-20,38,2017,20,Wednesday,0.05800000000000001,0.6032018733392661
54.6139030456543,64.27999877929688,64.63999938964844,64.02999877929688,64.63999938964844,1059600,0.016,2017-09-21,38,2017,21,Thursday,0.05800000000000001,0.6032018733392661
54.23157501220703,63.83000183105469,63.93000030517578,63.650001525878906,63.84000015258789,1076000,-0.7,2017-09-22,38,2017,22,Friday,0.05800000000000001,0.6032018733392661
52.57481002807617,61.880001068115234,62.77000045776367,61.54999923706055,62.720001220703125,3234200,-3.055,2017-09-25,39,2017,25,Monday,-0.22080000000000002,1.7333186954510127
52.693756103515625,62.02000045776367,62.59000015258789,61.90999984741211,62.45000076293945,3863300,0.226,2017-09-26,39,2017,26,Tuesday,-0.22080000000000002,1.7333186954510127
53.1015739440918,62.5,62.70000076293945,62.13999938964844,62.560001373291016,2153800,0.774,2017-09-27,39,2017,27,Wednesday,-0.22080000000000002,1.7333186954510127
52.84668731689453,62.20000076293945,62.279998779296875,61.81999969482422,61.81999969482422,1447000,-0.48,2017-09-28,39,2017,28,Thursday,-0.22080000000000002,1.7333186954510127
53.602848052978516,63.09000015258789,63.279998779296875,62.45000076293945,62.45000076293945,1816600,1.431,2017-09-29,39,2017,29,Friday,-0.22080000000000002,1.7333186954510127
53.88322830200195,63.41999816894531,63.79999923706055,63.349998474121094,63.5,1615300,0.523,2017-10-02,40,2017,2,Monday,0.7,1.209693349572527
55.174659729003906,64.94000244140625,64.95999908447266,64.38999938964844,64.61000061035156,1552100,2.397,2017-10-03,40,2017,3,Tuesday,0.7,1.209693349572527
55.106693267822266,64.86000061035156,65.06999969482422,64.7699966430664,64.9000015258789,1449800,-0.123,2017-10-04,40,2017,4,Wednesday,0.7,1.209693349572527
55.85435485839844,65.73999786376953,65.80999755859375,65.08000183105469,65.0999984741211,3488900,1.357,2017-10-05,40,2017,5,Thursday,0.7,1.209693349572527
55.489017486572266,65.30999755859375,65.3499984741211,64.9000015258789,65.0199966430664,1057000,-0.654,2017-10-06,40,2017,6,Friday,0.7,1.209693349572527
55.53150177001953,65.36000061035156,65.5,65.11000061035156,65.19999694824219,619900,0.077,2017-10-09,41,2017,9,Monday,0.1636,0.6760105768403332
56.0837516784668,66.01000213623047,66.01000213623047,65.5999984741211,65.62000274658203,1551200,0.994,2017-10-10,41,2017,10,Tuesday,0.1636,0.6760105768403332
55.86284637451172,65.75,65.77999877929688,65.38999938964844,65.41999816894531,1338300,-0.394,2017-10-11,41,2017,11,Wednesday,0.1636,0.6760105768403332
55.54849624633789,65.37999725341797,65.69999694824219,65.2699966430664,65.69999694824219,1245700,-0.563,2017-10-12,41,2017,12,Thursday,0.1636,0.6760105768403332
55.9393196105957,65.83999633789062,66.05999755859375,65.66999816894531,65.81999969482422,1137500,0.704,2017-10-13,41,2017,13,Friday,0.1636,0.6760105768403332
56.202701568603516,66.1500015258789,66.2300033569336,65.97000122070312,66.20999908447266,664600,0.471,2017-10-16,42,2017,16,Monday,-0.09219999999999995,1.1648281847551596
55.718421936035156,65.58000183105469,66.1500015258789,65.54000091552734,66.02999877929688,1377300,-0.862,2017-10-17,42,2017,17,Tuesday,-0.09219999999999995,1.1648281847551596
56.23668670654297,66.19000244140625,66.3499984741211,65.79000091552734,66.08000183105469,934400,0.93,2017-10-18,42,2017,18,Wednesday,-0.09219999999999995,1.1648281847551596
55.251129150390625,65.02999877929688,65.06999969482422,64.61000061035156,65.05000305175781,800900,-1.753,2017-10-19,42,2017,19,Thursday,-0.09219999999999995,1.1648281847551596
55.66743087768555,65.5199966430664,65.72000122070312,65.41999816894531,65.69000244140625,1127000,0.753,2017-10-20,42,2017,20,Friday,-0.09219999999999995,1.1648281847551596
55.13217544555664,64.88999938964844,65.5,64.86000061035156,65.5,828500,-0.962,2017-10-23,43,2017,23,Monday,-0.10419999999999999,0.8596852330940667
55.089691162109375,64.83999633789062,65.27999877929688,64.77999877929688,65.0,781200,-0.077,2017-10-24,43,2017,24,Tuesday,-0.10419999999999999,0.8596852330940667
54.826316833496094,64.52999877929688,65.36000061035156,64.02999877929688,65.26000213623047,1860500,-0.478,2017-10-25,43,2017,25,Wednesday,-0.10419999999999999,0.8596852330940667
54.64789962768555,64.31999969482422,64.8499984741211,64.30000305175781,64.58999633789062,1371000,-0.325,2017-10-26,43,2017,26,Thursday,-0.10419999999999999,0.8596852330940667
55.37007141113281,65.16999816894531,65.20999908447266,64.33000183105469,64.7300033569336,1591900,1.321,2017-10-27,43,2017,27,Friday,-0.10419999999999999,0.8596852330940667
54.94526672363281,64.66999816894531,64.97000122070312,64.3499984741211,64.69000244140625,1564300,-0.767,2017-10-30,44,2017,30,Monday,0.20359999999999995,0.6760963688705922
55.480525970458984,65.30000305175781,65.30999755859375,64.87999725341797,64.95999908447266,844300,0.974,2017-10-31,44,2017,31,Tuesday,0.20359999999999995,0.6760963688705922
55.86284637451172,65.75,66.2699966430664,65.68000030517578,66.02999877929688,1257700,0.689,2017-11-01,44,2017,1,Wednesday,0.20359999999999995,0.6760963688705922
55.94781494140625,65.8499984741211,66.1500015258789,65.54000091552734,66.0199966430664,1489600,0.152,2017-11-02,44,2017,2,Thursday,0.20359999999999995,0.6760963688705922
55.930816650390625,65.83000183105469,66.11000061035156,65.5,65.91999816894531,1221800,-0.03,2017-11-03,44,2017,3,Friday,0.20359999999999995,0.6760963688705922
56.76346206665039,66.80999755859375,66.87999725341797,66.18000030517578,66.19000244140625,1326900,1.489,2017-11-06,45,2017,6,Monday,0.47119999999999995,0.6226573696664964
56.967369079589844,67.05000305175781,67.44999694824219,66.95999908447266,67.41999816894531,1705800,0.359,2017-11-07,45,2017,7,Tuesday,0.47119999999999995,0.6226573696664964
57.09480667114258,67.19999694824219,67.26000213623047,66.97000122070312,67.18000030517578,1001600,0.224,2017-11-08,45,2017,8,Wednesday,0.47119999999999995,0.6226573696664964
56.9843635559082,67.06999969482422,67.19000244140625,66.37000274658203,67.19000244140625,1961200,-0.193,2017-11-09,45,2017,9,Thursday,0.47119999999999995,0.6226573696664964
57.256248474121094,67.38999938964844,67.41999816894531,67.08999633789062,67.33999633789062,1244100,0.477,2017-11-10,45,2017,10,Friday,0.47119999999999995,0.6226573696664964
57.239253997802734,67.37000274658203,67.58999633789062,67.11000061035156,67.36000061035156,959900,-0.03,2017-11-13,46,2017,13,Monday,0.06,1.2982403475474023
56.55104446411133,66.55999755859375,67.12000274658203,66.3499984741211,67.06999969482422,1173400,-1.202,2017-11-14,46,2017,14,Tuesday,0.06,1.2982403475474023
56.15172576904297,66.08999633789062,66.27999877929688,65.62999725341797,66.0199966430664,2300500,-0.706,2017-11-15,46,2017,15,Wednesday,0.06,1.2982403475474023
57.38369369506836,67.54000091552734,67.80000305175781,66.9000015258789,66.97000122070312,1984100,2.194,2017-11-16,46,2017,16,Thursday,0.06,1.2982403475474023
57.4091796875,67.56999969482422,67.79000091552734,67.5,67.5,2375500,0.044,2017-11-17,46,2017,17,Friday,0.06,1.2982403475474023
58.105865478515625,68.38999938964844,68.51000213623047,68.05999755859375,68.11000061035156,1907600,1.214,2017-11-20,47,2017,20,Monday,0.695,1.3107580503917062
59.43977355957031,69.95999908447266,70.16999816894531,69.77999877929688,69.87000274658203,2346000,2.296,2017-11-21,47,2017,21,Tuesday,0.695,1.3107580503917062
59.33782196044922,69.83999633789062,69.9800033569336,69.58000183105469,69.9000015258789,1509000,-0.172,2017-11-22,47,2017,22,Wednesday,0.695,1.3107580503917062
59.006465911865234,69.44999694824219,69.45999908447266,69.16999816894531,69.29000091552734,1169600,-0.558,2017-11-24,47,2017,24,Friday,0.695,1.3107580503917062
57.89345169067383,68.13999938964844,68.76000213623047,68.13999938964844,68.69999694824219,1271300,-1.886,2017-11-27,48,2017,27,Monday,-1.2154,1.23523633366251
58.343753814697266,68.66999816894531,68.80999755859375,68.18000030517578,68.4800033569336,1378600,0.778,2017-11-28,48,2017,28,Tuesday,-1.2154,1.23523633366251
56.890899658203125,66.95999908447266,68.0199966430664,66.31999969482422,68.0,2110100,-2.49,2017-11-29,48,2017,29,Wednesday,-1.2154,1.23523633366251
56.2791748046875,66.23999786376953,66.7699966430664,66.12000274658203,66.7699966430664,2728000,-1.075,2017-11-30,48,2017,30,Thursday,-1.2154,1.23523633366251
55.489017486572266,65.30999755859375,66.0,64.87000274658203,65.58000183105469,2859600,-1.404,2017-12-01,48,2017,1,Friday,-1.2154,1.23523633366251
55.259620666503906,65.04000091552734,66.26000213623047,64.9800033569336,66.02999877929688,2125700,-0.413,2017-12-04,49,2017,4,Monday,0.06719999999999997,1.2293676016554203
55.01323699951172,64.75,65.36000061035156,64.38999938964844,64.68000030517578,1658100,-0.446,2017-12-05,49,2017,5,Tuesday,0.06719999999999997,1.2293676016554203
54.29104995727539,63.900001525878906,64.02999877929688,63.16999816894531,63.27000045776367,2430800,-1.313,2017-12-06,49,2017,6,Wednesday,0.06719999999999997,1.2293676016554203
54.62240219116211,64.29000091552734,64.47000122070312,63.84000015258789,63.939998626708984,1962100,0.61,2017-12-07,49,2017,7,Thursday,0.06719999999999997,1.2293676016554203
55.658935546875,65.51000213623047,65.79000091552734,65.37999725341797,65.58000183105469,1427800,1.898,2017-12-08,49,2017,8,Friday,0.06719999999999997,1.2293676016554203
56.32164764404297,66.29000091552734,66.4000015258789,66.01000213623047,66.01000213623047,1221400,1.191,2017-12-11,50,2017,11,Monday,0.03900000000000007,1.459413066955343
55.53999710083008,65.37000274658203,65.55000305175781,65.16000366210938,65.55000305175781,1299100,-1.388,2017-12-12,50,2017,12,Tuesday,0.03900000000000007,1.459413066955343
56.5765380859375,66.58999633789062,66.7300033569336,66.08000183105469,66.08000183105469,2747300,1.866,2017-12-13,50,2017,13,Wednesday,0.03900000000000007,1.459413066955343
55.845863342285156,65.7300033569336,66.16999816894531,65.72000122070312,66.16999816894531,1633300,-1.291,2017-12-14,50,2017,14,Thursday,0.03900000000000007,1.459413066955343
55.74391174316406,65.61000061035156,65.76000213623047,65.04000091552734,65.45999908447266,5328700,-0.183,2017-12-15,50,2017,15,Friday,0.03900000000000007,1.459413066955343
56.28767013549805,66.25,66.43000030517578,66.0,66.06999969482422,1561500,0.975,2017-12-18,51,2017,18,Monday,0.6156,0.8934116072673335
56.043251037597656,65.12000274658203,65.66999816894531,65.08999633789062,65.58999633789062,1818600,-0.434,2017-12-19,51,2017,19,Tuesday,0.6156,0.8934116072673335
56.01743698120117,65.08999633789062,65.37999725341797,64.9800033569336,65.30999755859375,1318300,-0.046,2017-12-20,51,2017,20,Wednesday,0.6156,0.8934116072673335
57.050174713134766,66.29000091552734,66.44000244140625,65.70999908447266,65.70999908447266,1550000,1.844,2017-12-21,51,2017,21,Thursday,0.6156,0.8934116072673335
57.47187423706055,66.77999877929688,66.79000091552734,66.29000091552734,66.41999816894531,753800,0.739,2017-12-22,51,2017,22,Friday,0.6156,0.8934116072673335
57.17927932739258,66.44000244140625,66.69000244140625,66.25,66.63999938964844,815800,-0.509,2017-12-26,52,2017,26,Tuesday,-0.08900000000000002,0.4312222937959802
56.9468994140625,66.16999816894531,66.3499984741211,66.0,66.0999984741211,1024700,-0.406,2017-12-27,52,2017,27,Wednesday,-0.08900000000000002,0.4312222937959802
57.14484786987305,66.4000015258789,66.80000305175781,66.2699966430664,66.77999877929688,1068600,0.348,2017-12-28,52,2017,28,Thursday,-0.08900000000000002,0.4312222937959802
57.26533126831055,66.54000091552734,66.75,66.44999694824219,66.73999786376953,1298000,0.211,2017-12-29,52,2017,29,Friday,-0.08900000000000002,0.4312222937959802
59.49432373046875,69.12999725341797,69.18000030517578,68.12000274658203,68.36000061035156,2333300,3.892,2018-01-02,00,2018,2,Tuesday,1.5045,1.5933462691246159
59.96765899658203,69.68000030517578,69.72000122070312,69.36000061035156,69.44999694824219,2129600,0.796,2018-01-03,00,2018,3,Wednesday,1.5045,1.5933462691246159
60.33772277832031,70.11000061035156,70.3499984741211,69.88999938964844,70.0999984741211,3013100,0.617,2018-01-04,00,2018,4,Thursday,1.5045,1.5933462691246159
60.76803207397461,70.61000061035156,70.62000274658203,70.05999755859375,70.13999938964844,1772800,0.713,2018-01-05,00,2018,5,Friday,1.5045,1.5933462691246159
61.06923294067383,70.95999908447266,71.08000183105469,70.58000183105469,70.66999816894531,1091800,0.496,2018-01-08,01,2018,8,Monday,0.39,0.7195974569160177
61.103675842285156,71.0,71.18000030517578,70.6500015258789,71.12000274658203,2259900,0.056,2018-01-09,01,2018,9,Tuesday,0.39,0.7195974569160177
60.86270523071289,70.72000122070312,70.87000274658203,70.30000305175781,70.7300033569336,2309800,-0.394,2018-01-10,01,2018,10,Wednesday,0.39,0.7195974569160177
61.017601013183594,70.9000015258789,70.9000015258789,70.48999786376953,70.6500015258789,1458900,0.255,2018-01-11,01,2018,11,Thursday,0.39,0.7195974569160177
61.95568084716797,71.98999786376953,72.01000213623047,71.23999786376953,71.37000274658203,1442400,1.537,2018-01-12,01,2018,12,Friday,0.39,0.7195974569160177
61.40488815307617,71.3499984741211,72.66000366210938,71.16000366210938,72.31999969482422,2535000,-0.889,2018-01-16,02,2018,16,Tuesday,0.49074999999999996,1.0774913379388873
62.32574462890625,72.41999816894531,72.62000274658203,71.83999633789062,72.12999725341797,1657600,1.5,2018-01-17,02,2018,17,Wednesday,0.49074999999999996,1.0774913379388873
62.43762969970703,72.55000305175781,72.62000274658203,72.18000030517578,72.44000244140625,2812500,0.18,2018-01-18,02,2018,18,Thursday,0.49074999999999996,1.0774913379388873
63.16913986206055,73.4000015258789,73.4000015258789,72.77999877929688,73.13999938964844,2628300,1.172,2018-01-19,02,2018,19,Friday,0.49074999999999996,1.0774913379388873
63.60806655883789,73.91000366210938,73.93000030517578,73.19000244140625,73.51000213623047,2052200,0.695,2018-01-22,03,2018,22,Monday,0.8954000000000001,1.2814485163282994
64.54613494873047,75.0,75.0199966430664,74.22000122070312,74.33000183105469,2311400,1.475,2018-01-23,03,2018,23,Tuesday,0.8954000000000001,1.2814485163282994
64.71826171875,75.19999694824219,75.88999938964844,74.63999938964844,75.3499984741211,2977500,0.267,2018-01-24,03,2018,24,Wednesday,0.8954000000000001,1.2814485163282994
64.2793197631836,74.69000244140625,75.16000366210938,74.11000061035156,74.5999984741211,2228000,-0.678,2018-01-25,03,2018,25,Thursday,0.8954000000000001,1.2814485163282994
66.02638244628906,76.72000122070312,76.72000122070312,75.83000183105469,76.04000091552734,4320900,2.718,2018-01-26,03,2018,26,Friday,0.8954000000000001,1.2814485163282994
64.75267028808594,75.23999786376953,75.58999633789062,75.11000061035156,75.5199966430664,2866200,-1.929,2018-01-29,04,2018,29,Monday,-1.3326,1.4883760613500878
63.547813415527344,73.83999633789062,74.27999877929688,73.48999786376953,74.27999877929688,2370600,-1.861,2018-01-30,04,2018,30,Tuesday,-1.3326,1.4883760613500878
64.38260650634766,74.80999755859375,75.2699966430664,74.3499984741211,75.16999816894531,3753000,1.314,2018-01-31,04,2018,31,Wednesday,-1.3326,1.4883760613500878
62.91957092285156,73.11000061035156,73.98999786376953,72.97000122070312,73.45999908447266,2587400,-2.272,2018-02-01,04,2018,1,Thursday,-1.3326,1.4883760613500878
61.71470260620117,71.70999908447266,73.41999816894531,71.66999816894531,73.30999755859375,4127400,-1.915,2018-02-02,04,2018,2,Friday,-1.3326,1.4883760613500878
59.88160705566406,69.58000183105469,72.77999877929688,69.30999755859375,71.80000305175781,5196200,-2.97,2018-02-05,05,2018,5,Monday,-1.6636,2.8519400940412476
61.12087631225586,71.0199966430664,71.7699966430664,68.0,68.16999816894531,9000300,2.07,2018-02-06,05,2018,6,Tuesday,-1.6636,2.8519400940412476
58.771392822265625,68.29000091552734,69.88999938964844,68.27999877929688,68.9800033569336,3828200,-3.844,2018-02-07,05,2018,7,Wednesday,-1.6636,2.8519400940412476
56.27562713623047,65.38999938964844,68.48999786376953,65.37999725341797,68.33000183105469,6370100,-4.247,2018-02-08,05,2018,8,Thursday,-1.6636,2.8519400940412476
56.65428161621094,65.83000183105469,66.33000183105469,63.5099983215332,65.5,8889100,0.673,2018-02-09,05,2018,9,Friday,-1.6636,2.8519400940412476
57.652618408203125,66.98999786376953,67.38999938964844,66.08000183105469,66.52999877929688,4493000,1.762,2018-02-12,06,2018,12,Monday,1.5997999999999999,1.396069016918576
58.25503158569336,67.69000244140625,67.81999969482422,66.80999755859375,66.80999755859375,2439800,1.045,2018-02-13,06,2018,13,Tuesday,1.5997999999999999,1.396069016918576
60.08815383911133,69.81999969482422,69.94000244140625,67.69000244140625,67.75,3010000,3.147,2018-02-14,06,2018,14,Wednesday,1.5997999999999999,1.396069016918576
61.59421920776367,71.56999969482422,71.98999786376953,70.44999694824219,71.41999816894531,3058900,2.506,2018-02-15,06,2018,15,Thursday,1.5997999999999999,1.396069016918576
61.31021499633789,71.23999786376953,72.12000274658203,71.05000305175781,71.12999725341797,2566100,-0.461,2018-02-16,06,2018,16,Friday,1.5997999999999999,1.396069016918576
60.785240173339844,70.62999725341797,71.02999877929688,70.08000183105469,70.80999755859375,2859800,-0.856,2018-02-20,07,2018,20,Tuesday,0.3885,1.1184207616098691
61.34464645385742,71.27999877929688,72.91999816894531,71.25,71.77999877929688,4680200,0.92,2018-02-21,07,2018,21,Wednesday,0.3885,1.1184207616098691
61.24137496948242,71.16000366210938,71.9000015258789,71.04000091552734,71.41999816894531,2891200,-0.168,2018-02-22,07,2018,22,Thursday,0.3885,1.1184207616098691
62.25689697265625,72.33999633789062,72.37000274658203,71.52999877929688,71.83999633789062,2126700,1.658,2018-02-23,07,2018,23,Friday,0.3885,1.1184207616098691
62.82490539550781,73.0,73.08999633789062,72.08000183105469,72.56999969482422,2381400,0.912,2018-02-26,08,2018,26,Monday,-0.9334,1.8203773784575548
60.423797607421875,70.20999908447266,71.76000213623047,70.19000244140625,71.70999908447266,2673500,-3.822,2018-02-27,08,2018,27,Tuesday,-0.9334,1.8203773784575548
59.55455780029297,69.19999694824219,70.23999786376953,69.16000366210938,70.20999908447266,2697500,-1.439,2018-02-28,08,2018,28,Wednesday,-0.9334,1.8203773784575548
59.365238189697266,68.9800033569336,70.47000122070312,68.31999969482422,70.20999908447266,4062300,-0.318,2018-03-01,08,2018,1,Thursday,-0.9334,1.8203773784575548
59.365238189697266,68.9800033569336,69.18000030517578,67.22000122070312,67.86000061035156,3887100,0.0,2018-03-02,08,2018,2,Friday,-0.9334,1.8203773784575548
59.44268798828125,69.06999969482422,69.23999786376953,67.8499984741211,67.87999725341797,3053700,0.13,2018-03-05,09,2018,5,Monday,0.8926000000000001,1.0209257073852143
60.04511642456055,69.7699966430664,70.2300033569336,69.37000274658203,70.19999694824219,2160500,1.013,2018-03-06,09,2018,6,Tuesday,0.8926000000000001,1.0209257073852143
60.22584915161133,69.9800033569336,70.04000091552734,69.0,69.23999786376953,1696900,0.301,2018-03-07,09,2018,7,Wednesday,0.8926000000000001,1.0209257073852143
60.466819763183594,70.26000213623047,70.62000274658203,69.87999725341797,70.51000213623047,2025100,0.4,2018-03-08,09,2018,8,Thursday,0.8926000000000001,1.0209257073852143
62.05034637451172,72.0999984741211,72.13999938964844,70.97000122070312,71.0999984741211,2546500,2.619,2018-03-09,09,2018,9,Friday,0.8926000000000001,1.0209257073852143
62.2999267578125,72.38999938964844,72.56999969482422,71.86000061035156,72.31999969482422,3245200,0.402,2018-03-12,10,2018,12,Monday,0.15400000000000005,1.0874076972322755
61.258567810058594,71.18000030517578,72.72000122070312,70.94000244140625,72.61000061035156,3202400,-1.672,2018-03-13,10,2018,13,Tuesday,0.15400000000000005,1.0874076972322755
61.73192596435547,71.7300033569336,72.19999694824219,71.1500015258789,71.98999786376953,2259300,0.773,2018-03-14,10,2018,14,Wednesday,0.15400000000000005,1.0874076972322755
62.429012298583984,72.54000091552734,73.08999633789062,72.1500015258789,72.70999908447266,2239800,1.129,2018-03-15,10,2018,15,Thursday,0.15400000000000005,1.0874076972322755
62.51508712768555,72.63999938964844,72.7699966430664,72.27999877929688,72.44999694824219,2074000,0.138,2018-03-16,10,2018,16,Friday,0.15400000000000005,1.0874076972322755
61.59421920776367,71.56999969482422,72.19000244140625,71.11000061035156,72.18000030517578,2063200,-1.473,2018-03-19,11,2018,19,Monday,-1.5524,2.460952214082996
62.704410552978516,72.86000061035156,73.08000183105469,72.44000244140625,72.5,1628500,1.802,2018-03-20,11,2018,20,Tuesday,-1.5524,2.460952214082996
62.11920928955078,72.18000030517578,72.62999725341797,71.70999908447266,72.05000305175781,2972500,-0.933,2018-03-21,11,2018,21,Wednesday,-1.5524,2.460952214082996
58.97794723510742,68.52999877929688,70.05999755859375,68.43000030517578,69.6500015258789,8353800,-5.057,2018-03-22,11,2018,22,Thursday,-1.5524,2.460952214082996
57.73866271972656,67.08999633789062,68.80000305175781,67.0199966430664,68.69000244140625,5446100,-2.101,2018-03-23,11,2018,23,Friday,-1.5524,2.460952214082996
60.062313079833984,69.79000091552734,69.91000366210938,68.13999938964844,69.05999755859375,3166500,4.024,2018-03-26,12,2018,26,Monday,0.57725,2.8574220753446045
58.79722595214844,68.31999969482422,70.19000244140625,67.91999816894531,70.0999984741211,3543100,-2.106,2018-03-27,12,2018,27,Tuesday,0.57725,2.8574220753446045
57.971031188964844,67.36000061035156,67.83000183105469,66.7699966430664,67.76000213623047,4932100,-1.405,2018-03-28,12,2018,28,Wednesday,0.57725,2.8574220753446045
59.01237106323242,68.56999969482422,68.91999816894531,67.54000091552734,67.66000366210938,4175500,1.796,2018-03-29,12,2018,29,Thursday,0.57725,2.8574220753446045
57.58375549316406,66.91000366210938,68.4000015258789,66.18000030517578,67.9000015258789,4245200,-2.421,2018-04-02,13,2018,2,Monday,-0.6906,1.5996638084297587
58.12594223022461,67.54000091552734,68.01000213623047,66.94000244140625,67.77999877929688,3896300,0.942,2018-04-03,13,2018,3,Tuesday,-0.6906,1.5996638084297587
58.22060775756836,67.6500015258789,67.72000122070312,65.38999938964844,65.43000030517578,3907400,0.163,2018-04-04,13,2018,4,Wednesday,-0.6906,1.5996638084297587
58.375518798828125,67.83000183105469,68.30000305175781,67.56999969482422,67.94999694824219,2523800,0.266,2018-04-05,13,2018,5,Thursday,-0.6906,1.5996638084297587
56.972713470458984,66.19999694824219,67.58999633789062,65.7699966430664,66.83999633789062,4731200,-2.403,2018-04-06,13,2018,6,Friday,-0.6906,1.5996638084297587
57.721458435058594,67.06999969482422,67.95999908447266,66.76000213623047,67.16000366210938,2090900,1.314,2018-04-09,14,2018,9,Monday,0.5004,1.793177988934729
59.451297760009766,69.08000183105469,69.30000305175781,68.44999694824219,68.80000305175781,3401100,2.997,2018-04-10,14,2018,10,Tuesday,0.5004,1.793177988934729
59.39105224609375,69.01000213623047,69.37999725341797,68.6500015258789,68.80999755859375,2191900,-0.101,2018-04-11,14,2018,11,Wednesday,0.5004,1.793177988934729
59.4684944152832,69.0999984741211,69.33000183105469,68.69999694824219,68.87999725341797,2018900,0.13,2018-04-12,14,2018,12,Thursday,0.5004,1.793177988934729
58.375518798828125,67.83000183105469,68.7699966430664,67.5199966430664,68.72000122070312,2095900,-1.838,2018-04-13,14,2018,13,Friday,0.5004,1.793177988934729
58.07431411743164,67.4800033569336,67.5,66.8499984741211,67.06999969482422,1548900,-0.516,2018-04-16,15,2018,16,Monday,-0.28880000000000006,0.6704779638437046
58.323875427246094,67.7699966430664,67.97000122070312,66.98999786376953,67.05000305175781,2385400,0.43,2018-04-17,15,2018,17,Tuesday,-0.28880000000000006,0.6704779638437046
58.315277099609375,67.76000213623047,68.0,67.06999969482422,67.3499984741211,2669800,-0.015,2018-04-18,15,2018,18,Wednesday,-0.28880000000000006,0.6704779638437046
58.30666732788086,67.75,68.33999633789062,67.4800033569336,68.25,1687000,-0.015,2018-04-19,15,2018,19,Thursday,-0.28880000000000006,0.6704779638437046
57.53211975097656,66.8499984741211,67.2300033569336,66.5,67.2300033569336,3236900,-1.328,2018-04-20,15,2018,20,Friday,-0.28880000000000006,0.6704779638437046
57.187870025634766,66.44999694824219,66.98999786376953,66.2300033569336,66.7300033569336,2717200,-0.598,2018-04-23,16,2018,23,Monday,0.03480000000000001,0.6846292427292309
57.2050895690918,66.47000122070312,67.79000091552734,66.1500015258789,67.58000183105469,6349700,0.03,2018-04-24,16,2018,24,Tuesday,0.03480000000000001,0.6846292427292309
56.8264045715332,66.02999877929688,66.22000122070312,65.41000366210938,66.19000244140625,3107600,-0.662,2018-04-25,16,2018,25,Wednesday,0.03480000000000001,0.6846292427292309
57.35139465332031,66.63999938964844,66.70999908447266,65.97000122070312,66.11000061035156,4172200,0.924,2018-04-26,16,2018,26,Thursday,0.03480000000000001,0.6846292427292309
57.62677764892578,66.95999908447266,67.0199966430664,66.30999755859375,66.80000305175781,2270300,0.48,2018-04-27,16,2018,27,Friday,0.03480000000000001,0.6846292427292309
57.53211975097656,66.8499984741211,67.69000244140625,66.83999633789062,67.55000305175781,3032400,-0.164,2018-04-30,17,2018,30,Monday,0.073,0.6013937977731396
57.652618408203125,66.98999786376953,67.05000305175781,66.13999938964844,66.69000244140625,1892800,0.209,2018-05-01,17,2018,1,Tuesday,0.073,0.6013937977731396
57.50629425048828,66.81999969482422,67.36000061035156,66.7300033569336,67.36000061035156,2893700,-0.254,2018-05-02,17,2018,2,Wednesday,0.073,0.6013937977731396
57.230899810791016,66.5,66.76000213623047,65.29000091552734,66.45999908447266,4148400,-0.479,2018-05-03,17,2018,3,Thursday,0.073,0.6013937977731396
57.83332824707031,67.19999694824219,67.48999786376953,65.79000091552734,65.91000366210938,2228100,1.053,2018-05-04,17,2018,4,Friday,0.073,0.6013937977731396
57.96242904663086,67.3499984741211,67.56999969482422,66.87000274658203,66.87000274658203,2284600,0.223,2018-05-07,18,2018,7,Monday,0.7472000000000001,0.7812091269308111
58.75419235229492,68.2699966430664,68.30999755859375,67.54000091552734,67.9800033569336,2807000,1.366,2018-05-08,18,2018,8,Tuesday,0.7472000000000001,0.7812091269308111
59.04679870605469,68.61000061035156,68.79000091552734,68.19000244140625,68.58999633789062,1958300,0.498,2018-05-09,18,2018,9,Wednesday,0.7472000000000001,0.7812091269308111
60.07954406738281,69.80999755859375,70.12000274658203,69.08000183105469,69.08000183105469,4326200,1.749,2018-05-10,18,2018,10,Thursday,0.7472000000000001,0.7812091269308111
60.019290924072266,69.73999786376953,70.01000213623047,69.47000122070312,69.98999786376953,1998700,-0.1,2018-05-11,18,2018,11,Friday,0.7472000000000001,0.7812091269308111
60.53567123413086,70.33999633789062,70.8499984741211,70.25,70.41999816894531,1977800,0.86,2018-05-14,19,2018,14,Monday,-0.15619999999999995,1.6420300545361526
59.41686248779297,69.04000091552734,69.19000244140625,68.6500015258789,69.0999984741211,4178800,-1.848,2018-05-15,19,2018,15,Tuesday,-0.15619999999999995,1.6420300545361526
60.67335891723633,70.5,70.5999984741211,69.76000213623047,69.87000274658203,4384100,2.115,2018-05-16,19,2018,16,Wednesday,-0.15619999999999995,1.6420300545361526
59.80413818359375,69.48999786376953,70.0999984741211,69.30999755859375,69.70999908447266,2177700,-1.433,2018-05-17,19,2018,17,Thursday,-0.15619999999999995,1.6420300545361526
59.520137786865234,69.16000366210938,69.41999816894531,69.04000091552734,69.38999938964844,2271800,-0.475,2018-05-18,19,2018,18,Friday,-0.15619999999999995,1.6420300545361526
59.97626495361328,69.69000244140625,70.06999969482422,69.41999816894531,69.9000015258789,1585600,0.766,2018-05-21,20,2018,21,Monday,0.006600000000000006,0.5088769988906946
59.6922721862793,69.36000061035156,70.13999938964844,69.29000091552734,69.80000305175781,1957900,-0.474,2018-05-22,20,2018,22,Tuesday,0.006600000000000006,0.5088769988906946
59.6406364440918,69.30000305175781,69.33999633789062,68.5,68.55000305175781,3745400,-0.087,2018-05-23,20,2018,23,Wednesday,0.006600000000000006,0.5088769988906946
59.39965057373047,69.0199966430664,69.25,68.31999969482422,69.12000274658203,2258800,-0.404,2018-05-24,20,2018,24,Thursday,0.006600000000000006,0.5088769988906946
59.53736114501953,69.18000030517578,69.19999694824219,68.69999694824219,68.80000305175781,1978100,0.232,2018-05-25,20,2018,25,Friday,0.006600000000000006,0.5088769988906946
58.496009826660156,67.97000122070312,68.9000015258789,67.58000183105469,68.62999725341797,3885100,-1.749,2018-05-29,21,2018,29,Tuesday,0.2557499999999999,1.4079974846094956
58.75419235229492,68.2699966430664,68.43000030517578,67.73999786376953,68.08000183105469,3169300,0.441,2018-05-30,21,2018,30,Wednesday,0.2557499999999999,1.4079974846094956
59.23613357543945,68.83000183105469,69.19999694824219,68.41999816894531,68.62999725341797,4541500,0.82,2018-05-31,21,2018,31,Thursday,0.2557499999999999,1.4079974846094956
60.13118362426758,69.87000274658203,70.0199966430664,69.05999755859375,69.20999908447266,4120600,1.511,2018-06-01,21,2018,1,Friday,0.2557499999999999,1.4079974846094956
61.155303955078125,71.05999755859375,71.16000366210938,70.45999908447266,70.56999969482422,2615700,1.703,2018-06-04,22,2018,4,Monday,0.3518,1.1576757749905626
61.31021499633789,71.23999786376953,71.45999908447266,70.91999816894531,71.3499984741211,2916700,0.253,2018-06-05,22,2018,5,Tuesday,0.3518,1.1576757749905626
62.084774017333984,72.13999938964844,72.1500015258789,71.43000030517578,71.54000091552734,3075900,1.263,2018-06-06,22,2018,6,Wednesday,0.3518,1.1576757749905626
61.370460510253906,71.30999755859375,72.16000366210938,70.80999755859375,72.16000366210938,6287400,-1.151,2018-06-07,22,2018,7,Thursday,0.3518,1.1576757749905626
61.181121826171875,71.08999633789062,71.38999938964844,70.41000366210938,70.55000305175781,2683100,-0.309,2018-06-08,22,2018,8,Friday,0.3518,1.1576757749905626
61.206947326660156,71.12000274658203,71.31999969482422,71.0199966430664,71.12000274658203,2136300,0.042,2018-06-11,23,2018,11,Monday,-0.2612,0.6711730030327502
61.47372817993164,71.43000030517578,71.5,70.98999786376953,71.31999969482422,2594300,0.436,2018-06-12,23,2018,12,Tuesday,-0.2612,0.6711730030327502
60.656150817871094,70.4800033569336,71.19999694824219,70.25,71.16999816894531,4181800,-1.33,2018-06-13,23,2018,13,Wednesday,-0.2612,0.6711730030327502
60.63893508911133,70.45999908447266,70.81999969482422,70.33000183105469,70.6500015258789,4424200,-0.028,2018-06-14,23,2018,14,Thursday,-0.2612,0.6711730030327502
60.380767822265625,70.16000366210938,70.16999816894531,69.41999816894531,69.61000061035156,3549800,-0.426,2018-06-15,23,2018,15,Friday,-0.2612,0.6711730030327502
59.78693389892578,69.47000122070312,69.52999877929688,68.72000122070312,69.19000244140625,3560200,-0.983,2018-06-18,24,2018,18,Monday,-0.8009999999999999,1.1752155121508565
58.68463897705078,67.87999725341797,67.94000244140625,67.02999877929688,67.51000213623047,4598000,-1.844,2018-06-19,24,2018,19,Tuesday,-0.8009999999999999,1.1752155121508565
58.65871047973633,67.8499984741211,68.13999938964844,67.68000030517578,68.0199966430664,2489000,-0.044,2018-06-20,24,2018,20,Wednesday,-0.8009999999999999,1.1752155121508565
57.52616882324219,66.54000091552734,67.4000015258789,66.45999908447266,67.4000015258789,4710300,-1.931,2018-06-21,24,2018,21,Thursday,-0.8009999999999999,1.1752155121508565
57.984371185302734,67.06999969482422,67.45999908447266,66.94000244140625,67.37000274658203,3463500,0.797,2018-06-22,24,2018,22,Friday,-0.8009999999999999,1.1752155121508565
56.44549560546875,65.29000091552734,66.0,64.62000274658203,66.0,5407200,-2.654,2018-06-25,25,2018,25,Monday,-0.7295999999999999,2.0951160588377915
56.27259063720703,65.08999633789062,65.55000305175781,64.80000305175781,65.41000366210938,3300100,-0.306,2018-06-26,25,2018,26,Tuesday,-0.7295999999999999,2.0951160588377915
54.50029754638672,63.040000915527344,64.80999755859375,62.939998626708984,64.75,5021300,-3.149,2018-06-27,25,2018,27,Wednesday,-0.7295999999999999,2.0951160588377915
55.02766036987305,63.650001525878906,63.709999084472656,62.619998931884766,62.939998626708984,4629500,0.968,2018-06-28,25,2018,28,Thursday,-0.7295999999999999,2.0951160588377915
55.848968505859375,64.5999984741211,65.01000213623047,64.41999816894531,64.4800033569336,5055900,1.493,2018-06-29,25,2018,29,Friday,-0.7295999999999999,2.0951160588377915
55.0536003112793,63.68000030517578,63.779998779296875,63.09000015258789,63.43000030517578,4761200,-1.424,2018-07-02,26,2018,2,Monday,-0.21149999999999997,1.2662662963742395
54.932559967041016,63.540000915527344,64.31999969482422,63.5099983215332,64.2699966430664,2338700,-0.22,2018-07-03,26,2018,3,Tuesday,-0.21149999999999997,1.2662662963742395
54.5262336730957,63.06999969482422,63.560001373291016,62.59000015258789,63.529998779296875,5197700,-0.74,2018-07-05,26,2018,5,Thursday,-0.21149999999999997,1.2662662963742395
55.364830017089844,64.04000091552734,64.2699966430664,62.93000030517578,62.959999084472656,4724200,1.538,2018-07-06,26,2018,6,Friday,-0.21149999999999997,1.2662662963742395
56.54059600830078,65.4000015258789,65.44000244140625,64.83000183105469,65.08999633789062,4306400,2.124,2018-07-09,27,2018,9,Monday,0.1874,1.8214278190474638
55.944068908691406,64.70999908447266,64.86000061035156,64.16999816894531,64.76000213623047,3427700,-1.055,2018-07-10,27,2018,10,Tuesday,0.1874,1.8214278190474638
54.84611892700195,63.439998626708984,63.93000030517578,63.220001220703125,63.52000045776367,4928800,-1.963,2018-07-11,27,2018,11,Wednesday,0.1874,1.8214278190474638
55.93541717529297,64.69999694824219,64.7699966430664,64.36000061035156,64.4800033569336,4065000,1.986,2018-07-12,27,2018,12,Thursday,0.1874,1.8214278190474638
55.848968505859375,64.5999984741211,64.76000213623047,64.2300033569336,64.4800033569336,2960000,-0.155,2018-07-13,27,2018,13,Friday,0.1874,1.8214278190474638
55.459938049316406,64.1500015258789,64.33000183105469,63.9900016784668,64.27999877929688,1798800,-0.697,2018-07-16,28,2018,16,Monday,-0.2872,1.1713083283235035
55.52910614013672,64.2300033569336,64.33999633789062,63.369998931884766,63.5,2671500,0.125,2018-07-17,28,2018,17,Tuesday,-0.2872,1.1713083283235035
55.399410247802734,64.08000183105469,64.13999938964844,63.599998474121094,63.84000015258789,2196700,-0.234,2018-07-18,28,2018,18,Wednesday,-0.2872,1.1713083283235035
54.33603286743164,62.849998474121094,63.349998474121094,62.75,63.16999816894531,3281000,-1.919,2018-07-19,28,2018,19,Thursday,-0.2872,1.1713083283235035
55.036312103271484,63.65999984741211,63.779998779296875,63.279998779296875,63.34000015258789,2333500,1.289,2018-07-20,28,2018,20,Friday,-0.2872,1.1713083283235035
54.76829528808594,63.349998474121094,63.470001220703125,63.11000061035156,63.400001525878906,2662400,-0.487,2018-07-23,29,2018,23,Monday,0.203,1.7390905669343388
55.86625671386719,64.62000274658203,65.16000366210938,64.47000122070312,64.83000183105469,5316800,2.005,2018-07-24,29,2018,24,Tuesday,0.203,1.7390905669343388
57.007442474365234,65.94000244140625,65.97000122070312,64.91000366210938,64.94999694824219,3387000,2.043,2018-07-25,29,2018,25,Wednesday,0.203,1.7390905669343388
55.961368560791016,64.7300033569336,64.9800033569336,64.58000183105469,64.61000061035156,2570800,-1.835,2018-07-26,29,2018,26,Thursday,0.203,1.7390905669343388
55.56367111206055,64.2699966430664,64.9800033569336,63.86000061035156,64.97000122070312,3575300,-0.711,2018-07-27,29,2018,27,Friday,0.203,1.7390905669343388
55.00172805786133,63.619998931884766,64.36000061035156,63.290000915527344,64.30000305175781,2523900,-1.011,2018-07-30,30,2018,30,Monday,-0.8002,0.846149632157339
55.17463302612305,63.81999969482422,64.04000091552734,63.130001068115234,63.52000045776367,4227400,0.314,2018-07-31,30,2018,31,Tuesday,-0.8002,0.846149632157339
54.18906021118164,62.68000030517578,63.11000061035156,62.38999938964844,62.79999923706055,3821100,-1.786,2018-08-01,30,2018,1,Wednesday,-0.8002,0.846149632157339
53.48014831542969,61.86000061035156,61.93000030517578,61.0,61.2599983215332,6077300,-1.308,2018-08-02,30,2018,2,Thursday,-0.8002,0.846149632157339
53.36775207519531,61.72999954223633,61.95000076293945,61.2599983215332,61.2599983215332,3327500,-0.21,2018-08-03,30,2018,3,Friday,-0.8002,0.846149632157339
52.92683792114258,61.220001220703125,61.34000015258789,60.970001220703125,61.189998626708984,3046300,-0.826,2018-08-06,31,2018,6,Monday,0.14439999999999997,1.1726970196943454
53.85189437866211,62.290000915527344,62.56999969482422,61.189998626708984,61.189998626708984,3086400,1.748,2018-08-07,31,2018,7,Tuesday,0.14439999999999997,1.1726970196943454
53.644405364990234,62.04999923706055,62.09000015258789,61.61000061035156,62.08000183105469,3216600,-0.385,2018-08-08,31,2018,8,Wednesday,0.14439999999999997,1.1726970196943454
54.18906021118164,62.68000030517578,63.209999084472656,62.61000061035156,62.86000061035156,2106300,1.015,2018-08-09,31,2018,9,Thursday,0.14439999999999997,1.1726970196943454
53.739501953125,62.15999984741211,62.25,61.66999816894531,61.900001525878906,7214600,-0.83,2018-08-10,31,2018,10,Friday,0.14439999999999997,1.1726970196943454
52.95277786254883,61.25,61.79999923706055,61.099998474121094,61.7400016784668,3293100,-1.464,2018-08-13,32,2018,13,Monday,-0.8235999999999999,2.069692320128767
52.21792221069336,60.400001525878906,60.599998474121094,60.09000015258789,60.459999084472656,4185600,-1.388,2018-08-14,32,2018,14,Tuesday,-0.8235999999999999,2.069692320128767
50.29865646362305,58.18000030517578,58.279998779296875,57.31999969482422,57.709999084472656,9672000,-3.675,2018-08-15,32,2018,15,Wednesday,-0.8235999999999999,2.069692320128767
50.82602310180664,58.790000915527344,59.33000183105469,58.630001068115234,58.630001068115234,7221700,1.048,2018-08-16,32,2018,16,Thursday,-0.8235999999999999,2.069692320128767
51.517642974853516,59.59000015258789,59.869998931884766,58.150001525878906,58.45000076293945,6330200,1.361,2018-08-17,32,2018,17,Friday,-0.8235999999999999,2.069692320128767
51.96720504760742,60.11000061035156,60.13999938964844,59.720001220703125,59.86000061035156,4273400,0.873,2018-08-20,33,2018,20,Monday,0.546,1.4021301651415963
52.80581283569336,61.08000183105469,61.220001220703125,60.83000183105469,60.83000183105469,3819600,1.614,2018-08-21,33,2018,21,Tuesday,0.546,1.4021301651415963
53.10839080810547,61.43000030517578,61.56999969482422,61.189998626708984,61.34000015258789,5344100,0.573,2018-08-22,33,2018,22,Wednesday,0.546,1.4021301651415963
52.131465911865234,60.29999923706055,61.61000061035156,60.220001220703125,61.5099983215332,5979300,-1.839,2018-08-23,33,2018,23,Thursday,0.546,1.4021301651415963
52.91819763183594,61.209999084472656,61.279998779296875,60.84000015258789,60.88999938964844,2968000,1.509,2018-08-24,33,2018,24,Friday,0.546,1.4021301651415963
53.9815788269043,62.439998626708984,62.81999969482422,62.20000076293945,62.20000076293945,3541200,2.009,2018-08-27,34,2018,27,Monday,-0.13879999999999998,1.9638161064621096
53.66168975830078,62.06999969482422,62.72999954223633,61.91999816894531,62.619998931884766,2295900,-0.593,2018-08-28,34,2018,28,Tuesday,-0.13879999999999998,1.9638161064621096
54.137184143066406,62.619998931884766,62.63999938964844,61.869998931884766,62.099998474121094,3161800,0.886,2018-08-29,34,2018,29,Wednesday,-0.13879999999999998,1.9638161064621096
52.39947509765625,60.61000061035156,61.619998931884766,60.380001068115234,61.619998931884766,7490000,-3.21,2018-08-30,34,2018,30,Thursday,-0.13879999999999998,1.9638161064621096
52.51186752319336,60.7400016784668,60.97999954223633,60.22999954223633,60.279998779296875,5008700,0.214,2018-08-31,34,2018,31,Friday,-0.13879999999999998,1.9638161064621096
51.863468170166016,59.9900016784668,60.41999816894531,59.68000030517578,60.41999816894531,4054000,-1.235,2018-09-04,35,2018,4,Tuesday,-1.19875,1.0379175866448487
50.48885726928711,58.400001525878906,59.029998779296875,58.29999923706055,59.029998779296875,4119300,-2.65,2018-09-05,35,2018,5,Wednesday,-1.19875,1.0379175866448487
50.30729675292969,58.189998626708984,58.72999954223633,57.72999954223633,58.43000030517578,8305200,-0.36,2018-09-06,35,2018,6,Thursday,-1.19875,1.0379175866448487
50.03064727783203,57.869998931884766,58.43000030517578,57.529998779296875,57.630001068115234,4786600,-0.55,2018-09-07,35,2018,7,Friday,-1.19875,1.0379175866448487
49.17475891113281,56.880001068115234,57.619998931884766,56.75,57.619998931884766,4009900,-1.711,2018-09-10,36,2018,10,Monday,0.11420000000000001,1.6525618596591174
49.1055908203125,56.79999923706055,56.84000015258789,55.75,55.88999938964844,6782200,-0.141,2018-09-11,36,2018,11,Tuesday,0.11420000000000001,1.6525618596591174
49.48599624633789,57.2400016784668,57.630001068115234,55.97999954223633,56.2400016784668,6588600,0.775,2018-09-12,36,2018,12,Wednesday,0.11420000000000001,1.6525618596591174
50.756858825683594,58.709999084472656,59.119998931884766,58.31999969482422,58.59000015258789,6496000,2.568,2018-09-13,36,2018,13,Thursday,0.11420000000000001,1.6525618596591174
50.29000473022461,58.16999816894531,58.86000061035156,57.810001373291016,58.72999954223633,9617900,-0.92,2018-09-14,36,2018,14,Friday,0.11420000000000001,1.6525618596591174
49.62432098388672,57.400001525878906,57.83000183105469,57.279998779296875,57.650001525878906,4956800,-1.324,2018-09-17,37,2018,17,Monday,0.8321999999999999,1.3320244742496288
50.18626022338867,58.04999923706055,58.22999954223633,57.790000915527344,57.79999923706055,3617500,1.132,2018-09-18,37,2018,18,Tuesday,0.8321999999999999,1.3320244742496288
51.362030029296875,59.40999984741211,59.599998474121094,58.79999923706055,58.81999969482422,3662200,2.343,2018-09-19,37,2018,19,Wednesday,0.8321999999999999,1.3320244742496288
51.923980712890625,60.060001373291016,60.15999984741211,59.63999938964844,59.95000076293945,4271400,1.094,2018-09-20,37,2018,20,Thursday,0.8321999999999999,1.3320244742496288
52.39947509765625,60.61000061035156,61.11000061035156,60.52000045776367,61.11000061035156,3768100,0.916,2018-09-21,37,2018,21,Friday,0.8321999999999999,1.3320244742496288
51.59545135498047,59.68000030517578,59.79999923706055,59.33000183105469,59.68000030517578,4508800,-1.534,2018-09-24,38,2018,24,Monday,-0.23579999999999995,0.8497094797635248
51.79430389404297,59.90999984741211,60.099998474121094,59.77000045776367,59.93000030517578,2386500,0.385,2018-09-25,38,2018,25,Tuesday,-0.23579999999999995,0.8497094797635248
52.070960998535156,60.22999954223633,60.95000076293945,60.119998931884766,60.2400016784668,3794300,0.534,2018-09-26,38,2018,26,Wednesday,-0.23579999999999995,0.8497094797635248
52.09688949584961,60.2599983215332,60.529998779296875,60.040000915527344,60.16999816894531,7060600,0.05,2018-09-27,38,2018,27,Thursday,-0.23579999999999995,0.8497094797635248
51.77700424194336,59.88999938964844,60.220001220703125,59.65999984741211,59.880001068115234,4219800,-0.614,2018-09-28,38,2018,28,Friday,-0.23579999999999995,0.8497094797635248
51.7856559753418,59.900001525878906,60.29999923706055,59.790000915527344,60.20000076293945,1990200,0.017,2018-10-01,39,2018,1,Monday,-1.1064,1.2707674059402059
50.5753059387207,58.5,58.83000183105469,58.29999923706055,58.619998931884766,4583400,-2.337,2018-10-02,39,2018,2,Tuesday,-1.1064,1.2707674059402059
50.35053634643555,58.2400016784668,58.970001220703125,58.099998474121094,58.939998626708984,2509700,-0.444,2018-10-03,39,2018,3,Wednesday,-1.1064,1.2707674059402059
49.02778244018555,56.709999084472656,57.650001525878906,56.400001525878906,57.619998931884766,5371700,-2.627,2018-10-04,39,2018,4,Thursday,-1.1064,1.2707674059402059
48.9586296081543,56.630001068115234,56.95000076293945,55.9900016784668,56.880001068115234,5333100,-0.141,2018-10-05,39,2018,5,Friday,-1.1064,1.2707674059402059
48.35345458984375,55.93000030517578,56.0,55.11000061035156,55.38999938964844,6018400,-1.236,2018-10-08,40,2018,8,Monday,-0.5325999999999999,2.4841572615275385
47.85201644897461,55.349998474121094,55.779998779296875,55.150001525878906,55.43000030517578,5872100,-1.037,2018-10-09,40,2018,9,Tuesday,-0.5325999999999999,2.4841572615275385
46.21804428100586,53.459999084472656,55.06999969482422,53.43000030517578,55.060001373291016,8105200,-3.415,2018-10-10,40,2018,10,Wednesday,-0.5325999999999999,2.4841572615275385
46.036495208740234,53.25,53.880001068115234,52.369998931884766,52.900001525878906,15237400,-0.393,2018-10-11,40,2018,11,Thursday,-0.5325999999999999,2.4841572615275385
47.609954833984375,55.06999969482422,55.220001220703125,54.189998626708984,54.81999969482422,12703000,3.418,2018-10-12,40,2018,12,Friday,-0.5325999999999999,2.4841572615275385
46.702186584472656,54.02000045776367,54.459999084472656,53.75,54.119998931884766,4313900,-1.907,2018-10-15,41,2018,15,Monday,-0.5386,2.209714642210618
47.66182327270508,55.130001068115234,55.22999954223633,54.2400016784668,54.2400016784668,6645100,2.055,2018-10-16,41,2018,16,Tuesday,-0.5386,2.209714642210618
47.08258056640625,54.459999084472656,54.970001220703125,54.16999816894531,54.970001220703125,4243900,-1.215,2018-10-17,41,2018,17,Wednesday,-0.5386,2.209714642210618
45.630165100097656,52.779998779296875,53.720001220703125,52.4900016784668,53.720001220703125,7049200,-3.085,2018-10-18,41,2018,18,Thursday,-0.5386,2.209714642210618
46.29584884643555,53.54999923706055,54.31999969482422,53.38999938964844,53.86000061035156,3797600,1.459,2018-10-19,41,2018,19,Friday,-0.5386,2.209714642210618
47.774208068847656,55.2599983215332,55.630001068115234,54.93000030517578,55.470001220703125,3819700,3.193,2018-10-22,42,2018,22,Monday,-0.3564,2.965206957364022
46.89239501953125,54.2400016784668,54.599998474121094,53.040000915527344,53.22999954223633,9492800,-1.846,2018-10-23,42,2018,23,Tuesday,-0.3564,2.965206957364022
45.14603042602539,52.220001220703125,53.93000030517578,52.15999984741211,53.83000183105469,6448400,-3.724,2018-10-24,42,2018,24,Wednesday,-0.3564,2.965206957364022
46.192108154296875,53.43000030517578,53.7599983215332,52.689998626708984,52.7400016784668,5732400,2.317,2018-10-25,42,2018,25,Thursday,-0.3564,2.965206957364022
45.396728515625,52.5099983215332,53.18000030517578,51.83000183105469,52.040000915527344,10403400,-1.722,2018-10-26,42,2018,26,Friday,-0.3564,2.965206957364022
44.134517669677734,51.04999923706055,52.58000183105469,50.45000076293945,52.5,7091000,-2.78,2018-10-29,43,2018,29,Monday,1.3619999999999999,2.9359280474834524
44.83478927612305,51.86000061035156,51.900001525878906,50.9900016784668,51.27000045776367,5894100,1.587,2018-10-30,43,2018,30,Tuesday,1.3619999999999999,2.9359280474834524
46.036495208740234,53.25,53.619998931884766,52.849998474121094,52.90999984741211,5927300,2.68,2018-10-31,43,2018,31,Wednesday,1.3619999999999999,2.9359280474834524
48.39668273925781,55.97999954223633,56.130001068115234,53.790000915527344,54.310001373291016,7917200,5.127,2018-11-01,43,2018,1,Thursday,1.3619999999999999,2.9359280474834524
48.49177932739258,56.09000015258789,57.41999816894531,55.40999984741211,57.150001525878906,9263400,0.196,2018-11-02,43,2018,2,Friday,1.3619999999999999,2.9359280474834524
48.35345458984375,55.93000030517578,56.20000076293945,55.630001068115234,55.77000045776367,7186100,-0.285,2018-11-05,44,2018,5,Monday,-0.7582,2.2620087754029603
48.29293441772461,55.86000061035156,56.18000030517578,55.61000061035156,55.72999954223633,5065800,-0.125,2018-11-06,44,2018,6,Tuesday,-0.7582,2.2620087754029603
49.48599624633789,57.2400016784668,57.279998779296875,56.38999938964844,56.75,4668500,2.47,2018-11-07,44,2018,7,Wednesday,-0.7582,2.2620087754029603
47.981693267822266,55.5,56.439998626708984,55.16999816894531,56.2400016784668,7687500,-3.04,2018-11-08,44,2018,8,Thursday,-0.7582,2.2620087754029603
46.633026123046875,53.939998626708984,54.27000045776367,53.400001525878906,54.27000045776367,9213700,-2.811,2018-11-09,44,2018,9,Friday,-0.7582,2.2620087754029603
46.036495208740234,53.25,53.939998626708984,52.9900016784668,53.90999984741211,4394500,-1.279,2018-11-12,45,2018,12,Monday,0.924,1.5874744092425552
47.16904067993164,54.560001373291016,55.310001373291016,54.11000061035156,54.209999084472656,8353500,2.46,2018-11-13,45,2018,13,Tuesday,0.924,1.5874744092425552
47.61859893798828,55.08000183105469,55.560001373291016,54.59000015258789,55.25,9553800,0.953,2018-11-14,45,2018,14,Wednesday,0.924,1.5874744092425552
48.75978088378906,56.400001525878906,56.849998474121094,55.189998626708984,55.2599983215332,10665600,2.397,2018-11-15,45,2018,15,Thursday,0.924,1.5874744092425552
48.80300521850586,56.45000076293945,56.810001373291016,55.54999923706055,55.97999954223633,7042900,0.089,2018-11-16,45,2018,16,Friday,0.924,1.5874744092425552
47.76556396484375,55.25,56.029998779296875,55.11000061035156,55.970001220703125,4551400,-2.126,2018-11-19,46,2018,19,Monday,-0.7355,2.1282409794632438
46.77999496459961,54.11000061035156,54.66999816894531,53.79999923706055,54.22999954223633,8038600,-2.063,2018-11-20,46,2018,20,Tuesday,-0.7355,2.1282409794632438
47.89524459838867,55.400001525878906,55.959999084472656,55.310001373291016,55.40999984741211,15802200,2.384,2018-11-21,46,2018,21,Wednesday,-0.7355,2.1282409794632438
47.35059356689453,54.77000045776367,55.099998474121094,54.59000015258789,54.59000015258789,3826700,-1.137,2018-11-23,46,2018,23,Friday,-0.7355,2.1282409794632438
48.46584701538086,56.060001373291016,56.25,55.77000045776367,55.810001373291016,4183000,2.355,2018-11-26,47,2018,26,Monday,0.9848000000000001,1.890157321494695
48.560935974121094,56.16999816894531,56.220001220703125,55.41999816894531,55.630001068115234,6900600,0.196,2018-11-27,47,2018,27,Tuesday,0.9848000000000001,1.890157321494695
49.875030517578125,57.689998626708984,57.75,56.36000061035156,56.79999923706055,8557300,2.706,2018-11-28,47,2018,28,Wednesday,0.9848000000000001,1.890157321494695
48.915409088134766,56.58000183105469,56.959999084472656,56.150001525878906,56.84000015258789,7271700,-1.924,2018-11-29,47,2018,29,Thursday,0.9848000000000001,1.890157321494695
49.693485260009766,57.47999954223633,57.47999954223633,56.5099983215332,56.84000015258789,6371700,1.591,2018-11-30,47,2018,30,Friday,0.9848000000000001,1.890157321494695
50.609893798828125,58.540000915527344,59.15999984741211,58.29999923706055,59.09000015258789,10825000,1.844,2018-12-03,48,2018,3,Monday,-0.92225,1.8450399047175106
49.6416130065918,57.41999816894531,58.88999938964844,57.13999938964844,58.70000076293945,9613300,-1.913,2018-12-04,48,2018,4,Tuesday,-0.92225,1.8450399047175106
48.72519302368164,56.36000061035156,56.380001068115234,55.15999984741211,55.38999938964844,11101100,-1.846,2018-12-06,48,2018,6,Thursday,-0.92225,1.8450399047175106
47.860660552978516,55.36000061035156,56.709999084472656,55.13999938964844,56.209999084472656,9028900,-1.774,2018-12-07,48,2018,7,Friday,-0.92225,1.8450399047175106
47.54943084716797,55.0,55.22999954223633,54.0099983215332,54.849998474121094,15673700,-0.65,2018-12-10,49,2018,10,Monday,0.08039999999999999,1.0770240480137852
47.9384765625,55.45000076293945,55.95000076293945,55.0,55.83000183105469,10682300,0.818,2018-12-11,49,2018,11,Tuesday,0.08039999999999999,1.0770240480137852
48.50906753540039,56.11000061035156,56.93000030517578,56.099998474121094,56.61000061035156,6754700,1.19,2018-12-12,49,2018,12,Wednesday,0.08039999999999999,1.0770240480137852
48.72519302368164,56.36000061035156,56.75,56.2599983215332,56.56999969482422,6584200,0.446,2018-12-13,49,2018,13,Thursday,0.08039999999999999,1.0770240480137852
48.04221725463867,55.56999969482422,55.97999954223633,55.27000045776367,55.439998626708984,7810500,-1.402,2018-12-14,49,2018,14,Friday,0.08039999999999999,1.0770240480137852
47.09122848510742,54.470001220703125,55.349998474121094,54.15999984741211,55.15999984741211,6668800,-1.979,2018-12-17,50,2018,17,Monday,-1.1019999999999999,0.8557984575821576
46.77260208129883,53.58000183105469,54.25,53.529998779296875,54.029998779296875,11285800,-0.677,2018-12-18,50,2018,18,Tuesday,-1.1019999999999999,0.8557984575821576
45.82108688354492,52.4900016784668,53.939998626708984,51.93000030517578,53.65999984741211,14559800,-2.034,2018-12-19,50,2018,19,Wednesday,-1.1019999999999999,0.8557984575821576
45.75997543334961,52.41999816894531,52.900001525878906,51.970001220703125,52.560001373291016,13879500,-0.133,2018-12-20,50,2018,20,Thursday,-1.1019999999999999,0.8557984575821576
45.44572448730469,52.060001373291016,53.029998779296875,51.779998779296875,52.77000045776367,11842800,-0.687,2018-12-21,50,2018,21,Friday,-1.1019999999999999,0.8557984575821576
45.07034683227539,51.630001068115234,52.41999816894531,51.599998474121094,51.63999938964844,6789100,-0.826,2018-12-24,51,2018,24,Monday,0.35275,1.5389707328817746
46.2226448059082,52.95000076293945,52.97999954223633,51.2599983215332,51.970001220703125,8240200,2.557,2018-12-26,51,2018,26,Wednesday,0.35275,1.5389707328817746
45.960758209228516,52.650001525878906,52.66999816894531,51.54999923706055,51.849998474121094,10565600,-0.567,2018-12-27,51,2018,27,Thursday,0.35275,1.5389707328817746
46.074241638183594,52.779998779296875,53.2400016784668,52.54999923706055,52.90999984741211,7006300,0.247,2018-12-28,51,2018,28,Friday,0.35275,1.5389707328817746
45.934566497802734,52.619998931884766,53.540000915527344,52.43000030517578,53.540000915527344,4108300,-0.303,2018-12-31,52,2018,31,Monday,-0.303,0.0
45.68141555786133,52.33000183105469,52.38999938964844,51.540000915527344,51.599998474121094,5273700,-0.551,2019-01-02,00,2019,2,Wednesday,0.32200000000000006,3.385985380948949
44.520389556884766,51.0,51.63999938964844,50.86000061035156,51.540000915527344,5205200,-2.542,2019-01-03,00,2019,3,Thursday,0.32200000000000006,3.385985380948949
46.32740020751953,53.06999969482422,53.459999084472656,52.02000045776367,52.18000030517578,6800800,4.059,2019-01-04,00,2019,4,Friday,0.32200000000000006,3.385985380948949
46.77260208129883,53.58000183105469,53.720001220703125,52.86000061035156,53.04999923706055,4869900,0.961,2019-01-07,01,2019,7,Monday,0.8234,1.0304536864895966
47.13051986694336,53.9900016784668,54.15999984741211,53.380001068115234,53.91999816894531,5193300,0.765,2019-01-08,01,2019,8,Tuesday,0.8234,1.0304536864895966
48.18677520751953,55.20000076293945,55.619998931884766,54.66999816894531,54.709999084472656,5413000,2.241,2019-01-09,01,2019,9,Wednesday,0.8234,1.0304536864895966
48.57960891723633,55.650001525878906,55.709999084472656,54.880001068115234,55.029998779296875,5387200,0.815,2019-01-10,01,2019,10,Thursday,0.8234,1.0304536864895966
48.256614685058594,55.279998779296875,55.400001525878906,55.0099983215332,55.15999984741211,2988500,-0.665,2019-01-11,01,2019,11,Friday,0.8234,1.0304536864895966
47.68046569824219,54.619998931884766,54.88999938964844,54.279998779296875,54.349998474121094,3316000,-1.194,2019-01-14,02,2019,14,Monday,0.6724,1.0877898694141253
48.247886657714844,55.27000045776367,55.61000061035156,55.040000915527344,55.06999969482422,3613100,1.19,2019-01-15,02,2019,15,Tuesday,0.6724,1.0877898694141253
48.96370315551758,56.09000015258789,56.38999938964844,55.720001220703125,55.720001220703125,5601200,1.484,2019-01-16,02,2019,16,Wednesday,0.6724,1.0877898694141253
49.2779655456543,56.45000076293945,56.880001068115234,55.619998931884766,55.68000030517578,6630500,0.642,2019-01-17,02,2019,17,Thursday,0.6724,1.0877898694141253
49.8890266418457,57.150001525878906,57.400001525878906,56.709999084472656,56.97999954223633,9746700,1.24,2019-01-18,02,2019,18,Friday,0.6724,1.0877898694141253
48.59706497192383,55.66999816894531,56.22999954223633,55.2599983215332,56.18000030517578,5015700,-2.59,2019-01-22,03,2019,22,Tuesday,0.31525000000000003,1.9846654419993983
48.95497512817383,56.08000183105469,56.34000015258789,55.66999816894531,56.279998779296875,3333100,0.736,2019-01-23,03,2019,23,Wednesday,0.31525000000000003,1.9846654419993983
49.6009521484375,56.81999969482422,56.880001068115234,56.150001525878906,56.290000915527344,5210800,1.32,2019-01-24,03,2019,24,Thursday,0.31525000000000003,1.9846654419993983
50.49135971069336,57.84000015258789,58.06999969482422,57.529998779296875,57.529998779296875,10608500,1.795,2019-01-25,03,2019,25,Friday,0.31525000000000003,1.9846654419993983
50.098533630371094,57.38999938964844,57.40999984741211,56.81999969482422,57.130001068115234,11184200,-0.778,2019-01-28,04,2019,28,Monday,0.38699999999999996,1.2447636321808249
50.081077575683594,57.369998931884766,57.709999084472656,57.189998626708984,57.560001373291016,5331600,-0.035,2019-01-29,04,2019,29,Tuesday,0.38699999999999996,1.2447636321808249
51.12861633300781,58.56999969482422,58.709999084472656,57.68000030517578,57.83000183105469,10403200,2.092,2019-01-30,04,2019,30,Wednesday,0.38699999999999996,1.2447636321808249
51.77459716796875,59.310001373291016,59.34000015258789,58.72999954223633,58.810001373291016,12018800,1.263,2019-01-31,04,2019,31,Thursday,0.38699999999999996,1.2447636321808249
51.4603385925293,58.95000076293945,59.11000061035156,58.70000076293945,58.88999938964844,4206500,-0.607,2019-02-01,04,2019,1,Friday,0.38699999999999996,1.2447636321808249
51.60873794555664,59.119998931884766,59.25,58.790000915527344,58.810001373291016,3000000,0.288,2019-02-04,05,2019,4,Monday,-0.0546,1.2853862454530933
52.55152130126953,60.20000076293945,60.279998779296875,59.310001373291016,59.470001220703125,4077900,1.827,2019-02-05,05,2019,5,Tuesday,-0.0546,1.2853862454530933
52.01030349731445,59.58000183105469,60.27000045776367,59.43000030517578,60.27000045776367,4407500,-1.03,2019-02-06,05,2019,6,Wednesday,-0.0546,1.2853862454530933
51.25082778930664,58.709999084472656,59.380001068115234,58.099998474121094,59.029998779296875,4338200,-1.46,2019-02-07,05,2019,7,Thursday,-0.0546,1.2853862454530933
51.30320739746094,58.77000045776367,58.86000061035156,58.220001220703125,58.47999954223633,4471600,0.102,2019-02-08,05,2019,8,Friday,-0.0546,1.2853862454530933
51.4603385925293,58.95000076293945,59.38999938964844,58.91999816894531,59.27000045776367,3372600,0.306,2019-02-11,06,2019,11,Monday,0.011600000000000032,0.5611348322818679
51.652381896972656,59.16999816894531,59.529998779296875,59.13999938964844,59.380001068115234,8323900,0.373,2019-02-12,06,2019,12,Tuesday,0.011600000000000032,0.5611348322818679
51.94046401977539,59.5,59.9900016784668,59.40999984741211,59.900001525878906,4980300,0.558,2019-02-13,06,2019,13,Wednesday,0.011600000000000032,0.5611348322818679
51.68730163574219,59.209999084472656,59.41999816894531,58.75,59.060001373291016,7886000,-0.487,2019-02-14,06,2019,14,Thursday,0.011600000000000032,0.5611348322818679
51.32939147949219,58.79999923706055,59.08000183105469,58.56999969482422,58.97999954223633,4874200,-0.692,2019-02-15,06,2019,15,Friday,0.011600000000000032,0.5611348322818679
51.975379943847656,59.540000915527344,59.720001220703125,58.77000045776367,58.790000915527344,3993300,1.259,2019-02-19,07,2019,19,Tuesday,0.8967499999999999,0.9134084062820238
52.29837417602539,59.90999984741211,60.349998474121094,59.7599983215332,59.83000183105469,5303000,0.621,2019-02-20,07,2019,20,Wednesday,0.8967499999999999,0.9134084062820238
52.18488693237305,59.779998779296875,60.09000015258789,59.56999969482422,60.08000183105469,3305300,-0.217,2019-02-21,07,2019,21,Thursday,0.8967499999999999,0.9134084062820238
53.18878936767578,60.93000030517578,60.93000030517578,60.439998626708984,60.68000030517578,4058300,1.924,2019-02-22,07,2019,22,Friday,0.8967499999999999,0.9134084062820238
54.16647720336914,62.04999923706055,62.31999969482422,61.90999984741211,62.04999923706055,6194800,1.838,2019-02-25,08,2019,25,Monday,0.0978,1.2191251781502999
53.983158111572266,61.84000015258789,61.9900016784668,61.2599983215332,61.36000061035156,7357400,-0.338,2019-02-26,08,2019,26,Tuesday,0.0978,1.2191251781502999
53.345909118652344,61.11000061035156,61.33000183105469,60.81999969482422,61.13999938964844,5015800,-1.18,2019-02-27,08,2019,27,Wednesday,0.0978,1.2191251781502999
52.99673080444336,60.709999084472656,60.939998626708984,60.439998626708984,60.81999969482422,7722100,-0.655,2019-02-28,08,2019,28,Thursday,0.0978,1.2191251781502999
53.433204650878906,61.209999084472656,61.59000015258789,60.97999954223633,61.54999923706055,6852300,0.824,2019-03-01,08,2019,1,Friday,0.0978,1.2191251781502999
54.000614166259766,61.86000061035156,62.22999954223633,61.150001525878906,62.08000183105469,7798900,1.062,2019-03-04,09,2019,4,Monday,-0.5146,1.8438560952525551
54.87356948852539,62.86000061035156,63.040000915527344,62.27000045776367,62.400001525878906,5015800,1.617,2019-03-05,09,2019,5,Tuesday,-0.5146,1.8438560952525551
54.46327590942383,62.38999938964844,62.90999984741211,62.34000015258789,62.779998779296875,6902000,-0.748,2019-03-06,09,2019,6,Wednesday,-0.5146,1.8438560952525551
52.97053909301758,60.68000030517578,61.65999984741211,60.52000045776367,61.65999984741211,8914700,-2.741,2019-03-07,09,2019,7,Thursday,-0.5146,1.8438560952525551
52.03648376464844,59.61000061035156,59.720001220703125,59.11000061035156,59.2599983215332,6023400,-1.763,2019-03-08,09,2019,8,Friday,-0.5146,1.8438560952525551
53.372093200683594,61.13999938964844,61.27000045776367,60.4900016784668,60.560001373291016,2952600,2.567,2019-03-11,10,2019,11,Monday,0.7408,1.3017953756255245
53.82603073120117,61.65999984741211,61.720001220703125,61.290000915527344,61.650001525878906,3587900,0.851,2019-03-12,10,2019,12,Tuesday,0.7408,1.3017953756255245
53.61651611328125,61.41999816894531,61.72999954223633,61.380001068115234,61.560001373291016,5291600,-0.389,2019-03-13,10,2019,13,Wednesday,0.7408,1.3017953756255245
53.2848014831543,61.040000915527344,61.18000030517578,60.7400016784668,61.130001068115234,3929600,-0.619,2019-03-14,10,2019,14,Thursday,0.7408,1.3017953756255245
53.974430084228516,61.83000183105469,61.970001220703125,61.5,61.61000061035156,3328900,1.294,2019-03-15,10,2019,15,Friday,0.7408,1.3017953756255245
54.707706451416016,62.66999816894531,62.81999969482422,62.41999816894531,62.68000030517578,3355800,1.359,2019-03-18,11,2019,18,Monday,-0.3076,1.6603885990935976
54.882293701171875,62.869998931884766,63.099998474121094,62.619998931884766,62.900001525878906,5318000,0.319,2019-03-19,11,2019,19,Tuesday,-0.3076,1.6603885990935976
54.72515869140625,62.689998626708984,63.2400016784668,61.95000076293945,62.5099983215332,11815800,-0.286,2019-03-20,11,2019,20,Wednesday,-0.3076,1.6603885990935976
54.803733825683594,62.779998779296875,62.779998779296875,61.900001525878906,61.97999954223633,8753300,0.144,2019-03-21,11,2019,21,Thursday,-0.3076,1.6603885990935976
53.11893844604492,60.849998474121094,61.93000030517578,60.810001373291016,61.79999923706055,8321400,-3.074,2019-03-22,11,2019,22,Friday,-0.3076,1.6603885990935976
53.206233978271484,60.95000076293945,61.11000061035156,60.45000076293945,60.459999084472656,5212200,0.164,2019-03-25,12,2019,25,Monday,0.5168,0.8240492703716203
53.19750213623047,60.939998626708984,61.2400016784668,60.65999984741211,61.02000045776367,2983500,-0.016,2019-03-26,12,2019,26,Tuesday,0.5168,0.8240492703716203
53.15385818481445,60.88999938964844,61.25,60.689998626708984,60.970001220703125,5560000,-0.082,2019-03-27,12,2019,27,Wednesday,0.5168,0.8240492703716203
53.47684097290039,61.2599983215332,61.349998474121094,60.81999969482422,61.15999984741211,3100200,0.608,2019-03-28,12,2019,28,Thursday,0.5168,0.8240492703716203
54.498199462890625,62.43000030517578,62.54999923706055,61.869998931884766,62.09000015258789,10658500,1.91,2019-03-29,12,2019,29,Friday,0.5168,0.8240492703716203
55.30131530761719,63.349998474121094,63.5,62.9900016784668,63.27000045776367,4755300,1.474,2019-04-01,13,2019,1,Monday,0.7872,0.7049022627286707
55.10053634643555,63.119998931884766,63.33000183105469,62.970001220703125,63.27000045776367,3576200,-0.363,2019-04-02,13,2019,2,Tuesday,0.7872,0.7049022627286707
55.4671745300293,63.540000915527344,64.16000366210938,63.40999984741211,63.720001220703125,7579300,0.665,2019-04-03,13,2019,3,Wednesday,0.7872,0.7049022627286707
56.03459548950195,64.19000244140625,64.26000213623047,63.61000061035156,63.689998626708984,5272900,1.023,2019-04-04,13,2019,4,Thursday,0.7872,0.7049022627286707
56.67184066772461,64.91999816894531,64.93000030517578,64.44000244140625,64.5199966430664,4684000,1.137,2019-04-05,13,2019,5,Friday,0.7872,0.7049022627286707
56.61073303222656,64.8499984741211,64.98999786376953,64.41999816894531,64.73999786376953,4702400,-0.108,2019-04-08,14,2019,8,Monday,0.037800000000000014,0.9888969612654294
56.58454895019531,64.81999969482422,65.01000213623047,64.73999786376953,64.87999725341797,3582100,-0.046,2019-04-09,14,2019,9,Tuesday,0.037800000000000014,0.9888969612654294
56.70676803588867,64.95999908447266,65.01000213623047,64.62000274658203,64.91000366210938,2748800,0.216,2019-04-10,14,2019,10,Wednesday,0.037800000000000014,0.9888969612654294
55.95602798461914,64.0999984741211,64.33000183105469,63.90999984741211,64.30000305175781,3615000,-1.324,2019-04-11,14,2019,11,Thursday,0.037800000000000014,0.9888969612654294
56.76786422729492,65.02999877929688,65.22000122070312,64.87000274658203,65.04000091552734,5174800,1.451,2019-04-12,14,2019,12,Friday,0.037800000000000014,0.9888969612654294
55.86872863769531,64.0,64.56999969482422,63.720001220703125,64.56999969482422,4998900,-1.584,2019-04-15,15,2019,15,Monday,-0.049000000000000016,1.1284003426680327
56.497257232666016,64.72000122070312,64.83999633789062,64.47000122070312,64.7699966430664,2983500,1.125,2019-04-16,15,2019,16,Tuesday,-0.049000000000000016,1.1284003426680327
56.628196716308594,64.87000274658203,65.25,64.72000122070312,65.19000244140625,7598300,0.232,2019-04-17,15,2019,17,Wednesday,-0.049000000000000016,1.1284003426680327
56.64565658569336,64.88999938964844,65.01000213623047,64.55999755859375,64.83999633789062,6202500,0.031,2019-04-18,15,2019,18,Thursday,-0.049000000000000016,1.1284003426680327
56.20044708251953,64.37999725341797,64.43000030517578,63.90999984741211,64.1500015258789,4085200,-0.786,2019-04-22,16,2019,22,Monday,-0.4114,0.6958791561758406
56.22663879394531,64.41000366210938,64.5999984741211,64.13999938964844,64.16999816894531,7673700,0.047,2019-04-23,16,2019,23,Tuesday,-0.4114,0.6958791561758406
55.49336624145508,63.56999969482422,64.2300033569336,63.439998626708984,64.2300033569336,6810000,-1.304,2019-04-24,16,2019,24,Wednesday,-0.4114,0.6958791561758406
55.222747802734375,63.2599983215332,63.290000915527344,62.689998626708984,63.029998779296875,3023800,-0.488,2019-04-25,16,2019,25,Thursday,-0.4114,0.6958791561758406
55.4846305847168,63.560001373291016,63.619998931884766,63.119998931884766,63.459999084472656,3128800,0.474,2019-04-26,16,2019,26,Friday,-0.4114,0.6958791561758406
55.62430191040039,63.720001220703125,63.810001373291016,63.59000015258789,63.65999984741211,2179200,0.252,2019-04-29,17,2019,29,Monday,0.3216,0.8201044445678854
55.4497184753418,63.52000045776367,63.79999923706055,63.18000030517578,63.5,5778300,-0.314,2019-04-30,17,2019,30,Tuesday,0.3216,0.8201044445678854
55.35369110107422,63.40999984741211,64.48999786376953,63.36000061035156,63.72999954223633,5808100,-0.173,2019-05-01,17,2019,1,Wednesday,0.3216,0.8201044445678854
55.414798736572266,63.47999954223633,63.93000030517578,63.09000015258789,63.5,3863200,0.11,2019-05-02,17,2019,2,Thursday,0.3216,0.8201044445678854
56.37504196166992,64.58000183105469,64.62000274658203,64.05000305175781,64.08999633789062,3684500,1.733,2019-05-03,17,2019,3,Friday,0.3216,0.8201044445678854
54.75136184692383,62.720001220703125,62.86000061035156,61.59000015258789,61.630001068115234,9614500,-2.88,2019-05-06,18,2019,6,Monday,-1.4068,1.6486943925421713
53.08401870727539,60.810001373291016,61.849998474121094,60.38999938964844,61.81999969482422,8795300,-3.045,2019-05-07,18,2019,7,Tuesday,-1.4068,1.6486943925421713
53.031646728515625,60.75,61.2599983215332,60.4900016784668,60.880001068115234,7267700,-0.099,2019-05-08,18,2019,8,Wednesday,-1.4068,1.6486943925421713
52.14997100830078,59.7400016784668,60.18000030517578,58.630001068115234,59.119998931884766,13634100,-1.663,2019-05-09,18,2019,9,Thursday,-1.4068,1.6486943925421713
52.49041748046875,60.130001068115234,60.41999816894531,59.119998931884766,60.029998779296875,6979400,0.653,2019-05-10,18,2019,10,Friday,-1.4068,1.6486943925421713
50.49135971069336,57.84000015258789,58.31999969482422,57.459999084472656,58.04999923706055,13706300,-3.808,2019-05-13,19,2019,13,Monday,-0.8027999999999998,2.518368459935916
51.3381233215332,58.810001373291016,59.150001525878906,58.45000076293945,58.79999923706055,6666500,1.677,2019-05-14,19,2019,14,Tuesday,-0.8027999999999998,2.518368459935916
51.809513092041016,59.349998474121094,59.5099983215332,58.86000061035156,58.9900016784668,6651800,0.918,2019-05-15,19,2019,15,Wednesday,-0.8027999999999998,2.518368459935916
52.01902770996094,59.59000015258789,59.970001220703125,59.47999954223633,59.630001068115234,4915800,0.404,2019-05-16,19,2019,16,Thursday,-0.8027999999999998,2.518368459935916
50.3516960144043,57.68000030517578,58.15999984741211,57.59000015258789,57.93000030517578,6899000,-3.205,2019-05-17,19,2019,17,Friday,-0.8027999999999998,2.518368459935916
48.893863677978516,56.0099983215332,56.5,55.91999816894531,56.4900016784668,4959500,-2.895,2019-05-20,20,2019,20,Monday,-0.9794,1.6479263636461432
49.6358757019043,56.86000061035156,56.939998626708984,56.5,56.7599983215332,5400700,1.518,2019-05-21,20,2019,21,Tuesday,-0.9794,1.6479263636461432
49.103370666503906,56.25,56.52000045776367,56.08000183105469,56.45000076293945,4089300,-1.073,2019-05-22,20,2019,22,Wednesday,-0.9794,1.6479263636461432
48.18677520751953,55.20000076293945,55.439998626708984,54.91999816894531,55.13999938964844,6022400,-1.867,2019-05-23,20,2019,23,Thursday,-0.9794,1.6479263636461432
47.907440185546875,54.880001068115234,55.560001373291016,54.810001373291016,55.439998626708984,7047600,-0.58,2019-05-24,20,2019,24,Friday,-0.9794,1.6479263636461432
48.28280258178711,55.310001373291016,55.84000015258789,55.189998626708984,55.689998626708984,4792800,0.784,2019-05-28,21,2019,28,Tuesday,0.20525000000000002,0.44345866023039093
48.43120193481445,55.47999954223633,55.54999923706055,55.029998779296875,55.130001068115234,4316800,0.307,2019-05-29,21,2019,29,Wednesday,0.20525000000000002,0.44345866023039093
48.4050178527832,55.45000076293945,55.58000183105469,55.220001220703125,55.380001068115234,4112600,-0.054,2019-05-30,21,2019,30,Thursday,0.20525000000000002,0.44345866023039093
48.300270080566406,55.33000183105469,55.439998626708984,54.93000030517578,55.0,4520300,-0.216,2019-05-31,21,2019,31,Friday,0.20525000000000002,0.44345866023039093
48.60578918457031,55.68000030517578,55.90999984741211,55.40999984741211,55.65999984741211,3306200,0.633,2019-06-03,22,2019,3,Monday,0.1788,0.7431559055810564
48.58833694458008,55.65999984741211,55.720001220703125,55.150001525878906,55.18000030517578,5214500,-0.036,2019-06-04,22,2019,4,Tuesday,0.1788,0.7431559055810564
48.1693229675293,55.18000030517578,55.72999954223633,54.810001373291016,55.65999984741211,5108100,-0.862,2019-06-05,22,2019,5,Wednesday,0.1788,0.7431559055810564
48.19551086425781,55.209999084472656,55.29999923706055,54.939998626708984,55.09000015258789,3191800,0.054,2019-06-06,22,2019,6,Thursday,0.1788,0.7431559055810564
48.728004455566406,55.81999969482422,56.400001525878906,55.61000061035156,55.630001068115234,4358500,1.105,2019-06-07,22,2019,7,Friday,0.1788,0.7431559055810564
49.59223556518555,56.810001373291016,57.150001525878906,56.52000045776367,56.650001525878906,3277400,1.774,2019-06-10,23,2019,10,Monday,0.071,1.5770252058860694
50.29058837890625,57.61000061035156,57.959999084472656,57.41999816894531,57.79999923706055,4131800,1.408,2019-06-11,23,2019,11,Tuesday,0.071,1.5770252058860694
49.356529235839844,56.540000915527344,56.86000061035156,56.369998931884766,56.75,2301900,-1.857,2019-06-12,23,2019,12,Wednesday,0.071,1.5770252058860694
49.45255661010742,56.650001525878906,56.95000076293945,56.45000076293945,56.869998931884766,3869200,0.195,2019-06-13,23,2019,13,Thursday,0.071,1.5770252058860694
48.876407623291016,55.9900016784668,56.27000045776367,55.95000076293945,56.27000045776367,3157500,-1.165,2019-06-14,23,2019,14,Friday,0.071,1.5770252058860694
49.180381774902344,55.97999954223633,56.20000076293945,55.779998779296875,55.810001373291016,1904300,0.622,2019-06-17,24,2019,17,Monday,1.1896,1.402453314731011
50.7793083190918,57.79999923706055,58.15999984741211,56.709999084472656,56.709999084472656,4832400,3.251,2019-06-18,24,2019,18,Tuesday,1.1896,1.402453314731011
51.28007507324219,58.369998931884766,58.630001068115234,57.79999923706055,58.20000076293945,6326200,0.986,2019-06-19,24,2019,19,Wednesday,1.1896,1.402453314731011
52.12347412109375,59.33000183105469,59.7400016784668,59.0099983215332,59.630001068115234,3884600,1.645,2019-06-20,24,2019,20,Thursday,1.1896,1.402453314731011
51.83354949951172,59.0,59.29999923706055,58.91999816894531,59.029998779296875,3202800,-0.556,2019-06-21,24,2019,21,Friday,1.1896,1.402453314731011
51.82476806640625,58.9900016784668,59.22999954223633,58.900001525878906,59.20000076293945,2251600,-0.017,2019-06-24,25,2019,24,Monday,0.1578,1.1757396395461028
50.99895477294922,58.04999923706055,58.5,57.970001220703125,58.470001220703125,4116900,-1.593,2019-06-25,25,2019,25,Tuesday,0.1578,1.1757396395461028
51.74570083618164,58.900001525878906,59.119998931884766,58.77000045776367,58.77000045776367,3128300,1.464,2019-06-26,25,2019,26,Wednesday,0.1578,1.1757396395461028
52.255252838134766,59.47999954223633,59.540000915527344,59.15999984741211,59.2599983215332,2006500,0.985,2019-06-27,25,2019,27,Thursday,0.1578,1.1757396395461028
52.22890090942383,59.45000076293945,59.5,59.220001220703125,59.47999954223633,2915200,-0.05,2019-06-28,25,2019,28,Friday,0.1578,1.1757396395461028
53.274356842041016,60.63999938964844,61.40999984741211,60.459999084472656,61.119998931884766,5174300,2.002,2019-07-01,26,2019,1,Monday,0.09124999999999994,1.3674176087306564
53.24800109863281,60.61000061035156,60.79999923706055,60.439998626708984,60.709999084472656,4473400,-0.049,2019-07-02,26,2019,2,Tuesday,0.09124999999999994,1.3674176087306564
53.054718017578125,60.38999938964844,60.41999816894531,60.16999816894531,60.33000183105469,986100,-0.363,2019-07-03,26,2019,3,Wednesday,0.09124999999999994,1.3674176087306564
52.404605865478516,59.650001525878906,59.880001068115234,59.5,59.880001068115234,3385100,-1.225,2019-07-05,26,2019,5,Friday,0.09124999999999994,1.3674176087306564
51.754478454589844,58.90999984741211,59.13999938964844,58.790000915527344,59.119998931884766,2365100,-1.241,2019-07-08,27,2019,8,Monday,-0.24780000000000002,0.672549403389818
51.622711181640625,58.7599983215332,58.81999969482422,58.31999969482422,58.41999816894531,1600600,-0.255,2019-07-09,27,2019,9,Tuesday,-0.24780000000000002,0.672549403389818
51.763275146484375,58.91999816894531,59.5099983215332,58.849998474121094,59.310001373291016,2044600,0.272,2019-07-10,27,2019,10,Wednesday,-0.24780000000000002,0.672549403389818
51.51728439331055,58.63999938964844,59.029998779296875,58.45000076293945,59.0,2465400,-0.475,2019-07-11,27,2019,11,Thursday,-0.24780000000000002,0.672549403389818
51.754478454589844,58.90999984741211,58.97999954223633,58.75,58.849998474121094,1778600,0.46,2019-07-12,27,2019,12,Friday,-0.24780000000000002,0.672549403389818
52.2376823425293,59.459999084472656,59.5,59.099998474121094,59.27000045776367,981800,0.934,2019-07-15,28,2019,15,Monday,0.14300000000000002,0.4643667731438157
52.18497085571289,59.400001525878906,59.7599983215332,59.38999938964844,59.630001068115234,3189900,-0.101,2019-07-16,28,2019,16,Tuesday,0.14300000000000002,0.4643667731438157
52.05318832397461,59.25,59.630001068115234,59.22999954223633,59.47999954223633,1265400,-0.253,2019-07-17,28,2019,17,Wednesday,0.14300000000000002,0.4643667731438157
52.12347412109375,59.33000183105469,59.400001525878906,58.959999084472656,59.099998474121094,3332600,0.135,2019-07-18,28,2019,18,Thursday,0.14300000000000002,0.4643667731438157
52.12347412109375,59.33000183105469,59.900001525878906,59.33000183105469,59.86000061035156,2214300,0.0,2019-07-19,28,2019,19,Friday,0.14300000000000002,0.4643667731438157
51.91262435913086,59.09000015258789,59.369998931884766,59.040000915527344,59.25,1296800,-0.405,2019-07-22,29,2019,22,Monday,0.20020000000000002,0.7066379553915851
52.49245071411133,59.75,59.77000045776367,59.31999969482422,59.380001068115234,2221400,1.117,2019-07-23,29,2019,23,Tuesday,0.20020000000000002,0.7066379553915851
52.835086822509766,60.13999938964844,60.18000030517578,59.779998779296875,59.779998779296875,3845600,0.653,2019-07-24,29,2019,24,Wednesday,0.20020000000000002,0.7066379553915851
52.536380767822266,59.79999923706055,60.220001220703125,59.58000183105469,60.220001220703125,5053000,-0.565,2019-07-25,29,2019,25,Thursday,0.20020000000000002,0.7066379553915851
52.641807556152344,59.91999816894531,60.0,59.72999954223633,59.95000076293945,1581600,0.201,2019-07-26,29,2019,26,Friday,0.20020000000000002,0.7066379553915851
52.325538635253906,59.560001373291016,59.81999969482422,59.369998931884766,59.720001220703125,1152400,-0.601,2019-07-29,30,2019,29,Monday,-1.3402,1.0083881693078316
51.93019485473633,59.11000061035156,59.189998626708984,58.900001525878906,59.130001068115234,2329500,-0.756,2019-07-30,30,2019,30,Tuesday,-1.3402,1.0083881693078316
51.36793518066406,58.470001220703125,58.97999954223633,57.68000030517578,58.97999954223633,3353400,-1.083,2019-07-31,30,2019,31,Wednesday,-1.3402,1.0083881693078316
49.77779006958008,56.65999984741211,59.099998474121094,56.540000915527344,58.7400016784668,9553400,-3.096,2019-08-01,30,2019,1,Thursday,-1.3402,1.0083881693078316
49.19794845581055,56.0,56.630001068115234,55.90999984741211,56.56999969482422,7446400,-1.165,2019-08-02,30,2019,2,Friday,-1.3402,1.0083881693078316
46.984039306640625,53.47999954223633,54.31999969482422,53.119998931884766,54.2400016784668,10459000,-4.5,2019-08-05,31,2019,5,Monday,-0.4756,2.514215344794475
47.59023666381836,54.16999816894531,54.68000030517578,53.91999816894531,54.4900016784668,6984300,1.29,2019-08-06,31,2019,6,Tuesday,-0.4756,2.514215344794475
48.01192855834961,54.650001525878906,54.65999984741211,53.58000183105469,53.849998474121094,4529300,0.886,2019-08-07,31,2019,7,Wednesday,-0.4756,2.514215344794475
48.65326690673828,55.380001068115234,55.380001068115234,54.810001373291016,55.06999969482422,2650000,1.336,2019-08-08,31,2019,8,Thursday,-0.4756,2.514215344794475
47.97678756713867,54.61000061035156,54.90999984741211,54.29999923706055,54.810001373291016,2739100,-1.39,2019-08-09,31,2019,9,Friday,-0.4756,2.514215344794475
47.47602462768555,54.040000915527344,54.22999954223633,53.77000045776367,53.97999954223633,2671000,-1.044,2019-08-12,32,2019,12,Monday,0.2955999999999999,2.1654755366893434
48.451194763183594,55.150001525878906,55.779998779296875,53.849998474121094,53.970001220703125,6398400,2.054,2019-08-13,32,2019,13,Tuesday,0.2955999999999999,2.1654755366893434
47.063114166259766,53.56999969482422,54.0099983215332,53.4900016784668,53.810001373291016,5399000,-2.865,2019-08-14,32,2019,14,Wednesday,0.2955999999999999,2.1654755366893434
47.730796813964844,54.33000183105469,54.59000015258789,54.0,54.4900016784668,3651800,1.419,2019-08-15,32,2019,15,Thursday,0.2955999999999999,2.1654755366893434
48.644474029541016,55.369998931884766,55.4900016784668,54.7599983215332,54.849998474121094,1902200,1.914,2019-08-16,32,2019,16,Friday,0.2955999999999999,2.1654755366893434
49.55815124511719,56.40999984741211,56.7599983215332,56.290000915527344,56.619998931884766,2333400,1.878,2019-08-19,33,2019,19,Monday,-0.21100000000000002,1.6335421635207337
49.47907257080078,56.31999969482422,56.650001525878906,56.29999923706055,56.529998779296875,2039500,-0.16,2019-08-20,33,2019,20,Tuesday,-0.21100000000000002,1.6335421635207337
49.821712493896484,56.709999084472656,57.0,56.54999923706055,56.959999084472656,3274100,0.692,2019-08-21,33,2019,21,Wednesday,-0.21100000000000002,1.6335421635207337
49.28580856323242,56.099998474121094,56.470001220703125,55.83000183105469,56.41999816894531,1521000,-1.076,2019-08-22,33,2019,22,Thursday,-0.21100000000000002,1.6335421635207337
48.10857009887695,54.7599983215332,56.27000045776367,54.65999984741211,55.790000915527344,5302700,-2.389,2019-08-23,33,2019,23,Friday,-0.21100000000000002,1.6335421635207337
48.62690353393555,55.349998474121094,55.52000045776367,55.189998626708984,55.439998626708984,3426600,1.077,2019-08-26,34,2019,26,Monday,0.5998,0.46364393665829384
48.7586784362793,55.5,56.04999923706055,55.5,55.849998474121094,2187000,0.271,2019-08-27,34,2019,27,Tuesday,0.5998,0.46364393665829384
48.855323791503906,55.61000061035156,55.66999816894531,55.060001373291016,55.220001220703125,1419800,0.198,2019-08-28,34,2019,28,Wednesday,0.5998,0.46364393665829384
49.40880584716797,56.2400016784668,56.439998626708984,55.959999084472656,56.11000061035156,1748900,1.133,2019-08-29,34,2019,29,Thursday,0.5998,0.46364393665829384
49.56694030761719,56.41999816894531,56.5099983215332,56.06999969482422,56.5099983215332,1918900,0.32,2019-08-30,34,2019,30,Friday,0.5998,0.46364393665829384
49.40001678466797,56.22999954223633,56.380001068115234,56.08000183105469,56.189998626708984,1940100,-0.337,2019-09-03,35,2019,3,Tuesday,0.81875,1.1218860236227208
50.26976776123047,57.220001220703125,57.380001068115234,57.119998931884766,57.27000045776367,3243700,1.761,2019-09-04,35,2019,4,Wednesday,0.81875,1.1218860236227208
51.174652099609375,58.25,58.34000015258789,58.0,58.0,5898100,1.8,2019-09-05,35,2019,5,Thursday,0.81875,1.1218860236227208
51.20100402832031,58.279998779296875,58.470001220703125,58.22999954223633,58.439998626708984,1879900,0.051,2019-09-06,35,2019,6,Friday,0.81875,1.1218860236227208
51.46457290649414,58.58000183105469,58.66999816894531,58.310001373291016,58.41999816894531,4604800,0.515,2019-09-09,36,2019,9,Monday,0.5241999999999999,0.5419771212883436
51.262508392333984,58.349998474121094,58.54999923706055,58.08000183105469,58.47999954223633,3278800,-0.393,2019-09-10,36,2019,10,Tuesday,0.5241999999999999,0.5419771212883436
51.78084182739258,58.939998626708984,59.06999969482422,58.4900016784668,58.720001220703125,5166200,1.011,2019-09-11,36,2019,11,Wednesday,0.5241999999999999,0.5419771212883436
52.16740036010742,59.380001068115234,59.83000183105469,59.04999923706055,59.33000183105469,5524800,0.747,2019-09-12,36,2019,12,Thursday,0.5241999999999999,0.5419771212883436
52.553955078125,59.81999969482422,59.939998626708984,59.709999084472656,59.779998779296875,2838500,0.741,2019-09-13,36,2019,13,Friday,0.5241999999999999,0.5419771212883436
52.00047302246094,59.189998626708984,59.369998931884766,58.97999954223633,59.2599983215332,2282900,-1.053,2019-09-16,37,2019,16,Monday,-0.5471999999999999,0.3081788441798042
51.87748336791992,59.04999923706055,59.09000015258789,58.5099983215332,58.540000915527344,2379600,-0.237,2019-09-17,37,2019,17,Tuesday,-0.5471999999999999,0.3081788441798042
51.622711181640625,58.7599983215332,58.939998626708984,58.34000015258789,58.93000030517578,2599200,-0.491,2019-09-18,37,2019,18,Wednesday,-0.5471999999999999,0.3081788441798042
51.42064666748047,58.529998779296875,59.0,58.459999084472656,58.72999954223633,5134200,-0.391,2019-09-19,37,2019,19,Thursday,-0.5471999999999999,0.3081788441798042
51.1307258605957,58.20000076293945,58.7400016784668,57.939998626708984,58.59000015258789,3527900,-0.564,2019-09-20,37,2019,20,Friday,-0.5471999999999999,0.3081788441798042
50.80567932128906,57.83000183105469,57.93000030517578,57.630001068115234,57.83000183105469,1837900,-0.636,2019-09-23,38,2019,23,Monday,-0.9269999999999999,1.0697116433880676
49.94470977783203,56.849998474121094,57.779998779296875,56.790000915527344,57.779998779296875,6998900,-1.695,2019-09-24,38,2019,24,Tuesday,-0.9269999999999999,1.0697116433880676
50.234619140625,57.18000030517578,57.2400016784668,56.47999954223633,56.68000030517578,2635300,0.58,2019-09-25,38,2019,25,Wednesday,-0.9269999999999999,1.0697116433880676
49.88320541381836,56.779998779296875,57.119998931884766,56.66999816894531,56.970001220703125,3124100,-0.7,2019-09-26,38,2019,26,Thursday,-0.9269999999999999,1.0697116433880676
48.79383087158203,55.540000915527344,57.040000915527344,55.189998626708984,56.869998931884766,5490900,-2.184,2019-09-27,38,2019,27,Friday,-0.9269999999999999,1.0697116433880676
49.26823425292969,56.08000183105469,56.5099983215332,56.0,56.29999923706055,3181100,0.972,2019-09-30,39,2019,30,Monday,0.414,0.9317507713975878
49.00467300415039,55.779998779296875,56.25,55.52000045776367,56.25,3805600,-0.535,2019-10-01,39,2019,1,Tuesday,0.414,0.9317507713975878
48.99588394165039,55.77000045776367,55.81999969482422,55.380001068115234,55.56999969482422,3243400,-0.018,2019-10-02,39,2019,2,Wednesday,0.414,0.9317507713975878
49.85684585571289,56.75,56.75,55.93000030517578,56.13999938964844,2552700,1.757,2019-10-03,39,2019,3,Thursday,0.414,0.9317507713975878
49.80413818359375,56.689998626708984,56.77000045776367,56.150001525878906,56.40999984741211,2057400,-0.106,2019-10-04,39,2019,4,Friday,0.414,0.9317507713975878
49.443946838378906,56.279998779296875,56.689998626708984,56.15999984741211,56.29999923706055,4023900,-0.723,2019-10-07,40,2019,7,Monday,0.47120000000000006,1.5492889336724767
48.644474029541016,55.369998931884766,55.939998626708984,55.349998474121094,55.79999923706055,5895400,-1.617,2019-10-08,40,2019,8,Tuesday,0.47120000000000006,1.5492889336724767
49.312164306640625,56.130001068115234,56.380001068115234,55.93000030517578,56.189998626708984,4039000,1.373,2019-10-09,40,2019,9,Wednesday,0.47120000000000006,1.5492889336724767
49.98863983154297,56.900001525878906,57.13999938964844,56.45000076293945,56.45000076293945,3175100,1.372,2019-10-10,40,2019,10,Thursday,0.47120000000000006,1.5492889336724767
50.96380615234375,58.0099983215332,58.58000183105469,57.869998931884766,57.959999084472656,6033900,1.951,2019-10-11,40,2019,11,Friday,0.47120000000000006,1.5492889336724767
50.7793083190918,57.79999923706055,58.18000030517578,57.790000915527344,58.11000061035156,2203500,-0.362,2019-10-14,41,2019,14,Monday,-0.0924,1.0232435194028837
51.38550567626953,58.4900016784668,58.68000030517578,58.040000915527344,58.099998474121094,2327800,1.194,2019-10-15,41,2019,15,Tuesday,-0.0924,1.0232435194028837
51.47335433959961,58.59000015258789,58.68000030517578,58.279998779296875,58.400001525878906,2020900,0.171,2019-10-16,41,2019,16,Wednesday,-0.0924,1.0232435194028837
51.55242156982422,58.68000030517578,58.970001220703125,58.630001068115234,58.970001220703125,2672700,0.154,2019-10-17,41,2019,17,Thursday,-0.0924,1.0232435194028837
50.71781921386719,57.72999954223633,58.560001373291016,57.72999954223633,58.45000076293945,4157600,-1.619,2019-10-18,41,2019,18,Friday,-0.0924,1.0232435194028837
51.28886795043945,58.380001068115234,58.45000076293945,58.08000183105469,58.189998626708984,2430100,1.126,2019-10-21,42,2019,21,Monday,0.2988,0.824475408972275
50.955020904541016,58.0,58.4900016784668,57.86000061035156,58.33000183105469,1882100,-0.651,2019-10-22,42,2019,22,Tuesday,0.2988,0.824475408972275
50.752960205078125,57.77000045776367,57.77000045776367,57.40999984741211,57.56999969482422,1810300,-0.397,2019-10-23,42,2019,23,Wednesday,0.2988,0.824475408972275
50.91109848022461,57.95000076293945,58.06999969482422,57.810001373291016,58.0,2487800,0.312,2019-10-24,42,2019,24,Thursday,0.2988,0.824475408972275
51.47335433959961,58.59000015258789,58.63999938964844,58.0099983215332,58.029998779296875,2152300,1.104,2019-10-25,42,2019,25,Friday,0.2988,0.824475408972275
52.11469268798828,59.31999969482422,59.43000030517578,59.060001373291016,59.06999969482422,2937100,1.246,2019-10-28,43,2019,28,Monday,0.26959999999999995,1.102584599928731
51.55242156982422,58.68000030517578,58.810001373291016,58.540000915527344,58.68000030517578,2594000,-1.079,2019-10-29,43,2019,29,Tuesday,0.26959999999999995,1.102584599928731
51.56120681762695,58.689998626708984,58.70000076293945,58.06999969482422,58.349998474121094,2677500,0.017,2019-10-30,43,2019,30,Wednesday,0.26959999999999995,1.102584599928731
51.36793518066406,58.470001220703125,58.7599983215332,58.18000030517578,58.689998626708984,2635700,-0.375,2019-10-31,43,2019,31,Thursday,0.26959999999999995,1.102584599928731
52.15861511230469,59.369998931884766,59.65999984741211,59.20000076293945,59.29999923706055,3282900,1.539,2019-11-01,43,2019,1,Friday,0.26959999999999995,1.102584599928731
53.02836990356445,60.36000061035156,60.529998779296875,60.130001068115234,60.38999938964844,3182900,1.668,2019-11-04,44,2019,4,Monday,0.5888,0.8754785548487182
53.32706832885742,60.70000076293945,60.84000015258789,60.45000076293945,60.75,1934300,0.563,2019-11-05,44,2019,5,Tuesday,0.5888,0.8754785548487182
53.335853576660156,60.709999084472656,60.939998626708984,60.52000045776367,60.869998931884766,3434700,0.016,2019-11-06,44,2019,6,Wednesday,0.5888,0.8754785548487182
53.977176666259766,61.439998626708984,61.70000076293945,61.220001220703125,61.349998474121094,4872800,1.202,2019-11-07,44,2019,7,Thursday,0.5888,0.8754785548487182
53.70484161376953,61.130001068115234,61.279998779296875,60.880001068115234,61.189998626708984,7074500,-0.505,2019-11-08,44,2019,8,Friday,0.5888,0.8754785548487182
53.054718017578125,60.38999938964844,60.40999984741211,59.88999938964844,59.9900016784668,2899200,-1.211,2019-11-11,45,2019,11,Monday,-0.6477999999999999,0.6898214986501944
52.71208953857422,60.0,60.2599983215332,59.790000915527344,60.119998931884766,3324400,-0.646,2019-11-12,45,2019,12,Tuesday,-0.6477999999999999,0.6898214986501944
51.956546783447266,59.13999938964844,59.36000061035156,58.959999084472656,59.27000045776367,2519400,-1.433,2019-11-13,45,2019,13,Wednesday,-0.6477999999999999,0.6898214986501944
51.87748336791992,59.04999923706055,59.150001525878906,58.72999954223633,59.0099983215332,3358200,-0.152,2019-11-14,45,2019,14,Thursday,-0.6477999999999999,0.6898214986501944
51.98290252685547,59.16999816894531,59.25,59.02000045776367,59.08000183105469,2026100,0.203,2019-11-15,45,2019,15,Friday,-0.6477999999999999,0.6898214986501944
52.09711456298828,59.29999923706055,59.599998474121094,59.2400016784668,59.52000045776367,1438400,0.22,2019-11-18,46,2019,18,Monday,0.08999999999999997,0.7298386808055599
52.63302993774414,59.90999984741211,60.34000015258789,59.75,60.34000015258789,1967500,1.029,2019-11-19,46,2019,19,Tuesday,0.08999999999999997,0.7298386808055599
52.09711456298828,59.29999923706055,59.65999984741211,59.09000015258789,59.63999938964844,3546500,-1.018,2019-11-20,46,2019,20,Wednesday,0.08999999999999997,0.7298386808055599
52.132266998291016,59.34000015258789,59.400001525878906,59.04999923706055,59.20000076293945,2153500,0.067,2019-11-21,46,2019,21,Thursday,0.08999999999999997,0.7298386808055599
52.21132278442383,59.43000030517578,59.43000030517578,59.15999984741211,59.41999816894531,1271300,0.152,2019-11-22,46,2019,22,Friday,0.08999999999999997,0.7298386808055599
53.125003814697266,60.470001220703125,60.47999954223633,59.93000030517578,60.04999923706055,2100200,1.75,2019-11-25,47,2019,25,Monday,0.10524999999999995,1.5091755751623688
53.23921585083008,60.599998474121094,60.68000030517578,60.099998474121094,60.290000915527344,2981500,0.215,2019-11-26,47,2019,26,Tuesday,0.10524999999999995,1.5091755751623688
53.432491302490234,60.81999969482422,60.86000061035156,60.459999084472656,60.59000015258789,1977300,0.363,2019-11-27,47,2019,27,Wednesday,0.10524999999999995,1.5091755751623688
52.413387298583984,59.65999984741211,59.810001373291016,59.56999969482422,59.72999954223633,1358000,-1.907,2019-11-29,47,2019,29,Friday,0.10524999999999995,1.5091755751623688
52.264034271240234,59.4900016784668,59.790000915527344,59.2400016784668,59.75,9411300,-0.285,2019-12-02,48,2019,2,Monday,0.28179999999999994,0.6586920372981595
51.99169158935547,59.18000030517578,59.18000030517578,58.41999816894531,58.79999923706055,2420300,-0.521,2019-12-03,48,2019,3,Tuesday,0.28179999999999994,0.6586920372981595
52.22010803222656,59.439998626708984,59.68000030517578,59.400001525878906,59.54999923706055,1760700,0.439,2019-12-04,48,2019,4,Wednesday,0.28179999999999994,0.6586920372981595
52.72087097167969,60.0099983215332,60.15999984741211,59.63999938964844,59.70000076293945,6221900,0.959,2019-12-05,48,2019,5,Thursday,0.28179999999999994,0.6586920372981595
53.15135955810547,60.5,60.619998931884766,60.380001068115234,60.560001373291016,2347600,0.817,2019-12-06,48,2019,6,Friday,0.28179999999999994,0.6586920372981595
52.69452667236328,59.97999954223633,60.56999969482422,59.97999954223633,60.310001373291016,1368800,-0.859,2019-12-09,49,2019,9,Monday,0.5322,1.1467875566119472
53.002010345458984,60.33000183105469,60.52000045776367,60.20000076293945,60.349998474121094,1817400,0.584,2019-12-10,49,2019,10,Tuesday,0.5322,1.1467875566119472
53.88053894042969,61.33000183105469,61.45000076293945,60.7400016784668,60.79999923706055,3653300,1.658,2019-12-11,49,2019,11,Wednesday,0.5322,1.1467875566119472
54.76786804199219,62.34000015258789,62.43000030517578,61.279998779296875,61.33000183105469,4390500,1.647,2019-12-12,49,2019,12,Thursday,0.5322,1.1467875566119472
54.56580352783203,62.11000061035156,63.06999969482422,62.060001373291016,62.52000045776367,5114900,-0.369,2019-12-13,49,2019,13,Friday,0.5322,1.1467875566119472
55.35853576660156,62.43000030517578,62.619998931884766,62.27000045776367,62.310001373291016,3004600,1.453,2019-12-16,50,2019,16,Monday,0.645,0.6631451575635608
55.979251861572266,63.130001068115234,63.2400016784668,62.86000061035156,63.0,2729100,1.121,2019-12-17,50,2019,17,Tuesday,0.645,0.6631451575635608
56.227535247802734,63.40999984741211,63.459999084472656,63.25,63.310001373291016,3405600,0.444,2019-12-18,50,2019,18,Wednesday,0.645,0.6631451575635608
56.08564758300781,63.25,63.31999969482422,63.040000915527344,63.060001373291016,2177700,-0.252,2019-12-19,50,2019,19,Thursday,0.645,0.6631451575635608
56.34281539916992,63.540000915527344,63.61000061035156,63.310001373291016,63.439998626708984,4130200,0.459,2019-12-20,50,2019,20,Friday,0.645,0.6631451575635608
56.37827682495117,63.58000183105469,63.630001068115234,63.43000030517578,63.56999969482422,2217200,0.063,2019-12-23,51,2019,23,Monday,0.28675,0.4072168750596337
56.41373825073242,63.619998931884766,63.75,63.5099983215332,63.68000030517578,684800,0.063,2019-12-24,51,2019,24,Tuesday,0.28675,0.4072168750596337
56.9191780090332,64.19000244140625,64.22000122070312,63.869998931884766,63.90999984741211,1022500,0.896,2019-12-26,51,2019,26,Thursday,0.28675,0.4072168750596337
56.99011993408203,64.2699966430664,64.58000183105469,64.20999908447266,64.58000183105469,1617400,0.125,2019-12-27,51,2019,27,Friday,0.28675,0.4072168750596337
56.750701904296875,64.0,64.58999633789062,63.91999816894531,64.58000183105469,1974100,-0.42,2019-12-30,52,2019,30,Monday,-0.1395,0.3966869042456531
56.830501556396484,64.08999633789062,64.20999908447266,63.849998474121094,64.02999877929688,2037200,0.141,2019-12-31,52,2019,31,Tuesday,-0.1395,0.3966869042456531
58.728111267089844,66.2300033569336,66.2300033569336,65.27999877929688,65.27999877929688,2800400,3.339,2020-01-02,00,2020,2,Thursday,0.7334999999999999,3.6847334367630995
57.62855911254883,64.98999786376953,65.45999908447266,64.94000244140625,65.06999969482422,2822500,-1.872,2020-01-03,00,2020,3,Friday,0.7334999999999999,3.6847334367630995
57.53102493286133,64.87999725341797,64.91000366210938,64.55000305175781,64.62000274658203,3343900,-0.169,2020-01-06,01,2020,6,Monday,0.4584,0.46178815489356156
57.77931594848633,65.16000366210938,65.27999877929688,64.88999938964844,65.12999725341797,2145400,0.432,2020-01-07,01,2020,7,Tuesday,0.4584,0.46178815489356156
57.947776794433594,65.3499984741211,65.73999786376953,64.70999908447266,64.80999755859375,5414100,0.292,2020-01-08,01,2020,8,Wednesday,0.4584,0.46178815489356156
58.577362060546875,66.05999755859375,66.16999816894531,65.9000015258789,66.0199966430664,2893400,1.086,2020-01-09,01,2020,9,Thursday,0.4584,0.46178815489356156
58.958656311035156,66.48999786376953,66.66999816894531,66.19000244140625,66.37999725341797,2263800,0.651,2020-01-10,01,2020,10,Friday,0.4584,0.46178815489356156
60.102542877197266,67.77999877929688,67.83999633789062,67.0199966430664,67.18000030517578,2720300,1.94,2020-01-13,02,2020,13,Monday,0.2894,1.157730884100446
59.419761657714844,67.01000213623047,67.23999786376953,66.7300033569336,67.20999908447266,4242800,-1.136,2020-01-14,02,2020,14,Tuesday,0.2894,1.157730884100446
59.18033218383789,66.73999786376953,66.97000122070312,66.58999633789062,66.81999969482422,2822700,-0.403,2020-01-15,02,2020,15,Wednesday,0.2894,1.157730884100446
59.54390335083008,67.1500015258789,67.1500015258789,66.88999938964844,67.0999984741211,4338800,0.614,2020-01-16,02,2020,16,Thursday,0.2894,1.157730884100446
59.80105209350586,67.44000244140625,67.5,67.22000122070312,67.41000366210938,2311000,0.432,2020-01-17,02,2020,17,Friday,0.2894,1.157730884100446
57.637428283691406,65.0,65.36000061035156,64.94000244140625,65.13999938964844,7652200,-3.618,2020-01-21,03,2020,21,Tuesday,-1.5215,1.704811328759481
57.947776794433594,65.3499984741211,65.95999908447266,65.19999694824219,65.91999816894531,2984200,0.538,2020-01-22,03,2020,22,Wednesday,-1.5215,1.704811328759481
57.19405746459961,64.5,64.61000061035156,63.61000061035156,63.900001525878906,11900400,-1.301,2020-01-23,03,2020,23,Thursday,-1.5215,1.704811328759481
56.21866989135742,63.400001525878906,64.41000366210938,63.0099983215332,64.33999633789062,3696200,-1.705,2020-01-24,03,2020,24,Friday,-1.5215,1.704811328759481
54.090511322021484,61.0,61.45000076293945,59.560001373291016,59.7599983215332,18990400,-3.786,2020-01-27,04,2020,27,Monday,-1.0432000000000001,2.0430368817033138
54.63142013549805,61.61000061035156,61.779998779296875,60.849998474121094,61.290000915527344,8922600,1.0,2020-01-28,04,2020,28,Tuesday,-1.0432000000000001,2.0430368817033138
55.163455963134766,62.209999084472656,62.560001373291016,62.0,62.380001068115234,4466800,0.974,2020-01-29,04,2020,29,Wednesday,-1.0432000000000001,2.0430368817033138
54.32106018066406,61.2599983215332,61.310001373291016,60.27000045776367,60.7400016784668,5025100,-1.527,2020-01-30,04,2020,30,Thursday,-1.0432000000000001,2.0430368817033138
53.301326751708984,60.11000061035156,60.27000045776367,59.70000076293945,60.220001220703125,4111000,-1.877,2020-01-31,04,2020,31,Friday,-1.0432000000000001,2.0430368817033138
54.063907623291016,60.970001220703125,61.310001373291016,60.38999938964844,60.38999938964844,3176100,1.431,2020-02-03,05,2020,3,Monday,0.9410000000000001,1.8485399644043403
56.138858795166016,63.310001373291016,63.650001525878906,62.95000076293945,63.0099983215332,6925900,3.838,2020-02-04,05,2020,4,Tuesday,0.9410000000000001,1.8485399644043403
56.12998962402344,63.29999923706055,64.38999938964844,63.09000015258789,64.37000274658203,4459100,-0.016,2020-02-05,05,2020,5,Wednesday,0.9410000000000001,1.8485399644043403
56.404876708984375,63.61000061035156,64.02999877929688,63.56999969482422,64.01000213623047,3950100,0.49,2020-02-06,05,2020,6,Thursday,0.9410000000000001,1.8485399644043403
55.819637298583984,62.95000076293945,63.349998474121094,62.79999923706055,63.310001373291016,3110500,-1.038,2020-02-07,05,2020,7,Friday,0.9410000000000001,1.8485399644043403
56.431480407714844,63.63999938964844,63.65999984741211,63.099998474121094,63.15999984741211,2920500,1.096,2020-02-10,06,2020,10,Monday,0.5942000000000001,1.3249630938256356
57.22066116333008,64.52999877929688,64.94999694824219,64.4000015258789,64.56999969482422,3131200,1.398,2020-02-11,06,2020,11,Tuesday,0.5942000000000001,1.3249630938256356
58.32907485961914,65.77999877929688,65.77999877929688,65.08000183105469,65.20999908447266,3707600,1.937,2020-02-12,06,2020,12,Wednesday,0.5942000000000001,1.3249630938256356
57.53102493286133,64.87999725341797,65.27999877929688,64.72000122070312,64.87000274658203,3315300,-1.368,2020-02-13,06,2020,13,Thursday,0.5942000000000001,1.3249630938256356
57.477821350097656,64.81999969482422,65.19999694824219,64.56999969482422,65.1500015258789,2375900,-0.092,2020-02-14,06,2020,14,Friday,0.5942000000000001,1.3249630938256356
57.477821350097656,64.81999969482422,64.94000244140625,64.63999938964844,64.81999969482422,2435500,0.0,2020-02-18,07,2020,18,Tuesday,-0.19475,0.7812017985130346
57.9034538269043,65.30000305175781,65.45999908447266,65.2300033569336,65.23999786376953,1866600,0.741,2020-02-19,07,2020,19,Wednesday,-0.19475,0.7812017985130346
57.247257232666016,64.55999755859375,65.30000305175781,64.31999969482422,65.25,3246600,-1.133,2020-02-20,07,2020,20,Thursday,-0.19475,0.7812017985130346
57.02558135986328,64.30999755859375,64.7300033569336,64.13999938964844,64.69000244140625,7434000,-0.387,2020-02-21,07,2020,21,Friday,-0.19475,0.7812017985130346
55.119117736816406,62.15999984741211,62.540000915527344,61.56999969482422,61.77000045776367,7396500,-3.343,2020-02-24,08,2020,24,Monday,-0.6746000000000001,1.759053239671841
54.799896240234375,61.79999923706055,63.119998931884766,61.77000045776367,63.06999969482422,10603200,-0.579,2020-02-25,08,2020,25,Tuesday,-0.6746000000000001,1.759053239671841
55.464942932128906,62.54999923706055,63.33000183105469,62.54999923706055,62.65999984741211,9460100,1.214,2020-02-26,08,2020,26,Wednesday,-0.6746000000000001,1.759053239671841
54.80876541137695,61.810001373291016,62.959999084472656,61.40999984741211,62.209999084472656,14489900,-1.183,2020-02-27,08,2020,27,Thursday,-0.6746000000000001,1.759053239671841
55.09251403808594,62.130001068115234,62.130001068115234,59.93000030517578,60.29999923706055,16712200,0.518,2020-02-28,08,2020,28,Friday,-0.6746000000000001,1.759053239671841
55.82849884033203,62.959999084472656,62.970001220703125,61.810001373291016,62.40999984741211,12549600,1.336,2020-03-02,09,2020,2,Monday,0.0030000000000000248,1.5330622948856318
55.51814651489258,62.61000061035156,63.72999954223633,62.02000045776367,63.08000183105469,9593300,-0.556,2020-03-03,09,2020,3,Tuesday,0.0030000000000000248,1.5330622948856318
56.41373825073242,63.619998931884766,63.720001220703125,63.130001068115234,63.220001220703125,4727000,1.613,2020-03-04,09,2020,4,Wednesday,0.0030000000000000248,1.5330622948856318
56.28960418701172,63.47999954223633,64.19999694824219,63.2400016784668,63.619998931884766,6988700,-0.22,2020-03-05,09,2020,5,Thursday,0.0030000000000000248,1.5330622948856318
55.07478332519531,62.11000061035156,62.470001220703125,61.380001068115234,62.209999084472656,4778000,-2.158,2020-03-06,09,2020,6,Friday,0.0030000000000000248,1.5330622948856318
52.911163330078125,59.66999816894531,60.33000183105469,58.61000061035156,59.15999984741211,6047800,-3.929,2020-03-09,10,2020,9,Monday,-1.1514,5.4688969454543574
54.9417724609375,61.959999084472656,61.970001220703125,60.630001068115234,61.70000076293945,5946400,3.838,2020-03-10,10,2020,10,Tuesday,-1.1514,5.4688969454543574
53.06190872192383,59.84000015258789,60.7599983215332,59.4900016784668,60.310001373291016,4993900,-3.422,2020-03-11,10,2020,11,Wednesday,-1.1514,5.4688969454543574
49.07162094116211,55.34000015258789,56.349998474121094,54.58000183105469,55.810001373291016,6742800,-7.52,2020-03-12,10,2020,12,Thursday,-1.1514,5.4688969454543574
51.66087341308594,58.2599983215332,59.20000076293945,55.970001220703125,59.20000076293945,5513500,5.276,2020-03-13,10,2020,13,Friday,-1.1514,5.4688969454543574
46.615386962890625,52.56999969482422,54.689998626708984,50.0,50.20000076293945,4673800,-9.767,2020-03-16,11,2020,16,Monday,-1.8904,5.676642387890927
48.92974090576172,55.18000030517578,55.5,52.869998931884766,53.599998474121094,4897700,4.965,2020-03-17,11,2020,17,Tuesday,-1.8904,5.676642387890927
46.42916488647461,52.36000061035156,53.34000015258789,50.599998474121094,51.72999954223633,8332000,-5.111,2020-03-18,11,2020,18,Wednesday,-1.8904,5.676642387890927
46.7661247253418,52.7400016784668,53.66999816894531,51.599998474121094,52.310001373291016,5921900,0.726,2020-03-19,11,2020,19,Thursday,-1.8904,5.676642387890927
46.6419792175293,52.599998474121094,54.75,52.5099983215332,54.56999969482422,10475500,-0.265,2020-03-20,11,2020,20,Friday,-1.8904,5.676642387890927
46.80158996582031,52.779998779296875,53.33000183105469,51.63999938964844,52.86000061035156,3624500,0.342,2020-03-23,12,2020,23,Monday,1.2757999999999998,4.058085287423122
49.577056884765625,55.90999984741211,56.11000061035156,54.970001220703125,55.369998931884766,4538600,5.93,2020-03-24,12,2020,24,Tuesday,1.2757999999999998,4.058085287423122
50.55245590209961,57.0099983215332,57.869998931884766,55.9900016784668,56.36000061035156,5461500,1.967,2020-03-25,12,2020,25,Wednesday,1.2757999999999998,4.058085287423122
52.139705657958984,58.79999923706055,58.900001525878906,56.779998779296875,57.040000915527344,8277000,3.14,2020-03-26,12,2020,26,Thursday,1.2757999999999998,4.058085287423122
49.532718658447266,55.86000061035156,56.59000015258789,55.7400016784668,56.060001373291016,5377100,-5.0,2020-03-27,12,2020,27,Friday,1.2757999999999998,4.058085287423122
50.650001525878906,57.119998931884766,57.119998931884766,55.900001525878906,56.29999923706055,4007400,2.256,2020-03-30,13,2020,30,Monday,0.15,2.6530040520134905
50.76527404785156,57.25,57.81999969482422,56.90999984741211,56.93000030517578,3751800,0.228,2020-03-31,13,2020,31,Tuesday,0.15,2.6530040520134905
48.95634841918945,55.209999084472656,56.63999938964844,55.209999084472656,56.20000076293945,3258400,-3.563,2020-04-01,13,2020,1,Wednesday,0.15,2.6530040520134905
50.42831039428711,56.869998931884766,57.040000915527344,56.02000045776367,56.130001068115234,3861300,3.007,2020-04-02,13,2020,2,Thursday,0.15,2.6530040520134905
49.83420944213867,56.20000076293945,57.09000015258789,55.95000076293945,56.900001525878906,3424600,-1.178,2020-04-03,13,2020,3,Friday,0.15,2.6530040520134905
51.793880462646484,58.40999984741211,58.47999954223633,57.560001373291016,57.880001068115234,4778900,3.932,2020-04-06,14,2020,6,Monday,0.9744999999999999,1.973869043275161
51.8027458190918,58.41999816894531,59.79999923706055,58.220001220703125,59.79999923706055,4721200,0.017,2020-04-07,14,2020,7,Tuesday,0.9744999999999999,1.973869043275161
51.847084045410156,58.470001220703125,58.619998931884766,57.90999984741211,58.400001525878906,3019500,0.086,2020-04-08,14,2020,8,Wednesday,0.9744999999999999,1.973869043275161
51.776145935058594,58.38999938964844,59.27000045776367,58.18000030517578,58.790000915527344,3419300,-0.137,2020-04-09,14,2020,9,Thursday,0.9744999999999999,1.973869043275161
51.86482238769531,58.4900016784668,58.619998931884766,57.880001068115234,58.400001525878906,2014000,0.171,2020-04-13,15,2020,13,Monday,0.6082,1.2236575092729174
52.973236083984375,59.7400016784668,60.0099983215332,59.58000183105469,59.58000183105469,3723200,2.137,2020-04-14,15,2020,14,Tuesday,0.6082,1.2236575092729174
52.35252380371094,59.040000915527344,59.2400016784668,58.4900016784668,58.65999984741211,3600900,-1.172,2020-04-15,15,2020,15,Wednesday,0.6082,1.2236575092729174
52.93775939941406,59.70000076293945,59.86000061035156,59.400001525878906,59.61000061035156,3841500,1.118,2020-04-16,15,2020,16,Thursday,0.6082,1.2236575092729174
53.354522705078125,60.16999816894531,60.599998474121094,59.810001373291016,60.529998779296875,2980200,0.787,2020-04-17,15,2020,17,Friday,0.6082,1.2236575092729174
53.274723052978516,60.08000183105469,60.68000030517578,59.88999938964844,59.91999816894531,2749200,-0.15,2020-04-20,16,2020,20,Monday,-0.1594,1.6524084846066363
52.01556396484375,58.65999984741211,59.18000030517578,58.470001220703125,59.06999969482422,3188500,-2.364,2020-04-21,16,2020,21,Tuesday,-0.1594,1.6524084846066363
53.15944290161133,59.95000076293945,60.220001220703125,59.900001525878906,60.13999938964844,1620300,2.199,2020-04-22,16,2020,22,Wednesday,-0.1594,1.6524084846066363
52.76927185058594,59.5099983215332,60.439998626708984,59.459999084472656,60.209999084472656,2687000,-0.734,2020-04-23,16,2020,23,Thursday,-0.1594,1.6524084846066363
52.90229415893555,59.65999984741211,59.869998931884766,59.25,59.86000061035156,1227200,0.252,2020-04-24,16,2020,24,Friday,-0.1594,1.6524084846066363
53.65601348876953,60.5099983215332,60.560001373291016,60.209999084472656,60.400001525878906,5079700,1.425,2020-04-27,17,2020,27,Monday,-0.6466000000000001,2.365927788416206
53.48752975463867,60.31999969482422,61.349998474121094,60.279998779296875,61.290000915527344,6184600,-0.314,2020-04-28,17,2020,28,Tuesday,-0.6466000000000001,2.365927788416206
54.391998291015625,61.34000015258789,61.529998779296875,60.88999938964844,61.0,3224200,1.691,2020-04-29,17,2020,29,Wednesday,-0.6466000000000001,2.365927788416206
53.1860466003418,59.97999954223633,61.36000061035156,59.599998474121094,61.130001068115234,4178200,-2.217,2020-04-30,17,2020,30,Thursday,-0.6466000000000001,2.365927788416206
51.15543746948242,57.689998626708984,58.65999984741211,57.56999969482422,58.58000183105469,5072900,-3.818,2020-05-01,17,2020,1,Friday,-0.6466000000000001,2.365927788416206
51.341651916503906,57.900001525878906,57.91999816894531,57.5,57.79999923706055,2678700,0.364,2020-05-04,18,2020,4,Monday,1.141,0.7862121215041141
52.059898376464844,58.709999084472656,59.08000183105469,58.630001068115234,58.790000915527344,2567400,1.399,2020-05-05,18,2020,5,Tuesday,1.141,0.7862121215041141
52.441192626953125,59.13999938964844,59.75,59.099998474121094,59.5099983215332,1558200,0.732,2020-05-06,18,2020,6,Wednesday,1.141,0.7862121215041141
52.87569046020508,59.630001068115234,59.810001373291016,59.369998931884766,59.66999816894531,1581400,0.829,2020-05-07,18,2020,7,Thursday,1.141,0.7862121215041141
54.134849548339844,61.04999923706055,61.20000076293945,60.45000076293945,60.619998931884766,2317300,2.381,2020-05-08,18,2020,8,Friday,1.141,0.7862121215041141
54.294464111328125,61.22999954223633,61.41999816894531,60.959999084472656,60.97999954223633,3385100,0.295,2020-05-11,19,2020,11,Monday,-0.2424,0.5805065029782182
53.87769317626953,60.7599983215332,61.810001373291016,60.7599983215332,61.4900016784668,5519100,-0.768,2020-05-12,19,2020,12,Tuesday,-0.2424,0.5805065029782182
54.090511322021484,61.0,61.900001525878906,60.59000015258789,61.65999984741211,4296100,0.395,2020-05-13,19,2020,13,Wednesday,-0.2424,0.5805065029782182
53.93976593017578,60.83000183105469,60.93000030517578,59.540000915527344,59.81999969482422,4846800,-0.279,2020-05-14,19,2020,14,Thursday,-0.2424,0.5805065029782182
53.478668212890625,60.310001373291016,60.369998931884766,59.88999938964844,59.95000076293945,2515100,-0.855,2020-05-15,19,2020,15,Friday,-0.2424,0.5805065029782182
55.59794616699219,62.70000076293945,62.86000061035156,61.81999969482422,61.880001068115234,4352200,3.963,2020-05-18,20,2020,18,Monday,-0.3762,2.9681170293639028
55.402870178222656,62.47999954223633,63.13999938964844,62.45000076293945,62.63999938964844,2462300,-0.351,2020-05-19,20,2020,19,Tuesday,-0.3762,2.9681170293639028
55.76642608642578,62.88999938964844,63.59000015258789,62.290000915527344,63.380001068115234,4230700,0.656,2020-05-20,20,2020,20,Wednesday,-0.3762,2.9681170293639028
54.4008674621582,61.349998474121094,61.81999969482422,61.029998779296875,61.529998779296875,4021600,-2.449,2020-05-21,20,2020,21,Thursday,-0.3762,2.9681170293639028
52.38799285888672,59.08000183105469,59.91999816894531,59.0099983215332,59.91999816894531,7005100,-3.7,2020-05-22,20,2020,22,Friday,-0.3762,2.9681170293639028
53.354522705078125,60.16999816894531,61.08000183105469,60.06999969482422,60.66999816894531,6472400,1.845,2020-05-26,21,2020,26,Tuesday,0.81625,1.8948680472968735
52.92002487182617,59.68000030517578,60.22999954223633,59.18000030517578,60.22999954223633,6224400,-0.814,2020-05-27,21,2020,27,Wednesday,0.81625,1.8948680472968735
52.52986526489258,59.2400016784668,60.11000061035156,59.18000030517578,59.66999816894531,9012300,-0.737,2020-05-28,21,2020,28,Thursday,0.81625,1.8948680472968735
54.090511322021484,61.0,61.11000061035156,59.470001220703125,59.93000030517578,5976900,2.971,2020-05-29,21,2020,29,Friday,0.81625,1.8948680472968735
55.039310455322266,62.06999969482422,62.09000015258789,61.31999969482422,61.36000061035156,3584800,1.754,2020-06-01,22,2020,1,Monday,1.1918,1.3208499914827572
56.24525833129883,63.43000030517578,63.540000915527344,62.470001220703125,62.54999923706055,2957100,2.191,2020-06-02,22,2020,2,Tuesday,1.1918,1.3208499914827572
57.04331970214844,64.33000183105469,64.4800033569336,63.65999984741211,63.869998931884766,3387900,1.419,2020-06-03,22,2020,3,Wednesday,1.1918,1.3208499914827572
56.404876708984375,63.61000061035156,64.13999938964844,63.310001373291016,63.720001220703125,2165900,-1.119,2020-06-04,22,2020,4,Thursday,1.1918,1.3208499914827572
57.37141036987305,64.69999694824219,64.98999786376953,64.56999969482422,64.6500015258789,4795400,1.714,2020-06-05,22,2020,5,Friday,1.1918,1.3208499914827572
57.2118034362793,64.5199966430664,64.5199966430664,63.90999984741211,64.38999938964844,3295900,-0.278,2020-06-08,23,2020,8,Monday,-0.27079999999999993,2.126020507897325
57.140869140625,64.44000244140625,64.54000091552734,63.77000045776367,63.93000030517578,6750900,-0.124,2020-06-09,23,2020,9,Tuesday,-0.27079999999999993,2.126020507897325
57.885719299316406,65.27999877929688,65.55000305175781,64.5999984741211,64.87999725341797,5596600,1.304,2020-06-10,23,2020,10,Wednesday,-0.27079999999999993,2.126020507897325
55.695491790771484,62.810001373291016,64.04000091552734,62.720001220703125,63.720001220703125,7865500,-3.784,2020-06-11,23,2020,11,Thursday,-0.27079999999999993,2.126020507897325
56.546749114990234,63.77000045776367,64.23999786376953,62.970001220703125,64.16999816894531,4047500,1.528,2020-06-12,23,2020,12,Friday,-0.27079999999999993,2.126020507897325
56.47288513183594,63.45000076293945,63.630001068115234,62.290000915527344,62.470001220703125,6041400,-0.131,2020-06-15,24,2020,15,Monday,0.4835999999999999,0.6092428087388475
57.184906005859375,64.25,65.12999725341797,63.790000915527344,65.05000305175781,5347700,1.261,2020-06-16,24,2020,16,Tuesday,0.4835999999999999,0.6092428087388475
57.665531158447266,64.79000091552734,65.01000213623047,64.48999786376953,64.58000183105469,2829800,0.84,2020-06-17,24,2020,17,Wednesday,0.4835999999999999,0.6092428087388475
57.99484634399414,65.16000366210938,65.37999725341797,64.93000030517578,64.93000030517578,2305400,0.571,2020-06-18,24,2020,18,Thursday,0.4835999999999999,0.6092428087388475
57.92363357543945,65.08000183105469,65.9800033569336,64.93000030517578,65.9800033569336,5134400,-0.123,2020-06-19,24,2020,19,Friday,0.4835999999999999,0.6092428087388475
58.71576690673828,65.97000122070312,65.97000122070312,65.30999755859375,65.55000305175781,4003500,1.368,2020-06-22,25,2020,22,Monday,0.1618,1.1519731767710564
59.56130599975586,66.91999816894531,67.22000122070312,66.77999877929688,66.83999633789062,2636200,1.44,2020-06-23,25,2020,23,Tuesday,0.1618,1.1519731767710564
59.00948715209961,66.30000305175781,66.91000366210938,65.69999694824219,66.58999633789062,2249200,-0.926,2020-06-24,25,2020,24,Wednesday,0.1618,1.1519731767710564
58.795875549316406,66.05999755859375,66.19000244140625,65.62999725341797,66.0,1636500,-0.362,2020-06-25,25,2020,25,Thursday,0.1618,1.1519731767710564
58.3775634765625,65.58999633789062,66.16999816894531,65.2300033569336,66.1500015258789,2384800,-0.711,2020-06-26,25,2020,26,Friday,0.1618,1.1519731767710564
58.35976028442383,65.56999969482422,65.63999938964844,64.97000122070312,65.45999908447266,2702800,-0.03,2020-06-29,26,2020,29,Monday,1.005,1.6311237435175376
58.25295639038086,65.44999694824219,65.81999969482422,65.19000244140625,65.75,2358700,-0.183,2020-06-30,26,2020,30,Tuesday,1.005,1.6311237435175376
58.7691764831543,66.02999877929688,66.47000122070312,65.81999969482422,65.91999816894531,2946200,0.886,2020-07-01,26,2020,1,Wednesday,1.005,1.6311237435175376
60.73615264892578,68.23999786376953,68.4000015258789,67.73999786376953,67.95999908447266,4727400,3.347,2020-07-02,26,2020,2,Thursday,1.005,1.6311237435175376
65.15074157714844,73.19999694824219,73.25,72.08999633789062,72.29000091552734,5194500,7.268,2020-07-06,27,2020,6,Monday,1.7933999999999997,3.870318694888058
63.886905670166016,71.77999877929688,72.51000213623047,71.76000213623047,72.0,5283400,-1.94,2020-07-07,27,2020,7,Tuesday,1.7933999999999997,3.870318694888058
66.63712310791016,74.87000274658203,74.93000030517578,73.45999908447266,73.5999984741211,4557600,4.305,2020-07-08,27,2020,8,Wednesday,1.7933999999999997,3.870318694888058
66.79730987548828,75.05000305175781,76.27999877929688,74.47000122070312,76.22000122070312,9225400,0.24,2020-07-09,27,2020,9,Thursday,1.7933999999999997,3.870318694888058
66.19208526611328,74.37000274658203,74.68000030517578,73.80000305175781,74.58999633789062,7432000,-0.906,2020-07-10,27,2020,10,Friday,1.7933999999999997,3.870318694888058
65.43556213378906,73.5199966430664,75.45999908447266,73.37000274658203,74.94000244140625,5407000,-1.143,2020-07-13,28,2020,13,Monday,-0.8734,1.4062698176381374
64.86592864990234,72.87999725341797,73.04000091552734,71.66000366210938,72.2300033569336,6293600,-0.871,2020-07-14,28,2020,14,Tuesday,-0.8734,1.4062698176381374
64.96383666992188,72.98999786376953,73.38999938964844,72.62000274658203,73.18000030517578,3568000,0.151,2020-07-15,28,2020,15,Wednesday,-0.8734,1.4062698176381374
62.97905349731445,70.76000213623047,70.91999816894531,70.12999725341797,70.29000091552734,3728100,-3.055,2020-07-16,28,2020,16,Thursday,-0.8734,1.4062698176381374
63.32616424560547,71.1500015258789,71.41000366210938,70.77999877929688,71.41000366210938,2652700,0.551,2020-07-17,28,2020,17,Friday,-0.8734,1.4062698176381374
64.69683074951172,72.69000244140625,72.79000091552734,71.91999816894531,72.23999786376953,3160300,2.164,2020-07-20,29,2020,20,Monday,-0.04959999999999996,1.5468872938905407
65.19525909423828,73.25,74.11000061035156,73.18000030517578,74.11000061035156,3427000,0.77,2020-07-21,29,2020,21,Tuesday,-0.04959999999999996,1.5468872938905407
64.19840240478516,72.12999725341797,72.7300033569336,71.73999786376953,72.7300033569336,2902300,-1.529,2020-07-22,29,2020,22,Wednesday,-0.04959999999999996,1.5468872938905407
64.02039337158203,71.93000030517578,72.91999816894531,71.54000091552734,72.47000122070312,4977200,-0.277,2020-07-23,29,2020,23,Thursday,-0.04959999999999996,1.5468872938905407
63.13926315307617,70.94000244140625,70.98999786376953,69.77999877929688,70.08999633789062,4787800,-1.376,2020-07-24,29,2020,24,Friday,-0.04959999999999996,1.5468872938905407
63.21046447753906,71.0199966430664,71.20999908447266,70.30000305175781,70.51000213623047,2764400,0.113,2020-07-27,30,2020,27,Monday,0.16439999999999996,0.9930867535114946
62.97905349731445,70.76000213623047,71.44999694824219,70.70999908447266,71.30999755859375,2753100,-0.366,2020-07-28,30,2020,28,Tuesday,0.16439999999999996,0.9930867535114946
64.16279602050781,72.08999633789062,72.20999908447266,71.70999908447266,71.80999755859375,4133200,1.88,2020-07-29,30,2020,29,Wednesday,0.16439999999999996,0.9930867535114946
63.780086517333984,71.66000366210938,71.77999877929688,70.98999786376953,71.55000305175781,2991200,-0.596,2020-07-30,30,2020,30,Thursday,0.16439999999999996,0.9930867535114946
63.64659118652344,71.51000213623047,71.87000274658203,70.87999725341797,71.81999969482422,3233100,-0.209,2020-07-31,30,2020,31,Friday,0.16439999999999996,0.9930867535114946
64.9193344116211,72.94000244140625,73.16000366210938,72.5199966430664,72.56999969482422,4624800,2.0,2020-08-03,31,2020,3,Monday,0.24860000000000007,2.0736413142103434
65.8716812133789,74.01000213623047,74.02999877929688,73.41000366210938,73.4800033569336,2558300,1.467,2020-08-04,31,2020,4,Tuesday,0.24860000000000007,2.0736413142103434
66.40570831298828,74.61000061035156,74.83000183105469,74.4000015258789,74.47000122070312,3108500,0.811,2020-08-05,31,2020,5,Wednesday,0.24860000000000007,2.0736413142103434
66.5570068359375,74.77999877929688,74.81999969482422,73.9000015258789,74.31999969482422,4016800,0.228,2020-08-06,31,2020,6,Thursday,0.24860000000000007,2.0736413142103434
64.38532257080078,72.33999633789062,73.01000213623047,71.72000122070312,72.7699966430664,7227300,-3.263,2020-08-07,31,2020,7,Friday,0.24860000000000007,2.0736413142103434
63.993709564208984,71.9000015258789,72.1500015258789,71.27999877929688,72.04000091552734,2593800,-0.608,2020-08-10,32,2020,10,Monday,-0.0134,0.87663293344478
63.913597106933594,71.80999755859375,72.54000091552734,71.66999816894531,72.37999725341797,3421800,-0.125,2020-08-11,32,2020,11,Tuesday,-0.0134,0.87663293344478
64.84813690185547,72.86000061035156,73.05000305175781,72.12999725341797,72.29000091552734,3679700,1.462,2020-08-12,32,2020,12,Wednesday,-0.0134,0.87663293344478
64.36750793457031,72.31999969482422,72.8499984741211,72.02999877929688,72.8499984741211,2828900,-0.741,2020-08-13,32,2020,13,Thursday,-0.0134,0.87663293344478
64.3319091796875,72.27999877929688,72.5199966430664,72.01000213623047,72.44999694824219,2656500,-0.055,2020-08-14,32,2020,14,Friday,-0.0134,0.87663293344478
65.66696166992188,73.77999877929688,73.80999755859375,72.80999755859375,72.8499984741211,3902700,2.075,2020-08-17,33,2020,17,Monday,0.5444000000000001,1.151949347844774
65.8716812133789,74.01000213623047,74.33000183105469,73.58999633789062,74.12000274658203,5019400,0.312,2020-08-18,33,2020,18,Tuesday,0.5444000000000001,1.151949347844774
65.17745971679688,73.2300033569336,73.75,73.0199966430664,73.75,2804500,-1.054,2020-08-19,33,2020,19,Wednesday,0.5444000000000001,1.151949347844774
65.37326049804688,73.44999694824219,73.48999786376953,72.51000213623047,72.80999755859375,2267300,0.3,2020-08-20,33,2020,20,Thursday,0.5444000000000001,1.151949347844774
66.08528137207031,74.25,74.43000030517578,73.2699966430664,73.41000366210938,3171200,1.089,2020-08-21,33,2020,21,Friday,0.5444000000000001,1.151949347844774
67.07322692871094,75.36000061035156,75.80999755859375,75.0199966430664,75.62000274658203,2945300,1.495,2020-08-24,34,2020,24,Monday,0.799,0.9602077900121411
68.12346649169922,76.54000091552734,76.6500015258789,75.30999755859375,75.55000305175781,2760900,1.566,2020-08-25,34,2020,25,Tuesday,0.799,0.9602077900121411
68.37268829345703,76.81999969482422,76.93000030517578,76.19000244140625,76.55999755859375,3114100,0.366,2020-08-26,34,2020,26,Wednesday,0.799,0.9602077900121411
67.90097045898438,76.29000091552734,77.12000274658203,75.93000030517578,77.12000274658203,3246800,-0.69,2020-08-27,34,2020,27,Thursday,0.799,0.9602077900121411
68.75540161132812,77.25,77.25,76.4800033569336,76.68000030517578,2539200,1.258,2020-08-28,34,2020,28,Friday,0.799,0.9602077900121411
67.33134460449219,75.6500015258789,76.0999984741211,75.25,76.0999984741211,3369200,-2.071,2020-08-31,35,2020,31,Monday,-0.6244000000000001,1.9546552893029503
68.83549499511719,77.33999633789062,77.41999816894531,76.4000015258789,76.43000030517578,2961600,2.234,2020-09-01,35,2020,1,Tuesday,-0.6244000000000001,1.9546552893029503
68.70199584960938,77.19000244140625,77.70999908447266,76.37000274658203,77.70999908447266,4970400,-0.194,2020-09-02,35,2020,2,Wednesday,-0.6244000000000001,1.9546552893029503
66.7795181274414,75.02999877929688,76.11000061035156,74.30999755859375,76.01000213623047,4275600,-2.798,2020-09-03,35,2020,3,Thursday,-0.6244000000000001,1.9546552893029503
66.58369445800781,74.80999755859375,75.30999755859375,73.01000213623047,74.7699966430664,6215700,-0.293,2020-09-04,35,2020,4,Friday,-0.6244000000000001,1.9546552893029503
64.65232849121094,72.63999938964844,73.25,72.18000030517578,72.47000122070312,3861900,-2.901,2020-09-08,36,2020,8,Tuesday,-0.687,2.033187153215365
65.25756072998047,73.31999969482422,73.52999877929688,72.6500015258789,73.04000091552734,3672500,0.936,2020-09-09,36,2020,9,Wednesday,-0.687,2.033187153215365
64.00260162353516,71.91000366210938,73.31999969482422,71.83000183105469,73.12999725341797,2737300,-1.923,2020-09-10,36,2020,10,Thursday,-0.687,2.033187153215365
64.73242950439453,72.7300033569336,73.36000061035156,72.29000091552734,73.0999984741211,3897500,1.14,2020-09-11,36,2020,11,Friday,-0.687,2.033187153215365
65.68476104736328,73.80000305175781,73.91000366210938,73.43000030517578,73.72000122070312,2903600,1.471,2020-09-14,37,2020,14,Monday,0.348,1.002338016838631
66.59260559082031,74.81999969482422,75.04000091552734,74.58999633789062,74.91000366210938,2534000,1.382,2020-09-15,37,2020,15,Tuesday,0.348,1.002338016838631
66.36119079589844,74.55999755859375,75.1500015258789,74.5,75.01000213623047,3086400,-0.348,2020-09-16,37,2020,16,Wednesday,0.348,1.002338016838631
65.93397521972656,74.08000183105469,74.33000183105469,73.5999984741211,73.69000244140625,3380000,-0.644,2020-09-17,37,2020,17,Thursday,0.348,1.002338016838631
65.85387420654297,73.98999786376953,74.5,73.73999786376953,74.5,3923900,-0.121,2020-09-18,37,2020,18,Friday,0.348,1.002338016838631
65.60466003417969,73.70999908447266,73.70999908447266,72.31999969482422,72.80000305175781,3903300,-0.378,2020-09-21,38,2020,21,Monday,-0.654,0.2821161108479982
65.18634033203125,73.23999786376953,73.5,72.58000183105469,73.41999816894531,1771100,-0.638,2020-09-22,38,2020,22,Tuesday,-0.654,0.2821161108479982
64.50101470947266,72.47000122070312,73.41000366210938,72.38999938964844,73.31999969482422,3493200,-1.051,2020-09-23,38,2020,23,Wednesday,-0.654,0.2821161108479982
63.98479461669922,71.88999938964844,72.25,71.27999877929688,71.47000122070312,4104300,-0.8,2020-09-24,38,2020,24,Thursday,-0.654,0.2821161108479982
63.726680755615234,71.5999984741211,71.62999725341797,70.48999786376953,71.11000061035156,3153300,-0.403,2020-09-25,38,2020,25,Friday,-0.654,0.2821161108479982
64.51880645751953,72.48999786376953,72.58000183105469,72.05000305175781,72.44000244140625,2688500,1.243,2020-09-28,39,2020,28,Monday,0.6664,1.3673967237053042
64.438720703125,72.4000015258789,72.5999984741211,72.1500015258789,72.1500015258789,2400900,-0.124,2020-09-29,39,2020,29,Tuesday,0.6664,1.3673967237053042
66.01408386230469,74.16999816894531,74.37999725341797,73.18000030517578,73.23999786376953,3346000,2.445,2020-09-30,39,2020,30,Wednesday,0.6664,1.3673967237053042
66.61930084228516,74.8499984741211,75.02999877929688,74.37999725341797,74.91000366210938,2825800,0.917,2020-10-01,39,2020,1,Thursday,0.6664,1.3673967237053042
65.85387420654297,73.98999786376953,74.75,73.55000305175781,73.58999633789062,2804800,-1.149,2020-10-02,39,2020,2,Friday,0.6664,1.3673967237053042
66.20988464355469,74.38999938964844,74.41000366210938,73.93000030517578,74.16999816894531,1668900,0.541,2020-10-05,40,2020,5,Monday,0.7408,0.25191903461231346
66.78842163085938,75.04000091552734,75.66999816894531,74.66999816894531,74.81999969482422,3268900,0.874,2020-10-06,40,2020,6,Tuesday,0.7408,0.25191903461231346
67.53604125976562,75.87999725341797,76.08999633789062,75.4000015258789,75.80000305175781,3643300,1.119,2020-10-07,40,2020,7,Wednesday,0.7408,0.25191903461231346
67.96326446533203,76.36000061035156,76.44999694824219,75.8499984741211,76.05000305175781,4052800,0.633,2020-10-08,40,2020,8,Thursday,0.7408,0.25191903461231346
68.32817840576172,76.7699966430664,76.91999816894531,76.18000030517578,76.33999633789062,2834200,0.537,2020-10-09,40,2020,9,Friday,0.7408,0.25191903461231346
69.69884490966797,78.30999755859375,78.52999877929688,77.7300033569336,77.94999694824219,2702400,2.006,2020-10-12,41,2020,12,Monday,0.27619999999999995,1.2834777754211406
69.74333190917969,78.36000061035156,78.55999755859375,77.86000061035156,78.27999877929688,3952800,0.064,2020-10-13,41,2020,13,Tuesday,0.27619999999999995,1.2834777754211406
69.06690216064453,77.5999984741211,78.47000122070312,77.48999786376953,78.4000015258789,4232100,-0.97,2020-10-14,41,2020,14,Wednesday,0.27619999999999995,1.2834777754211406
68.4794921875,76.94000244140625,77.05000305175781,76.12000274658203,76.33999633789062,6204000,-0.85,2020-10-15,41,2020,15,Thursday,0.27619999999999995,1.2834777754211406
69.25381469726562,77.80999755859375,78.08999633789062,77.4800033569336,77.7699966430664,2352600,1.131,2020-10-16,41,2020,16,Friday,0.27619999999999995,1.2834777754211406
68.83549499511719,77.33999633789062,78.33000183105469,77.16999816894531,77.91999816894531,3101200,-0.604,2020-10-19,42,2020,19,Monday,0.1862,0.6974540845102278
69.66322326660156,78.2699966430664,78.63999938964844,77.91999816894531,77.97000122070312,2283600,1.202,2020-10-20,42,2020,20,Tuesday,0.1862,0.6974540845102278
69.83235168457031,78.45999908447266,79.05999755859375,78.4000015258789,78.6500015258789,3996600,0.243,2020-10-21,42,2020,21,Wednesday,0.1862,0.6974540845102278
69.61874389648438,78.22000122070312,78.79000091552734,77.87000274658203,78.66999816894531,3305100,-0.306,2020-10-22,42,2020,22,Thursday,0.1862,0.6974540845102278
69.89464569091797,78.52999877929688,78.54000091552734,77.55000305175781,78.16000366210938,2631700,0.396,2020-10-23,42,2020,23,Friday,0.1862,0.6974540845102278
69.28050231933594,77.83999633789062,78.44000244140625,77.08000183105469,77.80000305175781,5077400,-0.879,2020-10-26,43,2020,26,Monday,-0.193,1.8763411203723057
70.41088104248047,79.11000061035156,79.23999786376953,77.95999908447266,78.16999816894531,4546700,1.632,2020-10-27,43,2020,27,Tuesday,-0.193,1.8763411203723057
69.02241516113281,77.55000305175781,78.33999633789062,77.29000091552734,78.2699966430664,3371900,-1.972,2020-10-28,43,2020,28,Wednesday,-0.193,1.8763411203723057
70.39307403564453,79.08999633789062,79.41000366210938,78.54000091552734,78.69999694824219,4880100,1.986,2020-10-29,43,2020,29,Thursday,-0.193,1.8763411203723057
69.17371368408203,77.72000122070312,78.4000015258789,77.30999755859375,78.29000091552734,6350800,-1.732,2020-10-30,43,2020,30,Friday,-0.193,1.8763411203723057
70.31295776367188,79.0,79.0999984741211,78.27999877929688,79.08000183105469,3664100,1.647,2020-11-02,44,2020,2,Monday,1.2934,2.05997956300542
69.42293548583984,78.0,78.48999786376953,77.16000366210938,77.80000305175781,4678700,-1.266,2020-11-03,44,2020,3,Tuesday,1.2934,2.05997956300542
72.48465728759766,81.44000244140625,81.75,79.58999633789062,79.87000274658203,8426000,4.41,2020-11-04,44,2020,4,Wednesday,1.2934,2.05997956300542
73.3034896850586,82.36000061035156,82.94000244140625,81.37999725341797,82.94000244140625,4419800,1.13,2020-11-05,44,2020,5,Thursday,1.2934,2.05997956300542
73.7040023803711,82.80999755859375,83.08999633789062,81.70999908447266,82.12000274658203,4868800,0.546,2020-11-06,44,2020,6,Friday,1.2934,2.05997956300542
73.02758026123047,82.05000305175781,84.72000122070312,81.94000244140625,84.66999816894531,8125800,-0.918,2020-11-09,45,2020,9,Monday,-0.5628,1.6713683615528925
70.6155776977539,79.33999633789062,80.87000274658203,78.94000244140625,80.69999694824219,6510300,-3.303,2020-11-10,45,2020,10,Tuesday,-0.5628,1.6713683615528925
70.91818237304688,79.68000030517578,79.87999725341797,78.2699966430664,78.45999908447266,6074700,0.429,2020-11-11,45,2020,11,Wednesday,-0.5628,1.6713683615528925
70.97158813476562,79.73999786376953,81.12000274658203,79.54000091552734,80.69000244140625,4288700,0.075,2020-11-12,45,2020,12,Thursday,-0.5628,1.6713683615528925
71.61241149902344,80.45999908447266,81.04000091552734,79.83000183105469,80.69999694824219,3928500,0.903,2020-11-13,45,2020,13,Friday,-0.5628,1.6713683615528925
71.7904281616211,80.66000366210938,81.02999877929688,80.3499984741211,80.69000244140625,5444200,0.249,2020-11-16,46,2020,16,Monday,0.25999999999999995,0.835052992330427
71.4878158569336,80.31999969482422,80.56999969482422,79.91000366210938,80.19999694824219,2447200,-0.422,2020-11-17,46,2020,17,Tuesday,0.25999999999999995,0.835052992330427
71.0873031616211,79.87000274658203,80.52999877929688,79.62000274658203,80.45999908447266,3685600,-0.56,2020-11-18,46,2020,18,Wednesday,0.25999999999999995,0.835052992330427
71.45220184326172,80.27999877929688,80.45999908447266,79.47000122070312,79.51000213623047,3531700,0.513,2020-11-19,46,2020,19,Thursday,0.25999999999999995,0.835052992330427
72.53804016113281,81.5,81.69000244140625,80.75,80.9000015258789,1974000,1.52,2020-11-20,46,2020,20,Friday,0.25999999999999995,0.835052992330427
72.208740234375,81.12999725341797,81.98999786376953,80.83000183105469,81.95999908447266,2759000,-0.454,2020-11-23,47,2020,23,Monday,0.2895,1.1940442482029996
73.02758026123047,82.05000305175781,82.05000305175781,81.20999908447266,81.91999816894531,5010500,1.134,2020-11-24,47,2020,24,Tuesday,0.2895,1.1940442482029996
72.306640625,81.23999786376953,81.26000213623047,80.68000030517578,80.83999633789062,3289000,-0.987,2020-11-25,47,2020,25,Wednesday,0.2895,1.1940442482029996
73.36579132080078,82.43000030517578,82.62000274658203,82.16999816894531,82.37999725341797,2017100,1.465,2020-11-27,47,2020,27,Friday,0.2895,1.1940442482029996
71.03388977050781,79.80999755859375,81.08000183105469,79.75,81.08000183105469,4330800,-3.178,2020-11-30,48,2020,30,Monday,-0.40219999999999995,1.6679264672041152
71.59461212158203,80.44000244140625,81.06999969482422,80.31999969482422,81.0,3189000,0.789,2020-12-01,48,2020,1,Tuesday,-0.40219999999999995,1.6679264672041152
71.16739654541016,79.95999908447266,80.12000274658203,79.23999786376953,79.66000366210938,7132000,-0.597,2020-12-02,48,2020,2,Wednesday,-0.40219999999999995,1.6679264672041152
71.82601928710938,80.69999694824219,81.08000183105469,80.3499984741211,80.36000061035156,3883500,0.925,2020-12-03,48,2020,3,Thursday,-0.40219999999999995,1.6679264672041152
71.86163330078125,80.73999786376953,81.19999694824219,80.5199966430664,81.12000274658203,3346900,0.05,2020-12-04,48,2020,4,Friday,-0.40219999999999995,1.6679264672041152
71.4967269897461,80.33000183105469,80.58000183105469,80.01000213623047,80.06999969482422,3645600,-0.508,2020-12-07,49,2020,7,Monday,-0.27840000000000004,1.1796303658349931
71.7192153930664,80.58000183105469,80.58999633789062,79.91999816894531,80.33000183105469,2285100,0.311,2020-12-08,49,2020,8,Tuesday,-0.27840000000000004,1.1796303658349931
70.52656555175781,79.23999786376953,80.37999725341797,79.0,80.33999633789062,3168700,-1.663,2020-12-09,49,2020,9,Wednesday,-0.27840000000000004,1.1796303658349931
71.51451110839844,80.3499984741211,80.4800033569336,79.08000183105469,79.19999694824219,3015200,1.401,2020-12-10,49,2020,10,Thursday,-0.27840000000000004,1.1796303658349931
70.84697723388672,79.5999984741211,79.91999816894531,79.41999816894531,79.69000244140625,3044900,-0.933,2020-12-11,49,2020,11,Friday,-0.27840000000000004,1.1796303658349931
70.42903900146484,78.52999877929688,79.02999877929688,78.4800033569336,79.02999877929688,3099200,-0.59,2020-12-14,50,2020,14,Monday,0.3398,0.6792059334252021
70.73397827148438,78.87000274658203,78.9000015258789,78.30000305175781,78.70999908447266,2957900,0.433,2020-12-15,50,2020,15,Tuesday,0.3398,0.6792059334252021
71.3079605102539,79.51000213623047,79.70999908447266,79.16000366210938,79.30000305175781,2635300,0.811,2020-12-16,50,2020,16,Wednesday,0.3398,0.6792059334252021
72.09717559814453,80.38999938964844,80.56999969482422,79.97000122070312,80.43000030517578,2740500,1.107,2020-12-17,50,2020,17,Thursday,0.3398,0.6792059334252021
72.0523452758789,80.33999633789062,80.47000122070312,80.04000091552734,80.29000091552734,3930200,-0.062,2020-12-18,50,2020,18,Friday,0.3398,0.6792059334252021
71.71153259277344,79.95999908447266,80.22000122070312,79.13999938964844,79.27999877929688,3117200,-0.473,2020-12-21,51,2020,21,Monday,-0.8500000000000001,1.3825794733034338
71.15550231933594,79.33999633789062,79.83000183105469,79.22000122070312,79.81999969482422,3216600,-0.775,2020-12-22,51,2020,22,Tuesday,-0.8500000000000001,1.3825794733034338
71.56805419921875,79.80000305175781,80.04000091552734,79.51000213623047,80.04000091552734,1827900,0.58,2020-12-23,51,2020,23,Wednesday,-0.8500000000000001,1.3825794733034338
69.61292266845703,77.62000274658203,78.47000122070312,77.0,78.23999786376953,3093200,-2.732,2020-12-24,51,2020,24,Thursday,-0.8500000000000001,1.3825794733034338
69.41561889648438,77.4000015258789,77.80000305175781,77.06999969482422,77.5,4229300,-0.283,2020-12-28,52,2020,28,Monday,1.069,1.3693908621475948
70.99407196044922,79.16000366210938,79.30999755859375,78.19999694824219,78.36000061035156,3199900,2.274,2020-12-29,52,2020,29,Tuesday,1.069,1.3693908621475948
72.572509765625,80.91999816894531,81.13999938964844,80.41999816894531,80.69999694824219,3483000,2.223,2020-12-30,52,2020,30,Wednesday,1.069,1.3693908621475948
72.61734771728516,80.97000122070312,81.83999633789062,80.44999694824219,81.77999877929688,2780600,0.062,2020-12-31,52,2020,31,Thursday,1.069,1.3693908621475948
72.85948181152344,81.23999786376953,82.26000213623047,80.87999725341797,81.94999694824219,4094900,0.333,2021-01-04,01,2021,4,Monday,1.1026,2.2275014702576517
75.20024871826172,83.8499984741211,83.87999725341797,82.16999816894531,82.22000122070312,4352700,3.213,2021-01-05,01,2021,5,Tuesday,1.1026,2.2275014702576517
73.64871978759766,82.12000274658203,83.83999633789062,81.9000015258789,83.48999786376953,5475100,-2.063,2021-01-06,01,2021,6,Wednesday,1.1026,2.2275014702576517
74.21373748779297,82.75,82.83999633789062,81.76000213623047,82.7300033569336,3910600,0.767,2021-01-07,01,2021,7,Thursday,1.1026,2.2275014702576517
76.63520812988281,85.44999694824219,85.47000122070312,83.37000274658203,83.62000274658203,4722700,3.263,2021-01-08,01,2021,8,Friday,1.1026,2.2275014702576517
75.0029525756836,83.62999725341797,84.43000030517578,83.58999633789062,84.11000061035156,3127800,-2.13,2021-01-11,02,2021,11,Monday,0.0538,1.3217553480126343
75.87287902832031,84.5999984741211,85.13999938964844,84.31999969482422,84.56999969482422,3701000,1.16,2021-01-12,02,2021,12,Tuesday,0.0538,1.3217553480126343
76.5096435546875,85.30999755859375,85.93000030517578,84.41999816894531,84.72000122070312,3375900,0.839,2021-01-13,02,2021,13,Wednesday,0.0538,1.3217553480126343
76.97601318359375,85.83000183105469,86.68000030517578,85.76000213623047,86.62000274658203,4308900,0.61,2021-01-14,02,2021,14,Thursday,0.0538,1.3217553480126343
76.8145751953125,85.6500015258789,86.2699966430664,85.44000244140625,86.05999755859375,4764300,-0.21,2021-01-15,02,2021,15,Friday,0.0538,1.3217553480126343
79.56788635253906,88.72000122070312,88.81999969482422,88.29000091552734,88.61000061035156,3258500,3.584,2021-01-19,03,2021,19,Tuesday,1.55825,2.0304715995715545
81.97142791748047,91.4000015258789,91.58999633789062,90.76000213623047,91.30000305175781,3896200,3.021,2021-01-20,03,2021,20,Wednesday,1.55825,2.0304715995715545
81.70236206054688,91.0999984741211,91.25,90.37000274658203,91.19999694824219,5170600,-0.328,2021-01-21,03,2021,21,Thursday,1.55825,2.0304715995715545
81.66649627685547,91.05999755859375,91.41999816894531,90.30000305175781,90.33000183105469,5298400,-0.044,2021-01-22,03,2021,22,Friday,1.55825,2.0304715995715545
83.32565307617188,92.91000366210938,94.02999877929688,92.19000244140625,93.6500015258789,7669100,2.032,2021-01-25,04,2021,25,Monday,-0.7744,1.953428089283043
82.55436706542969,92.05000305175781,92.12000274658203,91.5,92.01000213623047,3707100,-0.926,2021-01-26,04,2021,26,Tuesday,-0.7744,1.953428089283043
79.92662811279297,89.12000274658203,90.23999786376953,89.06999969482422,89.6500015258789,4253200,-3.183,2021-01-27,04,2021,27,Wednesday,-0.7744,1.953428089283043
79.90868377685547,89.0999984741211,89.41999816894531,88.01000213623047,88.2300033569336,5149000,-0.022,2021-01-28,04,2021,28,Thursday,-0.7744,1.953428089283043
78.49166870117188,87.5199966430664,88.55999755859375,87.08000183105469,87.91999816894531,3139800,-1.773,2021-01-29,04,2021,29,Friday,-0.7744,1.953428089283043
80.79655456542969,90.08999633789062,90.18000030517578,89.04000091552734,89.44000244140625,3221500,2.936,2021-02-01,05,2021,1,Monday,1.0958,1.0946504921663354
81.60372161865234,90.98999786376953,91.2699966430664,90.38999938964844,91.26000213623047,3243000,0.999,2021-02-02,05,2021,2,Tuesday,1.0958,1.0946504921663354
82.33016204833984,91.80000305175781,92.26000213623047,91.55999755859375,91.98999786376953,5760000,0.89,2021-02-03,05,2021,3,Wednesday,1.0958,1.0946504921663354
82.3570556640625,91.83000183105469,91.91999816894531,91.36000061035156,91.87000274658203,3044000,0.033,2021-02-04,05,2021,4,Thursday,1.0958,1.0946504921663354
82.8682632446289,92.4000015258789,92.44000244140625,91.62999725341797,92.01000213623047,2437100,0.621,2021-02-05,05,2021,5,Friday,1.0958,1.0946504921663354
82.97587585449219,92.5199966430664,92.70999908447266,92.26000213623047,92.43000030517578,2178400,0.13,2021-02-08,06,2021,8,Monday,0.85,0.8756446196945424
84.55432891845703,94.27999877929688,94.37999725341797,93.05999755859375,93.05999755859375,3790900,1.902,2021-02-09,06,2021,9,Tuesday,0.85,0.8756446196945424
85.2448959350586,95.05000305175781,95.97000122070312,94.25,95.5999984741211,3915000,0.817,2021-02-10,06,2021,10,Wednesday,0.85,0.8756446196945424
86.55429077148438,96.51000213623047,97.01000213623047,96.02999877929688,96.19999694824219,5547300,1.536,2021-02-11,06,2021,11,Thursday,0.85,0.8756446196945424
86.43769836425781,96.37999725341797,96.87000274658203,95.69999694824219,96.22000122070312,2014700,-0.135,2021-02-12,06,2021,12,Friday,0.85,0.8756446196945424
86.59912872314453,96.55999755859375,97.25,96.33999633789062,97.0,2647700,0.187,2021-02-16,07,2021,16,Tuesday,-0.18174999999999997,1.4722745158427486
87.16413879394531,97.19000244140625,97.55000305175781,96.44000244140625,97.37999725341797,2851400,0.652,2021-02-17,07,2021,17,Wednesday,-0.18174999999999997,1.4722745158427486
85.1103744506836,94.9000015258789,94.95999908447266,93.70999908447266,94.58999633789062,3643400,-2.356,2021-02-18,07,2021,18,Thursday,-0.18174999999999997,1.4722745158427486
85.78298950195312,95.6500015258789,96.2699966430664,95.41999816894531,95.94999694824219,2200700,0.79,2021-02-19,07,2021,19,Friday,-0.18174999999999997,1.4722745158427486
82.26737213134766,91.7300033569336,92.95999908447266,91.68000030517578,92.47000122070312,5747600,-4.098,2021-02-22,08,2021,22,Monday,-1.843,1.5818457573353981
82.44676208496094,91.93000030517578,92.26000213623047,88.8499984741211,90.55000305175781,4944200,0.218,2021-02-23,08,2021,23,Tuesday,-1.843,1.5818457573353981
80.79655456542969,90.08999633789062,90.12999725341797,88.4000015258789,89.62000274658203,4760500,-2.002,2021-02-24,08,2021,24,Wednesday,-1.843,1.5818457573353981
79.0118408203125,88.0999984741211,90.33000183105469,87.91999816894531,90.08999633789062,4982000,-2.209,2021-02-25,08,2021,25,Thursday,-1.843,1.5818457573353981
78.12397003173828,87.11000061035156,87.9800033569336,86.31999969482422,87.37999725341797,6173900,-1.124,2021-02-26,08,2021,26,Friday,-1.843,1.5818457573353981
80.54544067382812,89.80999755859375,89.91999816894531,88.70999908447266,88.86000061035156,2652100,3.1,2021-03-01,09,2021,1,Monday,-0.42160000000000003,2.4037243602376708
78.85041046142578,87.91999816894531,89.0,87.87999725341797,88.9000015258789,2659600,-2.104,2021-03-02,09,2021,2,Tuesday,-0.42160000000000003,2.4037243602376708
78.47372436523438,87.5,89.30000305175781,87.22000122070312,88.94999694824219,6228300,-0.478,2021-03-03,09,2021,3,Wednesday,-0.42160000000000003,2.4037243602376708
76.05225372314453,84.80000305175781,86.62999725341797,84.06999969482422,86.16999816894531,6769800,-3.086,2021-03-04,09,2021,4,Thursday,-0.42160000000000003,2.4037243602376708
76.40202331542969,85.19000244140625,85.69000244140625,83.05000305175781,85.69000244140625,7831100,0.46,2021-03-05,09,2021,5,Friday,-0.42160000000000003,2.4037243602376708
72.89537048339844,81.27999877929688,82.7699966430664,81.1500015258789,82.6500015258789,6116400,-4.59,2021-03-08,10,2021,8,Monday,-0.0814,4.167175698239756
75.87287902832031,84.5999984741211,85.01000213623047,83.08000183105469,83.12999725341797,5983900,4.085,2021-03-09,10,2021,9,Tuesday,-0.0814,4.167175698239756
74.5455551147461,83.12000274658203,85.2300033569336,82.79000091552734,85.2300033569336,4991400,-1.749,2021-03-10,10,2021,10,Wednesday,-0.0814,4.167175698239756
77.97148895263672,86.94000244140625,87.0,85.41000366210938,85.88999938964844,6417100,4.596,2021-03-11,10,2021,11,Thursday,-0.0814,4.167175698239756
75.82804870605469,84.55000305175781,84.58999633789062,83.69000244140625,84.19999694824219,4716500,-2.749,2021-03-12,10,2021,12,Friday,-0.0814,4.167175698239756
75.65765380859375,84.36000061035156,84.43000030517578,83.2699966430664,83.70999908447266,3146300,-0.225,2021-03-15,11,2021,15,Monday,0.08460000000000001,0.6864373969999013
76.11503601074219,84.87000274658203,85.37999725341797,84.44999694824219,84.7699966430664,2728300,0.605,2021-03-16,11,2021,16,Tuesday,0.08460000000000001,0.6864373969999013
76.32130432128906,85.0999984741211,85.55000305175781,83.63999938964844,84.18000030517578,4135100,0.271,2021-03-17,11,2021,17,Wednesday,0.08460000000000001,0.6864373969999013
75.5948715209961,84.29000091552734,85.12000274658203,84.16999816894531,85.0,4567900,-0.952,2021-03-18,11,2021,18,Thursday,0.08460000000000001,0.6864373969999013
76.14193725585938,84.9000015258789,84.91000366210938,83.62999725341797,83.94000244140625,3765400,0.724,2021-03-19,11,2021,19,Friday,0.08460000000000001,0.6864373969999013
75.87287902832031,84.5999984741211,84.87000274658203,84.16999816894531,84.63999938964844,2254200,-0.353,2021-03-22,12,2021,22,Monday,-0.8246000000000002,2.5390821766929874
74.3661880493164,82.91999816894531,83.62000274658203,82.88999938964844,83.27999877929688,3206700,-1.986,2021-03-23,12,2021,23,Tuesday,-0.8246000000000002,2.5390821766929874
71.15550231933594,79.33999633789062,81.88999938964844,79.33000183105469,81.88999938964844,5656700,-4.317,2021-03-24,12,2021,24,Wednesday,-0.8246000000000002,2.5390821766929874
71.14653015136719,79.33000183105469,80.04000091552734,79.0,79.12000274658203,5498800,-0.013,2021-03-25,12,2021,25,Thursday,-0.8246000000000002,2.5390821766929874
72.9581527709961,81.3499984741211,81.43000030517578,79.04000091552734,80.0999984741211,4782400,2.546,2021-03-26,12,2021,26,Friday,-0.8246000000000002,2.5390821766929874
72.43798065185547,80.7699966430664,81.16000366210938,80.37000274658203,80.63999938964844,4169600,-0.713,2021-03-29,13,2021,29,Monday,0.48225,0.9580853737185081
73.12854766845703,81.54000091552734,81.69000244140625,80.51000213623047,80.94999694824219,3104200,0.953,2021-03-30,13,2021,30,Tuesday,0.48225,0.9580853737185081
73.27204132080078,81.69999694824219,81.9800033569336,81.16999816894531,81.26000213623047,5859600,0.196,2021-03-31,13,2021,31,Wednesday,0.48225,0.9580853737185081
74.3661880493164,82.91999816894531,83.94999694824219,82.8499984741211,83.8499984741211,2819900,1.493,2021-04-01,13,2021,1,Thursday,0.48225,0.9580853737185081
74.52763366699219,83.0999984741211,83.76000213623047,82.86000061035156,83.76000213623047,1763100,0.217,2021-04-05,14,2021,5,Monday,-0.36160000000000003,1.7762989050269666
75.28994750976562,83.94999694824219,84.45999908447266,82.73999786376953,83.0199966430664,2787300,1.023,2021-04-06,14,2021,6,Tuesday,-0.36160000000000003,1.7762989050269666
73.12854766845703,81.54000091552734,81.79000091552734,81.05000305175781,81.31999969482422,4670400,-2.871,2021-04-07,14,2021,7,Wednesday,-0.36160000000000003,1.7762989050269666
74.08817291259766,82.61000061035156,83.04000091552734,82.51000213623047,82.83999633789062,3393000,1.312,2021-04-08,14,2021,8,Thursday,-0.36160000000000003,1.7762989050269666
72.98506164550781,81.37999725341797,81.52999877929688,81.12000274658203,81.43000030517578,3090600,-1.489,2021-04-09,14,2021,9,Friday,-0.36160000000000003,1.7762989050269666
73.0926742553711,81.5,81.58999633789062,80.98999786376953,81.33000183105469,3080900,0.147,2021-04-12,15,2021,12,Monday,0.1984,0.24373715350762593
73.23617553710938,81.66000366210938,81.9000015258789,81.0199966430664,81.0199966430664,2466900,0.196,2021-04-13,15,2021,13,Tuesday,0.1984,0.24373715350762593
73.11061096191406,81.5199966430664,82.52999877929688,81.41000366210938,82.26000213623047,5205300,-0.171,2021-04-14,15,2021,14,Wednesday,0.1984,0.24373715350762593
73.3617172241211,81.80000305175781,82.0199966430664,81.62999725341797,81.80000305175781,2589000,0.343,2021-04-15,15,2021,15,Thursday,0.1984,0.24373715350762593
73.71148681640625,82.19000244140625,82.4800033569336,81.88999938964844,82.47000122070312,1837100,0.477,2021-04-16,15,2021,16,Friday,0.1984,0.24373715350762593
73.6845932006836,82.16000366210938,82.51000213623047,81.70999908447266,82.25,1860600,-0.036,2021-04-19,16,2021,19,Monday,0.3896,0.8886632095456636
73.07474517822266,81.4800033569336,82.43000030517578,81.12999725341797,82.04000091552734,2404500,-0.828,2021-04-20,16,2021,20,Tuesday,0.3896,0.8886632095456636
73.65768432617188,82.12999725341797,82.19000244140625,80.93000030517578,81.26000213623047,2186500,0.798,2021-04-21,16,2021,21,Wednesday,0.3896,0.8886632095456636
74.00745391845703,82.5199966430664,83.04000091552734,82.11000061035156,82.36000061035156,2247300,0.475,2021-04-22,16,2021,22,Thursday,0.3896,0.8886632095456636
75.14644622802734,83.79000091552734,83.98999786376953,83.3499984741211,83.44999694824219,2079500,1.539,2021-04-23,16,2021,23,Friday,0.3896,0.8886632095456636
74.32135772705078,82.87000274658203,83.0,82.33000183105469,82.4000015258789,2211600,-1.098,2021-04-26,17,2021,26,Monday,-0.43220000000000003,0.9512605846980101
74.65318298339844,83.23999786376953,83.4800033569336,82.9800033569336,83.19000244140625,1517900,0.446,2021-04-27,17,2021,27,Tuesday,-0.43220000000000003,0.9512605846980101
75.10160064697266,83.73999786376953,84.20999908447266,83.4800033569336,83.5999984741211,1858500,0.601,2021-04-28,17,2021,28,Wednesday,-0.43220000000000003,0.9512605846980101
74.70700073242188,83.30000305175781,84.2300033569336,82.58999633789062,84.12000274658203,3060800,-0.525,2021-04-29,17,2021,29,Thursday,-0.43220000000000003,0.9512605846980101
73.52315521240234,81.9800033569336,82.54000091552734,81.83000183105469,82.20999908447266,2312000,-1.585,2021-04-30,17,2021,30,Friday,-0.43220000000000003,0.9512605846980101
73.3348159790039,81.7699966430664,82.5199966430664,81.63999938964844,81.91000366210938,4148800,-0.256,2021-05-03,18,2021,3,Monday,-0.29579999999999995,0.5212347839505724
72.45592498779297,80.79000091552734,81.69999694824219,80.25,81.63999938964844,2285400,-1.198,2021-05-04,18,2021,4,Tuesday,-0.29579999999999995,0.5212347839505724
72.42901611328125,80.76000213623047,81.4000015258789,80.72000122070312,81.2300033569336,1603200,-0.037,2021-05-05,18,2021,5,Wednesday,-0.29579999999999995,0.5212347839505724
72.50971984863281,80.8499984741211,81.16000366210938,80.37999725341797,81.0,2707800,0.111,2021-05-06,18,2021,6,Thursday,-0.29579999999999995,0.5212347839505724
72.43798065185547,80.7699966430664,81.4000015258789,80.66999816894531,80.86000061035156,2815700,-0.099,2021-05-07,18,2021,7,Friday,-0.29579999999999995,0.5212347839505724
70.26762390136719,78.3499984741211,79.94999694824219,78.33000183105469,79.94999694824219,4374700,-2.996,2021-05-10,19,2021,10,Monday,-0.6184000000000001,2.0002955531620823
70.80574035644531,78.94999694824219,79.04000091552734,76.93000030517578,77.0,2960700,0.766,2021-05-11,19,2021,11,Tuesday,-0.6184000000000001,2.0002955531620823
69.9537353515625,78.0,79.06999969482422,77.83000183105469,78.80000305175781,3450300,-1.203,2021-05-12,19,2021,12,Wednesday,-0.6184000000000001,2.0002955531620823
68.77886199951172,76.69000244140625,78.1500015258789,76.20999908447266,77.93000030517578,4691600,-1.68,2021-05-13,19,2021,13,Thursday,-0.6184000000000001,2.0002955531620823
70.1689682006836,78.23999786376953,78.45999908447266,77.22000122070312,77.69999694824219,2884400,2.021,2021-05-14,19,2021,14,Friday,-0.6184000000000001,2.0002955531620823
70.94025421142578,79.0999984741211,79.2699966430664,78.62000274658203,78.77999877929688,2632600,1.099,2021-05-17,20,2021,17,Monday,0.29419999999999996,1.0704294465306903
71.65772247314453,79.9000015258789,80.38999938964844,79.4800033569336,79.52999877929688,4744800,1.011,2021-05-18,20,2021,18,Tuesday,0.29419999999999996,1.0704294465306903
71.70256805419922,79.94999694824219,80.0999984741211,78.91999816894531,78.97000122070312,3462200,0.063,2021-05-19,20,2021,19,Wednesday,0.29419999999999996,1.0704294465306903
72.25861358642578,80.56999969482422,80.79000091552734,80.05999755859375,80.26000213623047,2337300,0.775,2021-05-20,20,2021,20,Thursday,0.29419999999999996,1.0704294465306903
71.19136047363281,79.37999725341797,80.30999755859375,79.26000213623047,80.30999755859375,3093800,-1.477,2021-05-21,20,2021,21,Friday,0.29419999999999996,1.0704294465306903
71.388671875,79.5999984741211,79.9000015258789,79.2699966430664,79.58999633789062,2288100,0.277,2021-05-24,21,2021,24,Monday,0.6156,0.9299103720251755
72.90435028076172,81.29000091552734,81.70999908447266,81.08000183105469,81.20999908447266,2082200,2.123,2021-05-25,21,2021,25,Tuesday,0.6156,0.9299103720251755
73.37966918945312,81.81999969482422,81.94999694824219,81.54000091552734,81.87999725341797,1990700,0.652,2021-05-26,21,2021,26,Wednesday,0.6156,0.9299103720251755
73.69357299804688,82.16999816894531,82.16999816894531,81.5199966430664,81.9800033569336,3152100,0.428,2021-05-27,21,2021,27,Thursday,0.6156,0.9299103720251755
73.39759826660156,81.83999633789062,82.0999984741211,81.3499984741211,81.36000061035156,1932200,-0.402,2021-05-28,21,2021,28,Friday,0.6156,0.9299103720251755
75.40653991699219,84.08000183105469,84.2300033569336,83.45999908447266,84.22000122070312,2134600,2.737,2021-06-01,22,2021,1,Tuesday,0.2765,2.002617037778317
75.02986145019531,83.66000366210938,83.83999633789062,83.36000061035156,83.83999633789062,5909600,-0.5,2021-06-02,22,2021,2,Wednesday,0.2765,2.002617037778317
73.5500717163086,82.01000213623047,82.52999877929688,81.8499984741211,82.37000274658203,3329800,-1.972,2021-06-03,22,2021,3,Thursday,0.2765,2.002617037778317
74.16887664794922,82.69999694824219,82.7699966430664,82.37999725341797,82.41000366210938,2164200,0.841,2021-06-04,22,2021,4,Friday,0.2765,2.002617037778317
73.5052261352539,81.95999908447266,82.0999984741211,81.4800033569336,82.06999969482422,2299800,-0.895,2021-06-07,23,2021,7,Monday,-0.2518,0.6065267512649379
73.07474517822266,81.4800033569336,81.83000183105469,81.12999725341797,81.7699966430664,1420700,-0.586,2021-06-08,23,2021,8,Tuesday,-0.2518,0.6065267512649379
72.96710968017578,81.36000061035156,82.08000183105469,81.3499984741211,81.66000366210938,1773300,-0.147,2021-06-09,23,2021,9,Wednesday,-0.2518,0.6065267512649379
73.4857177734375,81.76000213623047,81.88999938964844,81.2300033569336,81.52999877929688,2355000,0.711,2021-06-10,23,2021,10,Thursday,-0.2518,0.6065267512649379
73.23406219482422,81.4800033569336,81.5199966430664,81.0999984741211,81.5,2283100,-0.342,2021-06-11,23,2021,11,Friday,-0.2518,0.6065267512649379
73.3868637084961,81.6500015258789,81.83999633789062,81.2300033569336,81.48999786376953,3208900,0.209,2021-06-14,24,2021,14,Monday,-0.2794,1.3050211875674662
72.29032897949219,80.43000030517578,81.19000244140625,80.43000030517578,81.19000244140625,2545700,-1.494,2021-06-15,24,2021,15,Tuesday,-0.2794,1.3050211875674662
71.16683197021484,79.18000030517578,80.19000244140625,79.0,79.86000061035156,3779200,-1.554,2021-06-16,24,2021,16,Wednesday,-0.2794,1.3050211875674662
72.29032897949219,80.43000030517578,80.63999938964844,79.7300033569336,79.95999908447266,3719300,1.579,2021-06-17,24,2021,17,Thursday,-0.2794,1.3050211875674662
72.19144439697266,80.31999969482422,80.63999938964844,80.22000122070312,80.37999725341797,2900800,-0.137,2021-06-18,24,2021,18,Friday,-0.2794,1.3050211875674662
72.14651489257812,80.2699966430664,80.31999969482422,79.54000091552734,80.02999877929688,2150400,-0.062,2021-06-21,25,2021,21,Monday,0.6676,1.0155876623905984
71.62521362304688,79.69000244140625,79.83999633789062,79.43000030517578,79.7300033569336,5028700,-0.723,2021-06-22,25,2021,22,Tuesday,0.6676,1.0155876623905984
72.55097198486328,80.72000122070312,81.25,80.52999877929688,80.54000091552734,4122100,1.293,2021-06-23,25,2021,23,Wednesday,0.6676,1.0155876623905984
73.37786102294922,81.63999938964844,81.75,81.05999755859375,81.18000030517578,2200800,1.14,2021-06-24,25,2021,24,Thursday,0.6676,1.0155876623905984
74.61819458007812,83.0199966430664,83.11000061035156,82.43000030517578,82.80999755859375,4143900,1.69,2021-06-25,25,2021,25,Friday,0.6676,1.0155876623905984
75.05862426757812,83.51000213623047,83.70999908447266,83.26000213623047,83.31999969482422,3038300,0.59,2021-06-28,26,2021,28,Monday,-0.595,0.8001699819413373
74.88784790039062,83.31999969482422,83.3499984741211,82.33999633789062,82.66999816894531,2432200,-0.228,2021-06-29,26,2021,29,Tuesday,-0.595,0.8001699819413373
74.09690856933594,82.44000244140625,82.7699966430664,82.31999969482422,82.51000213623047,3496700,-1.056,2021-06-30,26,2021,30,Wednesday,-0.595,0.8001699819413373
73.49471282958984,81.7699966430664,82.72000122070312,81.30999755859375,82.48999786376953,2665900,-0.813,2021-07-01,26,2021,1,Thursday,-0.595,0.8001699819413373
72.41615295410156,80.56999969482422,80.81999969482422,80.27999877929688,80.80000305175781,2202300,-1.468,2021-07-02,26,2021,2,Friday,-0.595,0.8001699819413373
70.40283966064453,78.33000183105469,79.0199966430664,78.11000061035156,78.81999969482422,3017400,-2.78,2021-07-06,27,2021,6,Tuesday,-0.8679999999999999,2.5889244871181547
70.11521911621094,78.01000213623047,79.08000183105469,77.9000015258789,78.9800033569336,3733700,-0.409,2021-07-07,27,2021,7,Wednesday,-0.8679999999999999,2.5889244871181547
68.08393859863281,75.75,76.02999877929688,75.19000244140625,75.51000213623047,6318800,-2.897,2021-07-08,27,2021,8,Thursday,-0.8679999999999999,2.5889244871181547
69.86357879638672,77.7300033569336,77.91000366210938,76.7300033569336,77.0,2423100,2.614,2021-07-09,27,2021,9,Friday,-0.8679999999999999,2.5889244871181547
69.6298828125,77.47000122070312,77.61000061035156,77.04000091552734,77.5,1611000,-0.335,2021-07-12,28,2021,12,Monday,0.07520000000000002,0.9483294258853302
70.40283966064453,78.33000183105469,78.95999908447266,78.11000061035156,78.18000030517578,2531800,1.11,2021-07-13,28,2021,13,Tuesday,0.07520000000000002,0.9483294258853302
70.3129653930664,78.2300033569336,79.01000213623047,78.12999725341797,79.01000213623047,2930600,-0.128,2021-07-14,28,2021,14,Wednesday,0.07520000000000002,0.9483294258853302
70.9601058959961,78.94999694824219,79.41000366210938,78.62999725341797,78.86000061035156,3869200,0.92,2021-07-15,28,2021,15,Thursday,0.07520000000000002,0.9483294258853302
70.11521911621094,78.01000213623047,79.0,77.83999633789062,78.94999694824219,5161500,-1.191,2021-07-16,28,2021,16,Friday,0.07520000000000002,0.9483294258853302
69.18048858642578,76.97000122070312,76.97000122070312,76.19999694824219,76.63999938964844,4207000,-1.333,2021-07-19,29,2021,19,Monday,-0.8148,1.685003323438859
69.06363677978516,76.83999633789062,77.08999633789062,76.12000274658203,76.36000061035156,2928400,-0.169,2021-07-20,29,2021,20,Tuesday,-0.8148,1.685003323438859
69.69279479980469,77.54000091552734,77.54000091552734,76.41999816894531,76.58999633789062,2217300,0.911,2021-07-21,29,2021,21,Wednesday,-0.8148,1.685003323438859
69.68380737304688,77.52999877929688,77.79000091552734,77.2300033569336,77.5999984741211,4602900,-0.013,2021-07-22,29,2021,22,Thursday,-0.8148,1.685003323438859
67.26603698730469,74.83999633789062,75.38999938964844,74.18000030517578,75.31999969482422,4977200,-3.47,2021-07-23,29,2021,23,Friday,-0.8148,1.685003323438859
63.482093811035156,70.62999725341797,72.11000061035156,70.37999725341797,71.41000366210938,7900100,-5.625,2021-07-26,30,2021,26,Monday,-0.8905999999999998,4.543441294877705
60.92951583862305,67.79000091552734,67.98999786376953,66.16000366210938,67.5,10704500,-4.021,2021-07-27,30,2021,27,Tuesday,-0.8905999999999998,4.543441294877705
64.69548797607422,71.9800033569336,72.23999786376953,69.87999725341797,69.94000244140625,8115000,6.181,2021-07-28,30,2021,28,Wednesday,-0.8905999999999998,4.543441294877705
64.46178436279297,71.72000122070312,72.63999938964844,71.1500015258789,72.63999938964844,7454400,-0.361,2021-07-29,30,2021,29,Thursday,-0.8905999999999998,4.543441294877705
64.05732727050781,71.2699966430664,71.5199966430664,70.30999755859375,70.44000244140625,3813100,-0.627,2021-07-30,30,2021,30,Friday,-0.8905999999999998,4.543441294877705
64.91119384765625,72.22000122070312,72.62999725341797,71.7300033569336,71.87000274658203,4496500,1.333,2021-08-02,31,2021,2,Monday,-0.15819999999999998,1.4122527040158217
64.147216796875,71.37000274658203,71.4000015258789,70.8499984741211,71.36000061035156,3266200,-1.177,2021-08-03,31,2021,3,Tuesday,-0.15819999999999998,1.4122527040158217
65.0729751586914,72.4000015258789,72.8499984741211,72.13999938964844,72.19000244140625,3759400,1.443,2021-08-04,31,2021,4,Wednesday,-0.15819999999999998,1.4122527040158217
64.31798553466797,71.55999755859375,71.91999816894531,71.27999877929688,71.52999877929688,2555500,-1.16,2021-08-05,31,2021,5,Thursday,-0.15819999999999998,1.4122527040158217
63.52703857421875,70.68000030517578,71.47000122070312,70.43000030517578,71.47000122070312,4227100,-1.23,2021-08-06,31,2021,6,Friday,-0.15819999999999998,1.4122527040158217
64.65953063964844,71.94000244140625,72.16000366210938,71.27999877929688,71.38999938964844,3707500,1.783,2021-08-09,32,2021,9,Monday,0.1536,1.3014996350364454
65.23474884033203,72.58000183105469,73.13999938964844,72.38999938964844,73.08999633789062,2834600,0.89,2021-08-10,32,2021,10,Tuesday,0.1536,1.3014996350364454
65.38754272460938,72.75,73.36000061035156,72.4000015258789,73.30000305175781,2118400,0.234,2021-08-11,32,2021,11,Wednesday,0.1536,1.3014996350364454
64.33596801757812,71.58000183105469,71.95999908447266,71.33999633789062,71.86000061035156,3210600,-1.608,2021-08-12,32,2021,12,Thursday,0.1536,1.3014996350364454
63.99441146850586,71.19999694824219,71.41000366210938,70.86000061035156,71.30999755859375,3218900,-0.531,2021-08-13,32,2021,13,Friday,0.1536,1.3014996350364454
62.77205276489258,69.83999633789062,70.13999938964844,69.5199966430664,70.06999969482422,2830100,-1.91,2021-08-16,33,2021,16,Monday,-1.4578,1.4702364435695368
60.974449157714844,67.83999633789062,68.5199966430664,67.55999755859375,67.69000244140625,6179000,-2.864,2021-08-17,33,2021,17,Tuesday,-1.4578,1.4702364435695368
61.38790512084961,68.30000305175781,69.01000213623047,68.30000305175781,68.4800033569336,5291900,0.678,2021-08-18,33,2021,18,Wednesday,-1.4578,1.4702364435695368
59.81501007080078,66.55000305175781,67.26000213623047,66.33000183105469,66.79000091552734,5138800,-2.562,2021-08-19,33,2021,19,Thursday,-1.4578,1.4702364435695368
59.437503814697266,66.12999725341797,66.93000030517578,65.93000030517578,65.98999786376953,4402100,-0.631,2021-08-20,33,2021,20,Friday,-1.4578,1.4702364435695368
60.731781005859375,67.56999969482422,67.66000366210938,66.5199966430664,66.80000305175781,7938200,2.178,2021-08-23,34,2021,23,Monday,0.8702,2.3966725266502302
63.38322830200195,70.5199966430664,70.56999969482422,69.5,69.56999969482422,6184400,4.366,2021-08-24,34,2021,24,Tuesday,0.8702,2.3966725266502302
62.90686798095703,69.98999786376953,70.0999984741211,69.58000183105469,70.0999984741211,4689600,-0.752,2021-08-25,34,2021,25,Wednesday,0.8702,2.3966725266502302
61.9361686706543,68.91000366210938,69.5,68.8499984741211,69.37000274658203,2567700,-1.543,2021-08-26,34,2021,26,Thursday,0.8702,2.3966725266502302
61.999088287353516,68.9800033569336,69.2300033569336,68.6500015258789,69.12999725341797,2435600,0.102,2021-08-27,34,2021,27,Friday,0.8702,2.3966725266502302
62.2327766418457,69.23999786376953,69.31999969482422,68.25,68.80999755859375,3894900,0.377,2021-08-30,35,2021,30,Monday,0.8803999999999998,1.4418341790927276
63.62590789794922,70.79000091552734,70.91000366210938,70.27999877929688,70.5,4682500,2.239,2021-08-31,35,2021,31,Tuesday,0.8803999999999998,1.4418341790927276
65.25273132324219,72.5999984741211,72.88999938964844,71.37999725341797,71.51000213623047,5959700,2.557,2021-09-01,35,2021,1,Wednesday,0.8803999999999998,1.4418341790927276
64.79434967041016,72.08999633789062,72.68000030517578,71.95999908447266,72.66000366210938,2611600,-0.702,2021-09-02,35,2021,2,Thursday,0.8803999999999998,1.4418341790927276
64.7494125366211,72.04000091552734,72.20999908447266,71.63999938964844,71.73999786376953,2135400,-0.069,2021-09-03,35,2021,3,Friday,0.8803999999999998,1.4418341790927276
66.4571304321289,73.94000244140625,74.18000030517578,73.37000274658203,73.5,4905700,2.637,2021-09-07,36,2021,7,Tuesday,-0.03950000000000001,1.8486338198788854
65.4324951171875,72.80000305175781,73.83999633789062,72.5,73.83999633789062,6991000,-1.542,2021-09-08,36,2021,8,Wednesday,-0.03950000000000001,1.8486338198788854
64.84828186035156,72.1500015258789,72.4000015258789,71.4000015258789,71.58999633789062,4915800,-0.893,2021-09-09,36,2021,9,Thursday,-0.03950000000000001,1.8486338198788854
64.61457824707031,71.88999938964844,73.04000091552734,71.8499984741211,72.87999725341797,3977900,-0.36,2021-09-10,36,2021,10,Friday,-0.03950000000000001,1.8486338198788854
64.36292266845703,71.61000061035156,71.86000061035156,70.94000244140625,71.56999969482422,4682000,-0.389,2021-09-13,37,2021,13,Monday,-0.8368,1.2618326751198037
63.01471710205078,70.11000061035156,70.72000122070312,70.0,70.58999633789062,3491100,-2.095,2021-09-14,37,2021,14,Tuesday,-0.8368,1.2618326751198037
62.331634521484375,69.3499984741211,69.41999816894531,68.55999755859375,69.25,4459000,-1.084,2021-09-15,37,2021,15,Wednesday,-0.8368,1.2618326751198037
61.26207733154297,68.16000366210938,68.37999725341797,67.66000366210938,68.0199966430664,3795900,-1.716,2021-09-16,37,2021,16,Thursday,-0.8368,1.2618326751198037
61.9361686706543,68.91000366210938,69.2300033569336,68.58000183105469,69.08999633789062,4563000,1.1,2021-09-17,37,2021,17,Friday,-0.8368,1.2618326751198037
59.4644775390625,66.16000366210938,67.08999633789062,65.55999755859375,66.76000213623047,6667000,-3.991,2021-09-20,38,2021,20,Monday,-0.6534,2.3970812042982605
60.075660705566406,66.83999633789062,67.0199966430664,66.54000091552734,66.79000091552734,3893800,1.028,2021-09-21,38,2021,21,Tuesday,-0.6534,2.3970812042982605
61.26207733154297,68.16000366210938,68.80000305175781,67.63999938964844,67.69000244140625,6003300,1.975,2021-09-22,38,2021,22,Wednesday,-0.6534,2.3970812042982605
61.118255615234375,68.0,68.05999755859375,67.4800033569336,67.8499984741211,4944500,-0.235,2021-09-23,38,2021,23,Thursday,-0.6534,2.3970812042982605
59.868934631347656,66.61000061035156,67.0,66.43000030517578,66.98999786376953,2946800,-2.044,2021-09-24,38,2021,24,Friday,-0.6534,2.3970812042982605
60.713809967041016,67.55000305175781,67.69000244140625,66.36000061035156,66.70999908447266,4451400,1.411,2021-09-27,39,2021,27,Monday,0.08420000000000002,1.240997864623465
60.552024841308594,67.37000274658203,68.05999755859375,66.98999786376953,67.83000183105469,5041000,-0.266,2021-09-28,39,2021,28,Tuesday,0.08420000000000002,1.240997864623465
59.868934631347656,66.61000061035156,67.55000305175781,66.56999969482422,67.23999786376953,3871100,-1.128,2021-09-29,39,2021,29,Wednesday,0.08420000000000002,1.240997864623465
60.69582748413086,67.52999877929688,68.01000213623047,67.2699966430664,67.29000091552734,5731900,1.381,2021-09-30,39,2021,30,Thursday,0.08420000000000002,1.240997864623465
60.10262680053711,66.87000274658203,67.62000274658203,66.30000305175781,67.37000274658203,3444900,-0.977,2021-10-01,39,2021,1,Friday,0.08420000000000002,1.240997864623465
58.82632827758789,65.44999694824219,66.05999755859375,64.94999694824219,65.9800033569336,6013400,-2.124,2021-10-04,40,2021,4,Monday,0.6990000000000001,2.2682763279635925
59.4644775390625,66.16000366210938,66.47000122070312,65.51000213623047,65.61000061035156,2575400,1.085,2021-10-05,40,2021,5,Tuesday,0.6990000000000001,2.2682763279635925
59.275726318359375,65.94999694824219,66.06999969482422,65.0199966430664,65.11000061035156,3374400,-0.317,2021-10-06,40,2021,6,Wednesday,0.6990000000000001,2.2682763279635925
61.69349670410156,68.63999938964844,68.98999786376953,67.48999786376953,67.61000061035156,6029000,4.079,2021-10-07,40,2021,7,Thursday,0.6990000000000001,2.2682763279635925
62.16985321044922,69.16999816894531,69.36000061035156,68.62000274658203,68.98999786376953,3413200,0.772,2021-10-08,40,2021,8,Friday,0.6990000000000001,2.2682763279635925
62.04403305053711,69.02999877929688,70.12999725341797,68.98999786376953,70.0999984741211,4222000,-0.202,2021-10-11,41,2021,11,Monday,0.3686,1.3215344490402057
61.65754699707031,68.5999984741211,69.45999908447266,68.55000305175781,69.16999816894531,4475300,-0.623,2021-10-12,41,2021,12,Tuesday,0.3686,1.3215344490402057
63.104610443115234,70.20999908447266,70.3499984741211,69.4000015258789,69.4800033569336,4418100,2.347,2021-10-13,41,2021,13,Wednesday,0.3686,1.3215344490402057
62.628238677978516,69.68000030517578,70.19000244140625,69.2300033569336,70.0199966430664,4913600,-0.755,2021-10-14,41,2021,14,Thursday,0.3686,1.3215344490402057
63.30234909057617,70.43000030517578,70.76000213623047,69.81999969482422,70.01000213623047,4521800,1.076,2021-10-15,41,2021,15,Friday,0.3686,1.3215344490402057
63.580963134765625,70.73999786376953,71.08000183105469,70.30000305175781,70.36000061035156,3210600,0.44,2021-10-18,42,2021,18,Monday,0.5806,1.1292622813146644
65.20779418945312,72.55000305175781,72.62000274658203,71.51000213623047,71.66999816894531,4018800,2.559,2021-10-19,42,2021,19,Tuesday,0.5806,1.1292622813146644
65.26171875,72.61000061035156,73.12999725341797,72.27999877929688,73.05000305175781,2887800,0.083,2021-10-20,42,2021,20,Wednesday,0.5806,1.1292622813146644
65.13589477539062,72.47000122070312,72.72000122070312,72.19000244140625,72.23999786376953,5384200,-0.193,2021-10-21,42,2021,21,Thursday,0.5806,1.1292622813146644
65.1448745727539,72.4800033569336,73.47000122070312,72.22000122070312,72.91999816894531,5271400,0.014,2021-10-22,42,2021,22,Friday,0.5806,1.1292622813146644
65.36058807373047,72.72000122070312,72.83999633789062,72.08999633789062,72.6500015258789,2778700,0.331,2021-10-25,43,2021,25,Monday,-0.9057999999999999,1.0886949526841758
63.92252731323242,71.12000274658203,72.36000061035156,70.98999786376953,72.33000183105469,4076300,-2.2,2021-10-26,43,2021,26,Tuesday,-0.9057999999999999,1.0886949526841758
63.23042678833008,70.3499984741211,71.16000366210938,70.25,70.4000015258789,7822100,-1.083,2021-10-27,43,2021,27,Wednesday,-0.9057999999999999,1.0886949526841758
63.275390625,70.4000015258789,70.43000030517578,69.5999984741211,70.0199966430664,3993900,0.071,2021-10-28,43,2021,28,Thursday,-0.9057999999999999,1.0886949526841758
62.2327766418457,69.23999786376953,69.88999938964844,68.8499984741211,69.77999877929688,5052100,-1.648,2021-10-29,43,2021,29,Friday,-0.9057999999999999,1.0886949526841758
63.20348358154297,70.31999969482422,70.33000183105469,68.86000061035156,68.87999725341797,4839500,1.56,2021-11-01,44,2021,1,Monday,-0.45020000000000004,1.8135594007365736
61.41487121582031,68.33000183105469,68.87999725341797,68.19000244140625,68.87999725341797,4242000,-2.83,2021-11-02,44,2021,2,Tuesday,-0.45020000000000004,1.8135594007365736
62.017059326171875,69.0,69.06999969482422,68.36000061035156,68.72000122070312,3618900,0.981,2021-11-03,44,2021,3,Wednesday,-0.45020000000000004,1.8135594007365736
61.81033706665039,68.7699966430664,69.63999938964844,68.52999877929688,69.56999969482422,3237200,-0.333,2021-11-04,44,2021,4,Thursday,-0.45020000000000004,1.8135594007365736
60.80368423461914,67.6500015258789,68.55999755859375,67.37999725341797,68.4800033569336,3719500,-1.629,2021-11-05,44,2021,5,Friday,-0.45020000000000004,1.8135594007365736
61.40587615966797,68.31999969482422,68.37000274658203,67.97000122070312,68.20999908447266,3031100,0.99,2021-11-08,45,2021,8,Monday,0.8834,1.5264726659852117
60.90255355834961,67.76000213623047,68.5,67.56999969482422,68.04000091552734,2947200,-0.82,2021-11-09,45,2021,9,Tuesday,0.8834,1.5264726659852117
61.49576187133789,68.41999816894531,69.0199966430664,67.95999908447266,68.37999725341797,4091100,0.974,2021-11-10,45,2021,10,Wednesday,0.8834,1.5264726659852117
63.500083923339844,70.6500015258789,70.66000366210938,69.75,69.83999633789062,5030800,3.259,2021-11-11,45,2021,11,Thursday,0.8834,1.5264726659852117
63.509063720703125,70.66000366210938,70.79000091552734,70.0999984741211,70.41999816894531,11464500,0.014,2021-11-12,45,2021,12,Friday,0.8834,1.5264726659852117
63.041683197021484,70.13999938964844,70.72000122070312,70.04000091552734,70.66000366210938,4468300,-0.736,2021-11-15,46,2021,15,Monday,-0.5572,1.5382482569468428
63.80567169189453,70.98999786376953,71.19000244140625,70.55000305175781,71.01000213623047,4268500,1.212,2021-11-16,46,2021,16,Tuesday,-0.5572,1.5382482569468428
63.15852355957031,70.2699966430664,71.2300033569336,70.01000213623047,71.2300033569336,3761300,-1.014,2021-11-17,46,2021,17,Wednesday,-0.5572,1.5382482569468428
61.40587615966797,68.31999969482422,68.9000015258789,67.91999816894531,68.83999633789062,5744900,-2.775,2021-11-18,46,2021,18,Thursday,-0.5572,1.5382482569468428
61.72945022583008,68.68000030517578,69.30000305175781,68.56999969482422,68.88999938964844,3180700,0.527,2021-11-19,46,2021,19,Friday,-0.5572,1.5382482569468428
61.07331848144531,67.94999694824219,68.70999908447266,67.58000183105469,68.5,3826400,-1.063,2021-11-22,47,2021,22,Monday,-0.992,1.2299791326143166
60.65987777709961,67.48999786376953,68.30999755859375,67.19000244140625,67.8499984741211,4972600,-0.677,2021-11-23,47,2021,23,Tuesday,-0.992,1.2299791326143166
60.88457107543945,67.73999786376953,67.76000213623047,66.87000274658203,67.20999908447266,3936700,0.37,2021-11-24,47,2021,24,Wednesday,-0.992,1.2299791326143166
59.302703857421875,65.9800033569336,66.36000061035156,65.45999908447266,66.13999938964844,4824100,-2.598,2021-11-26,47,2021,26,Friday,-0.992,1.2299791326143166
58.934181213378906,65.56999969482422,66.0999984741211,65.29000091552734,66.06999969482422,5398700,-0.621,2021-11-29,48,2021,29,Monday,-0.8859999999999999,1.1786712858129698
58.61061477661133,65.20999908447266,65.87000274658203,64.55000305175781,65.58999633789062,6595700,-0.549,2021-11-30,48,2021,30,Tuesday,-0.8859999999999999,1.1786712858129698
58.197166442871094,64.75,66.3499984741211,64.75,65.93000030517578,6474500,-0.705,2021-12-01,48,2021,1,Wednesday,-0.8859999999999999,1.1786712858129698
58.376922607421875,64.94999694824219,65.91000366210938,64.29000091552734,65.20999908447266,8347500,0.309,2021-12-02,48,2021,2,Thursday,-0.8859999999999999,1.1786712858129698
56.70516586303711,63.09000015258789,64.72000122070312,62.68000030517578,64.56999969482422,10263200,-2.864,2021-12-03,48,2021,3,Friday,-0.8859999999999999,1.1786712858129698
57.63092803955078,64.12000274658203,64.19000244140625,62.41999816894531,62.84000015258789,6943500,1.633,2021-12-06,49,2021,6,Monday,0.8785999999999999,0.9048277736674532
58.727455139160156,65.33999633789062,65.58999633789062,65.05999755859375,65.31999969482422,5310400,1.903,2021-12-07,49,2021,7,Tuesday,0.8785999999999999,0.9048277736674532
59.26674270629883,65.94000244140625,66.26000213623047,65.1500015258789,65.45999908447266,6329100,0.918,2021-12-08,49,2021,8,Wednesday,0.8785999999999999,0.9048277736674532
59.23078918457031,65.9000015258789,66.62000274658203,65.70999908447266,66.05000305175781,3800000,-0.061,2021-12-09,49,2021,9,Thursday,0.8785999999999999,0.9048277736674532
59.23078918457031,65.9000015258789,66.11000061035156,65.55000305175781,65.73999786376953,8905400,0.0,2021-12-10,49,2021,10,Friday,0.8785999999999999,0.9048277736674532
58.259342193603516,64.3499984741211,65.01000213623047,63.95000076293945,64.94999694824219,4671700,-1.64,2021-12-13,50,2021,13,Monday,-1.036,1.048719934014797
58.09638595581055,64.16999816894531,64.30999755859375,63.400001525878906,63.400001525878906,5881700,-0.28,2021-12-14,50,2021,14,Tuesday,-1.036,1.048719934014797
56.729305267333984,62.65999984741211,63.13999938964844,61.709999084472656,63.0,6740300,-2.353,2021-12-15,50,2021,15,Wednesday,-1.036,1.048719934014797
56.883216857910156,62.83000183105469,63.97999954223633,62.709999084472656,63.43000030517578,5365700,0.271,2021-12-16,50,2021,16,Thursday,-1.036,1.048719934014797
56.213253021240234,62.09000015258789,62.439998626708984,61.2400016784668,61.65999984741211,4705500,-1.178,2021-12-17,50,2021,17,Friday,-1.036,1.048719934014797
54.954811096191406,60.70000076293945,61.02000045776367,60.33000183105469,60.91999816894531,5045200,-2.239,2021-12-20,51,2021,20,Monday,0.2745000000000001,2.1951119181794203
56.62065887451172,62.540000915527344,62.61000061035156,61.29999923706055,61.45000076293945,4084900,3.031,2021-12-21,51,2021,21,Tuesday,0.2745000000000001,2.1951119181794203
56.42149353027344,62.31999969482422,62.34000015258789,61.54999923706055,61.97999954223633,3825700,-0.352,2021-12-22,51,2021,22,Wednesday,0.2745000000000001,2.1951119181794203
56.79267883300781,62.72999954223633,62.939998626708984,62.0099983215332,62.290000915527344,2903800,0.658,2021-12-23,51,2021,23,Thursday,0.2745000000000001,2.1951119181794203
56.60255813598633,62.52000045776367,63.18000030517578,62.16999816894531,62.279998779296875,3397000,-0.335,2021-12-27,52,2021,27,Monday,0.02899999999999998,2.0395966513014283
56.02313232421875,61.880001068115234,62.2400016784668,61.75,62.130001068115234,3585600,-1.024,2021-12-28,52,2021,28,Tuesday,0.02899999999999998,2.0395966513014283
55.19020462036133,60.959999084472656,61.40999984741211,60.5099983215332,61.220001220703125,3005700,-1.487,2021-12-29,52,2021,29,Wednesday,0.02899999999999998,2.0395966513014283
57.17292404174805,63.150001525878906,63.5,61.0,61.13999938964844,6932100,3.593,2021-12-30,52,2021,30,Thursday,0.02899999999999998,2.0395966513014283
56.828887939453125,62.77000045776367,63.52000045776367,62.630001068115234,63.0,4054200,-0.602,2021-12-31,52,2021,31,Friday,0.02899999999999998,2.0395966513014283
56.8198356628418,62.7599983215332,62.880001068115234,61.84000015258789,62.65999984741211,4064700,-0.016,2022-01-03,01,2022,3,Monday,-0.23699999999999996,1.7798244295435435
55.76057815551758,61.59000015258789,62.27000045776367,61.27000045776367,62.27000045776367,7281500,-1.864,2022-01-04,01,2022,4,Tuesday,-0.23699999999999996,1.7798244295435435
54.502140045166016,60.20000076293945,61.58000183105469,60.189998626708984,60.63999938964844,8029400,-2.257,2022-01-05,01,2022,5,Wednesday,-0.23699999999999996,1.7798244295435435
55.24452590942383,61.02000045776367,61.38999938964844,60.220001220703125,60.41999816894531,8462600,1.362,2022-01-06,01,2022,6,Thursday,-0.23699999999999996,1.7798244295435435
56.12272644042969,61.9900016784668,62.41999816894531,61.4900016784668,61.56999969482422,8083600,1.59,2022-01-07,01,2022,7,Friday,-0.23699999999999996,1.7798244295435435
56.24946212768555,62.130001068115234,62.5,61.54999923706055,62.279998779296875,8030700,0.226,2022-01-10,02,2022,10,Monday,0.5596,2.24692863705103
57.76140594482422,63.79999923706055,63.810001373291016,62.22999954223633,62.459999084472656,8570600,2.688,2022-01-11,02,2022,11,Tuesday,0.5596,2.24692863705103
59.01078796386719,65.18000030517578,65.33000183105469,64.58000183105469,65.0999984741211,8486600,2.163,2022-01-12,02,2022,12,Wednesday,0.5596,2.24692863705103
57.21819305419922,63.20000076293945,64.27999877929688,63.150001525878906,64.2699966430664,8757300,-3.038,2022-01-13,02,2022,13,Thursday,0.5596,2.24692863705103
57.65276336669922,63.68000030517578,63.939998626708984,63.13999938964844,63.40999984741211,4300800,0.759,2022-01-14,02,2022,14,Friday,0.5596,2.24692863705103
56.92848587036133,62.880001068115234,63.31999969482422,62.20000076293945,62.470001220703125,8542600,-1.256,2022-01-18,03,2022,18,Tuesday,-0.0472499999999999,2.0518382611697246
57.209144592285156,63.189998626708984,63.70000076293945,63.08000183105469,63.439998626708984,5376300,0.493,2022-01-19,03,2022,19,Wednesday,-0.0472499999999999,2.0518382611697246
58.69392013549805,64.83000183105469,66.05999755859375,64.70999908447266,65.51000213623047,7343600,2.595,2022-01-20,03,2022,20,Thursday,-0.0472499999999999,2.0518382611697246
57.50790786743164,63.52000045776367,64.83000183105469,63.40999984741211,64.77999877929688,4778400,-2.021,2022-01-21,03,2022,21,Friday,-0.0472499999999999,2.0518382611697246
56.68404006958008,62.61000061035156,62.779998779296875,61.25,62.61000061035156,8126300,-1.433,2022-01-24,04,2022,24,Monday,-1.1938,0.8172568139819942
56.43959426879883,62.34000015258789,62.75,61.84000015258789,62.099998474121094,5214400,-0.431,2022-01-25,04,2022,25,Tuesday,-1.1938,0.8172568139819942
55.38938903808594,61.18000030517578,62.83000183105469,61.130001068115234,62.810001373291016,5304600,-1.861,2022-01-26,04,2022,26,Wednesday,-1.1938,0.8172568139819942
54.27580261230469,59.95000076293945,60.84000015258789,59.93000030517578,60.790000915527344,5673400,-2.01,2022-01-27,04,2022,27,Thursday,-1.1938,0.8172568139819942
54.14905548095703,59.810001373291016,59.810001373291016,58.709999084472656,59.47999954223633,4444900,-0.234,2022-01-28,04,2022,28,Friday,-1.1938,0.8172568139819942
56.674983978271484,62.599998474121094,62.70000076293945,60.66999816894531,60.709999084472656,5763700,4.665,2022-01-31,05,2022,31,Monday,0.8708,2.230554011899286
57.028072357177734,62.9900016784668,63.11000061035156,62.209999084472656,62.869998931884766,5772000,0.623,2022-02-01,05,2022,1,Tuesday,0.8708,2.230554011899286
56.539180755615234,62.45000076293945,63.41999816894531,61.97999954223633,63.41999816894531,4615200,-0.857,2022-02-02,05,2022,2,Wednesday,0.8708,2.230554011899286
56.158935546875,62.029998779296875,62.560001373291016,61.65999984741211,61.970001220703125,5875700,-0.673,2022-02-03,05,2022,3,Thursday,0.8708,2.230554011899286
56.49391555786133,62.400001525878906,62.70000076293945,61.66999816894531,61.88999938964844,7585100,0.596,2022-02-04,05,2022,4,Friday,0.8708,2.230554011899286
56.1046142578125,61.970001220703125,62.29999923706055,61.7400016784668,62.09000015258789,5616000,-0.689,2022-02-07,06,2022,7,Monday,-0.046600000000000016,1.6827314996754532
56.729305267333984,62.65999984741211,62.709999084472656,61.599998474121094,61.68000030517578,5382900,1.113,2022-02-08,06,2022,8,Tuesday,-0.046600000000000016,1.6827314996754532
57.97869110107422,64.04000091552734,64.04000091552734,63.11000061035156,63.22999954223633,4349500,2.202,2022-02-09,06,2022,9,Wednesday,-0.046600000000000016,1.6827314996754532
57.48979949951172,63.5,64.4800033569336,63.15999984741211,63.29999923706055,7773600,-0.843,2022-02-10,06,2022,10,Thursday,-0.046600000000000016,1.6827314996754532
56.3309440612793,62.220001220703125,63.63999938964844,62.060001373291016,63.33000183105469,6856800,-2.016,2022-02-11,06,2022,11,Friday,-0.046600000000000016,1.6827314996754532
55.896385192871094,61.7400016784668,62.060001373291016,61.34000015258789,61.93000030517578,5290600,-0.771,2022-02-14,07,2022,14,Monday,-0.2,1.573216927190907
57.181983947753906,63.15999984741211,63.189998626708984,62.38999938964844,62.439998626708984,4296500,2.3,2022-02-15,07,2022,15,Tuesday,-0.2,1.573216927190907
57.26346206665039,63.25,63.619998931884766,62.720001220703125,63.029998779296875,5437300,0.142,2022-02-16,07,2022,16,Wednesday,-0.2,1.573216927190907
56.8198356628418,62.7599983215332,63.66999816894531,62.58000183105469,63.189998626708984,5221000,-0.775,2022-02-17,07,2022,17,Thursday,-0.2,1.573216927190907
55.742469787597656,61.56999969482422,62.150001525878906,61.20000076293945,62.150001525878906,6563800,-1.896,2022-02-18,07,2022,18,Friday,-0.2,1.573216927190907
54.24864196777344,59.91999816894531,60.52000045776367,59.599998474121094,60.060001373291016,5980000,-2.68,2022-02-22,08,2022,22,Tuesday,-0.9405,1.3381167114020114
53.66016387939453,59.27000045776367,60.470001220703125,59.150001525878906,60.43000030517578,4409100,-1.085,2022-02-23,08,2022,23,Wednesday,-0.9405,1.3381167114020114
53.3795051574707,58.959999084472656,58.9900016784668,56.630001068115234,56.630001068115234,8537800,-0.523,2022-02-24,08,2022,24,Thursday,-0.9405,1.3381167114020114
53.66016387939453,59.27000045776367,59.310001373291016,58.029998779296875,58.72999954223633,6373300,0.526,2022-02-25,08,2022,25,Friday,-0.9405,1.3381167114020114
53.0626335144043,58.61000061035156,58.95000076293945,58.130001068115234,58.22999954223633,8670000,-1.114,2022-02-28,09,2022,28,Monday,-1.3122,1.0353778054410863
53.04452133178711,58.59000015258789,59.279998779296875,58.349998474121094,58.5,4531900,-0.034,2022-03-01,09,2022,1,Tuesday,-1.3122,1.0353778054410863
52.65522766113281,58.15999984741211,58.59000015258789,57.540000915527344,58.59000015258789,4447100,-0.734,2022-03-02,09,2022,2,Wednesday,-1.3122,1.0353778054410863
51.27003860473633,56.630001068115234,57.90999984741211,56.54999923706055,57.79999923706055,5702500,-2.631,2022-03-03,09,2022,3,Thursday,-1.3122,1.0353778054410863
50.21982955932617,55.470001220703125,56.2599983215332,55.119998931884766,55.79999923706055,5480200,-2.048,2022-03-04,09,2022,4,Friday,-1.3122,1.0353778054410863
48.30953598022461,53.36000061035156,54.75,53.29999923706055,54.27000045776367,9935100,-3.804,2022-03-07,10,2022,7,Monday,-2.3796,2.7588531675317554
47.72106170654297,52.709999084472656,53.58000183105469,52.15999984741211,53.029998779296875,6787700,-1.218,2022-03-08,10,2022,8,Tuesday,-2.3796,2.7588531675317554
48.65357971191406,53.7400016784668,53.810001373291016,52.7400016784668,53.0099983215332,5066500,1.954,2022-03-09,10,2022,9,Wednesday,-2.3796,2.7588531675317554
46.51694107055664,51.380001068115234,52.04999923706055,51.09000015258789,52.040000915527344,5610300,-4.392,2022-03-10,10,2022,10,Thursday,-2.3796,2.7588531675317554
44.45274353027344,49.099998474121094,51.720001220703125,49.09000015258789,51.54999923706055,7009600,-4.438,2022-03-11,10,2022,11,Friday,-2.3796,2.7588531675317554
41.25685501098633,45.56999969482422,47.310001373291016,45.40999984741211,46.709999084472656,9771000,-7.189,2022-03-14,11,2022,14,Monday,2.7666000000000004,11.04129740112094
40.94903564453125,45.22999954223633,45.810001373291016,43.59000015258789,43.939998626708984,13852200,-0.746,2022-03-15,11,2022,15,Tuesday,2.7666000000000004,11.04129740112094
49.522708892822266,54.70000076293945,54.77000045776367,50.29999923706055,50.900001525878906,25402100,20.937,2022-03-16,11,2022,16,Wednesday,2.7666000000000004,11.04129740112094
47.657691955566406,52.63999938964844,52.91999816894531,51.52000045776367,52.91999816894531,11296300,-3.766,2022-03-17,11,2022,17,Thursday,2.7666000000000004,11.04129740112094
49.84864044189453,55.060001373291016,55.689998626708984,52.43000030517578,52.72999954223633,11023400,4.597,2022-03-18,11,2022,18,Friday,2.7666000000000004,11.04129740112094
47.98361587524414,53.0,53.709999084472656,52.150001525878906,53.29999923706055,7318700,-3.741,2022-03-21,12,2022,21,Monday,-0.6946,2.816055095341709
49.830528259277344,55.040000915527344,55.529998779296875,54.41999816894531,54.689998626708984,7449000,3.849,2022-03-22,12,2022,22,Tuesday,-0.6946,2.816055095341709
49.51365661621094,54.689998626708984,55.75,53.65999984741211,54.130001068115234,9578300,-0.636,2022-03-23,12,2022,23,Wednesday,-0.6946,2.816055095341709
49.051918029785156,54.18000030517578,54.36000061035156,53.369998931884766,54.13999938964844,4996200,-0.933,2022-03-24,12,2022,24,Thursday,-0.6946,2.816055095341709
48.065086364746094,53.09000015258789,53.189998626708984,52.459999084472656,52.86000061035156,7741200,-2.012,2022-03-25,12,2022,25,Friday,-0.6946,2.816055095341709
48.62641525268555,53.709999084472656,53.88999938964844,53.02000045776367,53.43000030517578,7063400,1.168,2022-03-28,13,2022,28,Monday,0.6457999999999999,2.642913297859012
49.549869537353516,54.72999954223633,55.279998779296875,54.52000045776367,54.869998931884766,6270300,1.899,2022-03-29,13,2022,29,Tuesday,0.6457999999999999,2.642913297859012
49.64945602416992,54.84000015258789,55.619998931884766,54.619998931884766,54.70000076293945,7363100,0.201,2022-03-30,13,2022,30,Wednesday,0.6457999999999999,2.642913297859012
47.88402557373047,52.88999938964844,54.119998931884766,52.86000061035156,54.099998474121094,7191500,-3.556,2022-03-31,13,2022,31,Thursday,0.6457999999999999,2.642913297859012
49.56797790527344,54.75,55.75,54.400001525878906,55.290000915527344,7358100,3.517,2022-04-01,13,2022,1,Friday,0.6457999999999999,2.642913297859012
51.143287658691406,56.4900016784668,56.560001373291016,55.56999969482422,56.02000045776367,7039500,3.178,2022-04-04,14,2022,4,Monday,-0.5469999999999999,2.354600709249872
49.72188949584961,54.91999816894531,56.22999954223633,54.83000183105469,56.15999984741211,7947500,-2.779,2022-04-05,14,2022,5,Tuesday,-0.5469999999999999,2.354600709249872
48.907073974609375,54.02000045776367,54.540000915527344,53.650001525878906,54.41999816894531,7034500,-1.639,2022-04-06,14,2022,6,Wednesday,-0.5469999999999999,2.354600709249872
48.0469856262207,53.06999969482422,53.720001220703125,52.7599983215332,53.66999816894531,7805100,-1.759,2022-04-07,14,2022,7,Thursday,-0.5469999999999999,2.354600709249872
48.17373275756836,53.209999084472656,53.70000076293945,53.06999969482422,53.369998931884766,6575600,0.264,2022-04-08,14,2022,8,Friday,-0.5469999999999999,2.354600709249872
47.0239372253418,51.939998626708984,52.63999938964844,51.75,52.029998779296875,7080200,-2.387,2022-04-11,15,2022,11,Monday,-0.4625,1.6945588413114097
46.96961975097656,51.880001068115234,52.77000045776367,51.75,52.540000915527344,7016700,-0.116,2022-04-12,15,2022,12,Tuesday,-0.4625,1.6945588413114097
47.74822235107422,52.7400016784668,52.88999938964844,51.90999984741211,52.130001068115234,5486000,1.658,2022-04-13,15,2022,13,Wednesday,-0.4625,1.6945588413114097
47.26838684082031,52.209999084472656,52.810001373291016,52.209999084472656,52.7400016784668,4299200,-1.005,2022-04-14,15,2022,14,Thursday,-0.4625,1.6945588413114097
46.90624237060547,51.810001373291016,52.040000915527344,51.130001068115234,51.7400016784668,5457700,-0.766,2022-04-18,16,2022,18,Monday,-1.4554,1.7155323663516233
46.58937072753906,51.459999084472656,51.5099983215332,50.560001373291016,51.15999984741211,5139600,-0.676,2022-04-19,16,2022,19,Tuesday,-1.4554,1.7155323663516233
45.177024841308594,49.900001525878906,51.060001373291016,49.88999938964844,51.040000915527344,6499900,-3.031,2022-04-20,16,2022,20,Wednesday,-1.4554,1.7155323663516233
43.62887191772461,48.189998626708984,49.689998626708984,48.02000045776367,49.47999954223633,9068600,-3.427,2022-04-21,16,2022,21,Thursday,-1.4554,1.7155323663516233
43.900482177734375,48.4900016784668,49.779998779296875,48.41999816894531,48.79999923706055,7805200,0.623,2022-04-22,16,2022,22,Friday,-1.4554,1.7155323663516233
43.05849838256836,47.560001373291016,47.59000015258789,46.540000915527344,46.709999084472656,10316500,-1.918,2022-04-25,17,2022,25,Monday,0.8320000000000001,2.863722839242653
42.09883117675781,46.5,47.31999969482422,46.5,47.310001373291016,7848900,-2.229,2022-04-26,17,2022,26,Tuesday,0.8320000000000001,2.863722839242653
43.601715087890625,48.15999984741211,48.58000183105469,47.619998931884766,47.720001220703125,10182300,3.57,2022-04-27,17,2022,27,Wednesday,0.8320000000000001,2.863722839242653
44.04533004760742,48.650001525878906,48.72999954223633,47.7400016784668,48.68000030517578,9053700,1.017,2022-04-28,17,2022,28,Thursday,0.8320000000000001,2.863722839242653
45.68402099609375,50.459999084472656,51.779998779296875,50.40999984741211,51.41999816894531,8894400,3.72,2022-04-29,17,2022,29,Friday,0.8320000000000001,2.863722839242653
45.928462982177734,50.72999954223633,50.93000030517578,49.790000915527344,50.209999084472656,7650700,0.535,2022-05-02,18,2022,2,Monday,-1.1636,2.7088370752040443
46.48072814941406,51.34000015258789,51.58000183105469,50.939998626708984,51.15999984741211,5607500,1.202,2022-05-03,18,2022,3,Tuesday,-1.1636,2.7088370752040443
46.688961029052734,51.56999969482422,51.650001525878906,50.040000915527344,50.41999816894531,8076600,0.448,2022-05-04,18,2022,4,Wednesday,-1.1636,2.7088370752040443
44.33504867553711,48.970001220703125,50.25,48.5,50.06999969482422,6976700,-5.042,2022-05-05,18,2022,5,Thursday,-1.1636,2.7088370752040443
43.02228927612305,47.52000045776367,48.470001220703125,47.349998474121094,48.380001068115234,6663300,-2.961,2022-05-06,18,2022,6,Friday,-1.1636,2.7088370752040443
41.44697952270508,45.779998779296875,46.939998626708984,45.599998474121094,46.439998626708984,7080100,-3.662,2022-05-09,19,2022,9,Monday,0.3656,2.7891408713078656
42.053565979003906,46.45000076293945,47.09000015258789,45.849998474121094,47.04999923706055,7989600,1.464,2022-05-10,19,2022,10,Tuesday,0.3656,2.7891408713078656
42.008296966552734,46.400001525878906,47.86000061035156,46.279998779296875,47.400001525878906,7296100,-0.108,2022-05-11,19,2022,11,Wednesday,0.3656,2.7891408713078656
42.053565979003906,46.45000076293945,47.09000015258789,45.59000015258789,46.13999938964844,7825300,0.108,2022-05-12,19,2022,12,Thursday,0.3656,2.7891408713078656
43.7465705871582,48.31999969482422,48.380001068115234,47.290000915527344,47.38999938964844,6738100,4.026,2022-05-13,19,2022,13,Friday,0.3656,2.7891408713078656
43.66509246826172,48.22999954223633,48.61000061035156,47.90999984741211,48.18000030517578,3768600,-0.186,2022-05-16,20,2022,16,Monday,0.603,2.340161319225664
45.041221618652344,49.75,50.290000915527344,49.130001068115234,49.97999954223633,6708300,3.152,2022-05-17,20,2022,17,Tuesday,0.603,2.340161319225664
43.8008918762207,48.380001068115234,49.4900016784668,48.27000045776367,49.11000061035156,4198900,-2.754,2022-05-18,20,2022,18,Wednesday,0.603,2.340161319225664
44.878257751464844,49.56999969482422,49.810001373291016,48.75,48.779998779296875,5614800,2.46,2022-05-19,20,2022,19,Thursday,0.603,2.340161319225664
45.032161712646484,49.7400016784668,50.5,48.939998626708984,50.189998626708984,8578000,0.343,2022-05-20,20,2022,20,Friday,0.603,2.340161319225664
45.05027389526367,49.7599983215332,49.790000915527344,49.279998779296875,49.70000076293945,9497300,0.04,2022-05-23,21,2022,23,Monday,0.21600000000000003,2.6253727354415792
43.32105255126953,47.849998474121094,48.529998779296875,47.54999923706055,48.5099983215332,5059700,-3.838,2022-05-24,21,2022,24,Tuesday,0.21600000000000003,2.6253727354415792
43.728458404541016,48.29999923706055,48.43000030517578,47.86000061035156,48.08000183105469,5252000,0.94,2022-05-25,21,2022,25,Wednesday,0.21600000000000003,2.6253727354415792
45.24039840698242,49.970001220703125,50.11000061035156,48.47999954223633,48.5,4507800,3.458,2022-05-26,21,2022,26,Thursday,0.21600000000000003,2.6253727354415792
45.45768356323242,50.209999084472656,50.220001220703125,49.470001220703125,50.119998931884766,3705900,0.48,2022-05-27,21,2022,27,Friday,0.21600000000000003,2.6253727354415792
46.88813781738281,51.790000915527344,52.529998779296875,51.72999954223633,52.5,5564600,3.147,2022-05-31,22,2022,31,Tuesday,0.8584999999999999,2.450781167981616
46.435462951660156,51.290000915527344,52.22999954223633,50.9900016784668,52.04999923706055,5433300,-0.965,2022-06-01,22,2022,1,Wednesday,0.8584999999999999,2.450781167981616
47.7301139831543,52.720001220703125,52.7400016784668,51.540000915527344,51.63999938964844,3891500,2.788,2022-06-02,22,2022,2,Thursday,0.8584999999999999,2.450781167981616
46.99678039550781,51.90999984741211,52.470001220703125,51.7599983215332,52.470001220703125,7120800,-1.536,2022-06-03,22,2022,3,Friday,0.8584999999999999,2.450781167981616
48.1103630065918,53.13999938964844,53.93000030517578,52.90999984741211,53.630001068115234,9634800,2.369,2022-06-06,23,2022,6,Monday,0.7314,2.8243415692865477
48.979496002197266,54.099998474121094,54.16999816894531,52.97999954223633,53.18000030517578,5846200,1.807,2022-06-07,23,2022,7,Tuesday,0.7314,2.8243415692865477
50.53670120239258,55.81999969482422,56.029998779296875,54.77000045776367,55.040000915527344,9869800,3.179,2022-06-08,23,2022,8,Wednesday,0.7314,2.8243415692865477
48.54465866088867,53.31999969482422,54.63999938964844,53.31999969482422,54.29999923706055,7112300,-3.942,2022-06-09,23,2022,9,Thursday,0.7314,2.8243415692865477
48.66301345825195,53.45000076293945,54.29999923706055,53.08000183105469,54.06999969482422,5760000,0.244,2022-06-10,23,2022,10,Friday,0.7314,2.8243415692865477
46.569007873535156,51.150001525878906,52.439998626708984,50.880001068115234,52.04999923706055,11384600,-4.303,2022-06-13,24,2022,13,Monday,-0.2036,3.460372927879306
48.04391860961914,52.77000045776367,53.0099983215332,51.88999938964844,52.02000045776367,5581300,3.167,2022-06-14,24,2022,14,Tuesday,-0.2036,3.460372927879306
48.98167037963867,53.79999923706055,54.11000061035156,52.91999816894531,53.47999954223633,6722900,1.952,2022-06-15,24,2022,15,Wednesday,-0.2036,3.460372927879306
47.23362350463867,51.880001068115234,52.349998474121094,51.470001220703125,52.0,8916000,-3.569,2022-06-16,24,2022,16,Thursday,-0.2036,3.460372927879306
48.053016662597656,52.779998779296875,53.84000015258789,52.29999923706055,53.709999084472656,9535800,1.735,2022-06-17,24,2022,17,Friday,-0.2036,3.460372927879306
49.34584426879883,54.20000076293945,54.400001525878906,53.72999954223633,53.959999084472656,4974100,2.69,2022-06-21,25,2022,21,Tuesday,1.4205,2.0301365307124875
48.581077575683594,53.36000061035156,53.83000183105469,53.099998474121094,53.209999084472656,7296800,-1.55,2022-06-22,25,2022,22,Wednesday,1.4205,2.0301365307124875
49.44599533081055,54.310001373291016,54.7599983215332,53.66999816894531,54.20000076293945,6715200,1.78,2022-06-23,25,2022,23,Thursday,1.4205,2.0301365307124875
50.8116569519043,55.810001373291016,55.88999938964844,55.20000076293945,55.349998474121094,9490000,2.762,2022-06-24,25,2022,24,Friday,1.4205,2.0301365307124875
50.94821548461914,55.959999084472656,56.720001220703125,55.86000061035156,56.65999984741211,3645900,0.269,2022-06-27,26,2022,27,Monday,0.0078,0.3367093702289855
50.95732498168945,55.970001220703125,57.08000183105469,55.869998931884766,56.790000915527344,12642600,0.018,2022-06-28,26,2022,28,Tuesday,0.0078,0.3367093702289855
50.675086975097656,55.65999984741211,55.77000045776367,55.22999954223633,55.529998779296875,10368800,-0.554,2022-06-29,26,2022,29,Wednesday,0.0078,0.3367093702289855
50.8116569519043,55.810001373291016,55.810001373291016,54.709999084472656,55.33000183105469,6830100,0.27,2022-06-30,26,2022,30,Thursday,0.0078,0.3367093702289855
50.82986831665039,55.83000183105469,56.0,55.09000015258789,55.61000061035156,5773400,0.036,2022-07-01,26,2022,1,Friday,0.0078,0.3367093702289855
50.638675689697266,55.619998931884766,55.68000030517578,54.33000183105469,54.650001525878906,9887800,-0.376,2022-07-05,27,2022,5,Tuesday,-0.12899999999999995,1.647052923658901
49.88300323486328,54.790000915527344,55.13999938964844,54.189998626708984,55.04999923706055,7464000,-1.492,2022-07-06,27,2022,6,Wednesday,-0.12899999999999995,1.647052923658901
51.00284957885742,56.02000045776367,56.2599983215332,55.400001525878906,55.41999816894531,6054900,2.245,2022-07-07,27,2022,7,Thursday,-0.12899999999999995,1.647052923658901
50.54762649536133,55.52000045776367,55.93000030517578,55.119998931884766,55.540000915527344,4812100,-0.893,2022-07-08,27,2022,8,Friday,-0.12899999999999995,1.647052923658901
48.2988395690918,53.04999923706055,53.720001220703125,52.900001525878906,53.720001220703125,10709400,-4.449,2022-07-11,28,2022,11,Monday,-1.5535999999999999,1.6558710094690348
48.053016662597656,52.779998779296875,53.060001373291016,52.400001525878906,52.79999923706055,7591800,-0.509,2022-07-12,28,2022,12,Tuesday,-1.5535999999999999,1.6558710094690348
47.83451843261719,52.540000915527344,52.9900016784668,51.77000045776367,51.84000015258789,5223500,-0.455,2022-07-13,28,2022,13,Wednesday,-1.5535999999999999,1.6558710094690348
47.251834869384766,51.900001525878906,52.29999923706055,51.56999969482422,52.25,5568000,-1.218,2022-07-14,28,2022,14,Thursday,-1.5535999999999999,1.6558710094690348
46.71467208862305,51.310001373291016,51.31999969482422,50.38999938964844,51.22999954223633,4988100,-1.137,2022-07-15,28,2022,15,Friday,-1.5535999999999999,1.6558710094690348
47.47945022583008,52.150001525878906,52.970001220703125,52.02000045776367,52.4900016784668,3035800,1.637,2022-07-18,29,2022,18,Monday,0.02939999999999996,1.5759088806146122
47.91645812988281,52.630001068115234,52.68000030517578,52.13999938964844,52.45000076293945,2855300,0.92,2022-07-19,29,2022,19,Tuesday,0.02939999999999996,1.5759088806146122
47.5340690612793,52.209999084472656,52.65999984741211,51.95000076293945,52.38999938964844,4598900,-0.798,2022-07-20,29,2022,20,Wednesday,0.02939999999999996,1.5759088806146122
47.86182403564453,52.56999969482422,52.599998474121094,52.08000183105469,52.08000183105469,4782200,0.69,2022-07-21,29,2022,21,Thursday,0.02939999999999996,1.5759088806146122
46.760196685791016,51.36000061035156,52.22999954223633,51.189998626708984,52.22999954223633,3909100,-2.302,2022-07-22,29,2022,22,Friday,0.02939999999999996,1.5759088806146122
46.978702545166016,51.599998474121094,51.68000030517578,51.22999954223633,51.470001220703125,3619300,0.467,2022-07-25,30,2022,25,Monday,-0.6482,1.6202909306664652
46.778404235839844,51.380001068115234,52.20000076293945,51.279998779296875,51.970001220703125,4279900,-0.426,2022-07-26,30,2022,26,Tuesday,-0.6482,1.6202909306664652
47.24272918701172,51.88999938964844,51.970001220703125,51.02000045776367,51.58000183105469,3839200,0.993,2022-07-27,30,2022,27,Wednesday,-0.6482,1.6202909306664652
46.71467208862305,51.310001373291016,51.720001220703125,50.56999969482422,51.650001525878906,4346800,-1.118,2022-07-28,30,2022,28,Thursday,-0.6482,1.6202909306664652
45.23976516723633,49.689998626708984,49.79999923706055,49.27000045776367,49.68000030517578,6680100,-3.157,2022-07-29,30,2022,29,Friday,-0.6482,1.6202909306664652
44.71170425415039,49.11000061035156,49.349998474121094,48.56999969482422,49.13999938964844,6965800,-1.167,2022-08-01,31,2022,1,Monday,-0.026800000000000025,1.1565819037145617
44.456783294677734,48.83000183105469,49.529998779296875,48.119998931884766,48.209999084472656,10898700,-0.57,2022-08-02,31,2022,2,Tuesday,-0.026800000000000025,1.1565819037145617
44.83917236328125,49.25,49.36000061035156,48.5,48.83000183105469,3761300,0.86,2022-08-03,31,2022,3,Wednesday,-0.026800000000000025,1.1565819037145617
45.52199172973633,50.0,50.599998474121094,49.7599983215332,50.16999816894531,3510600,1.523,2022-08-04,31,2022,4,Thursday,-0.026800000000000025,1.1565819037145617
45.166927337646484,49.61000061035156,49.709999084472656,49.20000076293945,49.43000030517578,3103800,-0.78,2022-08-05,31,2022,5,Friday,-0.026800000000000025,1.1565819037145617
44.83006286621094,49.2400016784668,49.709999084472656,49.150001525878906,49.47999954223633,3392300,-0.746,2022-08-08,32,2022,8,Monday,0.15280000000000002,1.021124723038278
44.566036224365234,48.95000076293945,49.40999984741211,48.84000015258789,49.189998626708984,1918400,-0.589,2022-08-09,32,2022,9,Tuesday,0.15280000000000002,1.021124723038278
44.566036224365234,48.95000076293945,49.029998779296875,48.220001220703125,48.689998626708984,3476500,0.0,2022-08-10,32,2022,10,Wednesday,0.15280000000000002,1.021124723038278
45.3763313293457,49.84000015258789,50.720001220703125,49.650001525878906,49.65999984741211,6143400,1.818,2022-08-11,32,2022,11,Thursday,0.15280000000000002,1.021124723038278
45.503787994384766,49.97999954223633,49.97999954223633,49.150001525878906,49.29999923706055,3757900,0.281,2022-08-12,32,2022,12,Friday,0.15280000000000002,1.021124723038278
45.29438781738281,49.75,49.869998931884766,49.33000183105469,49.619998931884766,3507900,-0.46,2022-08-15,33,2022,15,Monday,-0.6113999999999999,0.25531020347804356
45.02125549316406,49.45000076293945,49.630001068115234,49.220001220703125,49.290000915527344,3171200,-0.603,2022-08-16,33,2022,16,Tuesday,-0.6113999999999999,0.25531020347804356
44.88468551635742,49.29999923706055,49.59000015258789,49.18000030517578,49.29999923706055,4349100,-0.303,2022-08-17,33,2022,17,Wednesday,-0.6113999999999999,0.25531020347804356
44.44768142700195,48.81999969482422,49.09000015258789,48.5,49.09000015258789,3438700,-0.974,2022-08-18,33,2022,18,Thursday,-0.6113999999999999,0.25531020347804356
44.1290283203125,48.470001220703125,48.849998474121094,48.349998474121094,48.65999984741211,2024500,-0.717,2022-08-19,33,2022,19,Friday,-0.6113999999999999,0.25531020347804356
44.30200958251953,48.65999984741211,48.880001068115234,48.4900016784668,48.5099983215332,2633100,0.392,2022-08-22,34,2022,22,Monday,0.7909999999999999,1.9509586105297057
44.38394546508789,48.75,48.84000015258789,48.119998931884766,48.650001525878906,4784900,0.185,2022-08-23,34,2022,23,Tuesday,0.7909999999999999,1.9509586105297057
44.38394546508789,48.75,49.20000076293945,47.650001525878906,47.869998931884766,6425000,0.0,2022-08-24,34,2022,24,Wednesday,0.7909999999999999,1.9509586105297057
46.241241455078125,50.790000915527344,50.810001373291016,49.619998931884766,49.84000015258789,4284200,4.185,2022-08-25,34,2022,25,Thursday,0.7909999999999999,1.9509586105297057
45.86796569824219,50.380001068115234,51.93000030517578,50.29999923706055,51.81999969482422,8153700,-0.807,2022-08-26,34,2022,26,Friday,0.7909999999999999,1.9509586105297057
45.476478576660156,49.95000076293945,50.869998931884766,49.93000030517578,50.27000045776367,7296200,-0.854,2022-08-29,35,2022,29,Monday,-0.8211999999999999,1.6119347691516552
44.420372009277344,48.790000915527344,49.7599983215332,48.59000015258789,49.650001525878906,5177700,-2.322,2022-08-30,35,2022,30,Tuesday,-0.8211999999999999,1.6119347691516552
45.23976516723633,49.689998626708984,50.33000183105469,49.529998779296875,49.790000915527344,5880900,1.845,2022-08-31,35,2022,31,Wednesday,-0.8211999999999999,1.6119347691516552
44.81185531616211,49.220001220703125,49.33000183105469,48.68000030517578,49.150001525878906,5208800,-0.946,2022-09-01,35,2022,1,Thursday,-0.8211999999999999,1.6119347691516552
43.992462158203125,48.31999969482422,48.93000030517578,48.27000045776367,48.81999969482422,3178000,-1.829,2022-09-02,35,2022,2,Friday,-0.8211999999999999,1.6119347691516552
43.145751953125,47.38999938964844,47.91999816894531,47.369998931884766,47.900001525878906,3567100,-1.925,2022-09-06,36,2022,6,Tuesday,0.03475,1.927940589506499
43.746639251708984,48.04999923706055,48.11000061035156,47.349998474121094,47.43000030517578,3858500,1.393,2022-09-07,36,2022,7,Wednesday,0.03475,1.927940589506499
43.182167053222656,47.43000030517578,47.52000045776367,47.0099983215332,47.29999923706055,3110700,-1.29,2022-09-08,36,2022,8,Thursday,0.03475,1.927940589506499
44.02888107299805,48.36000061035156,48.599998474121094,48.22999954223633,48.25,2615100,1.961,2022-09-09,36,2022,9,Friday,0.03475,1.927940589506499
44.66618728637695,49.060001373291016,49.08000183105469,48.43000030517578,48.61000061035156,3795400,1.447,2022-09-12,37,2022,12,Monday,-0.9001999999999999,1.8491194390844523
43.182167053222656,47.43000030517578,48.15999984741211,47.349998474121094,47.86000061035156,6516100,-3.322,2022-09-13,37,2022,13,Tuesday,-0.9001999999999999,1.8491194390844523
43.255001068115234,47.5099983215332,47.59000015258789,47.18000030517578,47.439998626708984,3784000,0.169,2022-09-14,37,2022,14,Wednesday,-0.9001999999999999,1.8491194390844523
42.89992904663086,47.119998931884766,47.630001068115234,47.0099983215332,47.2400016784668,2999300,-0.821,2022-09-15,37,2022,15,Thursday,-0.9001999999999999,1.8491194390844523
42.053218841552734,46.189998626708984,46.4900016784668,45.9900016784668,46.439998626708984,3569700,-1.974,2022-09-16,37,2022,16,Friday,-0.9001999999999999,1.8491194390844523
42.15336990356445,46.29999923706055,46.29999923706055,45.81999969482422,45.83000183105469,2632900,0.238,2022-09-19,38,2022,19,Monday,-1.1502,1.253996291860546
41.89844512939453,46.02000045776367,46.380001068115234,45.88999938964844,46.130001068115234,2771300,-0.605,2022-09-20,38,2022,20,Tuesday,-1.1502,1.253996291860546
40.660247802734375,44.65999984741211,45.470001220703125,44.650001525878906,45.43000030517578,5910300,-2.955,2022-09-21,38,2022,21,Wednesday,-1.1502,1.253996291860546
40.42353820800781,44.400001525878906,44.959999084472656,44.380001068115234,44.779998779296875,2633200,-0.582,2022-09-22,38,2022,22,Thursday,-1.1502,1.253996291860546
39.676971435546875,43.58000183105469,43.72999954223633,43.34000015258789,43.630001068115234,4648000,-1.847,2022-09-23,38,2022,23,Friday,-1.1502,1.253996291860546
39.86817169189453,43.790000915527344,44.290000915527344,43.779998779296875,44.09000015258789,4799700,0.482,2022-09-26,39,2022,26,Monday,-0.466,1.2744895056452994
39.7133903503418,43.619998931884766,44.529998779296875,43.45000076293945,44.09000015258789,6612100,-0.388,2022-09-27,39,2022,27,Tuesday,-0.466,1.2744895056452994
40.02294158935547,43.959999084472656,44.09000015258789,43.0,43.119998931884766,5736800,0.779,2022-09-28,39,2022,28,Wednesday,-0.466,1.2744895056452994
39.03966522216797,42.880001068115234,42.959999084472656,42.349998474121094,42.93000030517578,13591100,-2.457,2022-09-29,39,2022,29,Thursday,-0.466,1.2744895056452994
38.74832534790039,42.560001373291016,43.029998779296875,42.369998931884766,42.369998931884766,7496800,-0.746,2022-09-30,39,2022,30,Friday,-0.466,1.2744895056452994
38.96683120727539,42.79999923706055,42.93000030517578,42.22999954223633,42.59000015258789,4384900,0.564,2022-10-03,40,2022,3,Monday,0.2764000000000001,2.4587804497351935
40.523685455322266,44.5099983215332,44.81999969482422,43.66999816894531,43.66999816894531,8652400,3.995,2022-10-04,40,2022,4,Tuesday,0.2764000000000001,2.4587804497351935
40.723976135253906,44.72999954223633,44.9900016784668,44.36000061035156,44.68000030517578,3551800,0.494,2022-10-05,40,2022,5,Wednesday,0.2764000000000001,2.4587804497351935
40.30517578125,44.27000045776367,44.75,44.20000076293945,44.40999984741211,2388500,-1.028,2022-10-06,40,2022,6,Thursday,0.2764000000000001,2.4587804497351935
39.239959716796875,43.099998474121094,43.7400016784668,43.0,43.52000045776367,2848900,-2.643,2022-10-07,40,2022,7,Friday,0.2764000000000001,2.4587804497351935
37.91072082519531,41.63999938964844,42.220001220703125,41.459999084472656,42.20000076293945,3039600,-3.387,2022-10-10,41,2022,10,Monday,-1.4936,1.3919916666417222
37.000282287597656,40.63999938964844,41.130001068115234,40.369998931884766,41.02000045776367,4599800,-2.402,2022-10-11,41,2022,11,Tuesday,-1.4936,1.3919916666417222
36.99117660522461,40.630001068115234,41.02000045776367,40.45000076293945,40.560001373291016,5221200,-0.025,2022-10-12,41,2022,12,Wednesday,-1.4936,1.3919916666417222
36.827301025390625,40.45000076293945,40.68000030517578,39.209999084472656,39.38999938964844,5174700,-0.443,2022-10-13,41,2022,13,Thursday,-1.4936,1.3919916666417222
36.38118362426758,39.959999084472656,41.16999816894531,39.939998626708984,41.16999816894531,5510000,-1.211,2022-10-14,41,2022,14,Friday,-1.4936,1.3919916666417222
37.4463996887207,41.130001068115234,41.41999816894531,40.869998931884766,40.869998931884766,4318200,2.928,2022-10-17,42,2022,17,Monday,-0.0031999999999999806,2.58446216842112
37.30982971191406,40.97999954223633,41.7599983215332,40.7400016784668,41.66999816894531,4112000,-0.365,2022-10-18,42,2022,18,Tuesday,-0.0031999999999999806,2.58446216842112
35.78028869628906,39.29999923706055,40.08000183105469,39.16999816894531,39.939998626708984,7809300,-4.1,2022-10-19,42,2022,19,Wednesday,-0.0031999999999999806,2.58446216842112
35.99879837036133,39.540000915527344,40.33000183105469,39.45000076293945,39.45000076293945,5444000,0.611,2022-10-20,42,2022,20,Thursday,-0.0031999999999999806,2.58446216842112
36.32655715942383,39.900001525878906,39.93000030517578,39.06999969482422,39.310001373291016,9635600,0.91,2022-10-21,42,2022,21,Friday,-0.0031999999999999806,2.58446216842112
32.82136535644531,36.04999923706055,36.540000915527344,35.02000045776367,36.529998779296875,13315900,-9.649,2022-10-24,43,2022,24,Monday,-1.7759999999999998,5.370724066641294
33.41314697265625,36.70000076293945,37.06999969482422,36.4900016784668,36.65999984741211,9024900,1.803,2022-10-25,43,2022,25,Tuesday,-1.7759999999999998,5.370724066641294
34.89716339111328,38.33000183105469,38.689998626708984,37.040000915527344,37.130001068115234,9498700,4.441,2022-10-26,43,2022,26,Wednesday,-1.7759999999999998,5.370724066641294
34.0140380859375,37.36000061035156,37.970001220703125,37.29999923706055,37.529998779296875,6128600,-2.531,2022-10-27,43,2022,27,Thursday,-1.7759999999999998,5.370724066641294
33.012550354003906,36.2599983215332,36.290000915527344,35.7599983215332,36.0,5454800,-2.944,2022-10-28,43,2022,28,Friday,-1.7759999999999998,5.370724066641294
32.39345932006836,35.58000183105469,35.900001525878906,35.400001525878906,35.45000076293945,3229100,-1.875,2022-10-31,44,2022,31,Monday,2.3802,3.5137519405900015
33.795528411865234,37.119998931884766,37.849998474121094,37.099998474121094,37.75,5664500,4.328,2022-11-01,44,2022,1,Tuesday,2.3802,3.5137519405900015
34.06866455078125,37.41999816894531,38.2599983215332,37.380001068115234,37.72999954223633,6992400,0.808,2022-11-02,44,2022,2,Wednesday,2.3802,3.5137519405900015
34.532989501953125,37.93000030517578,38.13999938964844,36.900001525878906,37.0099983215332,5309500,1.363,2022-11-03,44,2022,3,Thursday,2.3802,3.5137519405900015
37.04580307006836,40.689998626708984,40.70000076293945,39.689998626708984,40.59000015258789,13989100,7.277,2022-11-04,44,2022,4,Friday,2.3802,3.5137519405900015
37.01848602294922,40.65999984741211,41.310001373291016,40.5,41.119998931884766,5617500,-0.074,2022-11-07,45,2022,7,Monday,1.1034000000000002,3.6978194655769774
36.963863372802734,40.599998474121094,40.81999969482422,39.939998626708984,40.349998474121094,5047100,-0.148,2022-11-08,45,2022,8,Tuesday,1.1034000000000002,3.6978194655769774
35.570884704589844,39.06999969482422,39.7400016784668,39.02000045776367,39.66999816894531,9278600,-3.768,2022-11-09,45,2022,9,Wednesday,1.1034000000000002,3.6978194655769774
37.5556526184082,41.25,41.310001373291016,40.650001525878906,40.779998779296875,6802300,5.58,2022-11-10,45,2022,10,Thursday,1.1034000000000002,3.6978194655769774
39.03055953979492,42.869998931884766,43.130001068115234,42.459999084472656,42.68000030517578,9263100,3.927,2022-11-11,45,2022,11,Friday,1.1034000000000002,3.6978194655769774
39.285484313964844,43.150001525878906,43.63999938964844,42.97999954223633,43.40999984741211,8635600,0.653,2022-11-14,46,2022,14,Monday,0.5864000000000001,3.0776835932239686
41.252037048339844,45.310001373291016,45.689998626708984,44.93000030517578,45.4900016784668,8561500,5.006,2022-11-15,46,2022,15,Tuesday,0.5864000000000001,3.0776835932239686
40.51457595825195,44.5,45.0099983215332,44.349998474121094,44.97999954223633,3297300,-1.788,2022-11-16,46,2022,16,Wednesday,0.5864000000000001,3.0776835932239686
41.252037048339844,45.310001373291016,45.349998474121094,43.5,43.5,8967700,1.82,2022-11-17,46,2022,17,Thursday,0.5864000000000001,3.0776835932239686
40.113983154296875,44.060001373291016,44.47999954223633,43.900001525878906,44.45000076293945,3947800,-2.759,2022-11-18,46,2022,18,Friday,0.5864000000000001,3.0776835932239686
39.44936752319336,43.33000183105469,43.709999084472656,43.150001525878906,43.4900016784668,10434900,-1.657,2022-11-21,47,2022,21,Monday,-0.84975,1.3186349949853446
39.06698226928711,42.90999984741211,43.02000045776367,42.5099983215332,42.65999984741211,6164500,-0.969,2022-11-22,47,2022,22,Tuesday,-0.84975,1.3186349949853446
39.4766731262207,43.36000061035156,43.4900016784668,43.09000015258789,43.22999954223633,4572900,1.049,2022-11-23,47,2022,23,Wednesday,-0.84975,1.3186349949853446
38.75743103027344,42.56999969482422,42.79999923706055,42.540000915527344,42.72999954223633,1249700,-1.822,2022-11-25,47,2022,25,Friday,-0.84975,1.3186349949853446
39.19443893432617,43.04999923706055,43.529998779296875,42.470001220703125,42.47999954223633,5757500,1.128,2022-11-28,48,2022,28,Monday,2.348,2.2855269633062743
40.8969612121582,44.91999816894531,45.189998626708984,44.65999984741211,44.849998474121094,6642400,4.344,2022-11-29,48,2022,29,Tuesday,2.348,2.2855269633062743
42.79978561401367,47.0099983215332,47.41999816894531,46.34000015258789,46.41999816894531,9146800,4.653,2022-11-30,48,2022,30,Wednesday,2.348,2.2855269633062743
42.4447135925293,46.619998931884766,47.029998779296875,46.380001068115234,46.72999954223633,7402000,-0.83,2022-12-01,48,2022,1,Thursday,2.348,2.2855269633062743
43.482608795166016,47.7599983215332,48.029998779296875,46.220001220703125,46.29999923706055,3596800,2.445,2022-12-02,48,2022,2,Friday,2.348,2.2855269633062743
43.43709182739258,47.709999084472656,48.66999816894531,47.54999923706055,48.630001068115234,8553700,-0.105,2022-12-05,49,2022,5,Monday,0.4204,1.8445071970583362
44.0379753112793,48.369998931884766,48.68000030517578,47.91999816894531,48.54999923706055,3323300,1.383,2022-12-06,49,2022,6,Tuesday,0.4204,1.8445071970583362
43.32783889770508,47.59000015258789,47.810001373291016,47.08000183105469,47.36000061035156,8222300,-1.613,2022-12-07,49,2022,7,Wednesday,0.4204,1.8445071970583362
44.66618728637695,49.060001373291016,49.220001220703125,48.56999969482422,48.75,4679200,3.089,2022-12-08,49,2022,8,Thursday,0.4204,1.8445071970583362
44.37484359741211,48.7400016784668,49.5,48.709999084472656,49.439998626708984,6086500,-0.652,2022-12-09,49,2022,9,Friday,0.4204,1.8445071970583362
43.992462158203125,48.31999969482422,48.41999816894531,47.72999954223633,48.40999984741211,6786500,-0.862,2022-12-12,50,2022,12,Monday,-0.2792,1.2638804136467976
44.373172760009766,48.02000045776367,49.2400016784668,47.81999969482422,48.7400016784668,5730600,0.865,2022-12-13,50,2022,13,Tuesday,-0.2792,1.2638804136467976
44.678104400634766,48.349998474121094,48.54999923706055,47.900001525878906,48.220001220703125,4807300,0.687,2022-12-14,50,2022,14,Wednesday,-0.2792,1.2638804136467976
43.6986083984375,47.290000915527344,48.77000045776367,47.09000015258789,48.4900016784668,10502000,-2.192,2022-12-15,50,2022,15,Thursday,-0.2792,1.2638804136467976
43.744815826416016,47.34000015258789,47.970001220703125,47.33000183105469,47.599998474121094,5315700,0.106,2022-12-16,50,2022,16,Friday,-0.2792,1.2638804136467976
43.402915954589844,46.970001220703125,47.54999923706055,46.90999984741211,47.5099983215332,3376600,-0.782,2022-12-19,51,2022,19,Monday,-0.23919999999999994,1.342012369540609
42.84847640991211,46.369998931884766,46.81999969482422,46.130001068115234,46.209999084472656,3825600,-1.277,2022-12-20,51,2022,20,Tuesday,-0.23919999999999994,1.342012369540609
43.75404739379883,47.349998474121094,47.439998626708984,46.36000061035156,46.630001068115234,4592700,2.113,2022-12-21,51,2022,21,Wednesday,-0.23919999999999994,1.342012369540609
43.467594146728516,47.040000915527344,47.619998931884766,46.65999984741211,47.43000030517578,3347600,-0.655,2022-12-22,51,2022,22,Thursday,-0.23919999999999994,1.342012369540609
43.20885467529297,46.7599983215332,47.31999969482422,46.66999816894531,47.20000076293945,3143000,-0.595,2022-12-23,51,2022,23,Friday,-0.23919999999999994,1.342012369540609
44.90911865234375,48.599998474121094,48.90999984741211,47.68000030517578,47.779998779296875,4831300,3.935,2022-12-27,52,2022,27,Tuesday,0.43525,3.35108981029555
43.57848358154297,47.15999984741211,48.22999954223633,47.11000061035156,48.16999816894531,4851200,-2.963,2022-12-28,52,2022,28,Wednesday,0.43525,3.35108981029555
44.715065002441406,48.38999938964844,48.47999954223633,47.709999084472656,47.93000030517578,2566800,2.608,2022-12-29,52,2022,29,Thursday,0.43525,3.35108981029555
43.892662048339844,47.5,48.150001525878906,47.439998626708984,47.790000915527344,3666300,-1.839,2022-12-30,52,2022,30,Friday,0.43525,3.35108981029555
45.38039016723633,49.11000061035156,49.59000015258789,48.779998779296875,48.83000183105469,4002200,3.389,2023-01-03,01,2023,3,Tuesday,2.44375,2.7558412357511943
48.060150146484375,52.0099983215332,52.040000915527344,50.459999084472656,50.79999923706055,9712700,5.905,2023-01-04,01,2023,4,Wednesday,2.44375,2.7558412357511943
48.023193359375,51.970001220703125,52.130001068115234,51.290000915527344,51.38999938964844,12129700,-0.077,2023-01-05,01,2023,5,Thursday,2.44375,2.7558412357511943
48.291168212890625,52.2599983215332,52.310001373291016,51.2599983215332,51.77000045776367,15193300,0.558,2023-01-06,01,2023,6,Friday,2.44375,2.7558412357511943
48.466739654541016,52.45000076293945,53.08000183105469,52.41999816894531,52.970001220703125,6413900,0.364,2023-01-09,02,2023,9,Monday,0.6156,0.8776256605181961
48.956485748291016,52.97999954223633,53.060001373291016,52.310001373291016,52.709999084472656,4868100,1.01,2023-01-10,02,2023,10,Tuesday,0.6156,0.8776256605181961
49.35383224487305,53.40999984741211,53.54999923706055,52.849998474121094,53.099998474121094,5823200,0.812,2023-01-11,02,2023,11,Wednesday,0.6156,0.8776256605181961
48.99345397949219,53.02000045776367,53.119998931884766,52.41999816894531,53.06999969482422,6921700,-0.73,2023-01-12,02,2023,12,Thursday,0.6156,0.8776256605181961
49.78813552856445,53.880001068115234,53.91999816894531,53.369998931884766,53.400001525878906,8974400,1.622,2023-01-13,02,2023,13,Friday,0.6156,0.8776256605181961
49.178260803222656,53.220001220703125,53.43000030517578,52.93000030517578,53.400001525878906,7903700,-1.225,2023-01-17,03,2023,17,Tuesday,0.382,1.868373445897081
48.56838607788086,52.560001373291016,53.75,52.54999923706055,53.65999984741211,5989100,-1.24,2023-01-18,03,2023,18,Wednesday,0.382,1.868373445897081
49.46471405029297,53.529998779296875,53.66999816894531,53.09000015258789,53.189998626708984,5886300,1.845,2023-01-19,03,2023,19,Thursday,0.382,1.868373445897081
50.52737808227539,54.68000030517578,54.720001220703125,54.029998779296875,54.16999816894531,3935700,2.148,2023-01-20,03,2023,20,Friday,0.382,1.868373445897081
51.11878204345703,55.31999969482422,55.58000183105469,54.849998474121094,55.02000045776367,5234400,1.17,2023-01-23,04,2023,23,Monday,0.5056,0.759097029371081
51.063331604003906,55.2599983215332,55.349998474121094,54.88999938964844,54.90999984741211,5704900,-0.108,2023-01-24,04,2023,24,Tuesday,0.5056,0.759097029371081
51.19270324707031,55.400001525878906,55.41999816894531,54.619998931884766,55.13999938964844,3670300,0.253,2023-01-25,04,2023,25,Wednesday,0.5056,0.759097029371081
51.93194580078125,56.20000076293945,56.2400016784668,55.70000076293945,56.029998779296875,4879000,1.444,2023-01-26,04,2023,26,Thursday,0.5056,0.759097029371081
51.81181716918945,56.06999969482422,56.29999923706055,55.72999954223633,56.29999923706055,6945200,-0.231,2023-01-27,04,2023,27,Friday,0.5056,0.759097029371081
49.862064361572266,53.959999084472656,54.41999816894531,53.7400016784668,54.369998931884766,6598900,-3.763,2023-01-30,05,2023,30,Monday,-1.271,2.2877733716432664
49.510921478271484,53.58000183105469,53.869998931884766,53.22999954223633,53.459999084472656,5509700,-0.704,2023-01-31,05,2023,31,Tuesday,-1.271,2.2877733716432664
50.6567497253418,54.81999969482422,55.02000045776367,54.0,54.38999938964844,6992800,2.314,2023-02-01,05,2023,1,Wednesday,-1.271,2.2877733716432664
49.741939544677734,53.83000183105469,54.459999084472656,53.560001373291016,54.45000076293945,5146200,-1.806,2023-02-02,05,2023,2,Thursday,-1.271,2.2877733716432664
48.549903869628906,52.540000915527344,53.4900016784668,52.470001220703125,53.150001525878906,6347100,-2.396,2023-02-03,05,2023,3,Friday,-1.271,2.2877733716432664
47.91230392456055,51.849998474121094,51.93000030517578,51.15999984741211,51.369998931884766,4538800,-1.313,2023-02-06,06,2023,6,Monday,-0.4636,1.8099609940548442
48.152557373046875,52.11000061035156,52.349998474121094,51.529998779296875,52.220001220703125,4796000,0.501,2023-02-07,06,2023,7,Tuesday,-0.4636,1.8099609940548442
47.6812858581543,51.599998474121094,51.959999084472656,51.310001373291016,51.849998474121094,4664300,-0.979,2023-02-08,06,2023,8,Wednesday,-0.4636,1.8099609940548442
48.67927169799805,52.68000030517578,53.209999084472656,52.5099983215332,53.0099983215332,4148600,2.093,2023-02-09,06,2023,9,Thursday,-0.4636,1.8099609940548442
47.40407180786133,51.29999923706055,51.81999969482422,51.029998779296875,51.66999816894531,2782000,-2.62,2023-02-10,06,2023,10,Friday,-0.4636,1.8099609940548442
48.25420379638672,52.220001220703125,52.45000076293945,51.79999923706055,52.0099983215332,3377700,1.793,2023-02-13,07,2023,13,Monday,-0.4088,1.4027742869043471
47.81990051269531,51.75,51.880001068115234,51.0099983215332,51.439998626708984,2967300,-0.9,2023-02-14,07,2023,14,Tuesday,-0.4088,1.4027742869043471
47.441036224365234,51.34000015258789,51.349998474121094,50.81999969482422,50.959999084472656,2400100,-0.792,2023-02-15,07,2023,15,Wednesday,-0.4088,1.4027742869043471
47.3763542175293,51.27000045776367,51.56999969482422,50.790000915527344,51.0099983215332,3136600,-0.136,2023-02-16,07,2023,16,Thursday,-0.4088,1.4027742869043471
46.42457580566406,50.2400016784668,50.38999938964844,49.9900016784668,50.36000061035156,6800000,-2.009,2023-02-17,07,2023,17,Friday,-0.4088,1.4027742869043471
45.92558288574219,49.70000076293945,50.25,49.65999984741211,49.81999969482422,5727200,-1.075,2023-02-21,08,2023,21,Tuesday,-1.2537500000000001,1.0362970536160632
45.64836502075195,49.400001525878906,49.790000915527344,49.20000076293945,49.619998931884766,3358600,-0.604,2023-02-22,08,2023,22,Wednesday,-1.2537500000000001,1.0362970536160632
45.38962936401367,49.119998931884766,50.20000076293945,48.849998474121094,50.09000015258789,4616600,-0.567,2023-02-23,08,2023,23,Thursday,-1.2537500000000001,1.0362970536160632
44.13291549682617,47.7599983215332,48.209999084472656,47.47999954223633,47.939998626708984,9942400,-2.769,2023-02-24,08,2023,24,Friday,-1.2537500000000001,1.0362970536160632
44.69658660888672,48.369998931884766,48.47999954223633,48.130001068115234,48.459999084472656,3866700,1.277,2023-02-27,09,2023,27,Monday,1.139,1.8210223776768917
44.22532272338867,47.86000061035156,48.31999969482422,47.7599983215332,47.900001525878906,2974900,-1.054,2023-02-28,09,2023,28,Tuesday,1.139,1.8210223776768917
45.9348258972168,49.709999084472656,50.11000061035156,49.58000183105469,50.0,4884100,3.865,2023-03-01,09,2023,1,Wednesday,1.139,1.8210223776768917
46.590904235839844,50.41999816894531,50.5099983215332,49.41999816894531,49.56999969482422,4228100,1.428,2023-03-02,09,2023,2,Thursday,1.139,1.8210223776768917
46.674072265625,50.5099983215332,50.61000061035156,50.209999084472656,50.33000183105469,5067500,0.179,2023-03-03,09,2023,3,Friday,1.139,1.8210223776768917
46.054954528808594,49.84000015258789,50.349998474121094,49.79999923706055,50.15999984741211,5301900,-1.326,2023-03-06,10,2023,6,Monday,-1.5356,1.3999870713688751
45.0477294921875,48.75,49.41999816894531,48.709999084472656,49.41999816894531,4433900,-2.187,2023-03-07,10,2023,7,Tuesday,-1.5356,1.3999870713688751
44.705833435058594,48.380001068115234,48.529998779296875,48.189998626708984,48.33000183105469,5183600,-0.759,2023-03-08,10,2023,8,Wednesday,-1.5356,1.3999870713688751
43.125694274902344,46.66999816894531,47.630001068115234,46.540000915527344,47.61000061035156,7684400,-3.535,2023-03-09,10,2023,9,Thursday,-1.5356,1.3999870713688751
43.18113708496094,46.72999954223633,47.04999923706055,46.38999938964844,46.61000061035156,7513800,0.129,2023-03-10,10,2023,10,Friday,-1.5356,1.3999870713688751
43.55076217651367,47.130001068115234,47.470001220703125,46.72999954223633,46.7599983215332,5361500,0.856,2023-03-13,11,2023,13,Monday,0.13720000000000004,1.1113476953681058
43.791015625,47.38999938964844,47.439998626708984,46.880001068115234,47.060001373291016,4946300,0.552,2023-03-14,11,2023,14,Tuesday,0.13720000000000004,1.1113476953681058
43.09797286987305,46.63999938964844,46.709999084472656,46.130001068115234,46.4900016784668,4174800,-1.583,2023-03-15,11,2023,15,Wednesday,0.13720000000000004,1.1113476953681058
43.606201171875,47.189998626708984,47.220001220703125,46.310001373291016,46.45000076293945,3497800,1.179,2023-03-16,11,2023,16,Thursday,0.13720000000000004,1.1113476953681058
43.467594146728516,47.040000915527344,47.54999923706055,46.7400016784668,47.36000061035156,2578800,-0.318,2023-03-17,11,2023,17,Friday,0.13720000000000004,1.1113476953681058
43.30126190185547,46.86000061035156,47.189998626708984,46.29999923706055,46.45000076293945,2617800,-0.383,2023-03-20,12,2023,20,Monday,0.7408000000000001,1.3884965610328317
43.975830078125,47.59000015258789,47.7599983215332,47.2599983215332,47.47999954223633,2112800,1.558,2023-03-21,12,2023,21,Tuesday,0.7408000000000001,1.3884965610328317
44.105194091796875,47.72999954223633,48.38999938964844,47.66999816894531,47.959999084472656,6206400,0.294,2023-03-22,12,2023,22,Wednesday,0.7408000000000001,1.3884965610328317
45.31570816040039,49.040000915527344,49.68000030517578,48.689998626708984,49.099998474121094,4413900,2.745,2023-03-23,12,2023,23,Thursday,0.7408000000000001,1.3884965610328317
45.084693908691406,48.790000915527344,48.9900016784668,48.5099983215332,48.619998931884766,2449500,-0.51,2023-03-24,12,2023,24,Friday,0.7408000000000001,1.3884965610328317
44.42861557006836,48.08000183105469,48.20000076293945,47.77000045776367,48.06999969482422,2856900,-1.455,2023-03-27,13,2023,27,Monday,0.4614,1.9248655277707063
45.87937927246094,49.650001525878906,49.68000030517578,49.02000045776367,49.150001525878906,4563100,3.265,2023-03-28,13,2023,28,Tuesday,0.4614,1.9248655277707063
45.87937927246094,49.650001525878906,49.810001373291016,49.150001525878906,49.400001525878906,3163300,0.0,2023-03-29,13,2023,29,Wednesday,0.4614,1.9248655277707063
46.55393981933594,50.380001068115234,50.560001373291016,49.95000076293945,50.099998474121094,3955800,1.47,2023-03-30,13,2023,30,Thursday,0.4614,1.9248655277707063
46.101158142089844,49.88999938964844,50.27000045776367,49.77000045776367,50.150001525878906,4899100,-0.973,2023-03-31,13,2023,31,Friday,0.4614,1.9248655277707063
46.0919189453125,49.880001068115234,50.099998474121094,49.720001220703125,49.91999816894531,2869300,-0.02,2023-04-03,14,2023,3,Monday,-0.07674999999999998,0.9966090423698419
45.94406509399414,49.720001220703125,49.79999923706055,49.310001373291016,49.47999954223633,3387600,-0.321,2023-04-04,14,2023,4,Tuesday,-0.07674999999999998,0.9966090423698419
45.398868560791016,49.130001068115234,49.56999969482422,48.849998474121094,49.560001373291016,4694500,-1.187,2023-04-05,14,2023,5,Wednesday,-0.07674999999999998,0.9966090423698419
45.95330810546875,49.72999954223633,49.91999816894531,49.099998474121094,49.209999084472656,2912900,1.221,2023-04-06,14,2023,6,Thursday,-0.07674999999999998,0.9966090423698419
45.768497467041016,49.529998779296875,49.599998474121094,49.22999954223633,49.36000061035156,2836700,-0.402,2023-04-10,15,2023,10,Monday,-0.3488,1.7066579036233358
45.79621887207031,49.560001373291016,49.9900016784668,49.4900016784668,49.880001068115234,2908100,0.061,2023-04-11,15,2023,11,Tuesday,-0.3488,1.7066579036233358
44.58570098876953,48.25,49.2400016784668,48.11000061035156,49.150001525878906,5170700,-2.643,2023-04-12,15,2023,12,Wednesday,-0.3488,1.7066579036233358
45.51899719238281,49.2599983215332,49.40999984741211,49.06999969482422,49.130001068115234,4129800,2.093,2023-04-13,15,2023,13,Thursday,-0.3488,1.7066579036233358
45.13090133666992,48.84000015258789,49.209999084472656,48.630001068115234,49.060001373291016,2917300,-0.853,2023-04-14,15,2023,14,Friday,-0.3488,1.7066579036233358
46.07343673706055,49.86000061035156,49.91999816894531,49.59000015258789,49.77000045776367,2590600,2.088,2023-04-17,16,2023,17,Monday,-0.3423999999999999,1.4366954444140205
45.92558288574219,49.70000076293945,50.130001068115234,49.61000061035156,50.06999969482422,3546900,-0.321,2023-04-18,16,2023,18,Tuesday,-0.3423999999999999,1.4366954444140205
45.41735076904297,49.150001525878906,49.220001220703125,48.91999816894531,49.0099983215332,4505600,-1.107,2023-04-19,16,2023,19,Wednesday,-0.3423999999999999,1.4366954444140205
45.06621170043945,48.77000045776367,49.31999969482422,48.560001373291016,49.06999969482422,4773700,-0.773,2023-04-20,16,2023,20,Thursday,-0.3423999999999999,1.4366954444140205
44.3454475402832,47.9900016784668,48.099998474121094,47.650001525878906,47.95000076293945,3223700,-1.599,2023-04-21,16,2023,21,Friday,-0.3423999999999999,1.4366954444140205
43.78177261352539,47.380001068115234,47.66999816894531,47.189998626708984,47.61000061035156,2694900,-1.271,2023-04-24,17,2023,24,Monday,-0.09979999999999996,1.7885589730282867
42.63594055175781,46.13999938964844,46.599998474121094,46.02000045776367,46.599998474121094,4332200,-2.617,2023-04-25,17,2023,25,Tuesday,-0.09979999999999996,1.7885589730282867
43.27354049682617,46.83000183105469,47.36000061035156,46.810001373291016,47.290000915527344,8079600,1.495,2023-04-26,17,2023,26,Wednesday,-0.09979999999999996,1.7885589730282867
43.86494064331055,47.470001220703125,47.59000015258789,46.939998626708984,47.0099983215332,2774800,1.367,2023-04-27,17,2023,27,Thursday,-0.09979999999999996,1.7885589730282867
44.095951080322266,47.720001220703125,47.810001373291016,47.369998931884766,47.4900016784668,2608500,0.527,2023-04-28,17,2023,28,Friday,-0.09979999999999996,1.7885589730282867
43.92038345336914,47.529998779296875,47.93000030517578,47.5099983215332,47.54999923706055,2517500,-0.398,2023-05-01,18,2023,1,Monday,0.07459999999999996,1.3782912609459583
43.116451263427734,46.65999984741211,47.11000061035156,46.400001525878906,47.11000061035156,3199900,-1.83,2023-05-02,18,2023,2,Tuesday,0.07459999999999996,1.3782912609459583
43.033287048339844,46.56999969482422,46.83000183105469,46.40999984741211,46.61000061035156,3639500,-0.193,2023-05-03,18,2023,3,Wednesday,0.07459999999999996,1.3782912609459583
43.7632942199707,47.36000061035156,47.56999969482422,47.11000061035156,47.11000061035156,3642200,1.696,2023-05-04,18,2023,4,Thursday,0.07459999999999996,1.3782912609459583
44.24380111694336,47.880001068115234,47.95000076293945,47.380001068115234,47.61000061035156,2253900,1.098,2023-05-05,18,2023,5,Friday,0.07459999999999996,1.3782912609459583
44.3454475402832,47.9900016784668,48.220001220703125,47.83000183105469,48.220001220703125,2057800,0.23,2023-05-08,19,2023,8,Monday,-0.6960000000000001,1.3517390650565664
43.64316940307617,47.22999954223633,47.310001373291016,46.83000183105469,46.900001525878906,4104700,-1.584,2023-05-09,19,2023,9,Tuesday,-0.6960000000000001,1.3517390650565664
43.47683334350586,47.04999923706055,47.2400016784668,46.7400016784668,46.91999816894531,5067400,-0.381,2023-05-10,19,2023,10,Wednesday,-0.6960000000000001,1.3517390650565664
43.8187370300293,47.41999816894531,47.47999954223633,46.84000015258789,46.91999816894531,5339000,0.786,2023-05-11,19,2023,11,Thursday,-0.6960000000000001,1.3517390650565664
42.70987319946289,46.220001220703125,46.689998626708984,46.119998931884766,46.689998626708984,3969600,-2.531,2023-05-12,19,2023,12,Friday,-0.6960000000000001,1.3517390650565664
44.42861557006836,48.08000183105469,48.18000030517578,47.209999084472656,47.349998474121094,5419800,4.024,2023-05-15,20,2023,15,Monday,0.038000000000000034,2.2895365251508872
43.98506546020508,47.599998474121094,47.720001220703125,47.290000915527344,47.31999969482422,3323000,-0.998,2023-05-16,20,2023,16,Tuesday,0.038000000000000034,2.2895365251508872
43.67089080810547,47.2599983215332,47.290000915527344,46.79999923706055,46.84000015258789,3167500,-0.714,2023-05-17,20,2023,17,Wednesday,0.038000000000000034,2.2895365251508872
42.894676208496094,46.41999816894531,47.09000015258789,46.18000030517578,47.02000045776367,3484200,-1.777,2023-05-18,20,2023,18,Thursday,0.038000000000000034,2.2895365251508872
42.746829986572266,46.2599983215332,46.369998931884766,46.09000015258789,46.22999954223633,2916500,-0.345,2023-05-19,20,2023,19,Friday,0.038000000000000034,2.2895365251508872
43.34747314453125,46.90999984741211,47.33000183105469,46.83000183105469,46.83000183105469,2108000,1.405,2023-05-22,21,2023,22,Monday,-0.6746000000000001,2.112222833888508
42.155433654785156,45.619998931884766,46.20000076293945,45.61000061035156,46.099998474121094,2985000,-2.75,2023-05-23,21,2023,23,Tuesday,-0.6746000000000001,2.112222833888508
41.38846969604492,44.790000915527344,45.290000915527344,44.68000030517578,45.130001068115234,4108100,-1.819,2023-05-24,21,2023,24,Wednesday,-0.6746000000000001,2.112222833888508
40.55681610107422,43.88999938964844,44.4900016784668,43.81999969482422,44.40999984741211,4634600,-2.009,2023-05-25,21,2023,25,Thursday,-0.6746000000000001,2.112222833888508
41.28682327270508,44.68000030517578,44.81999969482422,44.099998474121094,44.189998626708984,3491200,1.8,2023-05-26,21,2023,26,Friday,-0.6746000000000001,2.112222833888508
40.131752014160156,43.43000030517578,44.119998931884766,43.22999954223633,44.0099983215332,3966500,-2.798,2023-05-30,22,2023,30,Tuesday,0.49250000000000005,2.620585494375891
39.95618438720703,43.2400016784668,43.29999923706055,42.58000183105469,43.20000076293945,5089600,-0.437,2023-05-31,22,2023,31,Wednesday,0.49250000000000005,2.620585494375891
40.9726448059082,44.34000015258789,44.47999954223633,43.220001220703125,43.27000045776367,5603100,2.544,2023-06-01,22,2023,1,Thursday,0.49250000000000005,2.620585494375891
42.063026428222656,45.52000045776367,45.83000183105469,45.45000076293945,45.45000076293945,6350400,2.661,2023-06-02,22,2023,2,Friday,0.49250000000000005,2.620585494375891
41.868980407714844,45.310001373291016,45.439998626708984,45.029998779296875,45.2599983215332,3035100,-0.461,2023-06-05,23,2023,5,Monday,0.17959999999999995,1.1309247543492893
42.497337341308594,45.9900016784668,46.119998931884766,45.02000045776367,45.119998931884766,3212300,1.501,2023-06-06,23,2023,6,Tuesday,0.17959999999999995,1.1309247543492893
41.99271774291992,45.02000045776367,45.689998626708984,44.95000076293945,45.27000045776367,3257900,-1.187,2023-06-07,23,2023,7,Wednesday,0.17959999999999995,1.1309247543492893
42.4870719909668,45.54999923706055,45.689998626708984,45.279998779296875,45.279998779296875,1687500,1.177,2023-06-08,23,2023,8,Thursday,0.17959999999999995,1.1309247543492893
42.43111038208008,45.4900016784668,45.869998931884766,45.470001220703125,45.70000076293945,4292500,-0.132,2023-06-09,23,2023,9,Friday,0.17959999999999995,1.1309247543492893
42.43111038208008,45.4900016784668,45.720001220703125,45.47999954223633,45.689998626708984,2712900,0.0,2023-06-12,24,2023,12,Monday,0.9318,1.0034812903088928
43.01874923706055,46.119998931884766,46.47999954223633,46.0099983215332,46.18000030517578,3259900,1.385,2023-06-13,24,2023,13,Tuesday,0.9318,1.0034812903088928
43.690330505371094,46.84000015258789,47.06999969482422,46.150001525878906,46.150001525878906,7845400,1.561,2023-06-14,24,2023,14,Wednesday,0.9318,1.0034812903088928
44.557796478271484,47.77000045776367,47.77000045776367,47.33000183105469,47.599998474121094,4381100,1.985,2023-06-15,24,2023,15,Thursday,0.9318,1.0034812903088928
44.43653869628906,47.63999938964844,48.2400016784668,47.45000076293945,48.2400016784668,3702800,-0.272,2023-06-16,24,2023,16,Friday,0.9318,1.0034812903088928
42.626991271972656,45.70000076293945,46.43000030517578,45.630001068115234,46.34000015258789,4815100,-4.072,2023-06-20,25,2023,20,Tuesday,-1.85675,1.6439124824637106
42.26321792602539,45.310001373291016,45.63999938964844,45.15999984741211,45.41999816894531,2682300,-0.853,2023-06-21,25,2023,21,Wednesday,-1.85675,1.6439124824637106
42.09532165527344,45.130001068115234,45.27000045776367,44.86000061035156,45.150001525878906,2168500,-0.397,2023-06-22,25,2023,22,Thursday,-1.85675,1.6439124824637106
41.20920181274414,44.18000030517578,44.5,44.040000915527344,44.43000030517578,2802100,-2.105,2023-06-23,25,2023,23,Friday,-1.85675,1.6439124824637106
41.377098083496094,44.36000061035156,44.689998626708984,44.31999969482422,44.41999816894531,1503200,0.407,2023-06-26,26,2023,26,Monday,0.2606,1.4670035105615802
42.29119873046875,45.34000015258789,45.380001068115234,45.08000183105469,45.130001068115234,2817800,2.209,2023-06-27,26,2023,27,Tuesday,0.2606,1.4670035105615802
41.955406188964844,44.97999954223633,44.9900016784668,44.66999816894531,44.9900016784668,2884100,-0.794,2023-06-28,26,2023,28,Wednesday,0.2606,1.4670035105615802
41.321128845214844,44.29999923706055,44.400001525878906,44.189998626708984,44.27000045776367,4563600,-1.512,2023-06-29,26,2023,29,Thursday,0.2606,1.4670035105615802
41.73154830932617,44.7400016784668,44.959999084472656,44.58000183105469,44.70000076293945,6786700,0.993,2023-06-30,26,2023,30,Friday,0.2606,1.4670035105615802
42.412452697753906,45.470001220703125,45.88999938964844,45.349998474121094,45.56999969482422,2822000,1.632,2023-07-03,27,2023,3,Monday,0.11775000000000002,2.1444561664907025
42.06733322143555,45.099998474121094,45.22999954223633,44.91999816894531,45.15999984741211,2832300,-0.814,2023-07-05,27,2023,5,Wednesday,0.11775000000000002,2.1444561664907025
41.031978607177734,43.9900016784668,44.279998779296875,43.77000045776367,44.119998931884766,3217800,-2.461,2023-07-06,27,2023,6,Thursday,0.11775000000000002,2.1444561664907025
41.899436950683594,44.91999816894531,45.18000030517578,44.22999954223633,44.25,3600500,2.114,2023-07-07,27,2023,7,Friday,0.11775000000000002,2.1444561664907025
41.90876770019531,44.93000030517578,45.06999969482422,44.459999084472656,44.52000045776367,4103100,0.022,2023-07-10,28,2023,10,Monday,0.766,1.713279749486347
42.26321792602539,45.310001373291016,45.380001068115234,44.77000045776367,45.09000015258789,4287200,0.846,2023-07-11,28,2023,11,Tuesday,0.766,1.713279749486347
43.363868713378906,46.4900016784668,46.619998931884766,45.93000030517578,46.0,5709900,2.604,2023-07-12,28,2023,12,Wednesday,0.766,1.713279749486347
44.25931167602539,47.45000076293945,47.52000045776367,46.91999816894531,46.91999816894531,6535000,2.065,2023-07-13,28,2023,13,Thursday,0.766,1.713279749486347
43.503780364990234,46.63999938964844,46.86000061035156,46.5099983215332,46.84000015258789,3415900,-1.707,2023-07-14,28,2023,14,Friday,0.766,1.713279749486347
43.26126480102539,46.380001068115234,46.47999954223633,45.79999923706055,46.130001068115234,2485900,-0.557,2023-07-17,29,2023,17,Monday,-0.5428,0.9198199280293944
42.37514877319336,45.43000030517578,45.90999984741211,45.13999938964844,45.77000045776367,2915900,-2.048,2023-07-18,29,2023,18,Tuesday,-0.5428,0.9198199280293944
42.533714294433594,45.599998474121094,46.209999084472656,45.56999969482422,45.86000061035156,3198200,0.374,2023-07-19,29,2023,19,Wednesday,-0.5428,0.9198199280293944
42.33783721923828,45.38999938964844,45.619998931884766,45.2400016784668,45.400001525878906,3158600,-0.461,2023-07-20,29,2023,20,Thursday,-0.5428,0.9198199280293944
42.32850646972656,45.380001068115234,45.779998779296875,45.27000045776367,45.709999084472656,1774700,-0.022,2023-07-21,29,2023,21,Friday,-0.5428,0.9198199280293944
43.270591735839844,46.38999938964844,46.75,45.04999923706055,45.18000030517578,14755500,2.226,2023-07-24,30,2023,24,Monday,1.7681999999999998,2.4258645263080956
43.792938232421875,46.95000076293945,47.7599983215332,46.900001525878906,47.59000015258789,3766900,1.207,2023-07-25,30,2023,25,Tuesday,1.7681999999999998,2.4258645263080956
44.46452331542969,47.66999816894531,47.75,46.75,46.7599983215332,5130200,1.534,2023-07-26,30,2023,26,Wednesday,1.7681999999999998,2.4258645263080956
43.820919036865234,46.97999954223633,47.709999084472656,46.900001525878906,47.68000030517578,2640000,-1.447,2023-07-27,30,2023,27,Thursday,1.7681999999999998,2.4258645263080956
46.152809143066406,49.47999954223633,49.4900016784668,48.79999923706055,48.880001068115234,3536100,5.321,2023-07-28,30,2023,28,Friday,1.7681999999999998,2.4258645263080956
46.451290130615234,49.79999923706055,49.939998626708984,49.22999954223633,49.41999816894531,4208500,0.647,2023-07-31,31,2023,31,Monday,-0.6075999999999999,2.150432584388546
45.43458557128906,48.709999084472656,49.09000015258789,48.599998474121094,48.959999084472656,3426900,-2.189,2023-08-01,31,2023,1,Tuesday,-0.6075999999999999,2.150432584388546
44.128726959228516,47.310001373291016,47.93000030517578,47.16999816894531,47.900001525878906,4403300,-2.874,2023-08-02,31,2023,2,Wednesday,-0.6075999999999999,2.150432584388546
45.19207000732422,48.45000076293945,48.689998626708984,48.06999969482422,48.13999938964844,4949400,2.41,2023-08-03,31,2023,3,Thursday,-0.6075999999999999,2.150432584388546
44.7256965637207,47.95000076293945,48.52000045776367,47.869998931884766,48.439998626708984,5666800,-1.032,2023-08-04,31,2023,4,Friday,-0.6075999999999999,2.150432584388546
44.29662322998047,47.4900016784668,47.95000076293945,47.15999984741211,47.95000076293945,2870500,-0.959,2023-08-07,32,2023,7,Monday,-0.8870000000000001,1.474491437750657
43.587730407714844,46.72999954223633,46.790000915527344,46.220001220703125,46.5,4664600,-1.6,2023-08-08,32,2023,8,Tuesday,-0.8870000000000001,1.474491437750657
43.73697280883789,46.88999938964844,47.220001220703125,46.54999923706055,47.130001068115234,2129500,0.342,2023-08-09,32,2023,9,Wednesday,-0.8870000000000001,1.474491437750657
44.044776916503906,47.220001220703125,48.060001373291016,47.060001373291016,47.38999938964844,3378300,0.704,2023-08-10,32,2023,10,Thursday,-0.8870000000000001,1.474491437750657
42.757572174072266,45.84000015258789,46.04999923706055,45.5,46.029998779296875,3057100,-2.922,2023-08-11,32,2023,11,Friday,-0.8870000000000001,1.474491437750657
42.44976043701172,45.5099983215332,45.68000030517578,45.0099983215332,45.2599983215332,3335800,-0.72,2023-08-14,33,2023,14,Monday,-1.1174,1.3277950896128512
41.75019454956055,44.7599983215332,45.20000076293945,44.63999938964844,45.20000076293945,7746200,-1.648,2023-08-15,33,2023,15,Tuesday,-1.1174,1.3277950896128512
40.9853401184082,43.939998626708984,44.290000915527344,43.869998931884766,44.0,3214500,-1.832,2023-08-16,33,2023,16,Wednesday,-1.1174,1.3277950896128512
41.395751953125,44.380001068115234,44.959999084472656,44.310001373291016,44.91999816894531,4017500,1.001,2023-08-17,33,2023,17,Thursday,-1.1174,1.3277950896128512
40.40702819824219,43.31999969482422,43.52000045776367,43.119998931884766,43.29999923706055,3712200,-2.388,2023-08-18,33,2023,18,Friday,-1.1174,1.3277950896128512
40.3324089050293,43.2400016784668,43.25,42.81999969482422,42.959999084472656,4838700,-0.185,2023-08-21,34,2023,21,Monday,0.20379999999999998,0.6795216700003025
40.22047805786133,43.119998931884766,43.540000915527344,42.970001220703125,43.470001220703125,4251800,-0.278,2023-08-22,34,2023,22,Tuesday,0.20379999999999998,0.6795216700003025
40.78013229370117,43.720001220703125,43.83000183105469,43.209999084472656,43.2400016784668,3785900,1.391,2023-08-23,34,2023,23,Wednesday,0.20379999999999998,0.6795216700003025
40.817440032958984,43.7599983215332,44.18000030517578,43.66999816894531,44.0099983215332,3612100,0.091,2023-08-24,34,2023,24,Thursday,0.20379999999999998,0.6795216700003025
40.817440032958984,43.7599983215332,43.81999969482422,43.2400016784668,43.810001373291016,2172500,0.0,2023-08-25,34,2023,25,Friday,0.20379999999999998,0.6795216700003025
41.64759826660156,44.650001525878906,44.79999923706055,44.25,44.40999984741211,3300200,2.034,2023-08-28,35,2023,28,Monday,0.9652,1.6036137939042556
42.5523681640625,45.619998931884766,45.720001220703125,45.0,45.22999954223633,4572900,2.172,2023-08-29,35,2023,29,Tuesday,0.9652,1.6036137939042556
42.31917953491211,45.369998931884766,45.459999084472656,45.0,45.04999923706055,4913000,-0.548,2023-08-30,35,2023,30,Wednesday,0.9652,1.6036137939042556
41.890113830566406,44.90999984741211,45.15999984741211,44.720001220703125,45.06999969482422,3163800,-1.014,2023-08-31,35,2023,31,Thursday,0.9652,1.6036137939042556
42.80421447753906,45.88999938964844,46.439998626708984,45.63999938964844,45.66999816894531,3720400,2.182,2023-09-01,35,2023,1,Friday,0.9652,1.6036137939042556
42.272544860839844,45.31999969482422,45.599998474121094,45.189998626708984,45.529998779296875,2544100,-1.242,2023-09-05,36,2023,5,Tuesday,-1.1005,1.3679859892070045
42.29119873046875,45.34000015258789,45.779998779296875,45.209999084472656,45.36000061035156,1370300,0.044,2023-09-06,36,2023,6,Wednesday,-1.1005,1.3679859892070045
41.031978607177734,43.9900016784668,44.27000045776367,43.79999923706055,44.27000045776367,4678100,-2.977,2023-09-07,36,2023,7,Thursday,-1.1005,1.3679859892070045
40.938697814941406,43.88999938964844,44.04999923706055,43.630001068115234,43.90999984741211,2844400,-0.227,2023-09-08,36,2023,8,Friday,-1.1005,1.3679859892070045
41.61029052734375,44.61000061035156,44.790000915527344,44.38999938964844,44.65999984741211,2801000,1.64,2023-09-11,37,2023,11,Monday,0.1536,0.9837615564759582
41.61029052734375,44.61000061035156,44.77000045776367,44.33000183105469,44.33000183105469,3194000,0.0,2023-09-12,37,2023,12,Tuesday,0.1536,0.9837615564759582
41.293148040771484,44.27000045776367,44.470001220703125,44.20000076293945,44.29999923706055,1265300,-0.762,2023-09-13,37,2023,13,Wednesday,0.1536,0.9837615564759582
41.51700973510742,44.5099983215332,44.63999938964844,44.279998779296875,44.41999816894531,2001300,0.542,2023-09-14,37,2023,14,Thursday,0.1536,0.9837615564759582
41.24650955200195,44.220001220703125,44.470001220703125,44.099998474121094,44.369998931884766,1909000,-0.652,2023-09-15,37,2023,15,Friday,0.1536,0.9837615564759582
41.17188262939453,44.13999938964844,44.15999984741211,43.790000915527344,44.0,2058500,-0.181,2023-09-18,38,2023,18,Monday,-0.07160000000000002,1.9074072192376748
40.91071319580078,43.86000061035156,44.20000076293945,43.810001373291016,44.06999969482422,1892400,-0.634,2023-09-19,38,2023,19,Tuesday,-0.07160000000000002,1.9074072192376748
40.6029052734375,43.529998779296875,44.029998779296875,43.529998779296875,43.86000061035156,1801500,-0.752,2023-09-20,38,2023,20,Wednesday,-0.07160000000000002,1.9074072192376748
39.81938934326172,42.689998626708984,42.86000061035156,42.63999938964844,42.689998626708984,1839400,-1.93,2023-09-21,38,2023,21,Thursday,-0.07160000000000002,1.9074072192376748
41.06929016113281,44.029998779296875,44.25,43.959999084472656,44.22999954223633,3688800,3.139,2023-09-22,38,2023,22,Friday,-0.07160000000000002,1.9074072192376748
40.4909782409668,43.40999984741211,43.47999954223633,43.09000015258789,43.13999938964844,5561400,-1.408,2023-09-25,39,2023,25,Monday,-0.33499999999999996,0.9338393866184911
40.024593353271484,42.90999984741211,43.15999984741211,42.84000015258789,42.939998626708984,3113400,-1.152,2023-09-26,39,2023,26,Tuesday,-0.33499999999999996,0.9338393866184911
40.15518569946289,43.04999923706055,43.119998931884766,42.779998779296875,43.060001373291016,3678000,0.326,2023-09-27,39,2023,27,Wednesday,-0.33499999999999996,0.9338393866184911
40.07123565673828,42.959999084472656,42.97999954223633,42.58000183105469,42.70000076293945,3651900,-0.209,2023-09-28,39,2023,28,Thursday,-0.33499999999999996,0.9338393866184911
40.379051208496094,43.290000915527344,43.70000076293945,43.20000076293945,43.650001525878906,2550800,0.768,2023-09-29,39,2023,29,Friday,-0.33499999999999996,0.9338393866184911
40.1924934387207,43.09000015258789,43.31999969482422,42.95000076293945,43.18000030517578,3502500,-0.462,2023-10-02,40,2023,2,Monday,-0.06879999999999997,1.5718007825421134
39.399654388427734,42.2400016784668,42.38999938964844,42.13999938964844,42.20000076293945,3898900,-1.973,2023-10-03,40,2023,3,Tuesday,-0.06879999999999997,1.5718007825421134
39.11982345581055,41.939998626708984,42.13999938964844,41.86000061035156,42.06999969482422,2358000,-0.71,2023-10-04,40,2023,4,Wednesday,-0.06879999999999997,1.5718007825421134
39.343685150146484,42.18000030517578,42.209999084472656,41.84000015258789,42.0,1653700,0.572,2023-10-05,40,2023,5,Thursday,-0.06879999999999997,1.5718007825421134
40.22047805786133,43.119998931884766,43.25,42.380001068115234,42.380001068115234,3540600,2.229,2023-10-06,40,2023,6,Friday,-0.06879999999999997,1.5718007825421134
40.18316650390625,43.08000183105469,43.11000061035156,42.689998626708984,42.72999954223633,1757500,-0.093,2023-10-09,41,2023,9,Monday,0.031200000000000006,1.414194717851824
40.95735168457031,43.90999984741211,44.0,43.38999938964844,43.38999938964844,5328900,1.927,2023-10-10,41,2023,10,Tuesday,0.031200000000000006,1.414194717851824
41.27449035644531,44.25,44.56999969482422,44.09000015258789,44.29999923706055,2673200,0.774,2023-10-11,41,2023,11,Wednesday,0.031200000000000006,1.414194717851824
40.528282165527344,43.45000076293945,44.380001068115234,43.380001068115234,44.33000183105469,2605600,-1.808,2023-10-12,41,2023,12,Thursday,0.031200000000000006,1.414194717851824
40.26710891723633,43.16999816894531,43.45000076293945,43.0099983215332,43.119998931884766,1703800,-0.644,2023-10-13,41,2023,13,Friday,0.031200000000000006,1.414194717851824
40.379051208496094,43.290000915527344,43.439998626708984,42.65999984741211,42.83000183105469,2267600,0.278,2023-10-16,42,2023,16,Monday,-1.0618,0.8628338194577216
40.08989334106445,42.97999954223633,43.13999938964844,42.68000030517578,42.709999084472656,1685600,-0.716,2023-10-17,42,2023,17,Tuesday,-1.0618,0.8628338194577216
39.399654388427734,42.2400016784668,42.560001373291016,42.150001525878906,42.4900016784668,2161000,-1.722,2023-10-18,42,2023,18,Wednesday,-1.0618,0.8628338194577216
38.867977142333984,41.66999816894531,41.91999816894531,41.54999923706055,41.689998626708984,4228400,-1.349,2023-10-19,42,2023,19,Thursday,-1.0618,0.8628338194577216
38.16841125488281,40.91999816894531,41.31999969482422,40.90999984741211,41.119998931884766,3381200,-1.8,2023-10-20,42,2023,20,Friday,-1.0618,0.8628338194577216
38.39227294921875,41.15999984741211,41.27000045776367,40.540000915527344,40.79999923706055,2233200,0.587,2023-10-23,43,2023,23,Monday,0.49379999999999996,1.572004675565566
39.49292755126953,42.34000015258789,42.47999954223633,41.27000045776367,41.27000045776367,4791100,2.867,2023-10-24,43,2023,24,Tuesday,0.49379999999999996,1.572004675565566
38.89596176147461,41.70000076293945,42.0,41.45000076293945,41.630001068115234,4722800,-1.512,2023-10-25,43,2023,25,Wednesday,0.49379999999999996,1.572004675565566
38.905296325683594,41.709999084472656,41.88999938964844,41.459999084472656,41.58000183105469,5584100,0.024,2023-10-26,43,2023,26,Thursday,0.49379999999999996,1.572004675565566
39.101165771484375,41.91999816894531,42.52000045776367,41.86000061035156,42.400001525878906,2040200,0.503,2023-10-27,43,2023,27,Friday,0.49379999999999996,1.572004675565566
39.604854583740234,42.459999084472656,42.779998779296875,42.2599983215332,42.70000076293945,5701800,1.288,2023-10-30,44,2023,30,Monday,0.6359999999999999,1.5405899843890976
38.99856948852539,41.810001373291016,41.90999984741211,41.27000045776367,41.7400016784668,3686000,-1.531,2023-10-31,44,2023,31,Tuesday,0.6359999999999999,1.5405899843890976
38.98923873901367,41.79999923706055,41.810001373291016,41.400001525878906,41.63999938964844,3509300,-0.024,2023-11-01,44,2023,1,Wednesday,0.6359999999999999,1.5405899843890976
39.315704345703125,42.150001525878906,42.279998779296875,41.939998626708984,42.209999084472656,4554600,0.837,2023-11-02,44,2023,2,Thursday,0.6359999999999999,1.5405899843890976
40.34173583984375,43.25,43.43000030517578,42.93000030517578,42.93000030517578,4005800,2.61,2023-11-03,44,2023,3,Friday,0.6359999999999999,1.5405899843890976
40.584251403808594,43.5099983215332,43.880001068115234,43.45000076293945,43.880001068115234,3768800,0.601,2023-11-06,45,2023,6,Monday,-0.34740000000000004,0.7014622584287767
40.518959045410156,43.439998626708984,43.4900016784668,42.93000030517578,43.220001220703125,2453600,-0.161,2023-11-07,45,2023,7,Tuesday,-0.34740000000000004,0.7014622584287767
40.26710891723633,43.16999816894531,43.45000076293945,43.06999969482422,43.209999084472656,2213600,-0.622,2023-11-08,45,2023,8,Wednesday,-0.34740000000000004,0.7014622584287767
39.73543930053711,42.599998474121094,43.220001220703125,42.5099983215332,43.0099983215332,3049700,-1.32,2023-11-09,45,2023,9,Thursday,-0.34740000000000004,0.7014622584287767
39.64216995239258,42.5,42.540000915527344,42.20000076293945,42.349998474121094,3537200,-0.235,2023-11-10,45,2023,10,Friday,-0.34740000000000004,0.7014622584287767
40.03392028808594,42.91999816894531,43.25,42.65999984741211,42.810001373291016,2293000,0.988,2023-11-13,46,2023,13,Monday,0.3842,2.450066264410006
41.00399398803711,43.959999084472656,44.04999923706055,43.290000915527344,43.400001525878906,5317400,2.423,2023-11-14,46,2023,14,Tuesday,0.3842,2.450066264410006
41.86212921142578,44.880001068115234,45.2400016784668,44.56999969482422,44.66999816894531,6253200,2.093,2023-11-15,46,2023,15,Wednesday,0.3842,2.450066264410006
40.32307815551758,43.22999954223633,43.70000076293945,43.02000045776367,43.25,11004700,-3.676,2023-11-16,46,2023,16,Thursday,0.3842,2.450066264410006
40.360389709472656,43.27000045776367,43.5099983215332,43.08000183105469,43.29999923706055,9526300,0.093,2023-11-17,46,2023,17,Friday,0.3842,2.450066264410006
41.24650955200195,44.220001220703125,44.310001373291016,43.720001220703125,43.7400016784668,3535100,2.196,2023-11-20,47,2023,20,Monday,0.22875000000000006,1.607797535968589
40.546939849853516,43.470001220703125,43.90999984741211,43.38999938964844,43.689998626708984,4236900,-1.696,2023-11-21,47,2023,21,Tuesday,0.22875000000000006,1.607797535968589
40.5096321105957,43.43000030517578,43.68000030517578,43.22999954223633,43.529998779296875,2837800,-0.092,2023-11-22,47,2023,22,Wednesday,0.22875000000000006,1.607797535968589
40.714839935302734,43.650001525878906,43.70000076293945,43.29999923706055,43.36000061035156,2640600,0.507,2023-11-24,47,2023,24,Friday,0.22875000000000006,1.607797535968589
40.22980499267578,43.130001068115234,43.25,43.06999969482422,43.20000076293945,2809500,-1.191,2023-11-27,48,2023,27,Monday,-0.6172000000000001,1.048940513089279
40.34173583984375,43.25,43.31999969482422,43.0,43.119998931884766,4648200,0.278,2023-11-28,48,2023,28,Tuesday,-0.6172000000000001,1.048940513089279
39.56755065917969,42.41999816894531,42.75,42.38999938964844,42.45000076293945,4071400,-1.919,2023-11-29,48,2023,29,Wednesday,-0.6172000000000001,1.048940513089279
39.81006622314453,42.68000030517578,42.779998779296875,42.25,42.68000030517578,3829900,0.613,2023-11-30,48,2023,30,Thursday,-0.6172000000000001,1.048940513089279
39.46494674682617,42.310001373291016,42.31999969482422,41.810001373291016,42.029998779296875,3490700,-0.867,2023-12-01,48,2023,1,Friday,-0.6172000000000001,1.048940513089279
38.812007904052734,41.61000061035156,41.79999923706055,41.5099983215332,41.630001068115234,2795100,-1.654,2023-12-04,49,2023,4,Monday,-0.892,0.8660308885946275
38.14975357055664,40.900001525878906,40.95000076293945,40.65999984741211,40.720001220703125,3263100,-1.706,2023-12-05,49,2023,5,Tuesday,-0.892,0.8660308885946275
38.131103515625,40.880001068115234,41.31999969482422,40.880001068115234,41.15999984741211,2605200,-0.049,2023-12-06,49,2023,6,Wednesday,-0.892,0.8660308885946275
38.16841125488281,40.91999816894531,40.970001220703125,40.7599983215332,40.880001068115234,2916900,0.098,2023-12-07,49,2023,7,Thursday,-0.892,0.8660308885946275
37.730018615722656,40.45000076293945,40.65999984741211,40.380001068115234,40.529998779296875,3990300,-1.149,2023-12-08,49,2023,8,Friday,-0.892,0.8660308885946275
38.03782272338867,40.779998779296875,40.810001373291016,40.349998474121094,40.459999084472656,5448800,0.816,2023-12-11,50,2023,11,Monday,0.3694,0.5948422479952142
38.2430305480957,41.0,41.0,40.59000015258789,40.790000915527344,6537200,0.539,2023-12-12,50,2023,12,Tuesday,0.3694,0.5948422479952142
38.16841125488281,40.91999816894531,40.91999816894531,40.15999984741211,40.54999923706055,4744400,-0.195,2023-12-13,50,2023,13,Wednesday,0.3694,0.5948422479952142
38.55084228515625,41.33000183105469,41.41999816894531,40.86000061035156,40.86000061035156,9270800,1.002,2023-12-14,50,2023,14,Thursday,0.3694,0.5948422479952142
38.429588317871094,41.20000076293945,41.619998931884766,41.16999816894531,41.470001220703125,5106200,-0.315,2023-12-15,50,2023,15,Friday,0.3694,0.5948422479952142
38.112449645996094,40.86000061035156,41.02000045776367,40.68000030517578,41.0,4907400,-0.825,2023-12-18,51,2023,18,Monday,-0.43839999999999996,2.4042181265434297
38.569496154785156,41.349998474121094,41.45000076293945,41.040000915527344,41.040000915527344,5778700,1.199,2023-12-19,51,2023,19,Tuesday,-0.43839999999999996,2.4042181265434297
37.5411262512207,39.279998779296875,39.88999938964844,39.25,39.880001068115234,10883900,-2.666,2023-12-20,51,2023,20,Wednesday,-0.43839999999999996,2.4042181265434297
38.58287811279297,40.369998931884766,40.400001525878906,39.900001525878906,40.0,8862300,2.775,2023-12-21,51,2023,21,Thursday,-0.43839999999999996,2.4042181265434297
37.55068588256836,39.290000915527344,39.45000076293945,38.849998474121094,38.939998626708984,7499200,-2.675,2023-12-22,51,2023,22,Friday,-0.43839999999999996,2.4042181265434297
37.81828689575195,39.56999969482422,39.83000183105469,39.380001068115234,39.540000915527344,5995700,0.713,2023-12-26,52,2023,26,Tuesday,0.91425,1.0312824944375492
37.780059814453125,39.529998779296875,39.650001525878906,39.349998474121094,39.56999969482422,5423900,-0.101,2023-12-27,52,2023,27,Wednesday,0.91425,1.0312824944375492
38.66889190673828,40.459999084472656,40.720001220703125,40.290000915527344,40.290000915527344,4833900,2.353,2023-12-28,52,2023,28,Thursday,0.91425,1.0312824944375492
38.93650436401367,40.7400016784668,40.880001068115234,40.47999954223633,40.540000915527344,3253200,0.692,2023-12-29,52,2023,29,Friday,0.91425,1.0312824944375492
37.95209503173828,39.709999084472656,39.9900016784668,39.650001525878906,39.939998626708984,4159400,-2.528,2024-01-02,00,2024,2,Tuesday,-0.80375,1.6399610513667695
38.4873046875,40.27000045776367,40.310001373291016,39.66999816894531,39.68000030517578,3616900,1.41,2024-01-03,00,2024,3,Wednesday,-0.80375,1.6399610513667695
38.00944137573242,39.77000045776367,40.04999923706055,39.72999954223633,39.880001068115234,3790100,-1.242,2024-01-04,00,2024,4,Thursday,-0.80375,1.6399610513667695
37.68449020385742,39.43000030517578,39.77000045776367,39.40999984741211,39.61000061035156,3828500,-0.855,2024-01-05,00,2024,5,Friday,-0.80375,1.6399610513667695
37.30219650268555,39.029998779296875,39.060001373291016,38.560001373291016,38.56999969482422,3123400,-1.014,2024-01-08,01,2024,8,Monday,-0.3276,1.0019178110004832
36.77654266357422,38.47999954223633,38.54999923706055,38.29999923706055,38.40999984741211,3116800,-1.409,2024-01-09,01,2024,9,Tuesday,-0.3276,1.0019178110004832
36.73831558227539,38.439998626708984,38.56999969482422,38.31999969482422,38.47999954223633,4002000,-0.104,2024-01-10,01,2024,10,Wednesday,-0.3276,1.0019178110004832
37.17795181274414,38.900001525878906,38.97999954223633,38.59000015258789,38.86000061035156,4658300,1.197,2024-01-11,01,2024,11,Thursday,-0.3276,1.0019178110004832
37.063262939453125,38.779998779296875,39.2400016784668,38.779998779296875,39.0,3522200,-0.308,2024-01-12,01,2024,12,Friday,-0.3276,1.0019178110004832
35.9832878112793,37.650001525878906,38.13999938964844,37.599998474121094,38.13999938964844,9380000,-2.914,2024-01-16,02,2024,16,Tuesday,-1.13025,1.7023036107972438
35.17091751098633,36.79999923706055,36.83000183105469,36.349998474121094,36.41999816894531,5656300,-2.258,2024-01-17,02,2024,17,Wednesday,-1.13025,1.7023036107972438
35.295162200927734,36.93000030517578,37.15999984741211,36.83000183105469,37.06999969482422,5033000,0.353,2024-01-18,02,2024,18,Thursday,-1.13025,1.7023036107972438
35.400291442871094,37.040000915527344,37.13999938964844,36.33000183105469,36.529998779296875,6784800,0.298,2024-01-19,02,2024,19,Friday,-1.13025,1.7023036107972438
34.4827880859375,36.08000183105469,36.130001068115234,35.58000183105469,35.68000030517578,5515600,-2.592,2024-01-22,03,2024,22,Monday,0.6284,2.5488919749569616
35.78258514404297,37.439998626708984,37.54999923706055,37.119998931884766,37.130001068115234,6993900,3.769,2024-01-23,03,2024,23,Tuesday,0.6284,2.5488919749569616
36.69053268432617,38.38999938964844,38.81999969482422,38.2599983215332,38.790000915527344,18850800,2.537,2024-01-24,03,2024,24,Wednesday,0.6284,2.5488919749569616
36.75742721557617,38.459999084472656,38.91999816894531,38.279998779296875,38.720001220703125,4215500,0.182,2024-01-25,03,2024,25,Thursday,0.6284,2.5488919749569616
36.480262756347656,38.16999816894531,38.29999923706055,37.900001525878906,38.029998779296875,2834500,-0.754,2024-01-26,03,2024,26,Friday,0.6284,2.5488919749569616
35.82080841064453,37.47999954223633,37.95000076293945,37.209999084472656,37.91999816894531,5345300,-1.808,2024-01-29,04,2024,29,Monday,-1.1382,1.0019087782827336
35.15180206298828,36.779998779296875,36.880001068115234,36.61000061035156,36.709999084472656,3558000,-1.868,2024-01-30,04,2024,30,Tuesday,-1.1382,1.0019087782827336
34.92242431640625,36.540000915527344,36.939998626708984,36.2599983215332,36.310001373291016,5526700,-0.653,2024-01-31,04,2024,31,Wednesday,-1.1382,1.0019087782827336
35.06578063964844,36.689998626708984,36.900001525878906,36.5099983215332,36.709999084472656,3518500,0.41,2024-02-01,04,2024,1,Thursday,-1.1382,1.0019087782827336
34.44456100463867,36.040000915527344,36.20000076293945,35.900001525878906,36.04999923706055,4990500,-1.772,2024-02-02,04,2024,2,Friday,-1.1382,1.0019087782827336
34.90331268310547,36.52000045776367,36.599998474121094,36.060001373291016,36.189998626708984,3355100,1.332,2024-02-05,05,2024,5,Monday,0.9054,2.8915249091093784
36.805213928222656,38.5099983215332,38.529998779296875,37.68000030517578,37.97999954223633,6308400,5.449,2024-02-06,05,2024,6,Tuesday,0.9054,2.8915249091093784
36.298675537109375,37.97999954223633,38.18000030517578,37.75,37.869998931884766,4591400,-1.376,2024-02-07,05,2024,7,Wednesday,0.9054,2.8915249091093784
35.639225006103516,37.290000915527344,37.689998626708984,37.290000915527344,37.68000030517578,5766100,-1.817,2024-02-08,05,2024,8,Thursday,0.9054,2.8915249091093784
35.973724365234375,37.63999938964844,37.66999816894531,37.0099983215332,37.36000061035156,3502500,0.939,2024-02-09,05,2024,9,Friday,0.9054,2.8915249091093784
36.556724548339844,38.25,38.630001068115234,37.81999969482422,37.91999816894531,3732000,1.621,2024-02-12,06,2024,12,Monday,0.6146,1.6255112426556764
35.792144775390625,37.45000076293945,38.150001525878906,37.349998474121094,37.81999969482422,4904300,-2.091,2024-02-13,06,2024,13,Tuesday,0.6146,1.6255112426556764
36.403812408447266,38.09000015258789,38.099998474121094,37.75,37.93000030517578,4842000,1.709,2024-02-14,06,2024,14,Wednesday,0.6146,1.6255112426556764
36.49938201904297,38.189998626708984,38.2400016784668,37.970001220703125,38.040000915527344,2580800,0.263,2024-02-15,06,2024,15,Thursday,0.6146,1.6255112426556764
37.07282257080078,38.790000915527344,39.13999938964844,38.77000045776367,38.939998626708984,3138300,1.571,2024-02-16,06,2024,16,Friday,0.6146,1.6255112426556764
36.766990661621094,38.470001220703125,38.869998931884766,38.279998779296875,38.779998779296875,2806100,-0.825,2024-02-20,07,2024,20,Tuesday,0.71375,1.2569861773305224
37.5411262512207,39.279998779296875,39.619998931884766,39.119998931884766,39.290000915527344,3192200,2.106,2024-02-21,07,2024,21,Wednesday,0.71375,1.2569861773305224
38.00944137573242,39.77000045776367,39.869998931884766,39.459999084472656,39.810001373291016,3510000,1.247,2024-02-22,07,2024,22,Thursday,0.71375,1.2569861773305224
38.13368606567383,39.900001525878906,40.189998626708984,39.72999954223633,40.11000061035156,6138800,0.327,2024-02-23,07,2024,23,Friday,0.71375,1.2569861773305224
37.79917526245117,39.54999923706055,39.86000061035156,39.540000915527344,39.66999816894531,7433100,-0.877,2024-02-26,08,2024,26,Monday,-0.12160000000000001,1.8678187278213054
38.31527328491211,40.09000015258789,40.20000076293945,40.02000045776367,40.08000183105469,7335100,1.365,2024-02-27,08,2024,27,Tuesday,-0.12160000000000001,1.8678187278213054
37.187503814697266,38.90999984741211,39.279998779296875,38.86000061035156,39.279998779296875,5005600,-2.943,2024-02-28,08,2024,28,Wednesday,-0.12160000000000001,1.8678187278213054
37.26396560668945,38.9900016784668,39.400001525878906,38.91999816894531,39.400001525878906,5122300,0.206,2024-02-29,08,2024,29,Thursday,-0.12160000000000001,1.8678187278213054
37.87563705444336,39.630001068115234,39.72999954223633,39.439998626708984,39.5099983215332,4125600,1.641,2024-03-01,08,2024,1,Friday,-0.12160000000000001,1.8678187278213054
37.187503814697266,38.90999984741211,39.439998626708984,38.84000015258789,39.439998626708984,7162300,-1.817,2024-03-04,09,2024,4,Monday,-0.3336,1.3151402206608995
36.77654266357422,38.47999954223633,38.779998779296875,38.400001525878906,38.56999969482422,7768300,-1.105,2024-03-05,09,2024,5,Tuesday,-0.3336,1.3151402206608995
37.3499870300293,39.08000183105469,39.41999816894531,39.04999923706055,39.290000915527344,4142600,1.559,2024-03-06,09,2024,6,Wednesday,-0.3336,1.3151402206608995
37.111053466796875,38.83000183105469,38.849998474121094,38.56999969482422,38.709999084472656,2357800,-0.64,2024-03-07,09,2024,7,Thursday,-0.3336,1.3151402206608995
37.23529052734375,38.959999084472656,39.11000061035156,38.779998779296875,38.97999954223633,2251700,0.335,2024-03-08,09,2024,8,Friday,-0.3336,1.3151402206608995
38.04766845703125,39.810001373291016,40.09000015258789,39.650001525878906,39.68000030517578,4101500,2.182,2024-03-11,10,2024,11,Monday,0.5631999999999999,1.571808735183769
38.831363677978516,40.630001068115234,40.66999816894531,40.33000183105469,40.45000076293945,4427100,2.06,2024-03-12,10,2024,12,Tuesday,0.5631999999999999,1.571808735183769
38.97472381591797,40.779998779296875,41.18000030517578,40.75,40.83000183105469,4396400,0.369,2024-03-13,10,2024,13,Wednesday,0.5631999999999999,1.571808735183769
38.391727447509766,40.16999816894531,40.5099983215332,40.040000915527344,40.45000076293945,6139900,-1.496,2024-03-14,10,2024,14,Thursday,0.5631999999999999,1.571808735183769
38.27704620361328,40.04999923706055,40.290000915527344,40.029998779296875,40.18000030517578,1850100,-0.299,2024-03-15,10,2024,15,Friday,0.5631999999999999,1.571808735183769
38.51597213745117,40.29999923706055,40.47999954223633,40.22999954223633,40.41999816894531,3215700,0.624,2024-03-18,11,2024,18,Monday,-0.2566,1.0259172968616916
38.27704620361328,40.04999923706055,40.130001068115234,39.7599983215332,39.939998626708984,2134200,-0.62,2024-03-19,11,2024,19,Tuesday,-0.2566,1.0259172968616916
38.659339904785156,40.45000076293945,40.59000015258789,40.119998931884766,40.34000015258789,4009600,0.999,2024-03-20,11,2024,20,Wednesday,-0.2566,1.0259172968616916
38.3248291015625,40.099998474121094,40.43000030517578,40.08000183105469,40.41999816894531,3386100,-0.865,2024-03-21,11,2024,21,Thursday,-0.2566,1.0259172968616916
37.780059814453125,39.529998779296875,39.65999984741211,39.40999984741211,39.56999969482422,4453800,-1.421,2024-03-22,11,2024,22,Friday,-0.2566,1.0259172968616916
37.70360565185547,39.45000076293945,39.650001525878906,39.380001068115234,39.5,2485100,-0.202,2024-03-25,12,2024,25,Monday,0.12675,0.3607892967739851
37.827850341796875,39.58000183105469,39.72999954223633,39.529998779296875,39.66999816894531,1905400,0.33,2024-03-26,12,2024,26,Tuesday,0.12675,0.3607892967739851
37.770503997802734,39.52000045776367,39.52000045776367,39.189998626708984,39.27000045776367,5201600,-0.152,2024-03-27,12,2024,27,Wednesday,0.12675,0.3607892967739851
37.97120666503906,39.72999954223633,39.939998626708984,39.650001525878906,39.650001525878906,3321200,0.531,2024-03-28,12,2024,28,Thursday,0.12675,0.3607892967739851
38.592437744140625,40.380001068115234,40.619998931884766,40.189998626708984,40.220001220703125,4871400,1.636,2024-04-01,13,2024,1,Monday,0.11399999999999996,0.9211946048474231
38.707122802734375,40.5,40.72999954223633,40.380001068115234,40.459999084472656,3541900,0.297,2024-04-02,13,2024,2,Tuesday,0.11399999999999996,0.9211946048474231
38.592437744140625,40.380001068115234,40.439998626708984,40.099998474121094,40.18000030517578,2925800,-0.296,2024-04-03,13,2024,3,Wednesday,0.11399999999999996,0.9211946048474231
38.439517974853516,40.220001220703125,40.720001220703125,40.15999984741211,40.709999084472656,3092100,-0.396,2024-04-04,13,2024,4,Thursday,0.11399999999999996,0.9211946048474231
38.18147277832031,39.95000076293945,40.060001373291016,39.849998474121094,39.91999816894531,2390700,-0.671,2024-04-05,13,2024,5,Friday,0.11399999999999996,0.9211946048474231
38.36305618286133,40.13999938964844,40.34000015258789,40.09000015258789,40.130001068115234,2542400,0.476,2024-04-08,14,2024,8,Monday,-0.32620000000000005,1.6731816099873917
38.707122802734375,40.5,40.5099983215332,40.290000915527344,40.310001373291016,1663100,0.897,2024-04-09,14,2024,9,Tuesday,-0.32620000000000005,1.6731816099873917
38.449073791503906,40.22999954223633,40.459999084472656,40.08000183105469,40.22999954223633,2347900,-0.667,2024-04-10,14,2024,10,Wednesday,-0.32620000000000005,1.6731816099873917
38.7453498840332,40.540000915527344,40.7599983215332,40.31999969482422,40.68000030517578,3249000,0.771,2024-04-11,14,2024,11,Thursday,-0.32620000000000005,1.6731816099873917
37.5411262512207,39.279998779296875,39.86000061035156,39.2400016784668,39.86000061035156,4123200,-3.108,2024-04-12,14,2024,12,Friday,-0.32620000000000005,1.6731816099873917
37.68449020385742,39.43000030517578,39.84000015258789,39.290000915527344,39.81999969482422,2464400,0.382,2024-04-15,15,2024,15,Monday,0.06939999999999999,0.9035116490671274
37.24485397338867,38.970001220703125,39.20000076293945,38.83000183105469,38.9900016784668,2766000,-1.167,2024-04-16,15,2024,16,Tuesday,0.06939999999999999,0.9035116490671274
37.31175231933594,39.040000915527344,39.310001373291016,38.9900016784668,39.310001373291016,1913500,0.18,2024-04-17,15,2024,17,Wednesday,0.06939999999999999,0.9035116490671274
37.78961944580078,39.540000915527344,39.70000076293945,39.40999984741211,39.459999084472656,1844000,1.281,2024-04-18,15,2024,18,Thursday,0.06939999999999999,0.9035116490671274
37.665374755859375,39.40999984741211,39.439998626708984,39.22999954223633,39.29999923706055,1500700,-0.329,2024-04-19,15,2024,19,Friday,0.06939999999999999,0.9035116490671274
38.41084289550781,40.189998626708984,40.22999954223633,39.52000045776367,39.599998474121094,2561500,1.979,2024-04-22,16,2024,22,Monday,1.4508,0.5972367202374617
38.9078254699707,40.709999084472656,40.72999954223633,40.38999938964844,40.470001220703125,2122200,1.294,2024-04-23,16,2024,23,Tuesday,1.4508,0.5972367202374617
39.50993728637695,41.34000015258789,41.380001068115234,41.13999938964844,41.279998779296875,1929500,1.548,2024-04-24,16,2024,24,Wednesday,1.4508,0.5972367202374617
39.71063995361328,41.54999923706055,41.58000183105469,41.09000015258789,41.119998931884766,1999600,0.508,2024-04-25,16,2024,25,Thursday,1.4508,0.5972367202374617
40.4752197265625,42.349998474121094,42.599998474121094,42.209999084472656,42.369998931884766,3653400,1.925,2024-04-26,16,2024,26,Friday,1.4508,0.5972367202374617
40.87663269042969,42.77000045776367,42.779998779296875,42.38999938964844,42.459999084472656,3975500,0.992,2024-04-29,17,2024,29,Monday,1.1467999999999998,2.718039679622062
40.0164680480957,41.869998931884766,42.310001373291016,41.86000061035156,42.25,7042100,-2.104,2024-04-30,17,2024,30,Tuesday,1.1467999999999998,2.718039679622062
40.303192138671875,42.16999816894531,42.5,41.900001525878906,42.0099983215332,2921700,0.717,2024-05-01,17,2024,1,Wednesday,1.1467999999999998,2.718039679622062
42.50137710571289,44.470001220703125,44.689998626708984,43.34000015258789,43.34000015258789,6135900,5.454,2024-05-02,17,2024,2,Thursday,1.1467999999999998,2.718039679622062
42.78809356689453,44.77000045776367,44.790000915527344,44.34000015258789,44.58000183105469,4491000,0.675,2024-05-03,17,2024,3,Friday,1.1467999999999998,2.718039679622062
42.74986267089844,44.72999954223633,45.02000045776367,44.56999969482422,44.849998474121094,1851400,-0.089,2024-05-06,18,2024,6,Monday,0.18919999999999998,1.282498226119631
42.28155517578125,44.2400016784668,44.349998474121094,44.15999984741211,44.29999923706055,3911000,-1.095,2024-05-07,18,2024,7,Tuesday,0.18919999999999998,1.282498226119631
41.99483871459961,43.939998626708984,43.970001220703125,43.529998779296875,43.529998779296875,2281700,-0.678,2024-05-08,18,2024,8,Wednesday,0.18919999999999998,1.282498226119631
42.90277862548828,44.88999938964844,44.970001220703125,44.61000061035156,44.81999969482422,3585100,2.162,2024-05-09,18,2024,9,Thursday,0.18919999999999998,1.282498226119631
43.17993927001953,45.18000030517578,45.4900016784668,45.06999969482422,45.41999816894531,3211400,0.646,2024-05-10,18,2024,10,Friday,0.18919999999999998,1.282498226119631
44.0592155456543,46.099998474121094,46.209999084472656,45.709999084472656,45.7400016784668,3412900,2.036,2024-05-13,19,2024,13,Monday,0.9852000000000001,1.021816862260552
43.84895706176758,45.880001068115234,46.02000045776367,45.720001220703125,45.810001373291016,2899300,-0.477,2024-05-14,19,2024,14,Tuesday,0.9852000000000001,1.021816862260552
44.212135314941406,46.2599983215332,46.31999969482422,45.86000061035156,46.31999969482422,2624800,0.828,2024-05-15,19,2024,15,Wednesday,0.9852000000000001,1.021816862260552
45.04362106323242,47.130001068115234,47.18000030517578,46.36000061035156,46.52000045776367,5301900,1.881,2024-05-16,19,2024,16,Thursday,0.9852000000000001,1.021816862260552
45.33989715576172,47.439998626708984,47.689998626708984,47.0,47.16999816894531,5945900,0.658,2024-05-17,19,2024,17,Friday,0.9852000000000001,1.021816862260552
44.95760726928711,47.040000915527344,47.2400016784668,46.900001525878906,47.04999923706055,2680300,-0.843,2024-05-20,20,2024,20,Monday,-1.0618,0.672299561207651
44.22169494628906,46.27000045776367,46.4900016784668,46.11000061035156,46.36000061035156,2345500,-1.637,2024-05-21,20,2024,21,Tuesday,-1.0618,0.672299561207651
43.85851287841797,45.88999938964844,46.34000015258789,45.84000015258789,46.27000045776367,2336500,-0.821,2024-05-22,20,2024,22,Wednesday,-1.0618,0.672299561207651
43.055694580078125,45.04999923706055,45.689998626708984,44.93000030517578,45.560001373291016,3201400,-1.83,2024-05-23,20,2024,23,Thursday,-1.0618,0.672299561207651
42.979244232177734,44.970001220703125,45.150001525878906,44.790000915527344,44.86000061035156,4713100,-0.178,2024-05-24,20,2024,24,Friday,-1.0618,0.672299561207651
43.00791549682617,45.0,45.33000183105469,44.869998931884766,45.16999816894531,2823100,0.067,2024-05-28,21,2024,28,Tuesday,-0.64175,0.979657550711812
42.53004837036133,44.5,44.54999923706055,44.22999954223633,44.310001373291016,2100800,-1.111,2024-05-29,21,2024,29,Wednesday,-0.64175,0.979657550711812
42.64473342895508,44.619998931884766,44.68000030517578,44.11000061035156,44.119998931884766,2343600,0.27,2024-05-30,21,2024,30,Thursday,-0.64175,0.979657550711812
41.880149841308594,43.81999969482422,43.86000061035156,43.5,43.7599983215332,3562600,-1.793,2024-05-31,21,2024,31,Friday,-0.64175,0.979657550711812
42.03306579589844,43.97999954223633,44.36000061035156,43.709999084472656,44.2400016784668,2572700,0.365,2024-06-03,22,2024,3,Monday,-0.08159999999999998,1.1562366972207723
42.34846115112305,44.310001373291016,44.540000915527344,44.11000061035156,44.439998626708984,2206300,0.75,2024-06-04,22,2024,4,Tuesday,-0.08159999999999998,1.1562366972207723
42.54916000366211,44.52000045776367,44.52000045776367,44.220001220703125,44.43000030517578,2046100,0.474,2024-06-05,22,2024,5,Wednesday,-0.08159999999999998,1.1562366972207723
42.59694290161133,44.56999969482422,44.599998474121094,44.290000915527344,44.54999923706055,4465600,0.112,2024-06-06,22,2024,6,Thursday,-0.08159999999999998,1.1562366972207723
41.69856262207031,43.630001068115234,44.040000915527344,43.59000015258789,43.90999984741211,2286700,-2.109,2024-06-07,22,2024,7,Friday,-0.08159999999999998,1.1562366972207723
42.004398345947266,43.95000076293945,44.02000045776367,43.540000915527344,43.77000045776367,1198700,0.733,2024-06-10,23,2024,10,Monday,-0.14139999999999997,0.6898770180256768
41.56380081176758,43.29999923706055,43.560001373291016,43.16999816894531,43.54999923706055,2828000,-1.049,2024-06-11,23,2024,11,Tuesday,-0.14139999999999997,0.6898770180256768
41.640594482421875,43.380001068115234,43.65999984741211,43.33000183105469,43.58000183105469,3472500,0.185,2024-06-12,23,2024,12,Wednesday,-0.14139999999999997,0.6898770180256768
41.640594482421875,43.380001068115234,43.7599983215332,43.22999954223633,43.58000183105469,3891900,0.0,2024-06-13,23,2024,13,Thursday,-0.14139999999999997,0.6898770180256768
41.40061569213867,43.130001068115234,43.2599983215332,43.0,43.189998626708984,2720900,-0.576,2024-06-14,23,2024,14,Friday,-0.14139999999999997,0.6898770180256768
41.74618148803711,43.4900016784668,43.540000915527344,43.22999954223633,43.29999923706055,1426800,0.835,2024-06-17,24,2024,17,Monday,-0.0030000000000000027,0.8416479865913857
41.784576416015625,43.529998779296875,43.65999984741211,43.27000045776367,43.349998474121094,1550600,0.092,2024-06-18,24,2024,18,Tuesday,-0.0030000000000000027,0.8416479865913857
41.88056945800781,43.630001068115234,43.810001373291016,43.43000030517578,43.619998931884766,3613300,0.23,2024-06-20,24,2024,20,Thursday,-0.0030000000000000027,0.8416479865913857
41.391014099121094,43.119998931884766,43.31999969482422,43.06999969482422,43.2400016784668,2467300,-1.169,2024-06-21,24,2024,21,Friday,-0.0030000000000000027,0.8416479865913857
41.66938781738281,43.40999984741211,43.75,43.25,43.25,1576100,0.673,2024-06-24,25,2024,24,Monday,-0.4394,1.1497409708277775
41.237430572509766,42.959999084472656,43.20000076293945,42.93000030517578,43.119998931884766,2227200,-1.037,2024-06-25,25,2024,25,Tuesday,-0.4394,1.1497409708277775
41.31422424316406,43.040000915527344,43.130001068115234,42.90999984741211,43.060001373291016,1596300,0.186,2024-06-26,25,2024,26,Wednesday,-0.4394,1.1497409708277775
40.42151641845703,42.11000061035156,42.56999969482422,42.06999969482422,42.56999969482422,2006100,-2.161,2024-06-27,25,2024,27,Thursday,-0.4394,1.1497409708277775
40.47910690307617,42.16999816894531,42.41999816894531,42.119998931884766,42.349998474121094,2402300,0.142,2024-06-28,25,2024,28,Friday,-0.4394,1.1497409708277775
40.68069076538086,42.380001068115234,42.63999938964844,42.31999969482422,42.529998779296875,1410400,0.498,2024-07-01,26,2024,1,Monday,0.3195,1.3517668684601893
40.93986511230469,42.650001525878906,42.650001525878906,42.279998779296875,42.41999816894531,1836500,0.637,2024-07-02,26,2024,2,Tuesday,0.3195,1.3517668684601893
41.63098907470703,43.369998931884766,43.45000076293945,42.970001220703125,42.970001220703125,2055300,1.688,2024-07-03,26,2024,3,Wednesday,0.3195,1.3517668684601893
40.987857818603516,42.70000076293945,42.7599983215332,42.36000061035156,42.65999984741211,3199800,-1.545,2024-07-05,26,2024,5,Friday,0.3195,1.3517668684601893
40.62309646606445,42.31999969482422,42.40999984741211,42.209999084472656,42.40999984741211,2218100,-0.89,2024-07-08,27,2024,8,Monday,0.6119999999999999,1.2182423814660202
41.151039123535156,42.869998931884766,42.93000030517578,42.36000061035156,42.38999938964844,1638500,1.3,2024-07-09,27,2024,9,Tuesday,0.6119999999999999,1.2182423814660202
40.987857818603516,42.70000076293945,42.79999923706055,42.560001373291016,42.630001068115234,1846900,-0.397,2024-07-10,27,2024,10,Wednesday,0.6119999999999999,1.2182423814660202
41.82297134399414,43.56999969482422,43.77000045776367,43.38999938964844,43.40999984741211,1544300,2.037,2024-07-11,27,2024,11,Thursday,0.6119999999999999,1.2182423814660202
42.24532699584961,44.0099983215332,44.4900016784668,43.9900016784668,44.25,2513000,1.01,2024-07-12,27,2024,12,Friday,0.6119999999999999,1.2182423814660202
41.35261917114258,43.08000183105469,43.45000076293945,43.060001373291016,43.43000030517578,2321400,-2.113,2024-07-15,28,2024,15,Monday,-0.9183999999999999,0.82517228504113
41.33342361450195,43.060001373291016,43.09000015258789,42.68000030517578,42.72999954223633,4050400,-0.046,2024-07-16,28,2024,16,Tuesday,-0.9183999999999999,0.82517228504113
40.77667999267578,42.47999954223633,42.779998779296875,42.369998931884766,42.77000045776367,4426200,-1.347,2024-07-17,28,2024,17,Wednesday,-0.9183999999999999,0.82517228504113
40.47910690307617,42.16999816894531,42.7599983215332,42.13999938964844,42.5099983215332,2494500,-0.73,2024-07-18,28,2024,18,Thursday,-0.9183999999999999,0.82517228504113
40.33512496948242,42.02000045776367,42.15999984741211,41.97999954223633,42.08000183105469,2179800,-0.356,2024-07-19,28,2024,19,Friday,-0.9183999999999999,0.82517228504113
41.0550537109375,42.77000045776367,42.88999938964844,42.56999969482422,42.619998931884766,1467200,1.785,2024-07-22,29,2024,22,Monday,-0.35960000000000003,1.5551198667626878
40.25832748413086,41.939998626708984,41.9900016784668,41.79999923706055,41.900001525878906,3183700,-1.941,2024-07-23,29,2024,23,Tuesday,-0.35960000000000003,1.5551198667626878
39.80717849731445,41.470001220703125,41.91999816894531,41.439998626708984,41.75,7626900,-1.121,2024-07-24,29,2024,24,Wednesday,-0.35960000000000003,1.5551198667626878
39.30802536010742,40.95000076293945,41.27000045776367,40.939998626708984,41.040000915527344,12533100,-1.254,2024-07-25,29,2024,25,Thursday,-0.35960000000000003,1.5551198667626878
39.59600067138672,41.25,41.369998931884766,40.900001525878906,40.97999954223633,2578700,0.733,2024-07-26,29,2024,26,Friday,-0.35960000000000003,1.5551198667626878
39.480812072753906,41.130001068115234,41.2400016784668,41.040000915527344,41.130001068115234,2787100,-0.291,2024-07-29,30,2024,29,Monday,-0.203,1.277275420573026
39.09684753417969,40.72999954223633,40.880001068115234,40.68000030517578,40.880001068115234,1745500,-0.973,2024-07-30,30,2024,30,Tuesday,-0.203,1.277275420573026
39.85517120361328,41.52000045776367,41.95000076293945,41.45000076293945,41.779998779296875,4654100,1.94,2024-07-31,30,2024,31,Wednesday,-0.203,1.277275420573026
39.317623138427734,40.959999084472656,41.54999923706055,40.900001525878906,41.5,3237200,-1.349,2024-08-01,30,2024,1,Thursday,-0.203,1.277275420573026
39.1832389831543,40.81999969482422,40.849998474121094,40.529998779296875,40.7599983215332,2229200,-0.342,2024-08-02,30,2024,2,Friday,-0.203,1.277275420573026
38.99125671386719,40.619998931884766,40.75,39.95000076293945,40.0,4954500,-0.49,2024-08-05,31,2024,5,Monday,0.34080000000000005,1.128925684002273
38.93366622924805,40.560001373291016,40.79999923706055,40.189998626708984,40.20000076293945,2106800,-0.148,2024-08-06,31,2024,6,Tuesday,0.34080000000000005,1.128925684002273
39.1352424621582,40.77000045776367,41.25,40.689998626708984,41.18000030517578,4212300,0.518,2024-08-07,31,2024,7,Wednesday,0.34080000000000005,1.128925684002273
40.008758544921875,41.68000030517578,41.72999954223633,41.20000076293945,41.20000076293945,1537800,2.232,2024-08-08,31,2024,8,Thursday,0.34080000000000005,1.128925684002273
39.84557342529297,41.5099983215332,41.54999923706055,41.290000915527344,41.459999084472656,1093100,-0.408,2024-08-09,31,2024,9,Friday,0.34080000000000005,1.128925684002273
40.25832748413086,41.939998626708984,42.08000183105469,41.65999984741211,41.66999816894531,3018200,1.036,2024-08-12,32,2024,12,Monday,0.5288,1.4954419748020986
40.47910690307617,42.16999816894531,42.209999084472656,41.959999084472656,42.029998779296875,1419200,0.548,2024-08-13,32,2024,13,Tuesday,0.5288,1.4954419748020986
39.653594970703125,41.310001373291016,41.869998931884766,41.06999969482422,41.83000183105469,1665700,-2.039,2024-08-14,32,2024,14,Wednesday,0.5288,1.4954419748020986
40.239131927490234,41.91999816894531,42.11000061035156,41.650001525878906,41.66999816894531,3474800,1.477,2024-08-15,32,2024,15,Thursday,0.5288,1.4954419748020986
40.891868591308594,42.599998474121094,42.65999984741211,42.189998626708984,42.189998626708984,1442000,1.622,2024-08-16,32,2024,16,Friday,0.5288,1.4954419748020986
41.18943405151367,42.90999984741211,43.09000015258789,42.75,42.77000045776367,1792600,0.728,2024-08-19,33,2024,19,Monday,-0.028200000000000003,1.5208856630266459
40.22953796386719,41.90999984741211,42.439998626708984,41.869998931884766,42.43000030517578,2255500,-2.33,2024-08-20,33,2024,20,Tuesday,-0.028200000000000003,1.5208856630266459
40.690284729003906,42.38999938964844,42.43000030517578,42.0,42.0,1137200,1.145,2024-08-21,33,2024,21,Wednesday,-0.028200000000000003,1.5208856630266459
40.35432052612305,42.040000915527344,42.470001220703125,41.95000076293945,42.470001220703125,2256300,-0.826,2024-08-22,33,2024,22,Thursday,-0.028200000000000003,1.5208856630266459
40.8150749206543,42.52000045776367,42.65999984741211,42.209999084472656,42.349998474121094,1529400,1.142,2024-08-23,33,2024,23,Friday,-0.028200000000000003,1.5208856630266459
40.0279541015625,41.70000076293945,41.93000030517578,41.59000015258789,41.86000061035156,1468900,-1.929,2024-08-26,34,2024,26,Monday,-0.31799999999999995,1.4747313314634636
40.18153762817383,41.86000061035156,42.130001068115234,41.79999923706055,42.029998779296875,1286400,0.384,2024-08-27,34,2024,27,Tuesday,-0.31799999999999995,1.4747313314634636
39.423213958740234,41.06999969482422,41.4900016784668,41.0,41.47999954223633,2555900,-1.887,2024-08-28,34,2024,28,Wednesday,-0.31799999999999995,1.4747313314634636
39.86476516723633,41.529998779296875,41.650001525878906,41.439998626708984,41.47999954223633,2104900,1.12,2024-08-29,34,2024,29,Thursday,-0.31799999999999995,1.4747313314634636
40.15274429321289,41.83000183105469,42.150001525878906,41.650001525878906,42.150001525878906,3306100,0.722,2024-08-30,34,2024,30,Friday,-0.31799999999999995,1.4747313314634636
39.67279052734375,41.33000183105469,41.470001220703125,41.220001220703125,41.31999969482422,1621600,-1.195,2024-09-03,35,2024,3,Tuesday,-0.675,0.5393255046815421
39.53840255737305,41.189998626708984,41.43000030517578,41.15999984741211,41.31999969482422,1725500,-0.339,2024-09-04,35,2024,4,Wednesday,-0.675,0.5393255046815421
39.50000762939453,41.150001525878906,41.380001068115234,41.060001373291016,41.18000030517578,2280200,-0.097,2024-09-05,35,2024,5,Thursday,-0.675,0.5393255046815421
39.07765197753906,40.709999084472656,41.11000061035156,40.619998931884766,41.0099983215332,2054000,-1.069,2024-09-06,35,2024,6,Friday,-0.675,0.5393255046815421
38.99125671386719,40.619998931884766,40.720001220703125,40.380001068115234,40.41999816894531,1395900,-0.221,2024-09-09,36,2024,9,Monday,0.09420000000000002,0.5186132470348208
38.808876037597656,40.43000030517578,40.54999923706055,40.25,40.54999923706055,2074600,-0.468,2024-09-10,36,2024,10,Tuesday,0.09420000000000002,0.5186132470348208
39.144840240478516,40.779998779296875,40.83000183105469,40.369998931884766,40.45000076293945,1820300,0.866,2024-09-11,36,2024,11,Wednesday,0.09420000000000002,0.5186132470348208
39.1352424621582,40.77000045776367,40.81999969482422,40.54999923706055,40.599998474121094,925000,-0.025,2024-09-12,36,2024,12,Thursday,0.09420000000000002,0.5186132470348208
39.260032653808594,40.900001525878906,40.95000076293945,40.7400016784668,40.90999984741211,1735900,0.319,2024-09-13,36,2024,13,Friday,0.09420000000000002,0.5186132470348208
39.45201110839844,41.099998474121094,41.18000030517578,41.029998779296875,41.119998931884766,973400,0.489,2024-09-16,37,2024,16,Monday,0.8548,1.4841575724969367
39.80717849731445,41.470001220703125,41.72999954223633,41.439998626708984,41.439998626708984,1380900,0.9,2024-09-17,37,2024,17,Tuesday,0.8548,1.4841575724969367
39.615196228027344,41.27000045776367,41.630001068115234,41.25,41.61000061035156,1632900,-0.482,2024-09-18,37,2024,18,Wednesday,0.8548,1.4841575724969367
40.93986511230469,42.650001525878906,42.709999084472656,42.16999816894531,42.38999938964844,1553100,3.344,2024-09-19,37,2024,19,Thursday,0.8548,1.4841575724969367
40.949462890625,42.65999984741211,42.959999084472656,42.58000183105469,42.900001525878906,2685000,0.023,2024-09-20,37,2024,20,Friday,0.8548,1.4841575724969367
41.54459762573242,43.279998779296875,43.560001373291016,42.9900016784668,43.0099983215332,1592900,1.453,2024-09-23,38,2024,23,Monday,3.7256,4.939342294273601
45.26902389526367,47.15999984741211,47.290000915527344,45.7599983215332,45.95000076293945,16430600,8.965,2024-09-24,38,2024,24,Tuesday,3.7256,4.939342294273601
44.232330322265625,46.08000183105469,46.41999816894531,45.79999923706055,45.88999938964844,7315400,-2.29,2024-09-25,38,2024,25,Wednesday,3.7256,4.939342294273601
48.09114074707031,50.099998474121094,50.369998931884766,49.189998626708984,50.0,11895500,8.724,2024-09-26,38,2024,26,Thursday,3.7256,4.939342294273601
48.94545364379883,50.9900016784668,51.33000183105469,50.29999923706055,50.400001525878906,14573500,1.776,2024-09-27,38,2024,27,Friday,3.7256,4.939342294273601
48.86865997314453,50.90999984741211,52.45000076293945,50.81999969482422,52.40999984741211,11650900,-0.157,2024-09-30,39,2024,30,Monday,2.3064,3.671406583313812
50.85565948486328,52.97999954223633,53.0,50.939998626708984,51.2599983215332,8637000,4.066,2024-10-01,39,2024,1,Tuesday,2.3064,3.671406583313812
54.21532440185547,56.47999954223633,56.52000045776367,54.97999954223633,56.0,16841200,6.606,2024-10-02,39,2024,2,Wednesday,2.3064,3.671406583313812
52.785064697265625,54.9900016784668,55.540000915527344,54.119998931884766,54.369998931884766,12097000,-2.638,2024-10-03,39,2024,3,Thursday,2.3064,3.671406583313812
54.71446990966797,57.0,57.06999969482422,56.29999923706055,56.7599983215332,9799100,3.655,2024-10-04,39,2024,4,Friday,2.3064,3.671406583313812
57.27740478515625,59.66999816894531,59.790000915527344,57.5099983215332,58.290000915527344,21376000,4.684,2024-10-07,40,2024,7,Monday,-1.4377999999999997,5.805107036050239
51.086036682128906,53.220001220703125,53.689998626708984,51.880001068115234,53.16999816894531,13902400,-10.809,2024-10-08,40,2024,8,Tuesday,-1.4377999999999997,5.805107036050239
49.88615798950195,51.970001220703125,52.36000061035156,50.810001373291016,51.060001373291016,12398400,-2.349,2024-10-09,40,2024,9,Wednesday,-1.4377999999999997,5.805107036050239
50.250919342041016,52.349998474121094,52.81999969482422,51.630001068115234,52.59000015258789,5989200,0.731,2024-10-10,40,2024,10,Thursday,-1.4377999999999997,5.805107036050239
50.529293060302734,52.63999938964844,52.97999954223633,51.220001220703125,51.5,8901300,0.554,2024-10-11,40,2024,11,Friday,-1.4377999999999997,5.805107036050239
49.51179504394531,51.58000183105469,52.79999923706055,51.369998931884766,51.83000183105469,6446900,-2.014,2024-10-14,41,2024,14,Monday,-0.7768,3.666068357245947
47.07364273071289,49.040000915527344,50.290000915527344,48.81999969482422,50.119998931884766,14678500,-4.924,2024-10-15,41,2024,15,Tuesday,-0.7768,3.666068357245947
47.70718002319336,49.70000076293945,50.08000183105469,49.439998626708984,49.599998474121094,3032800,1.346,2024-10-16,41,2024,16,Wednesday,-0.7768,3.666068357245947
46.42090606689453,48.36000061035156,48.709999084472656,48.119998931884766,48.709999084472656,4333700,-2.696,2024-10-17,41,2024,17,Thursday,-0.7768,3.666068357245947
48.46549987792969,50.4900016784668,51.0,50.33000183105469,50.970001220703125,4327900,4.404,2024-10-18,41,2024,18,Friday,-0.7768,3.666068357245947
47.8991584777832,49.900001525878906,50.099998474121094,49.5,49.77000045776367,3074000,-1.169,2024-10-21,42,2024,21,Monday,-0.25220000000000004,0.8544001989700143
48.35991287231445,50.380001068115234,50.849998474121094,50.060001373291016,50.119998931884766,2965600,0.962,2024-10-22,42,2024,22,Tuesday,-0.25220000000000004,0.8544001989700143
48.081539154052734,50.09000015258789,50.779998779296875,49.9900016784668,50.70000076293945,2404700,-0.576,2024-10-23,42,2024,23,Wednesday,-0.25220000000000004,0.8544001989700143
47.726375579833984,49.720001220703125,49.9900016784668,49.349998474121094,49.77000045776367,2067700,-0.739,2024-10-24,42,2024,24,Thursday,-0.25220000000000004,0.8544001989700143
47.85116195678711,49.849998474121094,50.400001525878906,49.81999969482422,50.279998779296875,2507800,0.261,2024-10-25,42,2024,25,Friday,-0.25220000000000004,0.8544001989700143
48.53269577026367,50.560001373291016,50.790000915527344,50.0,50.0099983215332,3348300,1.424,2024-10-28,43,2024,28,Monday,-0.1442,1.0891518259636717
48.06234359741211,50.06999969482422,50.790000915527344,50.0,50.72999954223633,3343100,-0.969,2024-10-29,43,2024,29,Tuesday,-0.1442,1.0891518259636717
47.47679901123047,49.459999084472656,49.650001525878906,49.04999923706055,49.220001220703125,2307300,-1.218,2024-10-30,43,2024,30,Wednesday,-0.1442,1.0891518259636717
47.27522277832031,49.25,49.34000015258789,48.779998779296875,49.2400016784668,4569700,-0.425,2024-10-31,43,2024,31,Thursday,-0.1442,1.0891518259636717
47.496002197265625,49.47999954223633,49.88999938964844,49.400001525878906,49.75,3045100,0.467,2024-11-01,43,2024,1,Friday,-0.1442,1.0891518259636717
47.85116195678711,49.849998474121094,50.459999084472656,49.84000015258789,49.959999084472656,1590800,0.748,2024-11-04,44,2024,4,Monday,0.06499999999999986,4.262198493735363
48.983848571777344,51.029998779296875,51.31999969482422,50.7599983215332,51.029998779296875,3222300,2.367,2024-11-05,44,2024,5,Tuesday,0.06499999999999986,4.262198493735363
47.65918731689453,49.650001525878906,50.02000045776367,49.0099983215332,49.38999938964844,13273500,-2.704,2024-11-06,44,2024,6,Wednesday,0.06499999999999986,4.262198493735363
50.23172378540039,52.33000183105469,52.70000076293945,51.68000030517578,51.849998474121094,16886100,5.398,2024-11-07,44,2024,7,Thursday,0.06499999999999986,4.262198493735363
47.47679901123047,49.459999084472656,50.31999969482422,49.119998931884766,50.0,5625000,-5.484,2024-11-08,44,2024,8,Friday,0.06499999999999986,4.262198493735363
47.48640060424805,49.470001220703125,49.86000061035156,49.400001525878906,49.810001373291016,5297300,0.02,2024-11-11,45,2024,11,Monday,-0.8475999999999999,1.3946864522178453
45.94095993041992,47.86000061035156,48.43000030517578,47.720001220703125,48.2599983215332,5531400,-3.254,2024-11-12,45,2024,12,Tuesday,-0.8475999999999999,1.3946864522178453
45.844966888427734,47.7599983215332,48.45000076293945,47.68000030517578,48.380001068115234,3551200,-0.209,2024-11-13,45,2024,13,Wednesday,-0.8475999999999999,1.3946864522178453
45.45140838623047,47.349998474121094,47.689998626708984,47.18000030517578,47.56999969482422,2422700,-0.858,2024-11-14,45,2024,14,Thursday,-0.8475999999999999,1.3946864522178453
45.480201721191406,47.380001068115234,47.5099983215332,47.16999816894531,47.439998626708984,3279100,0.063,2024-11-15,45,2024,15,Friday,-0.8475999999999999,1.3946864522178453
46.113739013671875,48.040000915527344,48.099998474121094,47.689998626708984,47.7599983215332,1379400,1.393,2024-11-18,46,2024,18,Monday,-0.37459999999999993,1.4351934712783498
45.777774810791016,47.689998626708984,47.810001373291016,47.599998474121094,47.709999084472656,1599500,-0.729,2024-11-19,46,2024,19,Tuesday,-0.37459999999999993,1.4351934712783498
46.05614471435547,47.97999954223633,48.029998779296875,47.79999923706055,47.959999084472656,1516200,0.608,2024-11-20,46,2024,20,Wednesday,-0.37459999999999993,1.4351934712783498
45.68178176879883,47.59000015258789,47.790000915527344,47.5099983215332,47.63999938964844,1904000,-0.813,2024-11-21,46,2024,21,Thursday,-0.37459999999999993,1.4351934712783498
44.61629104614258,46.47999954223633,46.560001373291016,46.279998779296875,46.5,2954100,-2.332,2024-11-22,46,2024,22,Friday,-0.37459999999999993,1.4351934712783498
44.520301818847656,46.380001068115234,46.5,46.18000030517578,46.279998779296875,2544800,-0.215,2024-11-25,47,2024,25,Monday,0.45575,1.3813639093301953
44.25152587890625,46.099998474121094,46.43000030517578,45.939998626708984,46.400001525878906,1622700,-0.604,2024-11-26,47,2024,26,Tuesday,0.45575,1.3813639093301953
45.345821380615234,47.2400016784668,47.47999954223633,47.11000061035156,47.31999969482422,2072300,2.473,2024-11-27,47,2024,27,Wednesday,0.45575,1.3813639093301953
45.422607421875,47.31999969482422,47.34000015258789,46.77000045776367,46.95000076293945,1543000,0.169,2024-11-29,47,2024,29,Friday,0.45575,1.3813639093301953
45.480201721191406,47.380001068115234,47.470001220703125,47.04999923706055,47.29999923706055,2084600,0.127,2024-12-02,48,2024,2,Monday,0.2084,0.7263410356024228
45.65298843383789,47.560001373291016,47.779998779296875,47.439998626708984,47.470001220703125,2114600,0.38,2024-12-03,48,2024,3,Tuesday,0.2084,0.7263410356024228
45.20183181762695,47.09000015258789,47.5099983215332,47.02000045776367,47.47999954223633,3281900,-0.988,2024-12-04,48,2024,4,Wednesday,0.2084,0.7263410356024228
45.48979949951172,47.38999938964844,47.52000045776367,47.2599983215332,47.290000915527344,1072300,0.637,2024-12-05,48,2024,5,Thursday,0.2084,0.7263410356024228
45.89296340942383,47.810001373291016,48.18000030517578,47.79999923706055,48.099998474121094,2047100,0.886,2024-12-06,48,2024,6,Friday,0.2084,0.7263410356024228
49.454200744628906,51.52000045776367,52.220001220703125,51.04999923706055,51.08000183105469,13323900,7.76,2024-12-09,49,2024,9,Monday,0.251,4.542344328647928
47.21762466430664,49.189998626708984,49.52000045776367,49.040000915527344,49.369998931884766,7387100,-4.523,2024-12-10,49,2024,10,Tuesday,0.251,4.542344328647928
46.88166427612305,48.84000015258789,48.900001525878906,48.5099983215332,48.900001525878906,5404500,-0.712,2024-12-11,49,2024,11,Wednesday,0.251,4.542344328647928
46.891258239746094,48.849998474121094,49.13999938964844,48.630001068115234,48.79999923706055,2721600,0.02,2024-12-12,49,2024,12,Thursday,0.251,4.542344328647928
46.28652572631836,48.220001220703125,48.349998474121094,47.939998626708984,48.349998474121094,2063800,-1.29,2024-12-13,49,2024,13,Friday,0.251,4.542344328647928
45.585792541503906,47.4900016784668,47.849998474121094,47.459999084472656,47.619998931884766,1675200,-1.514,2024-12-16,50,2024,16,Monday,-0.08300000000000003,1.4397650850051893
46.19329071044922,47.220001220703125,47.31999969482422,46.709999084472656,46.75,2795700,1.333,2024-12-17,50,2024,17,Tuesday,-0.08300000000000003,1.4397650850051893
45.3813362121582,46.38999938964844,47.209999084472656,46.369998931884766,47.08000183105469,1696100,-1.758,2024-12-18,50,2024,18,Wednesday,-0.08300000000000003,1.4397650850051893
45.704166412353516,46.720001220703125,47.06999969482422,46.720001220703125,47.04999923706055,1738800,0.711,2024-12-19,50,2024,19,Thursday,-0.08300000000000003,1.4397650850051893
46.07590103149414,47.099998474121094,47.290000915527344,46.720001220703125,46.79999923706055,2358300,0.813,2024-12-20,50,2024,20,Friday,-0.08300000000000003,1.4397650850051893
46.26176834106445,47.290000915527344,47.369998931884766,46.90999984741211,47.060001373291016,1159800,0.403,2024-12-23,51,2024,23,Monday,0.1975,0.6893090743635978
46.672637939453125,47.709999084472656,47.77000045776367,47.560001373291016,47.66999816894531,695200,0.888,2024-12-24,51,2024,24,Tuesday,0.1975,0.6893090743635978
46.79003143310547,47.83000183105469,48.119998931884766,47.540000915527344,47.68000030517578,801000,0.252,2024-12-26,51,2024,26,Thursday,0.1975,0.6893090743635978
46.43785858154297,47.470001220703125,47.5099983215332,47.2400016784668,47.400001525878906,1326800,-0.753,2024-12-27,51,2024,27,Friday,0.1975,0.6893090743635978
45.92916488647461,46.95000076293945,47.25,46.880001068115234,47.25,1688200,-1.095,2024-12-30,52,2024,30,Monday,-0.6435,0.6385174234114523
45.841121673583984,46.86000061035156,47.029998779296875,46.72999954223633,46.90999984741211,1417100,-0.192,2024-12-31,52,2024,31,Tuesday,-0.6435,0.6385174234114523
45.019386291503906,46.02000045776367,46.36000061035156,45.9900016784668,46.27000045776367,2955000,-1.793,2025-01-02,00,2025,2,Thursday,-0.49449999999999994,1.836356310741464
45.3813362121582,46.38999938964844,46.38999938964844,46.11000061035156,46.27000045776367,1446400,0.804,2025-01-03,00,2025,3,Friday,-0.49449999999999994,1.836356310741464
44.62807846069336,45.619998931884766,46.81999969482422,45.43000030517578,46.709999084472656,3479800,-1.66,2025-01-06,01,2025,6,Monday,-1.47325,0.9323941852385538
44.25634765625,45.2400016784668,45.63999938964844,45.16999816894531,45.45000076293945,2081000,-0.833,2025-01-07,01,2025,7,Tuesday,-1.47325,0.9323941852385538
43.95308303833008,44.93000030517578,44.9900016784668,44.58000183105469,44.720001220703125,3759200,-0.685,2025-01-08,01,2025,8,Wednesday,-1.47325,0.9323941852385538
42.75960922241211,43.709999084472656,44.290000915527344,43.70000076293945,44.22999954223633,3669800,-2.715,2025-01-10,01,2025,10,Friday,-1.47325,0.9323941852385538
42.91613006591797,43.869998931884766,44.06999969482422,43.709999084472656,43.77000045776367,6034700,0.366,2025-01-13,02,2025,13,Monday,1.1225999999999998,0.9988066880032392
43.85525894165039,44.83000183105469,45.09000015258789,44.77000045776367,44.959999084472656,4489900,2.188,2025-01-14,02,2025,14,Tuesday,1.1225999999999998,0.9988066880032392
44.32482147216797,45.310001373291016,45.380001068115234,45.119998931884766,45.349998474121094,1158200,1.071,2025-01-15,02,2025,15,Wednesday,1.1225999999999998,0.9988066880032392
44.29547119140625,45.279998779296875,45.38999938964844,45.18000030517578,45.34000015258789,937700,-0.066,2025-01-16,02,2025,16,Thursday,1.1225999999999998,0.9988066880032392
45.20524978637695,46.209999084472656,46.630001068115234,45.560001373291016,45.58000183105469,2633100,2.054,2025-01-17,02,2025,17,Friday,1.1225999999999998,0.9988066880032392
45.49872970581055,46.5099983215332,46.810001373291016,46.2400016784668,46.72999954223633,2444100,0.649,2025-01-21,03,2025,21,Tuesday,0.6385,1.2998072934092961
45.30308151245117,46.310001373291016,46.400001525878906,45.97999954223633,46.290000915527344,867800,-0.43,2025-01-22,03,2025,22,Wednesday,0.6385,1.2998072934092961
45.244384765625,46.25,46.290000915527344,45.90999984741211,46.099998474121094,1134800,-0.13,2025-01-23,03,2025,23,Thursday,0.6385,1.2998072934092961
46.359596252441406,47.38999938964844,47.45000076293945,46.79999923706055,46.880001068115234,1445600,2.465,2025-01-24,03,2025,24,Friday,0.6385,1.2998072934092961
46.701988220214844,47.7400016784668,47.970001220703125,47.5,47.869998931884766,1770400,0.739,2025-01-27,04,2025,27,Monday,0.4386,1.7199787207986035
47.34763717651367,48.400001525878906,48.41999816894531,47.33000183105469,47.81999969482422,5882400,1.382,2025-01-28,04,2025,28,Tuesday,0.4386,1.7199787207986035
47.200897216796875,48.25,48.9900016784668,48.20000076293945,48.72999954223633,5474900,-0.31,2025-01-29,04,2025,29,Wednesday,0.4386,1.7199787207986035
48.35523986816406,49.43000030517578,49.7400016784668,48.380001068115234,48.40999984741211,2949200,2.446,2025-01-30,04,2025,30,Thursday,0.4386,1.7199787207986035
47.357418060302734,48.40999984741211,49.439998626708984,48.2599983215332,49.439998626708984,5019900,-2.064,2025-01-31,04,2025,31,Friday,0.4386,1.7199787207986035
47.03459548950195,48.08000183105469,48.56999969482422,47.349998474121094,47.41999816894531,4381800,-0.682,2025-02-03,05,2025,3,Monday,0.5509999999999999,1.6967521916885802
48.218284606933594,49.290000915527344,49.70000076293945,48.90999984741211,49.029998779296875,2013200,2.517,2025-02-04,05,2025,4,Tuesday,0.5509999999999999,1.6967521916885802
47.40633010864258,48.459999084472656,48.790000915527344,48.439998626708984,48.619998931884766,2427600,-1.684,2025-02-05,05,2025,5,Wednesday,0.5509999999999999,1.6967521916885802
48.051979064941406,49.119998931884766,49.34000015258789,48.959999084472656,49.16999816894531,1650200,1.362,2025-02-06,05,2025,6,Thursday,0.5509999999999999,1.6967521916885802
48.64871597290039,49.72999954223633,50.56999969482422,49.70000076293945,50.08000183105469,8219600,1.242,2025-02-07,05,2025,7,Friday,0.5509999999999999,1.6967521916885802
49.900882720947266,51.0099983215332,51.060001373291016,50.540000915527344,50.810001373291016,3502000,2.574,2025-02-10,06,2025,10,Monday,1.4701999999999997,1.8190826534272708
49.441104888916016,50.540000915527344,50.900001525878906,50.20000076293945,50.43000030517578,1951600,-0.921,2025-02-11,06,2025,11,Tuesday,1.4701999999999997,1.8190826534272708
50.7421875,51.869998931884766,52.189998626708984,51.08000183105469,51.22999954223633,9574100,2.632,2025-02-12,06,2025,12,Wednesday,1.4701999999999997,1.8190826534272708
50.722618103027344,51.849998474121094,51.880001068115234,50.83000183105469,50.959999084472656,5028400,-0.039,2025-02-13,06,2025,13,Thursday,1.4701999999999997,1.8190826534272708
52.29761505126953,53.459999084472656,53.689998626708984,53.040000915527344,53.61000061035156,3644900,3.105,2025-02-14,06,2025,14,Friday,1.4701999999999997,1.8190826534272708
52.81609344482422,53.9900016784668,54.25,53.63999938964844,54.20000076293945,3009600,0.991,2025-02-18,07,2025,18,Tuesday,1.0675,1.114973990728035
52.561744689941406,53.72999954223633,54.02000045776367,53.58000183105469,53.970001220703125,3368200,-0.482,2025-02-19,07,2025,19,Wednesday,1.0675,1.114973990728035
53.540000915527344,54.72999954223633,55.59000015258789,54.11000061035156,54.68000030517578,3157400,1.861,2025-02-20,07,2025,20,Thursday,1.0675,1.114973990728035
54.55739212036133,55.77000045776367,56.459999084472656,55.43000030517578,55.77000045776367,8286900,1.9,2025-02-21,07,2025,21,Friday,1.0675,1.114973990728035
52.42478561401367,53.59000015258789,54.869998931884766,53.5,54.81999969482422,6656700,-3.909,2025-02-24,08,2025,24,Monday,-0.7718,2.5428337932314804
52.88456726074219,54.060001373291016,54.2599983215332,53.720001220703125,54.15999984741211,4083900,0.877,2025-02-25,08,2025,25,Tuesday,-0.7718,2.5428337932314804
54.1954345703125,55.400001525878906,55.939998626708984,55.209999084472656,55.689998626708984,5227400,2.479,2025-02-26,08,2025,26,Wednesday,-0.7718,2.5428337932314804
53.716087341308594,54.90999984741211,55.5,54.619998931884766,55.099998474121094,4044900,-0.884,2025-02-27,08,2025,27,Thursday,-0.7718,2.5428337932314804
52.415008544921875,53.58000183105469,53.75,53.18000030517578,53.400001525878906,4069700,-2.422,2025-02-28,08,2025,28,Friday,-0.7718,2.5428337932314804
51.661746978759766,52.810001373291016,53.83000183105469,52.630001068115234,53.7599983215332,2052000,-1.437,2025-03-03,09,2025,3,Monday,1.089,2.375517522562189
52.4345703125,53.599998474121094,54.0,52.84000015258789,53.27000045776367,3192900,1.496,2025-03-04,09,2025,4,Tuesday,1.089,2.375517522562189
54.99760437011719,56.220001220703125,56.369998931884766,54.77000045776367,54.90999984741211,4292900,4.888,2025-03-05,09,2025,5,Wednesday,1.089,2.375517522562189
55.30086135864258,56.529998779296875,57.290000915527344,56.29999923706055,57.029998779296875,4175400,0.551,2025-03-06,09,2025,6,Thursday,1.089,2.375517522562189
55.271514892578125,56.5,57.08000183105469,56.15999984741211,56.61000061035156,2774400,-0.053,2025-03-07,09,2025,7,Friday,1.089,2.375517522562189
53.598697662353516,54.790000915527344,55.599998474121094,54.5099983215332,55.31999969482422,2947600,-3.027,2025-03-10,10,2025,10,Monday,0.3268,2.272331995990023
54.616085052490234,55.83000183105469,56.38999938964844,55.34000015258789,55.83000183105469,3445100,1.898,2025-03-11,10,2025,11,Tuesday,0.3268,2.272331995990023
54.420433044433594,55.630001068115234,55.689998626708984,55.06999969482422,55.59000015258789,2778000,-0.358,2025-03-12,10,2025,12,Wednesday,0.3268,2.272331995990023
54.55739212036133,55.77000045776367,56.029998779296875,54.970001220703125,55.04999923706055,1841700,0.252,2025-03-13,10,2025,13,Thursday,0.3268,2.272331995990023
56.12260055541992,57.369998931884766,57.459999084472656,57.029998779296875,57.34000015258789,2967200,2.869,2025-03-14,10,2025,14,Friday,0.3268,2.272331995990023
57.3747673034668,58.650001525878906,58.790000915527344,57.29999923706055,57.369998931884766,2770900,2.231,2025-03-17,11,2025,17,Monday,-0.5924,1.907787540582022
57.09107208251953,58.36000061035156,58.75,58.11000061035156,58.7400016784668,3789800,-0.494,2025-03-18,11,2025,18,Tuesday,-0.5924,1.907787540582022
57.04216003417969,58.310001373291016,58.90999984741211,58.04999923706055,58.90999984741211,2050400,-0.086,2025-03-19,11,2025,19,Wednesday,-0.5924,1.907787540582022
55.45738220214844,56.689998626708984,56.97999954223633,56.43000030517578,56.63999938964844,3756000,-2.778,2025-03-20,11,2025,20,Thursday,-0.5924,1.907787540582022
54.439998626708984,55.650001525878906,55.88999938964844,55.38999938964844,55.54999923706055,5199000,-1.835,2025-03-21,11,2025,21,Friday,-0.5924,1.907787540582022
54.4008674621582,55.61000061035156,56.08000183105469,55.52000045776367,56.04999923706055,9497800,-0.072,2025-03-24,12,2025,24,Monday,-0.3836,1.3765773861283643
53.80413055419922,55.0,55.72999954223633,54.970001220703125,55.310001373291016,6650700,-1.097,2025-03-25,12,2025,25,Tuesday,-0.3836,1.3765773861283643
53.80413055419922,55.0,55.439998626708984,54.77000045776367,55.18000030517578,4844000,0.0,2025-03-26,12,2025,26,Wednesday,-0.3836,1.3765773861283643
54.596519470214844,55.810001373291016,56.060001373291016,55.25,55.34000015258789,2084700,1.473,2025-03-27,12,2025,27,Thursday,-0.3836,1.3765773861283643
53.383480072021484,54.56999969482422,55.06999969482422,54.470001220703125,55.040000915527344,1830800,-2.222,2025-03-28,12,2025,28,Friday,-0.3836,1.3765773861283643
53.21717834472656,54.400001525878906,54.54999923706055,53.81999969482422,54.119998931884766,2352800,-0.312,2025-03-31,13,2025,31,Monday,-1.6987999999999999,2.908281571650173
53.36391067504883,54.54999923706055,54.72999954223633,54.15999984741211,54.439998626708984,1788400,0.276,2025-04-01,13,2025,1,Tuesday,-1.6987999999999999,2.908281571650173
52.98239517211914,54.15999984741211,54.540000915527344,54.029998779296875,54.5099983215332,2183300,-0.715,2025-04-02,13,2025,2,Wednesday,-1.6987999999999999,2.908281571650173
52.503047943115234,53.66999816894531,53.83000183105469,53.11000061035156,53.11000061035156,4003800,-0.905,2025-04-03,13,2025,3,Thursday,-1.6987999999999999,2.908281571650173
48.912845611572266,50.0,50.95000076293945,48.849998474121094,50.650001525878906,10895400,-6.838,2025-04-04,13,2025,4,Friday,-1.6987999999999999,2.908281571650173
44.99981689453125,46.0,48.720001220703125,45.209999084472656,46.810001373291016,10303900,-8.0,2025-04-07,14,2025,7,Monday,-0.007799999999999851,5.451947285145006
44.236778259277344,45.220001220703125,47.91999816894531,44.709999084472656,47.91999816894531,5635400,-1.696,2025-04-08,14,2025,8,Tuesday,-0.007799999999999851,5.451947285145006
47.01502990722656,48.060001373291016,48.310001373291016,45.939998626708984,46.540000915527344,8924600,6.28,2025-04-09,14,2025,9,Wednesday,-0.007799999999999851,5.451947285145006
46.936763763427734,47.97999954223633,48.72999954223633,47.25,48.54999923706055,7991000,-0.166,2025-04-10,14,2025,10,Thursday,-0.007799999999999851,5.451947285145006
48.59980392456055,49.68000030517578,49.790000915527344,48.45000076293945,48.849998474121094,3751100,3.543,2025-04-11,14,2025,11,Friday,-0.007799999999999851,5.451947285145006
49.460670471191406,50.560001373291016,51.08000183105469,50.33000183105469,50.33000183105469,4133600,1.771,2025-04-14,15,2025,14,Monday,-0.18724999999999997,1.6033815048203592
49.07914733886719,50.16999816894531,50.52000045776367,50.08000183105469,50.40999984741211,1722200,-0.771,2025-04-15,15,2025,15,Tuesday,-0.18724999999999997,1.6033815048203592
48.09111022949219,49.15999984741211,49.720001220703125,48.95000076293945,49.41999816894531,2033100,-2.013,2025-04-16,15,2025,16,Wednesday,-0.18724999999999997,1.6033815048203592
48.218284606933594,49.290000915527344,50.0,49.2400016784668,49.84000015258789,1729300,0.264,2025-04-17,15,2025,17,Thursday,-0.18724999999999997,1.6033815048203592
48.31610870361328,49.38999938964844,49.619998931884766,48.95000076293945,49.619998931884766,1252000,0.203,2025-04-21,16,2025,21,Monday,1.0475999999999999,1.27489246605351
49.793277740478516,50.900001525878906,51.290000915527344,50.459999084472656,50.56999969482422,1457400,3.057,2025-04-22,16,2025,22,Tuesday,1.0475999999999999,1.27489246605351
50.53675079345703,51.65999984741211,52.5,51.619998931884766,51.86000061035156,3504500,1.493,2025-04-23,16,2025,23,Wednesday,1.0475999999999999,1.27489246605351
50.84001159667969,51.970001220703125,52.11000061035156,51.459999084472656,51.61000061035156,1223200,0.6,2025-04-24,16,2025,24,Thursday,1.0475999999999999,1.27489246605351
50.781314849853516,51.90999984741211,51.959999084472656,51.650001525878906,51.689998626708984,1997100,-0.115,2025-04-25,16,2025,25,Friday,1.0475999999999999,1.27489246605351
50.722618103027344,51.849998474121094,52.040000915527344,51.61000061035156,51.79999923706055,1849600,-0.116,2025-04-28,17,2025,28,Monday,0.5856,1.6588873680874179
50.55631637573242,51.68000030517578,51.83000183105469,51.599998474121094,51.709999084472656,1506700,-0.328,2025-04-29,17,2025,29,Tuesday,0.5856,1.6588873680874179
50.53675079345703,51.65999984741211,51.779998779296875,51.310001373291016,51.7400016784668,1403800,-0.039,2025-04-30,17,2025,30,Wednesday,0.5856,1.6588873680874179
50.4682731628418,51.59000015258789,51.84000015258789,51.47999954223633,51.75,1070600,-0.136,2025-05-01,17,2025,1,Thursday,0.5856,1.6588873680874179
52.258480072021484,53.41999816894531,53.540000915527344,53.0,53.38999938964844,2455000,3.547,2025-05-02,17,2025,2,Friday,0.5856,1.6588873680874179
52.238922119140625,53.400001525878906,53.59000015258789,53.18000030517578,53.20000076293945,1190100,-0.037,2025-05-05,18,2025,5,Monday,-0.05500000000000001,1.4767599669546843
52.77696228027344,53.95000076293945,54.18000030517578,53.720001220703125,53.7599983215332,2230500,1.03,2025-05-06,18,2025,6,Tuesday,-0.05500000000000001,1.4767599669546843
51.54435348510742,52.689998626708984,53.0099983215332,52.65999984741211,52.970001220703125,6795000,-2.336,2025-05-07,18,2025,7,Wednesday,-0.05500000000000001,1.4767599669546843
52.2878303527832,53.45000076293945,53.68000030517578,53.06999969482422,53.43000030517578,2105500,1.442,2025-05-08,18,2025,8,Thursday,-0.05500000000000001,1.4767599669546843
52.09217834472656,53.25,53.720001220703125,53.220001220703125,53.68000030517578,1084300,-0.374,2025-05-09,18,2025,9,Friday,-0.05500000000000001,1.4767599669546843
53.86282730102539,55.060001373291016,55.25,54.72999954223633,55.15999984741211,3050500,3.399,2025-05-12,19,2025,12,Monday,0.4524,2.0720067084833484
53.51065444946289,54.70000076293945,55.09000015258789,54.33000183105469,54.45000076293945,3537900,-0.654,2025-05-13,19,2025,13,Tuesday,0.4524,2.0720067084833484
54.391082763671875,55.599998474121094,55.84000015258789,55.38999938964844,55.7400016784668,2304100,1.645,2025-05-14,19,2025,14,Wednesday,0.4524,2.0720067084833484
53.383480072021484,54.56999969482422,54.779998779296875,54.27000045776367,54.720001220703125,1759900,-1.853,2025-05-15,19,2025,15,Thursday,0.4524,2.0720067084833484
53.23674011230469,54.41999816894531,54.599998474121094,54.349998474121094,54.5099983215332,1490100,-0.275,2025-05-16,19,2025,16,Friday,0.4524,2.0720067084833484
53.51065444946289,54.70000076293945,54.720001220703125,54.150001525878906,54.2599983215332,1736400,0.515,2025-05-19,20,2025,19,Monday,0.1336,0.580710168672807
53.99978256225586,55.20000076293945,55.20000076293945,54.93000030517578,55.0099983215332,2662700,0.914,2025-05-20,20,2025,20,Tuesday,0.1336,0.580710168672807
53.794349670410156,54.9900016784668,55.65999984741211,54.880001068115234,55.459999084472656,2317100,-0.38,2025-05-21,20,2025,21,Wednesday,0.1336,0.580710168672807
53.559566497802734,54.75,54.880001068115234,54.619998931884766,54.689998626708984,1741700,-0.436,2025-05-22,20,2025,22,Thursday,0.1336,0.580710168672807
53.58891296386719,54.779998779296875,54.869998931884766,54.400001525878906,54.47999954223633,1685300,0.055,2025-05-23,20,2025,23,Friday,0.1336,0.580710168672807
52.86500549316406,54.040000915527344,54.06999969482422,53.83000183105469,53.959999084472656,2513300,-1.351,2025-05-27,21,2025,27,Tuesday,-0.9005000000000001,1.2942170091088538
52.170440673828125,53.33000183105469,53.619998931884766,53.290000915527344,53.619998931884766,2340300,-1.314,2025-05-28,21,2025,28,Wednesday,-0.9005000000000001,1.2942170091088538
52.68891906738281,53.86000061035156,54.2400016784668,53.72999954223633,54.150001525878906,3158700,0.994,2025-05-29,21,2025,29,Thursday,-0.9005000000000001,1.2942170091088538
51.671531677246094,52.81999969482422,53.22999954223633,52.529998779296875,53.22999954223633,2665000,-1.931,2025-05-30,21,2025,30,Friday,-0.9005000000000001,1.2942170091088538
52.10196304321289,53.2599983215332,53.29999923706055,52.869998931884766,53.119998931884766,4035400,0.833,2025-06-02,22,2025,2,Monday,0.7851999999999999,0.7604809004833717
52.59109115600586,53.7599983215332,53.86000061035156,53.54999923706055,53.77000045776367,1408700,0.939,2025-06-03,22,2025,3,Tuesday,0.7851999999999999,0.7604809004833717
53.598697662353516,54.790000915527344,54.849998474121094,54.27000045776367,54.34000015258789,1720200,1.916,2025-06-04,22,2025,4,Wednesday,0.7851999999999999,0.7604809004833717
53.794349670410156,54.9900016784668,55.279998779296875,54.72999954223633,55.150001525878906,1711200,0.365,2025-06-05,22,2025,5,Thursday,0.7851999999999999,0.7604809004833717
53.725868225097656,54.91999816894531,54.959999084472656,54.45000076293945,54.58000183105469,1914900,-0.127,2025-06-06,22,2025,6,Friday,0.7851999999999999,0.7604809004833717
54.31282424926758,55.52000045776367,55.619998931884766,55.25,55.290000915527344,1587400,1.093,2025-06-09,23,2025,9,Monday,-0.049800000000000025,1.0869819225727722
54.4791259765625,55.689998626708984,55.72999954223633,55.2599983215332,55.529998779296875,1867600,0.306,2025-06-10,23,2025,10,Tuesday,-0.049800000000000025,1.0869819225727722
54.64543151855469,55.86000061035156,56.18000030517578,55.810001373291016,56.0,1337900,0.305,2025-06-11,23,2025,11,Wednesday,-0.049800000000000025,1.0869819225727722
54.57695388793945,55.790000915527344,55.86000061035156,55.630001068115234,55.70000076293945,1228300,-0.125,2025-06-12,23,2025,12,Thursday,-0.049800000000000025,1.0869819225727722
53.579132080078125,54.77000045776367,55.09000015258789,54.65999984741211,54.79999923706055,1898900,-1.828,2025-06-13,23,2025,13,Friday,-0.049800000000000025,1.0869819225727722
54.345760345458984,55.0099983215332,55.349998474121094,54.970001220703125,55.0099983215332,2035100,1.431,2025-06-16,24,2025,16,Monday,-0.33475,1.1812429541236074
53.78264236450195,54.439998626708984,54.869998931884766,54.43000030517578,54.779998779296875,1927200,-1.036,2025-06-17,24,2025,17,Tuesday,-0.33475,1.1812429541236074
53.27880096435547,53.93000030517578,54.20000076293945,53.810001373291016,54.130001068115234,2254200,-0.937,2025-06-18,24,2025,18,Wednesday,-0.33475,1.1812429541236074
52.8539924621582,53.5,53.95000076293945,53.470001220703125,53.95000076293945,1215700,-0.797,2025-06-20,24,2025,20,Friday,-0.33475,1.1812429541236074
53.47638702392578,54.130001068115234,54.15999984741211,53.650001525878906,53.83000183105469,1829100,1.178,2025-06-23,25,2025,23,Monday,0.6272,1.315465392931338
54.89899826049805,55.56999969482422,55.59000015258789,54.790000915527344,54.869998931884766,1409600,2.66,2025-06-24,25,2025,24,Tuesday,0.6272,1.315465392931338
54.85948181152344,55.529998779296875,55.720001220703125,55.41999816894531,55.709999084472656,2834200,-0.072,2025-06-25,25,2025,25,Wednesday,0.6272,1.315465392931338
54.869361877441406,55.540000915527344,55.709999084472656,55.33000183105469,55.400001525878906,1832000,0.018,2025-06-26,25,2025,26,Thursday,0.6272,1.315465392931338
54.51370620727539,55.18000030517578,55.38999938964844,55.0099983215332,55.209999084472656,1273600,-0.648,2025-06-27,25,2025,27,Friday,0.6272,1.315465392931338
54.43467330932617,55.099998474121094,55.150001525878906,54.630001068115234,54.83000183105469,1169400,-0.145,2025-06-30,26,2025,30,Monday,-0.2085,0.38332710139861836
54.602622985839844,55.27000045776367,55.38999938964844,55.029998779296875,55.08000183105469,1446700,0.309,2025-07-01,26,2025,1,Tuesday,-0.2085,0.38332710139861836
54.335880279541016,55.0,55.0,54.70000076293945,54.91999816894531,1688500,-0.489,2025-07-02,26,2025,2,Wednesday,-0.2085,0.38332710139861836
54.05926513671875,54.720001220703125,54.869998931884766,54.54999923706055,54.68000030517578,2230200,-0.509,2025-07-03,26,2025,3,Thursday,-0.2085,0.38332710139861836
53.96046829223633,54.619998931884766,55.0099983215332,54.540000915527344,54.59000015258789,2329900,-0.183,2025-07-07,27,2025,7,Monday,0.0864,0.7901501755995501
54.46431350708008,55.130001068115234,55.31999969482422,55.0,55.15999984741211,1832000,0.934,2025-07-08,27,2025,8,Tuesday,0.0864,0.7901501755995501
53.920955657958984,54.58000183105469,54.810001373291016,54.40999984741211,54.810001373291016,2595000,-0.998,2025-07-09,27,2025,9,Wednesday,0.0864,0.7901501755995501
54.345760345458984,55.0099983215332,55.04999923706055,54.63999938964844,54.900001525878906,715700,0.788,2025-07-10,27,2025,10,Thursday,0.0864,0.7901501755995501
54.28648376464844,54.95000076293945,55.209999084472656,54.900001525878906,55.150001525878906,704200,-0.109,2025-07-11,27,2025,11,Friday,0.0864,0.7901501755995501
54.87923812866211,55.54999923706055,55.59000015258789,55.25,55.34000015258789,1121100,1.092,2025-07-14,28,2025,14,Monday,0.8966,0.8357630046849405
55.9955940246582,56.68000030517578,56.77000045776367,56.029998779296875,56.33000183105469,2827900,2.034,2025-07-15,28,2025,15,Tuesday,0.8966,0.8357630046849405
55.8276481628418,56.5099983215332,56.560001373291016,56.04999923706055,56.290000915527344,1372400,-0.3,2025-07-16,28,2025,16,Wednesday,0.8966,0.8357630046849405
56.232696533203125,56.91999816894531,56.959999084472656,56.29999923706055,56.31999969482422,1325300,0.726,2025-07-17,28,2025,17,Thursday,0.8966,0.8357630046849405
56.75629806518555,57.45000076293945,57.939998626708984,57.43000030517578,57.58000183105469,1754300,0.931,2025-07-18,28,2025,18,Friday,0.8966,0.8357630046849405
57.11195373535156,57.810001373291016,58.08000183105469,57.5099983215332,57.689998626708984,1695300,0.627,2025-07-21,29,2025,21,Monday,0.5128,0.7846309323497258
57.96156311035156,58.66999816894531,58.720001220703125,58.02000045776367,58.209999084472656,4269900,1.488,2025-07-22,29,2025,22,Tuesday,0.5128,0.7846309323497258
58.53456115722656,59.25,59.36000061035156,59.08000183105469,59.16999816894531,6193700,0.989,2025-07-23,29,2025,23,Wednesday,0.5128,0.7846309323497258
58.46540832519531,59.18000030517578,59.5,59.040000915527344,59.43000030517578,3532200,-0.118,2025-07-24,29,2025,24,Thursday,0.5128,0.7846309323497258
58.21842575073242,58.93000030517578,58.970001220703125,58.540000915527344,58.72999954223633,3979700,-0.422,2025-07-25,29,2025,25,Friday,0.5128,0.7846309323497258
57.99120330810547,58.70000076293945,59.099998474121094,58.599998474121094,59.0,1511900,-0.39,2025-07-28,30,2025,28,Monday,-0.8304,0.5508877381100435
57.85289764404297,58.560001373291016,59.099998474121094,58.52000045776367,59.06999969482422,2267000,-0.238,2025-07-29,30,2025,29,Tuesday,-0.8304,0.5508877381100435
57.190982818603516,57.88999938964844,58.349998474121094,57.779998779296875,58.11000061035156,2798000,-1.144,2025-07-30,30,2025,30,Wednesday,-0.8304,0.5508877381100435
56.73653793334961,57.43000030517578,57.689998626708984,57.18000030517578,57.29999923706055,3082700,-0.795,2025-07-31,30,2025,31,Thursday,-0.8304,0.5508877381100435
55.837528228759766,56.52000045776367,56.709999084472656,56.22999954223633,56.689998626708984,3036700,-1.585,2025-08-01,30,2025,1,Friday,-0.8304,0.5508877381100435
56.776058197021484,57.470001220703125,57.709999084472656,57.29999923706055,57.54999923706055,2482500,1.681,2025-08-04,31,2025,4,Monday,0.5866,0.7726844763549998
57.161346435546875,57.86000061035156,58.119998931884766,57.810001373291016,58.029998779296875,1337100,0.679,2025-08-05,31,2025,5,Tuesday,0.5866,0.7726844763549998
57.655311584472656,58.36000061035156,58.400001525878906,57.88999938964844,58.130001068115234,1643000,0.864,2025-08-06,31,2025,6,Wednesday,0.5866,0.7726844763549998
57.49724197387695,58.20000076293945,58.45000076293945,58.02000045776367,58.349998474121094,1947600,-0.274,2025-08-07,31,2025,7,Thursday,0.5866,0.7726844763549998
57.487361907958984,58.189998626708984,58.189998626708984,57.900001525878906,58.0099983215332,1274600,-0.017,2025-08-08,31,2025,8,Friday,0.5866,0.7726844763549998
57.121829986572266,57.81999969482422,58.189998626708984,57.630001068115234,58.029998779296875,2122100,-0.636,2025-08-11,32,2025,11,Monday,0.5228,1.997890812832373
58.02083969116211,58.72999954223633,58.810001373291016,58.04999923706055,58.06999969482422,3443700,1.574,2025-08-12,32,2025,12,Tuesday,0.5228,1.997890812832373
59.8287467956543,60.560001373291016,60.58000183105469,60.15999984741211,60.16999816894531,5343000,3.116,2025-08-13,32,2025,13,Wednesday,0.5228,1.997890812832373
58.58395767211914,59.29999923706055,59.630001068115234,59.150001525878906,59.4900016784668,3268200,-2.081,2025-08-14,32,2025,14,Thursday,0.5228,1.997890812832373
58.95936965942383,59.68000030517578,59.849998474121094,59.560001373291016,59.70000076293945,1732900,0.641,2025-08-15,32,2025,15,Friday,0.5228,1.997890812832373
59.315025329589844,60.040000915527344,60.16999816894531,59.90999984741211,60.0,2936400,0.603,2025-08-18,33,2025,18,Monday,0.6315999999999999,1.2354227211768447
58.87045669555664,59.59000015258789,60.06999969482422,59.5,59.880001068115234,2821600,-0.75,2025-08-19,33,2025,19,Tuesday,0.6315999999999999,1.2354227211768447
59.19647216796875,59.91999816894531,60.0,59.56999969482422,59.81999969482422,2115400,0.554,2025-08-20,33,2025,20,Wednesday,0.6315999999999999,1.2354227211768447
59.27550506591797,60.0,60.099998474121094,59.689998626708984,59.689998626708984,1703700,0.134,2025-08-21,33,2025,21,Thursday,0.6315999999999999,1.2354227211768447
60.8265495300293,61.56999969482422,61.650001525878906,60.68000030517578,60.7599983215332,2661100,2.617,2025-08-22,33,2025,22,Friday,0.6315999999999999,1.2354227211768447
60.796913146972656,61.540000915527344,62.15999984741211,61.540000915527344,61.81999969482422,2747400,-0.049,2025-08-25,34,2025,25,Monday,-0.0754,1.522569308767256
60.875946044921875,61.619998931884766,62.040000915527344,61.54999923706055,61.75,2084500,0.13,2025-08-26,34,2025,26,Tuesday,-0.0754,1.522569308767256
59.295265197753906,60.02000045776367,60.060001373291016,59.77000045776367,60.0,2162000,-2.597,2025-08-27,34,2025,27,Wednesday,-0.0754,1.522569308767256
59.72007369995117,60.45000076293945,60.5099983215332,59.90999984741211,60.029998779296875,1882800,0.716,2025-08-28,34,2025,28,Thursday,-0.0754,1.522569308767256
60.5696907043457,61.310001373291016,61.45000076293945,60.86000061035156,60.90999984741211,4727100,1.423,2025-08-29,34,2025,29,Friday,-0.0754,1.522569308767256
60.89570236206055,61.63999938964844,61.66999816894531,60.72999954223633,60.88999938964844,3852200,0.538,2025-09-02,35,2025,2,Tuesday,0.02425000000000005,1.4594773893418151
60.58945083618164,61.33000183105469,61.43000030517578,61.0099983215332,61.16999816894531,2140600,-0.503,2025-09-03,35,2025,3,Wednesday,0.02425000000000005,1.4594773893418151
59.57188415527344,60.29999923706055,60.38999938964844,59.900001525878906,60.31999969482422,6878800,-1.679,2025-09-04,35,2025,4,Thursday,0.02425000000000005,1.4594773893418151
60.60920333862305,61.349998474121094,61.54999923706055,61.04999923706055,61.5099983215332,3564200,1.741,2025-09-05,35,2025,5,Friday,0.02425000000000005,1.4594773893418151
61.547733306884766,62.29999923706055,62.310001373291016,61.83000183105469,62.040000915527344,1910200,1.548,2025-09-08,36,2025,8,Monday,0.841,1.3941787905430207
62.20964431762695,62.970001220703125,63.150001525878906,62.59000015258789,62.7400016784668,6756300,1.075,2025-09-09,36,2025,9,Tuesday,0.841,1.3941787905430207
61.78483581542969,62.540000915527344,63.09000015258789,62.529998779296875,63.09000015258789,2548100,-0.683,2025-09-10,36,2025,10,Wednesday,0.841,1.3941787905430207
63.434669494628906,64.20999908447266,64.23999786376953,63.25,63.27000045776367,3177800,2.67,2025-09-11,36,2025,11,Thursday,0.841,1.3941787905430207
63.17781066894531,63.95000076293945,64.13999938964844,63.779998779296875,64.08999633789062,1622700,-0.405,2025-09-12,36,2025,12,Friday,0.841,1.3941787905430207
63.652015686035156,64.43000030517578,64.5999984741211,64.30000305175781,64.56999969482422,1672800,0.751,2025-09-15,37,2025,15,Monday,0.15839999999999999,1.199968249579963
64.07682037353516,64.86000061035156,64.93000030517578,64.13999938964844,64.23999786376953,1967200,0.667,2025-09-16,37,2025,16,Tuesday,0.15839999999999999,1.199968249579963
65.00547790527344,65.80000305175781,65.94999694824219,65.37999725341797,65.7300033569336,2566800,1.449,2025-09-17,37,2025,17,Wednesday,0.15839999999999999,1.199968249579963
63.9681510925293,64.75,64.91000366210938,64.44999694824219,64.70999908447266,2748900,-1.596,2025-09-18,37,2025,18,Thursday,0.15839999999999999,1.199968249579963
63.661895751953125,64.44000244140625,65.0199966430664,64.44000244140625,64.9000015258789,4182600,-0.479,2025-09-19,37,2025,19,Friday,0.15839999999999999,1.199968249579963
63.652015686035156,64.43000030517578,64.66999816894531,64.29000091552734,64.41999816894531,3235500,-0.016,2025-09-22,38,2025,22,Monday,-0.03320000000000001,1.0061904392310632
62.89131164550781,63.65999984741211,64.16999816894531,63.650001525878906,63.970001220703125,3823100,-1.195,2025-09-23,38,2025,23,Tuesday,-0.03320000000000001,1.0061904392310632
63.80020523071289,64.58000183105469,65.01000213623047,64.54000091552734,64.66999816894531,3733400,1.445,2025-09-24,38,2025,24,Wednesday,-0.03320000000000001,1.0061904392310632
63.978031158447266,64.76000213623047,64.91999816894531,64.43000030517578,64.72000122070312,2747600,0.279,2025-09-25,38,2025,25,Thursday,-0.03320000000000001,1.0061904392310632
63.54334259033203,64.31999969482422,64.4000015258789,63.869998931884766,64.0999984741211,3090800,-0.679,2025-09-26,38,2025,26,Friday,-0.03320000000000001,1.0061904392310632
64.73873138427734,65.52999877929688,65.76000213623047,65.36000061035156,65.55999755859375,1442600,1.881,2025-09-29,39,2025,29,Monday,0.6872,0.9304397884871434
65.05487060546875,65.8499984741211,66.29000091552734,65.68000030517578,66.13999938964844,2685200,0.488,2025-09-30,39,2025,30,Tuesday,0.6872,0.9304397884871434
65.45003509521484,66.25,66.33000183105469,65.88999938964844,65.9000015258789,2313000,0.607,2025-10-01,39,2025,1,Wednesday,0.6872,0.9304397884871434
66.18109893798828,66.98999786376953,67.37000274658203,66.79000091552734,67.19000244140625,3956200,1.117,2025-10-02,39,2025,2,Thursday,0.6872,0.9304397884871434
65.74642181396484,66.55000305175781,66.88999938964844,66.37000274658203,66.87000274658203,1543000,-0.657,2025-10-03,39,2025,3,Friday,0.6872,0.9304397884871434
65.8353271484375,66.63999938964844,66.83000183105469,66.2699966430664,66.37000274658203,2179900,0.135,2025-10-06,40,2025,6,Monday,-1.5757999999999999,2.4764102446888723
65.01535034179688,65.80999755859375,66.7699966430664,65.69000244140625,66.69999694824219,3126000,-1.245,2025-10-07,40,2025,7,Tuesday,-1.5757999999999999,2.4764102446888723
65.33148193359375,66.12999725341797,66.18000030517578,65.66000366210938,65.9800033569336,1898700,0.486,2025-10-08,40,2025,8,Wednesday,-1.5757999999999999,2.4764102446888723
64.33368682861328,65.12000274658203,66.16000366210938,64.93000030517578,66.12999725341797,1800900,-1.527,2025-10-09,40,2025,9,Thursday,-1.5757999999999999,2.4764102446888723
60.64872360229492,61.38999938964844,65.0,61.0,64.58000183105469,16704800,-5.728,2025-10-10,40,2025,10,Friday,-1.5757999999999999,2.4764102446888723
62.53565979003906,63.29999923706055,63.720001220703125,63.15999984741211,63.58000183105469,3781600,3.111,2025-10-13,41,2025,13,Monday,0.628,1.5986356683122018
61.82435607910156,62.58000183105469,63.16999816894531,62.02000045776367,62.099998474121094,9046100,-1.137,2025-10-14,41,2025,14,Tuesday,0.628,1.5986356683122018
62.486263275146484,63.25,63.630001068115234,62.900001525878906,63.38999938964844,2824200,1.071,2025-10-15,41,2025,15,Wednesday,0.628,1.5986356683122018
62.63445281982422,63.400001525878906,63.810001373291016,63.22999954223633,63.540000915527344,2644800,0.237,2025-10-16,41,2025,16,Thursday,0.628,1.5986356683122018
62.54553985595703,63.310001373291016,63.45000076293945,62.36000061035156,62.400001525878906,2798600,-0.142,2025-10-17,41,2025,17,Friday,0.628,1.5986356683122018
63.345760345458984,64.12000274658203,64.25,63.15999984741211,63.279998779296875,2049000,1.279,2025-10-20,42,2025,20,Monday,0.38180000000000003,1.2014331858243306
62.67396926879883,63.439998626708984,63.7599983215332,63.369998931884766,63.7599983215332,2064600,-1.061,2025-10-21,42,2025,21,Tuesday,0.38180000000000003,1.2014331858243306
62.268917083740234,63.029998779296875,63.560001373291016,62.540000915527344,63.2400016784668,2384300,-0.646,2025-10-22,42,2025,22,Wednesday,0.38180000000000003,1.2014331858243306
63.335880279541016,64.11000061035156,64.4000015258789,63.63999938964844,63.720001220703125,1829200,1.713,2025-10-23,42,2025,23,Thursday,0.38180000000000003,1.2014331858243306
63.73105239868164,64.51000213623047,64.7300033569336,64.4800033569336,64.69999694824219,1324200,0.624,2025-10-24,42,2025,24,Friday,0.38180000000000003,1.2014331858243306
64.79800415039062,65.58999633789062,65.72000122070312,65.48999786376953,65.70999908447266,1747400,1.674,2025-10-27,43,2025,27,Monday,-0.2856,1.3862486429208867
64.33368682861328,65.12000274658203,65.20999908447266,64.75,64.9000015258789,2830200,-0.717,2025-10-28,43,2025,28,Tuesday,-0.2856,1.3862486429208867
64.69921112060547,65.48999786376953,65.83999633789062,65.0999984741211,65.5999984741211,3591600,0.568,2025-10-29,43,2025,29,Wednesday,-0.2856,1.3862486429208867
63.60261535644531,64.37999725341797,64.70999908447266,64.22000122070312,64.37000274658203,2722900,-1.695,2025-10-30,43,2025,30,Thursday,-0.2856,1.3862486429208867
62.802398681640625,63.56999969482422,63.7400016784668,63.09000015258789,63.43000030517578,2778100,-1.258,2025-10-31,43,2025,31,Friday,-0.2856,1.3862486429208867
62.78263854980469,63.54999923706055,63.630001068115234,63.209999084472656,63.599998474121094,1593900,-0.031,2025-11-03,44,2025,3,Monday,0.016600000000000014,0.9894489880736651
61.97254180908203,62.72999954223633,63.189998626708984,62.59000015258789,62.65999984741211,1944900,-1.29,2025-11-04,44,2025,4,Tuesday,0.016600000000000014,0.9894489880736651
62.59493637084961,63.36000061035156,63.52000045776367,62.900001525878906,63.0,1609400,1.004,2025-11-05,44,2025,5,Wednesday,0.016600000000000014,0.9894489880736651
63.19757080078125,63.970001220703125,64.52999877929688,63.7599983215332,64.25,3534900,0.963,2025-11-06,44,2025,6,Thursday,0.016600000000000014,0.9894489880736651
62.841915130615234,63.61000061035156,63.61000061035156,62.83000183105469,63.16999816894531,2008400,-0.563,2025-11-07,44,2025,7,Friday,0.016600000000000014,0.9894489880736651
63.91875076293945,64.69999694824219,64.7699966430664,64.25,64.5,1666300,1.714,2025-11-10,45,2025,10,Monday,-0.029400000000000048,1.1467660179827444
63.75080490112305,64.52999877929688,64.9000015258789,64.5,64.7300033569336,1396700,-0.263,2025-11-11,45,2025,11,Tuesday,-0.029400000000000048,1.1467660179827444
63.80020523071289,64.58000183105469,64.80999755859375,64.27999877929688,64.7699966430664,2076300,0.077,2025-11-12,45,2025,12,Wednesday,-0.029400000000000048,1.1467660179827444
63.6816520690918,64.45999908447266,65.37000274658203,64.0199966430664,65.33999633789062,3934200,-0.186,2025-11-13,45,2025,13,Thursday,-0.029400000000000048,1.1467660179827444
62.733245849609375,63.5,64.2300033569336,63.09000015258789,63.58000183105469,3836700,-1.489,2025-11-14,45,2025,14,Friday,-0.029400000000000048,1.1467660179827444
62.02193832397461,62.779998779296875,63.84000015258789,62.59000015258789,63.040000915527344,1810000,-1.134,2025-11-17,46,2025,17,Monday,-0.8244,0.6435932721836051
61.666282653808594,62.41999816894531,62.619998931884766,62.02000045776367,62.11000061035156,4478700,-0.573,2025-11-18,46,2025,18,Tuesday,-0.8244,0.6435932721836051
61.162445068359375,61.90999984741211,62.2599983215332,61.7400016784668,62.09000015258789,2087100,-0.817,2025-11-19,46,2025,19,Wednesday,-0.8244,0.6435932721836051
60.14488220214844,60.880001068115234,62.36000061035156,60.84000015258789,62.150001525878906,1970900,-1.664,2025-11-20,46,2025,20,Thursday,-0.8244,0.6435932721836051
60.18439483642578,60.91999816894531,61.22999954223633,60.06999969482422,60.279998779296875,2692500,0.066,2025-11-21,46,2025,21,Friday,-0.8244,0.6435932721836051
61.21183776855469,61.959999084472656,62.029998779296875,61.54999923706055,61.56999969482422,2497200,1.707,2025-11-24,47,2025,24,Monday,0.524,0.8947055381520783
61.448944091796875,62.20000076293945,62.560001373291016,61.959999084472656,62.4900016784668,1403700,0.387,2025-11-25,47,2025,25,Tuesday,0.524,0.8947055381520783
61.162445068359375,61.90999984741211,62.36000061035156,61.349998474121094,62.04999923706055,2477600,-0.466,2025-11-26,47,2025,26,Wednesday,0.524,0.8947055381520783
61.448944091796875,62.20000076293945,62.310001373291016,61.939998626708984,62.040000915527344,945100,0.468,2025-11-28,47,2025,28,Friday,0.524,0.8947055381520783
61.90338897705078,62.65999984741211,62.91999816894531,62.36000061035156,62.38999938964844,2286700,0.74,2025-12-01,48,2025,1,Monday,0.1502,0.7822142928891034
61.488460540771484,62.2400016784668,62.349998474121094,61.90999984741211,62.349998474121094,2073100,-0.67,2025-12-02,48,2025,2,Tuesday,0.1502,0.7822142928891034
61.132808685302734,61.880001068115234,61.90999984741211,61.459999084472656,61.54999923706055,3221700,-0.578,2025-12-03,48,2025,3,Wednesday,0.1502,0.7822142928891034
61.231597900390625,61.97999954223633,62.029998779296875,61.7599983215332,62.0,3253600,0.162,2025-12-04,48,2025,4,Thursday,0.1502,0.7822142928891034
61.90338897705078,62.65999984741211,62.790000915527344,62.4900016784668,62.66999816894531,3323400,1.097,2025-12-05,48,2025,5,Friday,0.1502,0.7822142928891034
61.46870040893555,62.220001220703125,62.290000915527344,61.95000076293945,62.279998779296875,2696200,-0.702,2025-12-08,49,2025,8,Monday,-0.364,0.7843851094966042
60.60920333862305,61.349998474121094,61.43000030517578,61.06999969482422,61.220001220703125,2834900,-1.398,2025-12-09,49,2025,9,Tuesday,-0.364,0.7843851094966042
61.06365203857422,61.810001373291016,62.040000915527344,61.45000076293945,61.56999969482422,1782300,0.75,2025-12-10,49,2025,10,Wednesday,-0.364,0.7843851094966042
60.945098876953125,61.689998626708984,61.75,61.16999816894531,61.40999984741211,2737100,-0.194,2025-12-11,49,2025,11,Thursday,-0.364,0.7843851094966042
60.77715301513672,61.52000045776367,62.2599983215332,61.27000045776367,62.08000183105469,2339700,-0.276,2025-12-12,49,2025,12,Friday,-0.364,0.7843851094966042
60.13500213623047,60.869998931884766,61.459999084472656,60.81999969482422,61.310001373291016,2348500,-1.057,2025-12-15,50,2025,15,Monday,-0.04479999999999999,0.9592357374493508
59.70000076293945,59.70000076293945,59.75,59.290000915527344,59.52000045776367,3367200,-0.723,2025-12-16,50,2025,16,Tuesday,-0.04479999999999999,0.9592357374493508
59.470001220703125,59.470001220703125,60.34000015258789,59.439998626708984,60.22999954223633,2643000,-0.385,2025-12-17,50,2025,17,Wednesday,-0.04479999999999999,0.9592357374493508
59.9900016784668,59.9900016784668,60.36000061035156,59.970001220703125,60.150001525878906,2913400,0.874,2025-12-18,50,2025,18,Thursday,-0.04479999999999999,0.9592357374493508
60.630001068115234,60.630001068115234,60.869998931884766,60.4900016784668,60.56999969482422,1780000,1.067,2025-12-19,50,2025,19,Friday,-0.04479999999999999,0.9592357374493508
60.88999938964844,60.88999938964844,61.0099983215332,60.619998931884766,60.720001220703125,2600100,0.429,2025-12-22,51,2025,22,Monday,0.2645,0.6403756709932069
60.66999816894531,60.66999816894531,60.66999816894531,60.209999084472656,60.459999084472656,1219400,-0.361,2025-12-23,51,2025,23,Tuesday,0.2645,0.6403756709932069
60.61000061035156,60.61000061035156,60.7400016784668,60.58000183105469,60.61000061035156,1159700,-0.099,2025-12-24,51,2025,24,Wednesday,0.2645,0.6403756709932069
61.27000045776367,61.27000045776367,61.279998779296875,60.810001373291016,60.880001068115234,981500,1.089,2025-12-26,51,2025,26,Friday,0.2645,0.6403756709932069
60.369998931884766,60.369998931884766,60.380001068115234,60.06999969482422,60.099998474121094,3676000,-1.469,2025-12-29,52,2025,29,Monday,-0.6543333333333333,0.9229227125460362
60.58000183105469,60.58000183105469,60.77000045776367,60.52000045776367,60.650001525878906,1684800,0.348,2025-12-30,52,2025,30,Tuesday,-0.6543333333333333,0.9229227125460362
60.06999969482422,60.06999969482422,60.29999923706055,59.95000076293945,60.29999923706055,1186100,-0.842,2025-12-31,52,2025,31,Wednesday,-0.6543333333333333,0.9229227125460362
